cdata,,cps,,I_cpO,,U_infty_x,U_infty_y,U_infty_z
3.12657024352806e-07,,3.12657024352806e-07,,12325,,0,1,0
2.81120944939546e-06,,2.81120944939546e-06,,12326,,0,1,0
7.79201838160999e-06,,7.79201838160999e-06,,12327,,0,1,0
1.52243835712915e-05,,1.52243835712915e-05,,12328,,0,1,0
2.50608222533752e-05,,2.50608222533752e-05,,12329,,0,1,0
3.7239021124708e-05,,3.7239021124708e-05,,12330,,0,1,0
5.16824567360352e-05,,5.16824567360352e-05,,12331,,0,1,0
6.82995512281126e-05,,6.82995512281126e-05,,12332,,0,1,0
8.69846760872053e-05,,8.69846760872053e-05,,12333,,0,1,0
0.000107620851665297,,0.000107620851665297,,12334,,0,1,0
0.000130077249346815,,0.000130077249346815,,12335,,0,1,0
0.000154211465457023,,0.000154211465457023,,12336,,0,1,0
0.000179869920211684,,0.000179869920211684,,12337,,0,1,0
0.000206892795067699,,0.000206892795067699,,12338,,0,1,0
0.000235108758360693,,0.000235108758360693,,12339,,0,1,0
0.000264337188063575,,0.000264337188063575,,12340,,0,1,0
0.00029439512697753,,0.00029439512697753,,12341,,0,1,0
0.000325092880356898,,0.000325092880356898,,12342,,0,1,0
0.000356235688689949,,0.000356235688689949,,12343,,0,1,0
0.000387626344085408,,0.000387626344085408,,12344,,0,1,0
0.000419066300076071,,0.000419066300076071,,12345,,0,1,0
0.000450356448964935,,0.000450356448964935,,12346,,0,1,0
0.000481302008598646,,0.000481302008598646,,12347,,0,1,0
0.000511703141339415,,0.000511703141339415,,12348,,0,1,0
0.000541371513057727,,0.000541371513057727,,12349,,0,1,0
0.00057011595727488,,0.00057011595727488,,12350,,0,1,0
0.000597756157417535,,0.000597756157417535,,12351,,0,1,0
0.000624117919438068,,0.000624117919438068,,12352,,0,1,0
0.000649034348217087,,0.000649034348217087,,12353,,0,1,0
0.000672348797980948,,0.000672348797980948,,12354,,0,1,0
0.00069391020722856,,0.00069391020722856,,12355,,0,1,0
0.000713587845900539,,0.000713587845900539,,12356,,0,1,0
0.000731252819080624,,0.000731252819080624,,12357,,0,1,0
0.000746795294705345,,0.000746795294705345,,12358,,0,1,0
0.000760116233346771,,0.000760116233346771,,12359,,0,1,0
0.00077113237692495,,0.00077113237692495,,12360,,0,1,0
0.000779773425397541,,0.000779773425397541,,12361,,0,1,0
0.000785985059693212,,0.000785985059693212,,12362,,0,1,0
0.000789727658900015,,0.000789727658900015,,12363,,0,1,0
0.000790978451512103,,0.000790978451512103,,12364,,0,1,0
0.000789727658900015,,0.000789727658900015,,12365,,0,1,0
0.000785985059693212,,0.000785985059693212,,12366,,0,1,0
0.000779773425397541,,0.000779773425397541,,12367,,0,1,0
0.00077113237692495,,0.00077113237692495,,12368,,0,1,0
0.000760116233346771,,0.000760116233346771,,12369,,0,1,0
0.000746795294705345,,0.000746795294705345,,12370,,0,1,0
0.000731252819080624,,0.000731252819080624,,12371,,0,1,0
0.000713587845900539,,0.000713587845900539,,12372,,0,1,0
0.00069391020722856,,0.00069391020722856,,12373,,0,1,0
0.000672348797980948,,0.000672348797980948,,12374,,0,1,0
0.000649034348217087,,0.000649034348217087,,12375,,0,1,0
0.000624117919438068,,0.000624117919438068,,12376,,0,1,0
0.000597756157417535,,0.000597756157417535,,12377,,0,1,0
0.00057011595727488,,0.00057011595727488,,12378,,0,1,0
0.000541371513057727,,0.000541371513057727,,12379,,0,1,0
0.000511703141339415,,0.000511703141339415,,12380,,0,1,0
0.000481302008598646,,0.000481302008598646,,12381,,0,1,0
0.000450356448964935,,0.000450356448964935,,12382,,0,1,0
0.000419066300076071,,0.000419066300076071,,12383,,0,1,0
0.000387626344085408,,0.000387626344085408,,12384,,0,1,0
0.000356235688689949,,0.000356235688689949,,12385,,0,1,0
0.000325092880356898,,0.000325092880356898,,12386,,0,1,0
0.00029439512697753,,0.00029439512697753,,12387,,0,1,0
0.000264337188063575,,0.000264337188063575,,12388,,0,1,0
0.000235108758360693,,0.000235108758360693,,12389,,0,1,0
0.000206892795067699,,0.000206892795067699,,12390,,0,1,0
0.000179869920211684,,0.000179869920211684,,12391,,0,1,0
0.000154211465457023,,0.000154211465457023,,12392,,0,1,0
0.000130077249346815,,0.000130077249346815,,12393,,0,1,0
0.000107620851665297,,0.000107620851665297,,12394,,0,1,0
8.69846760872053e-05,,8.69846760872053e-05,,12395,,0,1,0
6.82995512281126e-05,,6.82995512281126e-05,,12396,,0,1,0
5.16824567360352e-05,,5.16824567360352e-05,,12397,,0,1,0
3.7239021124708e-05,,3.7239021124708e-05,,12398,,0,1,0
2.50608222533752e-05,,2.50608222533752e-05,,12399,,0,1,0
1.52243835712915e-05,,1.52243835712915e-05,,12400,,0,1,0
7.79201838160999e-06,,7.79201838160999e-06,,12401,,0,1,0
2.81120944939546e-06,,2.81120944939546e-06,,12402,,0,1,0
3.12657024352806e-07,,3.12657024352806e-07,,12403,,0,1,0
3.12657024352806e-07,,3.12657024352806e-07,,12404,,0,1,0
2.81120944939546e-06,,2.81120944939546e-06,,12405,,0,1,0
7.79201838160999e-06,,7.79201838160999e-06,,12406,,0,1,0
1.52243835712915e-05,,1.52243835712915e-05,,12407,,0,1,0
2.50608222533752e-05,,2.50608222533752e-05,,12408,,0,1,0
3.7239021124708e-05,,3.7239021124708e-05,,12409,,0,1,0
5.16824567360352e-05,,5.16824567360352e-05,,12410,,0,1,0
6.82995512281126e-05,,6.82995512281126e-05,,12411,,0,1,0
8.69846760872053e-05,,8.69846760872053e-05,,12412,,0,1,0
0.000107620851665297,,0.000107620851665297,,12413,,0,1,0
0.000130077249346815,,0.000130077249346815,,12414,,0,1,0
0.000154211465457023,,0.000154211465457023,,12415,,0,1,0
0.000179869920211684,,0.000179869920211684,,12416,,0,1,0
0.000206892795067699,,0.000206892795067699,,12417,,0,1,0
0.000235108758360693,,0.000235108758360693,,12418,,0,1,0
0.000264337188063575,,0.000264337188063575,,12419,,0,1,0
0.00029439512697753,,0.00029439512697753,,12420,,0,1,0
0.000325092880356898,,0.000325092880356898,,12421,,0,1,0
0.000356235688689949,,0.000356235688689949,,12422,,0,1,0
0.000387626344085408,,0.000387626344085408,,12423,,0,1,0
0.000419066300076071,,0.000419066300076071,,12424,,0,1,0
0.000450356448964935,,0.000450356448964935,,12425,,0,1,0
0.000481302008598646,,0.000481302008598646,,12426,,0,1,0
0.000511703141339415,,0.000511703141339415,,12427,,0,1,0
0.000541371513057727,,0.000541371513057727,,12428,,0,1,0
0.00057011595727488,,0.00057011595727488,,12429,,0,1,0
0.000597756157417535,,0.000597756157417535,,12430,,0,1,0
0.000624117919438068,,0.000624117919438068,,12431,,0,1,0
0.000649034348217087,,0.000649034348217087,,12432,,0,1,0
0.000672348797980948,,0.000672348797980948,,12433,,0,1,0
0.00069391020722856,,0.00069391020722856,,12434,,0,1,0
0.000713587845900539,,0.000713587845900539,,12435,,0,1,0
0.000731252819080624,,0.000731252819080624,,12436,,0,1,0
0.000746795294705345,,0.000746795294705345,,12437,,0,1,0
0.000760116233346771,,0.000760116233346771,,12438,,0,1,0
0.00077113237692495,,0.00077113237692495,,12439,,0,1,0
0.000779773425397541,,0.000779773425397541,,12440,,0,1,0
0.000785985059693212,,0.000785985059693212,,12441,,0,1,0
0.000789727658900015,,0.000789727658900015,,12442,,0,1,0
0.000790978451512103,,0.000790978451512103,,12443,,0,1,0
0.000789727658900015,,0.000789727658900015,,12444,,0,1,0
0.000785985059693212,,0.000785985059693212,,12445,,0,1,0
0.000779773425397541,,0.000779773425397541,,12446,,0,1,0
0.00077113237692495,,0.00077113237692495,,12447,,0,1,0
0.000760116233346771,,0.000760116233346771,,12448,,0,1,0
0.000746795294705345,,0.000746795294705345,,12449,,0,1,0
0.000731252819080624,,0.000731252819080624,,12450,,0,1,0
0.000713587845900539,,0.000713587845900539,,12451,,0,1,0
0.00069391020722856,,0.00069391020722856,,12452,,0,1,0
0.000672348797980948,,0.000672348797980948,,12453,,0,1,0
0.000649034348217087,,0.000649034348217087,,12454,,0,1,0
0.000624117919438068,,0.000624117919438068,,12455,,0,1,0
0.000597756157417535,,0.000597756157417535,,12456,,0,1,0
0.00057011595727488,,0.00057011595727488,,12457,,0,1,0
0.000541371513057727,,0.000541371513057727,,12458,,0,1,0
0.000511703141339415,,0.000511703141339415,,12459,,0,1,0
0.000481302008598646,,0.000481302008598646,,12460,,0,1,0
0.000450356448964935,,0.000450356448964935,,12461,,0,1,0
0.000419066300076071,,0.000419066300076071,,12462,,0,1,0
0.000387626344085408,,0.000387626344085408,,12463,,0,1,0
0.000356235688689949,,0.000356235688689949,,12464,,0,1,0
0.000325092880356898,,0.000325092880356898,,12465,,0,1,0
0.00029439512697753,,0.00029439512697753,,12466,,0,1,0
0.000264337188063575,,0.000264337188063575,,12467,,0,1,0
0.000235108758360693,,0.000235108758360693,,12468,,0,1,0
0.000206892795067699,,0.000206892795067699,,12469,,0,1,0
0.000179869920211684,,0.000179869920211684,,12470,,0,1,0
0.000154211465457023,,0.000154211465457023,,12471,,0,1,0
0.000130077249346815,,0.000130077249346815,,12472,,0,1,0
0.000107620851665297,,0.000107620851665297,,12473,,0,1,0
8.69846760872053e-05,,8.69846760872053e-05,,12474,,0,1,0
6.82995512281126e-05,,6.82995512281126e-05,,12475,,0,1,0
5.16824567360352e-05,,5.16824567360352e-05,,12476,,0,1,0
3.7239021124708e-05,,3.7239021124708e-05,,12477,,0,1,0
2.50608222533752e-05,,2.50608222533752e-05,,12478,,0,1,0
1.52243835712915e-05,,1.52243835712915e-05,,12479,,0,1,0
7.79201838160999e-06,,7.79201838160999e-06,,12480,,0,1,0
2.81120944939546e-06,,2.81120944939546e-06,,12481,,0,1,0
3.12657024352806e-07,,3.12657024352806e-07,,12482,,0,1,0
0.000789329449675254,,0.000789329449675254,,12483,,0,1,0
0.00078559030556264,,0.00078559030556264,,12484,,0,1,0
0.000785702829183561,,0.000785702829183561,,12485,,0,1,0
0.000779495548400871,,0.000779495548400871,,12486,,0,1,0
0.00077935023065881,,0.00077935023065881,,12487,,0,1,0
0.00077071782297828,,0.00077071782297828,,12488,,0,1,0
0.000770757752222712,,0.000770757752222712,,12489,,0,1,0
0.000759751409987471,,0.000759751409987471,,12490,,0,1,0
0.000759810658780342,,0.000759810658780342,,12491,,0,1,0
0.000746499319058132,,0.000746499319058132,,12492,,0,1,0
0.000746558048859487,,0.000746558048859487,,12493,,0,1,0
0.000731025604685027,,0.000731025604685027,,12494,,0,1,0
0.000730912509238964,,0.000730912509238964,,12495,,0,1,0
0.000713263068933274,,0.000713263068933274,,12496,,0,1,0
0.000713247169706221,,0.000713247169706221,,12497,,0,1,0
0.000693586055107415,,0.000693586055107415,,12498,,0,1,0
0.000693636698884399,,0.000693636698884399,,12499,,0,1,0
0.000672089270040144,,0.000672089270040144,,12500,,0,1,0
0.000672029858849073,,0.000672029858849073,,12501,,0,1,0
0.000648734541080387,,0.000648734541080387,,12502,,0,1,0
0.000648812371549679,,0.000648812371549679,,12503,,0,1,0
0.000623912220696465,,0.000623912220696465,,12504,,0,1,0
0.000623949067626417,,0.000623949067626417,,12505,,0,1,0
0.000597601213465221,,0.000597601213465221,,12506,,0,1,0
0.000597556910657798,,0.000597556910657798,,12507,,0,1,0
0.000569934326549754,,0.000569934326549754,,12508,,0,1,0
0.000569900494106552,,0.000569900494106552,,12509,,0,1,0
0.000541174053230425,,0.000541174053230425,,12510,,0,1,0
0.000541235211672993,,0.000541235211672993,,12511,,0,1,0
0.00051158409271352,,0.00051158409271352,,12512,,0,1,0
0.000511566218740385,,0.000511566218740385,,12513,,0,1,0
0.000481179732369282,,0.000481179732369282,,12514,,0,1,0
0.000481159913063663,,0.000481159913063663,,12515,,0,1,0
0.000450231014776025,,0.000450231014776025,,12516,,0,1,0
0.000450161429813467,,0.000450161429813467,,12517,,0,1,0
0.000418891441019561,,0.000418891441019561,,12518,,0,1,0
0.000418838230288328,,0.000418838230288328,,12519,,0,1,0
0.000387420892886792,,0.000387420892886792,,12520,,0,1,0
0.000387555088561281,,0.000387555088561281,,12521,,0,1,0
0.000356174836430717,,0.000356174836430717,,12522,,0,1,0
0.000356122539459491,,0.000356122539459491,,12523,,0,1,0
0.000324995475193686,,0.000324995475193686,,12524,,0,1,0
0.000325019457070648,,0.000325019457070648,,12525,,0,1,0
0.000294332984264463,,0.000294332984264463,,12526,,0,1,0
0.000294284494907525,,0.000294284494907525,,12527,,0,1,0
0.000264241562568395,,0.000264241562568395,,12528,,0,1,0
0.000264260403661941,,0.000264260403661941,,12529,,0,1,0
0.000235044137957221,,0.000235044137957221,,12530,,0,1,0
0.000235037636020952,,0.000235037636020952,,12531,,0,1,0
0.000206833388742729,,0.000206833388742729,,12532,,0,1,0
0.00020683907137678,,0.00020683907137678,,12533,,0,1,0
0.000179825691730723,,0.000179825691730723,,12534,,0,1,0
0.000179839221111993,,0.000179839221111993,,12535,,0,1,0
0.000154185853239348,,0.000154185853239348,,12536,,0,1,0
0.000154201194146194,,0.000154201194146194,,12537,,0,1,0
0.000130070940357026,,0.000130070940357026,,12538,,0,1,0
0.000130049851416058,,0.000130049851416058,,12539,,0,1,0
0.000107599783512585,,0.000107599783512585,,12540,,0,1,0
0.000107629131931853,,0.000107629131931853,,12541,,0,1,0
8.69913955138389e-05,,8.69913955138389e-05,,12542,,0,1,0
8.69797625939819e-05,,8.69797625939819e-05,,12543,,0,1,0
6.82968409173386e-05,,6.82968409173386e-05,,12544,,0,1,0
6.8291278962046e-05,,6.8291278962046e-05,,12545,,0,1,0
5.16763212521643e-05,,5.16763212521643e-05,,12546,,0,1,0
5.1670829924251e-05,,5.1670829924251e-05,,12547,,0,1,0
3.72316512160954e-05,,3.72316512160954e-05,,12548,,0,1,0
3.72306145044817e-05,,3.72306145044817e-05,,12549,,0,1,0
2.50546775337064e-05,,2.50546775337064e-05,,12550,,0,1,0
2.50608782977405e-05,,2.50608782977405e-05,,12551,,0,1,0
1.52247021956311e-05,,1.52247021956311e-05,,12552,,0,1,0
1.52240521027348e-05,,1.52240521027348e-05,,12553,,0,1,0
7.79200183715766e-06,,7.79200183715766e-06,,12554,,0,1,0
7.79157536400399e-06,,7.79157536400399e-06,,12555,,0,1,0
2.81083459981009e-06,,2.81083459981009e-06,,12556,,0,1,0
2.81065463672464e-06,,2.81065463672464e-06,,12557,,0,1,0
0.000789271429056167,,0.000789271429056167,,12558,,0,1,0
0.000790520231076237,,0.000790520231076237,,12559,,0,1,0
0.000790520231076237,,0.000790520231076237,,12560,,0,1,0
0.000789271429056167,,0.000789271429056167,,12561,,0,1,0
0.000789329449675254,,0.000789329449675254,,12562,,0,1,0
0.00078559030556264,,0.00078559030556264,,12563,,0,1,0
0.000785702829183561,,0.000785702829183561,,12564,,0,1,0
0.000779495548400871,,0.000779495548400871,,12565,,0,1,0
0.000779350966038379,,0.000779350966038379,,12566,,0,1,0
0.00077071782297828,,0.00077071782297828,,12567,,0,1,0
0.000770757752222712,,0.000770757752222712,,12568,,0,1,0
0.000759751409987471,,0.000759751409987471,,12569,,0,1,0
0.000759809787457828,,0.000759809787457828,,12570,,0,1,0
0.000746499319058132,,0.000746499319058132,,12571,,0,1,0
0.000746558048859487,,0.000746558048859487,,12572,,0,1,0
0.000731025604685027,,0.000731025604685027,,12573,,0,1,0
0.000730913221399537,,0.000730913221399537,,12574,,0,1,0
0.000713263068933274,,0.000713263068933274,,12575,,0,1,0
0.000713247169706221,,0.000713247169706221,,12576,,0,1,0
0.000693586055107415,,0.000693586055107415,,12577,,0,1,0
0.00069363600512154,,0.00069363600512154,,12578,,0,1,0
0.000672088450557579,,0.000672088450557579,,12579,,0,1,0
0.000672029858849073,,0.000672029858849073,,12580,,0,1,0
0.000648735346199275,,0.000648735346199275,,12581,,0,1,0
0.000648811700577408,,0.000648811700577408,,12582,,0,1,0
0.000623912220696465,,0.000623912220696465,,12583,,0,1,0
0.000623948278037939,,0.000623948278037939,,12584,,0,1,0
0.000597600569517305,,0.000597600569517305,,12585,,0,1,0
0.000597557683367111,,0.000597557683367111,,12586,,0,1,0
0.000569934326549754,,0.000569934326549754,,12587,,0,1,0
0.000569901248722589,,0.000569901248722589,,12588,,0,1,0
0.000541174788581955,,0.000541174788581955,,12589,,0,1,0
0.000541234598845808,,0.000541234598845808,,12590,,0,1,0
0.000511583496909385,,0.000511583496909385,,12591,,0,1,0
0.000511566218740385,,0.000511566218740385,,12592,,0,1,0
0.000481179732369282,,0.000481179732369282,,12593,,0,1,0
0.000481160548661881,,0.000481160548661881,,12594,,0,1,0
0.000450230455839239,,0.000450230455839239,,12595,,0,1,0
0.000450161988707405,,0.000450161988707405,,12596,,0,1,0
0.000418890901886794,,0.000418890901886794,,12597,,0,1,0
0.000418838769387198,,0.000418838769387198,,12598,,0,1,0
0.000387422552042271,,0.000387422552042271,,12599,,0,1,0
0.000387553377264609,,0.000387553377264609,,12600,,0,1,0
0.000356174289579405,,0.000356174289579405,,12601,,0,1,0
0.000356123086271075,,0.000356123086271075,,12602,,0,1,0
0.000324995997561778,,0.000324995997561778,,12603,,0,1,0
0.000325018934683704,,0.000325018934683704,,12604,,0,1,0
0.000294332532341485,,0.000294332532341485,,12605,,0,1,0
0.000294284946793623,,0.000294284946793623,,12606,,0,1,0
0.000264241562568395,,0.000264241562568395,,12607,,0,1,0
0.000264259932626416,,0.000264259932626416,,12608,,0,1,0
0.000235044137957221,,0.000235044137957221,,12609,,0,1,0
0.000235037636020952,,0.000235037636020952,,12610,,0,1,0
0.000206833388742729,,0.000206833388742729,,12611,,0,1,0
0.00020683907137678,,0.00020683907137678,,12612,,0,1,0
0.000179825797703011,,0.000179825797703011,,12613,,0,1,0
0.000179839115135749,,0.000179839115135749,,12614,,0,1,0
0.000154186016784437,,0.000154186016784437,,12615,,0,1,0
0.000154201128724928,,0.000154201128724928,,12616,,0,1,0
0.000130070760102423,,0.000130070760102423,,12617,,0,1,0
0.000130050031656172,,0.000130050031656172,,12618,,0,1,0
0.000107599961121335,,0.000107599961121335,,12619,,0,1,0
0.000107628926970915,,0.000107628926970915,,12620,,0,1,0
8.69913218075687e-05,,8.69913218075687e-05,,12621,,0,1,0
8.69798240117907e-05,,8.69798240117907e-05,,12622,,0,1,0
6.82968191479919e-05,,6.82968191479919e-05,,12623,,0,1,0
6.8291322498977e-05,,6.8291322498977e-05,,12624,,0,1,0
5.16762833799381e-05,,5.16762833799381e-05,,12625,,0,1,0
5.16708488593632e-05,,5.16708488593632e-05,,12626,,0,1,0
3.72316512160954e-05,,3.72316512160954e-05,,12627,,0,1,0
3.72306305774198e-05,,3.72306305774198e-05,,12628,,0,1,0
2.50546907189934e-05,,2.50546907189934e-05,,12629,,0,1,0
2.50608486271864e-05,,2.50608486271864e-05,,12630,,0,1,0
1.52247021956311e-05,,1.52247021956311e-05,,12631,,0,1,0
1.52240623807753e-05,,1.52240623807753e-05,,12632,,0,1,0
7.79200183715766e-06,,7.79200183715766e-06,,12633,,0,1,0
7.79157536400399e-06,,7.79157536400399e-06,,12634,,0,1,0
2.81083459981009e-06,,2.81083459981009e-06,,12635,,0,1,0
2.81065463672464e-06,,2.81065463672464e-06,,12636,,0,1,0
0.000789329449675254,,0.000789329449675254,,12637,,0,1,0
0.00078559030556264,,0.00078559030556264,,12638,,0,1,0
0.000785702829183561,,0.000785702829183561,,12639,,0,1,0
0.000779495548400871,,0.000779495548400871,,12640,,0,1,0
0.000779350966038379,,0.000779350966038379,,12641,,0,1,0
0.00077071782297828,,0.00077071782297828,,12642,,0,1,0
0.000770757752222712,,0.000770757752222712,,12643,,0,1,0
0.000759751409987471,,0.000759751409987471,,12644,,0,1,0
0.000759809787457828,,0.000759809787457828,,12645,,0,1,0
0.000746499319058132,,0.000746499319058132,,12646,,0,1,0
0.000746558048859487,,0.000746558048859487,,12647,,0,1,0
0.000731025604685027,,0.000731025604685027,,12648,,0,1,0
0.000730913221399537,,0.000730913221399537,,12649,,0,1,0
0.000713263068933274,,0.000713263068933274,,12650,,0,1,0
0.000713247169706221,,0.000713247169706221,,12651,,0,1,0
0.000693586055107415,,0.000693586055107415,,12652,,0,1,0
0.00069363600512154,,0.00069363600512154,,12653,,0,1,0
0.000672088450557579,,0.000672088450557579,,12654,,0,1,0
0.000672029858849073,,0.000672029858849073,,12655,,0,1,0
0.000648735346199275,,0.000648735346199275,,12656,,0,1,0
0.000648811700577408,,0.000648811700577408,,12657,,0,1,0
0.000623912220696465,,0.000623912220696465,,12658,,0,1,0
0.000623948278037939,,0.000623948278037939,,12659,,0,1,0
0.000597600569517305,,0.000597600569517305,,12660,,0,1,0
0.000597557683367111,,0.000597557683367111,,12661,,0,1,0
0.000569934326549754,,0.000569934326549754,,12662,,0,1,0
0.000569901248722589,,0.000569901248722589,,12663,,0,1,0
0.000541174788581955,,0.000541174788581955,,12664,,0,1,0
0.000541234598845808,,0.000541234598845808,,12665,,0,1,0
0.000511583496909385,,0.000511583496909385,,12666,,0,1,0
0.000511566218740385,,0.000511566218740385,,12667,,0,1,0
0.000481179732369282,,0.000481179732369282,,12668,,0,1,0
0.000481160548661881,,0.000481160548661881,,12669,,0,1,0
0.000450230455839239,,0.000450230455839239,,12670,,0,1,0
0.000450161988707405,,0.000450161988707405,,12671,,0,1,0
0.000418890901886794,,0.000418890901886794,,12672,,0,1,0
0.000418838769387198,,0.000418838769387198,,12673,,0,1,0
0.000387422552042271,,0.000387422552042271,,12674,,0,1,0
0.000387553377264609,,0.000387553377264609,,12675,,0,1,0
0.000356174289579405,,0.000356174289579405,,12676,,0,1,0
0.000356123086271075,,0.000356123086271075,,12677,,0,1,0
0.000324995997561778,,0.000324995997561778,,12678,,0,1,0
0.000325018934683704,,0.000325018934683704,,12679,,0,1,0
0.000294332532341485,,0.000294332532341485,,12680,,0,1,0
0.000294284946793623,,0.000294284946793623,,12681,,0,1,0
0.000264241562568395,,0.000264241562568395,,12682,,0,1,0
0.000264259932626416,,0.000264259932626416,,12683,,0,1,0
0.000235044137957221,,0.000235044137957221,,12684,,0,1,0
0.000235037636020952,,0.000235037636020952,,12685,,0,1,0
0.000206833388742729,,0.000206833388742729,,12686,,0,1,0
0.00020683907137678,,0.00020683907137678,,12687,,0,1,0
0.000179825797703011,,0.000179825797703011,,12688,,0,1,0
0.000179839115135749,,0.000179839115135749,,12689,,0,1,0
0.000154186016784437,,0.000154186016784437,,12690,,0,1,0
0.000154201128724928,,0.000154201128724928,,12691,,0,1,0
0.000130070760102423,,0.000130070760102423,,12692,,0,1,0
0.000130050031656172,,0.000130050031656172,,12693,,0,1,0
0.000107599961121335,,0.000107599961121335,,12694,,0,1,0
0.000107628926970915,,0.000107628926970915,,12695,,0,1,0
8.69913218075687e-05,,8.69913218075687e-05,,12696,,0,1,0
8.69798240117907e-05,,8.69798240117907e-05,,12697,,0,1,0
6.82968191479919e-05,,6.82968191479919e-05,,12698,,0,1,0
6.8291322498977e-05,,6.8291322498977e-05,,12699,,0,1,0
5.16762833799381e-05,,5.16762833799381e-05,,12700,,0,1,0
5.16708488593632e-05,,5.16708488593632e-05,,12701,,0,1,0
3.72316512160954e-05,,3.72316512160954e-05,,12702,,0,1,0
3.72306305774198e-05,,3.72306305774198e-05,,12703,,0,1,0
2.50546907189934e-05,,2.50546907189934e-05,,12704,,0,1,0
2.50608486271864e-05,,2.50608486271864e-05,,12705,,0,1,0
1.52247021956311e-05,,1.52247021956311e-05,,12706,,0,1,0
1.52240623807753e-05,,1.52240623807753e-05,,12707,,0,1,0
7.79200183715766e-06,,7.79200183715766e-06,,12708,,0,1,0
7.79157536400399e-06,,7.79157536400399e-06,,12709,,0,1,0
2.81083459981009e-06,,2.81083459981009e-06,,12710,,0,1,0
2.81065463672464e-06,,2.81065463672464e-06,,12711,,0,1,0
0.000789271429056167,,0.000789271429056167,,12712,,0,1,0
0.000790520231076237,,0.000790520231076237,,12713,,0,1,0
0.000790520231076237,,0.000790520231076237,,12714,,0,1,0
0.000789271429056167,,0.000789271429056167,,12715,,0,1,0
0.000789329449675254,,0.000789329449675254,,12716,,0,1,0
0.00078559030556264,,0.00078559030556264,,12717,,0,1,0
0.000785702829183561,,0.000785702829183561,,12718,,0,1,0
0.000779495548400871,,0.000779495548400871,,12719,,0,1,0
0.00077935023065881,,0.00077935023065881,,12720,,0,1,0
0.00077071782297828,,0.00077071782297828,,12721,,0,1,0
0.000770757752222712,,0.000770757752222712,,12722,,0,1,0
0.000759751409987471,,0.000759751409987471,,12723,,0,1,0
0.000759810658780342,,0.000759810658780342,,12724,,0,1,0
0.000746499319058132,,0.000746499319058132,,12725,,0,1,0
0.000746558048859487,,0.000746558048859487,,12726,,0,1,0
0.000731025604685027,,0.000731025604685027,,12727,,0,1,0
0.000730912509238964,,0.000730912509238964,,12728,,0,1,0
0.000713263068933274,,0.000713263068933274,,12729,,0,1,0
0.000713247169706221,,0.000713247169706221,,12730,,0,1,0
0.000693586055107415,,0.000693586055107415,,12731,,0,1,0
0.000693636698884399,,0.000693636698884399,,12732,,0,1,0
0.000672089270040144,,0.000672089270040144,,12733,,0,1,0
0.000672029858849073,,0.000672029858849073,,12734,,0,1,0
0.000648734541080387,,0.000648734541080387,,12735,,0,1,0
0.000648812371549679,,0.000648812371549679,,12736,,0,1,0
0.000623912220696465,,0.000623912220696465,,12737,,0,1,0
0.000623949067626417,,0.000623949067626417,,12738,,0,1,0
0.000597601213465221,,0.000597601213465221,,12739,,0,1,0
0.000597556910657798,,0.000597556910657798,,12740,,0,1,0
0.000569934326549754,,0.000569934326549754,,12741,,0,1,0
0.000569900494106552,,0.000569900494106552,,12742,,0,1,0
0.000541174053230425,,0.000541174053230425,,12743,,0,1,0
0.000541235211672993,,0.000541235211672993,,12744,,0,1,0
0.00051158409271352,,0.00051158409271352,,12745,,0,1,0
0.000511566218740385,,0.000511566218740385,,12746,,0,1,0
0.000481179732369282,,0.000481179732369282,,12747,,0,1,0
0.000481159913063663,,0.000481159913063663,,12748,,0,1,0
0.000450231014776025,,0.000450231014776025,,12749,,0,1,0
0.000450161429813467,,0.000450161429813467,,12750,,0,1,0
0.000418891441019561,,0.000418891441019561,,12751,,0,1,0
0.000418838230288328,,0.000418838230288328,,12752,,0,1,0
0.000387420892886792,,0.000387420892886792,,12753,,0,1,0
0.000387555088561281,,0.000387555088561281,,12754,,0,1,0
0.000356174836430717,,0.000356174836430717,,12755,,0,1,0
0.000356122539459491,,0.000356122539459491,,12756,,0,1,0
0.000324995475193686,,0.000324995475193686,,12757,,0,1,0
0.000325019457070648,,0.000325019457070648,,12758,,0,1,0
0.000294332984264463,,0.000294332984264463,,12759,,0,1,0
0.000294284494907525,,0.000294284494907525,,12760,,0,1,0
0.000264241562568395,,0.000264241562568395,,12761,,0,1,0
0.000264260403661941,,0.000264260403661941,,12762,,0,1,0
0.000235044137957221,,0.000235044137957221,,12763,,0,1,0
0.000235037636020952,,0.000235037636020952,,12764,,0,1,0
0.000206833388742729,,0.000206833388742729,,12765,,0,1,0
0.00020683907137678,,0.00020683907137678,,12766,,0,1,0
0.000179825691730723,,0.000179825691730723,,12767,,0,1,0
0.000179839221111993,,0.000179839221111993,,12768,,0,1,0
0.000154185853239348,,0.000154185853239348,,12769,,0,1,0
0.000154201194146194,,0.000154201194146194,,12770,,0,1,0
0.000130070940357026,,0.000130070940357026,,12771,,0,1,0
0.000130049851416058,,0.000130049851416058,,12772,,0,1,0
0.000107599783512585,,0.000107599783512585,,12773,,0,1,0
0.000107629131931853,,0.000107629131931853,,12774,,0,1,0
8.69913955138389e-05,,8.69913955138389e-05,,12775,,0,1,0
8.69797625939819e-05,,8.69797625939819e-05,,12776,,0,1,0
6.82968409173386e-05,,6.82968409173386e-05,,12777,,0,1,0
6.8291278962046e-05,,6.8291278962046e-05,,12778,,0,1,0
5.16763212521643e-05,,5.16763212521643e-05,,12779,,0,1,0
5.1670829924251e-05,,5.1670829924251e-05,,12780,,0,1,0
3.72316512160954e-05,,3.72316512160954e-05,,12781,,0,1,0
3.72306145044817e-05,,3.72306145044817e-05,,12782,,0,1,0
2.50546775337064e-05,,2.50546775337064e-05,,12783,,0,1,0
2.50608782977405e-05,,2.50608782977405e-05,,12784,,0,1,0
1.52247021956311e-05,,1.52247021956311e-05,,12785,,0,1,0
1.52240521027348e-05,,1.52240521027348e-05,,12786,,0,1,0
7.79200183715766e-06,,7.79200183715766e-06,,12787,,0,1,0
7.79157536400399e-06,,7.79157536400399e-06,,12788,,0,1,0
2.81083459981009e-06,,2.81083459981009e-06,,12789,,0,1,0
2.81065463672464e-06,,2.81065463672464e-06,,12790,,0,1,0
0.00709664332497331,,0.00709664332497331,,12791,,0,1,0
0.00706302256332017,,0.00706302256332017,,12792,,0,1,0
0.00706309429095875,,0.00706309429095875,,12793,,0,1,0
0.00700730060221935,,0.00700730060221935,,12794,,0,1,0
0.00700732441689234,,0.00700732441689234,,12795,,0,1,0
0.0069296983047491,,0.0069296983047491,,12796,,0,1,0
0.00692956936773961,,0.00692956936773961,,12797,,0,1,0
0.0068306117151683,,0.0068306117151683,,12798,,0,1,0
0.00683063348601246,,0.00683063348601246,,12799,,0,1,0
0.00671097050740643,,0.00671097050740643,,12800,,0,1,0
0.00671097482327146,,0.00671097482327146,,12801,,0,1,0
0.00657135754719473,,0.00657135754719473,,12802,,0,1,0
0.00657114144975848,,0.00657114144975848,,12803,,0,1,0
0.00641245749974584,,0.00641245749974584,,12804,,0,1,0
0.00641308273888822,,0.00641308273888822,,12805,,0,1,0
0.00623631615658937,,0.00623631615658937,,12806,,0,1,0
0.00623582273825865,,0.00623582273825865,,12807,,0,1,0
0.00604210683230066,,0.00604210683230066,,12808,,0,1,0
0.00604230667704542,,0.00604230667704542,,12809,,0,1,0
0.00583285729983674,,0.00583285729983674,,12810,,0,1,0
0.005832613471666,,0.005832613471666,,12811,,0,1,0
0.00560877134795693,,0.00560877134795693,,12812,,0,1,0
0.0056089599474558,,0.0056089599474558,,12813,,0,1,0
0.00537211495246839,,0.00537211495246839,,12814,,0,1,0
0.00537198289249519,,0.00537198289249519,,12815,,0,1,0
0.00512365115700855,,0.00512365115700855,,12816,,0,1,0
0.00512360288739269,,0.00512360288739269,,12817,,0,1,0
0.00486533512483803,,0.00486533512483803,,12818,,0,1,0
0.00486535717355088,,0.00486535717355088,,12819,,0,1,0
0.00459881362687442,,0.00459881362687442,,12820,,0,1,0
0.00459886364498019,,0.00459886364498019,,12821,,0,1,0
0.00432569970510999,,0.00432569970510999,,12822,,0,1,0
0.00432572396014755,,0.00432572396014755,,12823,,0,1,0
0.00404766579534244,,0.00404766579534244,,12824,,0,1,0
0.00404793193223621,,0.00404793193223621,,12825,,0,1,0
0.0037667482862429,,0.0037667482862429,,12826,,0,1,0
0.00376682653474639,,0.00376682653474639,,12827,,0,1,0
0.00348427487113601,,0.00348427487113601,,12828,,0,1,0
0.00348406465237661,,0.00348406465237661,,12829,,0,1,0
0.0032019665162111,,0.0032019665162111,,12830,,0,1,0
0.00320196532375208,,0.00320196532375208,,12831,,0,1,0
0.0029220931767715,,0.0029220931767715,,12832,,0,1,0
0.00292201685400439,,0.00292201685400439,,12833,,0,1,0
0.0026461399382294,,0.0026461399382294,,12834,,0,1,0
0.00264626677132143,,0.00264626677132143,,12835,,0,1,0
0.0023761120895931,,0.0023761120895931,,12836,,0,1,0
0.00237602683009552,,0.00237602683009552,,12837,,0,1,0
0.00211333968339045,,0.00211333968339045,,12838,,0,1,0
0.00211340507573324,,0.00211340507573324,,12839,,0,1,0
0.00185979974568874,,0.00185979974568874,,12840,,0,1,0
0.00185973749342628,,0.00185973749342628,,12841,,0,1,0
0.00161685156463477,,0.00161685156463477,,12842,,0,1,0
0.00161685156463477,,0.00161685156463477,,12843,,0,1,0
0.00138621548304174,,0.00138621548304174,,12844,,0,1,0
0.0013862301944046,,0.0013862301944046,,12845,,0,1,0
0.00116930522889137,,0.00116930522889137,,12846,,0,1,0
0.00116928379090275,,0.00116928379090275,,12847,,0,1,0
0.000967433425981608,,0.000967433425981608,,12848,,0,1,0
0.000967416711844533,,0.000967416711844533,,12849,,0,1,0
0.000781916902528886,,0.000781916902528886,,12850,,0,1,0
0.000781933549536373,,0.000781933549536373,,12851,,0,1,0
0.000613977246031294,,0.000613977246031294,,12852,,0,1,0
0.00061397437410407,,0.00061397437410407,,12853,,0,1,0
0.000464596877965295,,0.000464596877965295,,12854,,0,1,0
0.000464594436496645,,0.000464594436496645,,12855,,0,1,0
0.000334765579417695,,0.000334765579417695,,12856,,0,1,0
0.000334775411576366,,0.000334775411576366,,12857,,0,1,0
0.000225290200482682,,0.000225290200482682,,12858,,0,1,0
0.000225284704714239,,0.000225284704714239,,12859,,0,1,0
0.000136862464977254,,0.000136862464977254,,12860,,0,1,0
0.000136859229234149,,0.000136859229234149,,12861,,0,1,0
7.00475068183865e-05,,7.00475068183865e-05,,12862,,0,1,0
7.0049634330667e-05,,7.0049634330667e-05,,12863,,0,1,0
2.527061805397e-05,,2.527061805397e-05,,12864,,0,1,0
2.52715714858034e-05,,2.52715714858034e-05,,12865,,0,1,0
0.00709704098844702,,0.00709704098844702,,12866,,0,1,0
0.0071082733661858,,0.0071082733661858,,12867,,0,1,0
0.0071082733661858,,0.0071082733661858,,12868,,0,1,0
0.00709704365140962,,0.00709704365140962,,12869,,0,1,0
0.00709664332497331,,0.00709664332497331,,12870,,0,1,0
0.00706302256332017,,0.00706302256332017,,12871,,0,1,0
0.00706309429095875,,0.00706309429095875,,12872,,0,1,0
0.00700730060221935,,0.00700730060221935,,12873,,0,1,0
0.00700732441689234,,0.00700732441689234,,12874,,0,1,0
0.00692970093612913,,0.00692970093612913,,12875,,0,1,0
0.00692956673638456,,0.00692956673638456,,12876,,0,1,0
0.0068306117151683,,0.0068306117151683,,12877,,0,1,0
0.00683063348601246,,0.00683063348601246,,12878,,0,1,0
0.00671097050740643,,0.00671097050740643,,12879,,0,1,0
0.00671097482327146,,0.00671097482327146,,12880,,0,1,0
0.00657136010963624,,0.00657136010963624,,12881,,0,1,0
0.00657113717909397,,0.00657113717909397,,12882,,0,1,0
0.00641244568715393,,0.00641244568715393,,12883,,0,1,0
0.00641309623966471,,0.00641309623966471,,12884,,0,1,0
0.006236325309559,,0.006236325309559,,12885,,0,1,0
0.00623581358565783,,0.00623581358565783,,12886,,0,1,0
0.00604210273715602,,0.00604210273715602,,12887,,0,1,0
0.00604231159130209,,0.00604231159130209,,12888,,0,1,0
0.00583286373761327,,0.00583286373761327,,12889,,0,1,0
0.00583260944814157,,0.00583260944814157,,12890,,0,1,0
0.00560876661328227,,0.00560876661328227,,12891,,0,1,0
0.00560896389308588,,0.00560896389308588,,12892,,0,1,0
0.00537211958618114,,0.00537211958618114,,12893,,0,1,0
0.00537198057566804,,0.00537198057566804,,12894,,0,1,0
0.00512365341965237,,0.00512365341965237,,12895,,0,1,0
0.00512360062476003,,0.00512360062476003,,12896,,0,1,0
0.00486533512483803,,0.00486533512483803,,12897,,0,1,0
0.00486535864346685,,0.00486535864346685,,12898,,0,1,0
0.00459881148324739,,0.00459881148324739,,12899,,0,1,0
0.00459886721771244,,0.00459886721771244,,12900,,0,1,0
0.00432569762610993,,0.00432569762610993,,12901,,0,1,0
0.00432572603915393,,0.00432572603915393,,12902,,0,1,0
0.0040476584213969,,0.0040476584213969,,12903,,0,1,0
0.00404794131757605,,0.00404794131757605,,12904,,0,1,0
0.00376674505285116,,0.00376674505285116,,12905,,0,1,0
0.00376682847480225,,0.00376682847480225,,12906,,0,1,0
0.00348428171268148,,0.00348428171268148,,12907,,0,1,0
0.00348405781104424,,0.00348405781104424,,12908,,0,1,0
0.0032019665162111,,0.0032019665162111,,12909,,0,1,0
0.00320196532375208,,0.00320196532375208,,12910,,0,1,0
0.00292209659423215,,0.00292209659423215,,12911,,0,1,0
0.00292201514529714,,0.00292201514529714,,12912,,0,1,0
0.00264613560210905,,0.00264613560210905,,12913,,0,1,0
0.00264627110754925,,0.00264627110754925,,12914,,0,1,0
0.00237611363044146,,0.00237611363044146,,12915,,0,1,0
0.0023760252892753,,0.0023760252892753,,12916,,0,1,0
0.00211333726147125,,0.00211333726147125,,12917,,0,1,0
0.00211340749769129,,0.00211340749769129,,12918,,0,1,0
0.00185980110888862,,0.00185980110888862,,12919,,0,1,0
0.0018597352214656,,0.0018597352214656,,12920,,0,1,0
0.00161685156463477,,0.00161685156463477,,12921,,0,1,0
0.00161685156463477,,0.00161685156463477,,12922,,0,1,0
0.00138621450228699,,0.00138621450228699,,12923,,0,1,0
0.0013862301944046,,0.0013862301944046,,12924,,0,1,0
0.00116930612965149,,0.00116930612965149,,12925,,0,1,0
0.00116928379090275,,0.00116928379090275,,12926,,0,1,0
0.000967433425981608,,0.000967433425981608,,12927,,0,1,0
0.000967415728664496,,0.000967415728664496,,12928,,0,1,0
0.000781916165939728,,0.000781916165939728,,12929,,0,1,0
0.000781933549536373,,0.000781933549536373,,12930,,0,1,0
0.000613977246031294,,0.000613977246031294,,12931,,0,1,0
0.00061397437410407,,0.00061397437410407,,12932,,0,1,0
0.000464596877965295,,0.000464596877965295,,12933,,0,1,0
0.000464594436496645,,0.000464594436496645,,12934,,0,1,0
0.000334765579417695,,0.000334765579417695,,12935,,0,1,0
0.000334775411576366,,0.000334775411576366,,12936,,0,1,0
0.000225290200482682,,0.000225290200482682,,12937,,0,1,0
0.000225284269800174,,0.000225284269800174,,12938,,0,1,0
0.000136862464977254,,0.000136862464977254,,12939,,0,1,0
0.000136859229234149,,0.000136859229234149,,12940,,0,1,0
7.00474847717962e-05,,7.00474847717962e-05,,12941,,0,1,0
7.00496563775955e-05,,7.00496563775955e-05,,12942,,0,1,0
2.527061805397e-05,,2.527061805397e-05,,12943,,0,1,0
2.52715714858034e-05,,2.52715714858034e-05,,12944,,0,1,0
0.0196714671379096,,0.0196714671379096,,12945,,0,1,0
0.0195782737132523,,0.0195782737132523,,12946,,0,1,0
0.0195778579566874,,0.0195778579566874,,12947,,0,1,0
0.0194232002752842,,0.0194232002752842,,12948,,0,1,0
0.019423808227224,,0.019423808227224,,12949,,0,1,0
0.0192086503007616,,0.0192086503007616,,12950,,0,1,0
0.0192085305531898,,0.0192085305531898,,12951,,0,1,0
0.0189342206209498,,0.0189342206209498,,12952,,0,1,0
0.0189337392674266,,0.0189337392674266,,12953,,0,1,0
0.0186020407690447,,0.0186020407690447,,12954,,0,1,0
0.0186021643594008,,0.0186021643594008,,12955,,0,1,0
0.01821515833289,,0.01821515833289,,12956,,0,1,0
0.018216040028209,,0.018216040028209,,12957,,0,1,0
0.0177761404106964,,0.0177761404106964,,12958,,0,1,0
0.0177750502791345,,0.0177750502791345,,12959,,0,1,0
0.0172850985828586,,0.0172850985828586,,12960,,0,1,0
0.0172855058608423,,0.0172855058608423,,12961,,0,1,0
0.016748533040989,,0.016748533040989,,12962,,0,1,0
0.0167482930446515,,0.0167482930446515,,12963,,0,1,0
0.0161677396608266,,0.0161677396608266,,12964,,0,1,0
0.0161680022565225,,0.0161680022565225,,12965,,0,1,0
0.0155475087028335,,0.0155475087028335,,12966,,0,1,0
0.0155473720659637,,0.0155473720659637,,12967,,0,1,0
0.0148908744904301,,0.0148908744904301,,12968,,0,1,0
0.0148913090857904,,0.0148913090857904,,12969,,0,1,0
0.0142029538548992,,0.0142029538548992,,12970,,0,1,0
0.0142029538548992,,0.0142029538548992,,12971,,0,1,0
0.0134870196824545,,0.0134870196824545,,12972,,0,1,0
0.0134867578190705,,0.0134867578190705,,12973,,0,1,0
0.0127478865940494,,0.0127478865940494,,12974,,0,1,0
0.0127480602855413,,0.0127480602855413,,12975,,0,1,0
0.0119908497697736,,0.0119908497697736,,12976,,0,1,0
0.0119909143825954,,0.0119909143825954,,12977,,0,1,0
0.0112201163702698,,0.0112201163702698,,12978,,0,1,0
0.0112200627974489,,0.0112200627974489,,12979,,0,1,0
0.0104406679452317,,0.0104406679452317,,12980,,0,1,0
0.010440424626712,,0.010440424626712,,12981,,0,1,0
0.00965728961274381,,0.00965728961274381,,12982,,0,1,0
0.00965726061992456,,0.00965726061992456,,12983,,0,1,0
0.00887533294486087,,0.00887533294486087,,12984,,0,1,0
0.00887534088608632,,0.00887534088608632,,12985,,0,1,0
0.00809958672262256,,0.00809958672262256,,12986,,0,1,0
0.00809968155089003,,0.00809968155089003,,12987,,0,1,0
0.00733495661750874,,0.00733495661750874,,12988,,0,1,0
0.00733491059467195,,0.00733491059467195,,12989,,0,1,0
0.00658609898834886,,0.00658609898834886,,12990,,0,1,0
0.00658609214751385,,0.00658609214751385,,12991,,0,1,0
0.0058579448655528,,0.0058579448655528,,12992,,0,1,0
0.00585792067206059,,0.00585792067206059,,12993,,0,1,0
0.00515498297493089,,0.00515498297493089,,12994,,0,1,0
0.00515523262858697,,0.00515523262858697,,12995,,0,1,0
0.00448195827858269,,0.00448195827858269,,12996,,0,1,0
0.00448182566327529,,0.00448182566327529,,12997,,0,1,0
0.00384250744979342,,0.00384250744979342,,12998,,0,1,0
0.00384239706835235,,0.00384239706835235,,12999,,0,1,0
0.0032411170360003,,0.0032411170360003,,13000,,0,1,0
0.00324120881577283,,0.00324120881577283,,13001,,0,1,0
0.00268169008231792,,0.00268169008231792,,13002,,0,1,0
0.00268169008231792,,0.00268169008231792,,13003,,0,1,0
0.00216748163856295,,0.00216748163856295,,13004,,0,1,0
0.00216745809225138,,0.00216745809225138,,13005,,0,1,0
0.00170189440072494,,0.00170189440072494,,13006,,0,1,0
0.00170189092327262,,0.00170189092327262,,13007,,0,1,0
0.00128782787375628,,0.00128782787375628,,13008,,0,1,0
0.00128786946771123,,0.00128786946771123,,13009,,0,1,0
0.000927980201188144,,0.000927980201188144,,13010,,0,1,0
0.000927948424696456,,0.000927948424696456,,13011,,0,1,0
0.000624470568305863,,0.000624470568305863,,13012,,0,1,0
0.000624481100598678,,0.000624481100598678,,13013,,0,1,0
0.000379378377642072,,0.000379378377642072,,13014,,0,1,0
0.00037938335449228,,0.00037938335449228,,13015,,0,1,0
0.000194176608617288,,0.000194176608617288,,13016,,0,1,0
0.000194174736587699,,0.000194174736587699,,13017,,0,1,0
7.0049094182002e-05,,7.0049094182002e-05,,13018,,0,1,0
7.00469115616676e-05,,7.00469115616676e-05,,13019,,0,1,0
0.0196708848785225,,0.0196708848785225,,13020,,0,1,0
0.0197020108833358,,0.0197020108833358,,13021,,0,1,0
0.0197020108833358,,0.0197020108833358,,13022,,0,1,0
0.0196708848785225,,0.0196708848785225,,13023,,0,1,0
0.0196714730492166,,0.0196714730492166,,13024,,0,1,0
0.0195782796105403,,0.0195782796105403,,13025,,0,1,0
0.0195778520594629,,0.0195778520594629,,13026,,0,1,0
0.0194231914644565,,0.0194231914644565,,13027,,0,1,0
0.0194238199751813,,0.0194238199751813,,13028,,0,1,0
0.0192086503007616,,0.0192086503007616,,13029,,0,1,0
0.0192085305531898,,0.0192085305531898,,13030,,0,1,0
0.0189342322199054,,0.0189342322199054,,13031,,0,1,0
0.018933727668622,,0.018933727668622,,13032,,0,1,0
0.018602035020666,,0.018602035020666,,13033,,0,1,0
0.0186021643594008,,0.0186021643594008,,13034,,0,1,0
0.0182151327356027,,0.0182151327356027,,13035,,0,1,0
0.018216062781919,,0.018216062781919,,13036,,0,1,0
0.0177761685073126,,0.0177761685073126,,13037,,0,1,0
0.0177750165642583,,0.0177750165642583,,13038,,0,1,0
0.0172850875005316,,0.0172850875005316,,13039,,0,1,0
0.0172855169433035,,0.0172855169433035,,13040,,0,1,0
0.0167485412227126,,0.0167485412227126,,13041,,0,1,0
0.016748282135768,,0.016748282135768,,13042,,0,1,0
0.0161677289426803,,0.0161677289426803,,13043,,0,1,0
0.0161680129747594,,0.0161680129747594,,13044,,0,1,0
0.0155475087028335,,0.0155475087028335,,13045,,0,1,0
0.0155473694383375,,0.0155473694383375,,13046,,0,1,0
0.0148908539180259,,0.0148908539180259,,13047,,0,1,0
0.0148913322300999,,0.0148913322300999,,13048,,0,1,0
0.0142029488320007,,0.0142029488320007,,13049,,0,1,0
0.0142029613892487,,0.0142029613892487,,13050,,0,1,0
0.0134870343664578,,0.0134870343664578,,13051,,0,1,0
0.0134867455825259,,0.0134867455825259,,13052,,0,1,0
0.0127478746974151,,0.0127478746974151,,13053,,0,1,0
0.0127480698029175,,0.0127480698029175,,13054,,0,1,0
0.0119908428469816,,0.0119908428469816,,13055,,0,1,0
0.0119909189978036,,0.0119909189978036,,13056,,0,1,0
0.0112201208346773,,0.0112201208346773,,13057,,0,1,0
0.0112200627974489,,0.0112200627974489,,13058,,0,1,0
0.0104406808648784,,0.0104406808648784,,13059,,0,1,0
0.0104404117072239,,0.0104404117072239,,13060,,0,1,0
0.00965729168366114,,0.00965729168366114,,13061,,0,1,0
0.00965726061992456,,0.00965726061992456,,13062,,0,1,0
0.00887533294486087,,0.00887533294486087,,13063,,0,1,0
0.00887534088608632,,0.00887534088608632,,13064,,0,1,0
0.00809958482606288,,0.00809958482606288,,13065,,0,1,0
0.00809968344746104,,0.00809968344746104,,13066,,0,1,0
0.00733495932473893,,0.00733495932473893,,13067,,0,1,0
0.00733490878985776,,0.00733490878985776,,13068,,0,1,0
0.0065861015536629,,0.0065861015536629,,13069,,0,1,0
0.00658609214751385,,0.00658609214751385,,13070,,0,1,0
0.00585794647845406,,0.00585794647845406,,13071,,0,1,0
0.00585792067206059,,0.00585792067206059,,13072,,0,1,0
0.00515497087066485,,0.00515497087066485,,13073,,0,1,0
0.00515524473316031,,0.00515524473316031,,13074,,0,1,0
0.00448196392183078,,0.00448196392183078,,13075,,0,1,0
0.00448182002011424,,0.00448182002011424,,13076,,0,1,0
0.00384251136869029,,0.00384251136869029,,13077,,0,1,0
0.00384239184323468,,0.00384239184323468,,13078,,0,1,0
0.00324111343682001,,0.00324111343682001,,13079,,0,1,0
0.00324121181513373,,0.00324121181513373,,13080,,0,1,0
0.00268169008231792,,0.00268169008231792,,13081,,0,1,0
0.00268169008231792,,0.00268169008231792,,13082,,0,1,0
0.00216748311021167,,0.00216748311021167,,13083,,0,1,0
0.00216745809225138,,0.00216745809225138,,13084,,0,1,0
0.00170189440072494,,0.00170189440072494,,13085,,0,1,0
0.00170189092327262,,0.00170189092327262,,13086,,0,1,0
0.00128782692844693,,0.00128782692844693,,13087,,0,1,0
0.00128787154742661,,0.00128787154742661,,13088,,0,1,0
0.000927981164120628,,0.000927981164120628,,13089,,0,1,0
0.000927948424696456,,0.000927948424696456,,13090,,0,1,0
0.000624470568305863,,0.000624470568305863,,13091,,0,1,0
0.000624481100598678,,0.000624481100598678,,13092,,0,1,0
0.000379378377642072,,0.000379378377642072,,13093,,0,1,0
0.00037938335449228,,0.00037938335449228,,13094,,0,1,0
0.000194176682030396,,0.000194176682030396,,13095,,0,1,0
0.000194174663174958,,0.000194174663174958,,13096,,0,1,0
7.0049094182002e-05,,7.0049094182002e-05,,13097,,0,1,0
7.0046889515171e-05,,7.0046889515171e-05,,13098,,0,1,0
0.0384350018909334,,0.0384350018909334,,13099,,0,1,0
0.0382529483258343,,0.0382529483258343,,13100,,0,1,0
0.0382523383290416,,0.0382523383290416,,13101,,0,1,0
0.0379501248686314,,0.0379501248686314,,13102,,0,1,0
0.0379493530818138,,0.0379493530818138,,13103,,0,1,0
0.0375289579587208,,0.0375289579587208,,13104,,0,1,0
0.0375293988620666,,0.0375293988620666,,13105,,0,1,0
0.0369935199016287,,0.0369935199016287,,13106,,0,1,0
0.0369944440367971,,0.0369944440367971,,13107,,0,1,0
0.036346395832318,,0.036346395832318,,13108,,0,1,0
0.036345961933721,,0.036345961933721,,13109,,0,1,0
0.035589732855847,,0.035589732855847,,13110,,0,1,0
0.0355888820927324,,0.0355888820927324,,13111,,0,1,0
0.034729461844432,,0.034729461844432,,13112,,0,1,0
0.0347298310031636,,0.0347298310031636,,13113,,0,1,0
0.0337725497927015,,0.0337725497927015,,13114,,0,1,0
0.0337727589203567,,0.0337727589203567,,13115,,0,1,0
0.0327236760707135,,0.0327236760707135,,13116,,0,1,0
0.0327241335262802,,0.0327241335262802,,13117,,0,1,0
0.0315898159190358,,0.0315898159190358,,13118,,0,1,0
0.0315889619530552,,0.0315889619530552,,13119,,0,1,0
0.0303765889342333,,0.0303765889342333,,13120,,0,1,0
0.0303771325202433,,0.0303771325202433,,13121,,0,1,0
0.0290944601683024,,0.0290944601683024,,13122,,0,1,0
0.029093687352777,,0.029093687352777,,13123,,0,1,0
0.0277487780020795,,0.0277487780020795,,13124,,0,1,0
0.0277490623454933,,0.0277490623454933,,13125,,0,1,0
0.0263503649215568,,0.0263503649215568,,13126,,0,1,0
0.0263505496453971,,0.0263505496453971,,13127,,0,1,0
0.0249068868654866,,0.0249068868654866,,13128,,0,1,0
0.0249073358491718,,0.0249073358491718,,13129,,0,1,0
0.0234278989827265,,0.0234278989827265,,13130,,0,1,0
0.0234272054977964,,0.0234272054977964,,13131,,0,1,0
0.0219212497538256,,0.0219212497538256,,13132,,0,1,0
0.0219211218301325,,0.0219211218301325,,13133,,0,1,0
0.0203984045878531,,0.0203984045878531,,13134,,0,1,0
0.0203988500361447,,0.0203988500361447,,13135,,0,1,0
0.018868760606071,,0.018868760606071,,13136,,0,1,0
0.0188682453491485,,0.0188682453491485,,13137,,0,1,0
0.0173404824854161,,0.0173404824854161,,13138,,0,1,0
0.017340918165873,,0.017340918165873,,13139,,0,1,0
0.0158252444266128,,0.0158252444266128,,13140,,0,1,0
0.0158253716750433,,0.0158253716750433,,13141,,0,1,0
0.0143312458193946,,0.0143312458193946,,13142,,0,1,0
0.0143310919310413,,0.0143310919310413,,13143,,0,1,0
0.0128680412896999,,0.0128680412896999,,13144,,0,1,0
0.012868153644114,,0.012868153644114,,13145,,0,1,0
0.0114454817432663,,0.0114454817432663,,13146,,0,1,0
0.0114454276350924,,0.0114454276350924,,13147,,0,1,0
0.0100719713657687,,0.0100719713657687,,13148,,0,1,0
0.0100718846545532,,0.0100718846545532,,13149,,0,1,0
0.00875650186728594,,0.00875650186728594,,13150,,0,1,0
0.00875665765365519,,0.00875665765365519,,13151,,0,1,0
0.00750756256384902,,0.00750756256384902,,13152,,0,1,0
0.00750750596006491,,0.00750750596006491,,13153,,0,1,0
0.00633268188734715,,0.00633268188734715,,13154,,0,1,0
0.0063325896535571,,0.0063325896535571,,13155,,0,1,0
0.00523941122335403,,0.00523941122335403,,13156,,0,1,0
0.00523942571441752,,0.00523942571441752,,13157,,0,1,0
0.00423478067211794,,0.00423478067211794,,13158,,0,1,0
0.00423481769884163,,0.00423481769884163,,13159,,0,1,0
0.00332519473755857,,0.00332519473755857,,13160,,0,1,0
0.00332523726929226,,0.00332523726929226,,13161,,0,1,0
0.00251621927121384,,0.00251621927121384,,13162,,0,1,0
0.00251616641730926,,0.00251616641730926,,13163,,0,1,0
0.00181303505289165,,0.00181303505289165,,13164,,0,1,0
0.00181304963406421,,0.00181304963406421,,13165,,0,1,0
0.00122010794871841,,0.00122010794871841,,13166,,0,1,0
0.00122008807421736,,0.00122008807421736,,13167,,0,1,0
0.00074121434761143,,0.00074121434761143,,13168,,0,1,0
0.000741212769856732,,0.000741212769856732,,13169,,0,1,0
0.000379368475346482,,0.000379368475346482,,13170,,0,1,0
0.000379372887752388,,0.000379372887752388,,13171,,0,1,0
0.0001368599380127,,0.0001368599380127,,13172,,0,1,0
0.000136860677609667,,0.000136860677609667,,13173,,0,1,0
0.0384346713786403,,0.0384346713786403,,13174,,0,1,0
0.0384954682193421,,0.0384954682193421,,13175,,0,1,0
0.0384954682193421,,0.0384954682193421,,13176,,0,1,0
0.0384346713786403,,0.0384346713786403,,13177,,0,1,0
0.0384350018909334,,0.0384350018909334,,13178,,0,1,0
0.0382529483258343,,0.0382529483258343,,13179,,0,1,0
0.0382523383290416,,0.0382523383290416,,13180,,0,1,0
0.0379501823424317,,0.0379501823424317,,13181,,0,1,0
0.0379492956086414,,0.0379492956086414,,13182,,0,1,0
0.0375289579587208,,0.0375289579587208,,13183,,0,1,0
0.0375293988620666,,0.0375293988620666,,13184,,0,1,0
0.0369934712632554,,0.0369934712632554,,13185,,0,1,0
0.0369945007823151,,0.0369945007823151,,13186,,0,1,0
0.036346395832318,,0.036346395832318,,13187,,0,1,0
0.036345961933721,,0.036345961933721,,13188,,0,1,0
0.0355897885136014,,0.0355897885136014,,13189,,0,1,0
0.0355888820927324,,0.0355888820927324,,13190,,0,1,0
0.034729461844432,,0.034729461844432,,13191,,0,1,0
0.0347298310031636,,0.0347298310031636,,13192,,0,1,0
0.0337724955745262,,0.0337724955745262,,13193,,0,1,0
0.0337728131387434,,0.0337728131387434,,13194,,0,1,0
0.0327236227011056,,0.0327236227011056,,13195,,0,1,0
0.0327241868963046,,0.0327241868963046,,13196,,0,1,0
0.0315898683559195,,0.0315898683559195,,13197,,0,1,0
0.031588917007797,,0.031588917007797,,13198,,0,1,0
0.0303765889342333,,0.0303765889342333,,13199,,0,1,0
0.0303771802678955,,0.0303771802678955,,13200,,0,1,0
0.0290945104915298,,0.0290945104915298,,13201,,0,1,0
0.0290936406247254,,0.0290936406247254,,13202,,0,1,0
0.0277487780020795,,0.0277487780020795,,13203,,0,1,0
0.0277491079809917,,0.0277491079809917,,13204,,0,1,0
0.0263503649215568,,0.0263503649215568,,13205,,0,1,0
0.0263505496453971,,0.0263505496453971,,13206,,0,1,0
0.0249068868654866,,0.0249068868654866,,13207,,0,1,0
0.0249073358491718,,0.0249073358491718,,13208,,0,1,0
0.0234279409147025,,0.0234279409147025,,13209,,0,1,0
0.0234271635664786,,0.0234271635664786,,13210,,0,1,0
0.0219212497538256,,0.0219212497538256,,13211,,0,1,0
0.0219211218301325,,0.0219211218301325,,13212,,0,1,0
0.0203983654608707,,0.0203983654608707,,13213,,0,1,0
0.0203988891635919,,0.0203988891635919,,13214,,0,1,0
0.0188688011321948,,0.0188688011321948,,13215,,0,1,0
0.0188682048236216,,0.0188682048236216,,13216,,0,1,0
0.0173404491852241,,0.0173404491852241,,13217,,0,1,0
0.0173409486914605,,0.0173409486914605,,13218,,0,1,0
0.015825239124606,,0.015825239124606,,13219,,0,1,0
0.0158253796280872,,0.0158253796280872,,13220,,0,1,0
0.0143312584332307,,0.0143312584332307,,13221,,0,1,0
0.0143310793172785,,0.0143310793172785,,13222,,0,1,0
0.0128680365086719,,0.0128680365086719,,13223,,0,1,0
0.0128681632062144,,0.0128681632062144,,13224,,0,1,0
0.0114454839977763,,0.0114454839977763,,13225,,0,1,0
0.0114454253805879,,0.0114454253805879,,13226,,0,1,0
0.0100719798254194,,0.0100719798254194,,13227,,0,1,0
0.0100718804247474,,0.0100718804247474,,13228,,0,1,0
0.00875649003546641,,0.00875649003546641,,13229,,0,1,0
0.0087566675135986,,0.0087566675135986,,13230,,0,1,0
0.00750756712867962,,0.00750756712867962,,13231,,0,1,0
0.00750750413413995,,0.00750750413413995,,13232,,0,1,0
0.00633268691830047,,0.00633268691830047,,13233,,0,1,0
0.00633258294567129,,0.00633258294567129,,13234,,0,1,0
0.00523941122335403,,0.00523941122335403,,13235,,0,1,0
0.00523942800248201,,0.00523942800248201,,13236,,0,1,0
0.00423477861508248,,0.00423477861508248,,13237,,0,1,0
0.00423481907020487,,0.00423481907020487,,13238,,0,1,0
0.00332519291477607,,0.00332519291477607,,13239,,0,1,0
0.00332523848448865,,0.00332523848448865,,13240,,0,1,0
0.00251622191392364,,0.00251622191392364,,13241,,0,1,0
0.00251616536023683,,0.00251616536023683,,13242,,0,1,0
0.00181303393126542,,0.00181303393126542,,13243,,0,1,0
0.00181304963406421,,0.00181304963406421,,13244,,0,1,0
0.00122010794871841,,0.00122010794871841,,13245,,0,1,0
0.00122008715410549,,0.00122008715410549,,13246,,0,1,0
0.00074121434761143,,0.00074121434761143,,13247,,0,1,0
0.000741212769856732,,0.000741212769856732,,13248,,0,1,0
0.000379368475346482,,0.000379368475346482,,13249,,0,1,0
0.000379372887752388,,0.000379372887752388,,13250,,0,1,0
0.0001368599380127,,0.0001368599380127,,13251,,0,1,0
0.000136860677609667,,0.000136860677609667,,13252,,0,1,0
0.0632657984751899,,0.0632657984751899,,13253,,0,1,0
0.0629661439293021,,0.0629661439293021,,13254,,0,1,0
0.0629675611121816,,0.0629675611121816,,13255,,0,1,0
0.0624701719883731,,0.0624701719883731,,13256,,0,1,0
0.0624702351935742,,0.0624702351935742,,13257,,0,1,0
0.0617782321890274,,0.0617782321890274,,13258,,0,1,0
0.0617773941362714,,0.0617773941362714,,13259,,0,1,0
0.0608951252091927,,0.0608951252091927,,13260,,0,1,0
0.060894709187842,,0.060894709187842,,13261,,0,1,0
0.0598279715103804,,0.0598279715103804,,13262,,0,1,0
0.059827765330223,,0.059827765330223,,13263,,0,1,0
0.058583073254141,,0.058583073254141,,13264,,0,1,0
0.0585838893528319,,0.0585838893528319,,13265,,0,1,0
0.0571691923804014,,0.0571691923804014,,13266,,0,1,0
0.0571691923804014,,0.0571691923804014,,13267,,0,1,0
0.0555933148890557,,0.0555933148890557,,13268,,0,1,0
0.0555936527639855,,0.0555936527639855,,13269,,0,1,0
0.0538666817849003,,0.0538666817849003,,13270,,0,1,0
0.0538651069032614,,0.0538651069032614,,13271,,0,1,0
0.0519979608119177,,0.0519979608119177,,13272,,0,1,0
0.0519988642283846,,0.0519988642283846,,13273,,0,1,0
0.050003175374691,,0.050003175374691,,13274,,0,1,0
0.0500036183328629,,0.0500036183328629,,13275,,0,1,0
0.0478922130477781,,0.0478922130477781,,13276,,0,1,0
0.0478925912135981,,0.0478925912135981,,13277,,0,1,0
0.045678620545921,,0.045678620545921,,13278,,0,1,0
0.0456779539667611,,0.0456779539667611,,13279,,0,1,0
0.0433754890350007,,0.0433754890350007,,13280,,0,1,0
0.0433757874818252,,0.0433757874818252,,13281,,0,1,0
0.0409994191284651,,0.0409994191284651,,13282,,0,1,0
0.0409984462552804,,0.0409984462552804,,13283,,0,1,0
0.0385632568616363,,0.0385632568616363,,13284,,0,1,0
0.0385644238710441,,0.0385644238710441,,13285,,0,1,0
0.036085497271479,,0.036085497271479,,13286,,0,1,0
0.0360853931897513,,0.0360853931897513,,13287,,0,1,0
0.033578688920926,,0.033578688920926,,13288,,0,1,0
0.0335783259317641,,0.0335783259317641,,13289,,0,1,0
0.0310596898763453,,0.0310596898763453,,13290,,0,1,0
0.0310600389867095,,0.0310600389867095,,13291,,0,1,0
0.028545061748818,,0.028545061748818,,13292,,0,1,0
0.0285450154634437,,0.0285450154634437,,13293,,0,1,0
0.0260500815208619,,0.0260500815208619,,13294,,0,1,0
0.0260498536370335,,0.0260498536370335,,13295,,0,1,0
0.0235903951679828,,0.0235903951679828,,13296,,0,1,0
0.0235903530908753,,0.0235903530908753,,13297,,0,1,0
0.0211820483285364,,0.0211820483285364,,13298,,0,1,0
0.0211821311386302,,0.0211821311386302,,13299,,0,1,0
0.0188403162209659,,0.0188403162209659,,13300,,0,1,0
0.0188403567165319,,0.0188403567165319,,13301,,0,1,0
0.016579520839997,,0.016579520839997,,13302,,0,1,0
0.0165792630636795,,0.0165792630636795,,13303,,0,1,0
0.0144139753857885,,0.0144139753857885,,13304,,0,1,0
0.0144140006861769,,0.0144140006861769,,13305,,0,1,0
0.0123579265861484,,0.0123579265861484,,13306,,0,1,0
0.0123578984743316,,0.0123578984743316,,13307,,0,1,0
0.0104240512883901,,0.0104240512883901,,13308,,0,1,0
0.0104240878649353,,0.0104240878649353,,13309,,0,1,0
0.00862460422615685,,0.00862460422615685,,13310,,0,1,0
0.00862455334260659,,0.00862455334260659,,13311,,0,1,0
0.00697081477877351,,0.00697081477877351,,13312,,0,1,0
0.0069709335421414,,0.0069709335421414,,13313,,0,1,0
0.00547360550826426,,0.00547360550826426,,13314,,0,1,0
0.00547357822418107,,0.00547357822418107,,13315,,0,1,0
0.00414187968253721,,0.00414187968253721,,13316,,0,1,0
0.00414187222326692,,0.00414187222326692,,13317,,0,1,0
0.00298444232113626,,0.00298444232113626,,13318,,0,1,0
0.00298449067350504,,0.00298449067350504,,13319,,0,1,0
0.00200844013990811,,0.00200844013990811,,13320,,0,1,0
0.00200841605730462,,0.00200841605730462,,13321,,0,1,0
0.00122013058376397,,0.00122013058376397,,13322,,0,1,0
0.00122012966363608,,0.00122012966363608,,13323,,0,1,0
0.000624488868221536,,0.000624488868221536,,13324,,0,1,0
0.000624490974703858,,0.000624490974703858,,13325,,0,1,0
0.00022528723513167,,0.00022528723513167,,13326,,0,1,0
0.000225285969921179,,0.000225285969921179,,13327,,0,1,0
0.0632662967263471,,0.0632662967263471,,13328,,0,1,0
0.0633664319917404,,0.0633664319917404,,13329,,0,1,0
0.0633664319917404,,0.0633664319917404,,13330,,0,1,0
0.0632662967263471,,0.0632662967263471,,13331,,0,1,0
0.0632657984751899,,0.0632657984751899,,13332,,0,1,0
0.0629661439293021,,0.0629661439293021,,13333,,0,1,0
0.0629675611121816,,0.0629675611121816,,13334,,0,1,0
0.0624701719883731,,0.0624701719883731,,13335,,0,1,0
0.0624702351935742,,0.0624702351935742,,13336,,0,1,0
0.0617782321890274,,0.0617782321890274,,13337,,0,1,0
0.0617773208069257,,0.0617773208069257,,13338,,0,1,0
0.0608951252091927,,0.0608951252091927,,13339,,0,1,0
0.060894709187842,,0.060894709187842,,13340,,0,1,0
0.0598279715103804,,0.0598279715103804,,13341,,0,1,0
0.059827765330223,,0.059827765330223,,13342,,0,1,0
0.058583001845776,,0.058583001845776,,13343,,0,1,0
0.0585839607617378,,0.0585839607617378,,13344,,0,1,0
0.0571692629218394,,0.0571692629218394,,13345,,0,1,0
0.0571691923804014,,0.0571691923804014,,13346,,0,1,0
0.0555933148890557,,0.0555933148890557,,13347,,0,1,0
0.0555936527639855,,0.0555936527639855,,13348,,0,1,0
0.0538668089502607,,0.0538668089502607,,13349,,0,1,0
0.0538650384306689,,0.0538650384306689,,13350,,0,1,0
0.0519979031473032,,0.0519979031473032,,13351,,0,1,0
0.0519989315043929,,0.0519989315043929,,13352,,0,1,0
0.050003175374691,,0.050003175374691,,13353,,0,1,0
0.0500036183328629,,0.0500036183328629,,13354,,0,1,0
0.0478922130477781,,0.0478922130477781,,13355,,0,1,0
0.0478925912135981,,0.0478925912135981,,13356,,0,1,0
0.0456786836009582,,0.0456786836009582,,13357,,0,1,0
0.0456778909122275,,0.0456778909122275,,13358,,0,1,0
0.0433754363680205,,0.0433754363680205,,13359,,0,1,0
0.0433758489268872,,0.0433758489268872,,13360,,0,1,0
0.0409994788666683,,0.0409994788666683,,13361,,0,1,0
0.0409983865178294,,0.0409983865178294,,13362,,0,1,0
0.0385631409893255,,0.0385631409893255,,13363,,0,1,0
0.0385645314685452,,0.0385645314685452,,13364,,0,1,0
0.036085497271479,,0.036085497271479,,13365,,0,1,0
0.0360853371458063,,0.0360853371458063,,13366,,0,1,0
0.0335787429833094,,0.0335787429833094,,13367,,0,1,0
0.0335782718697164,,0.0335782718697164,,13368,,0,1,0
0.0310596898763453,,0.0310596898763453,,13369,,0,1,0
0.0310600389867095,,0.0310600389867095,,13370,,0,1,0
0.028545061748818,,0.028545061748818,,13371,,0,1,0
0.0285450154634437,,0.0285450154634437,,13372,,0,1,0
0.0260500815208619,,0.0260500815208619,,13373,,0,1,0
0.026049806019643,,0.026049806019643,,13374,,0,1,0
0.0235903951679828,,0.0235903951679828,,13375,,0,1,0
0.0235903530908753,,0.0235903530908753,,13376,,0,1,0
0.021182005390033,,0.021182005390033,,13377,,0,1,0
0.0211821710102146,,0.0211821710102146,,13378,,0,1,0
0.0188403075433503,,0.0188403075433503,,13379,,0,1,0
0.018840359609074,,0.018840359609074,,13380,,0,1,0
0.0165795425475679,,0.0165795425475679,,13381,,0,1,0
0.0165792332160248,,0.0165792332160248,,13382,,0,1,0
0.0144139753857885,,0.0144139753857885,,13383,,0,1,0
0.0144140057462573,,0.0144140057462573,,13384,,0,1,0
0.0123579289288013,,0.0123579289288013,,13385,,0,1,0
0.012357889103733,,0.012357889103733,,13386,,0,1,0
0.0104240491368306,,0.0104240491368306,,13387,,0,1,0
0.0104240878649353,,0.0104240878649353,,13388,,0,1,0
0.00862461009734539,,0.00862461009734539,,13389,,0,1,0
0.00862455138554996,,0.00862455138554996,,13390,,0,1,0
0.00697080774097605,,0.00697080774097605,,13391,,0,1,0
0.00697094058000236,,0.00697094058000236,,13392,,0,1,0
0.00547360550826426,,0.00547360550826426,,13393,,0,1,0
0.00547357588554853,,0.00547357588554853,,13394,,0,1,0
0.00414187968253721,,0.00414187968253721,,13395,,0,1,0
0.00414187222326692,,0.00414187222326692,,13396,,0,1,0
0.00298444116989416,,0.00298444116989416,,13397,,0,1,0
0.00298449182475669,,0.00298449182475669,,13398,,0,1,0
0.00200844108432688,,0.00200844108432688,,13399,,0,1,0
0.00200841464068538,,0.00200841464068538,,13400,,0,1,0
0.00122013058376397,,0.00122013058376397,,13401,,0,1,0
0.00122012966363608,,0.00122012966363608,,13402,,0,1,0
0.000624488868221536,,0.000624488868221536,,13403,,0,1,0
0.000624490974703858,,0.000624490974703858,,13404,,0,1,0
0.00022528723513167,,0.00022528723513167,,13405,,0,1,0
0.000225285969921179,,0.000225285969921179,,13406,,0,1,0
0.0940105443306654,,0.0940105443306654,,13407,,0,1,0
0.0935651493824778,,0.0935651493824778,,13408,,0,1,0
0.0935641180208862,,0.0935641180208862,,13409,,0,1,0
0.0928249906002794,,0.0928249906002794,,13410,,0,1,0
0.092825337306579,,0.092825337306579,,13411,,0,1,0
0.0917970441144473,,0.0917970441144473,,13412,,0,1,0
0.0917975549016998,,0.0917975549016998,,13413,,0,1,0
0.0904865815368265,,0.0904865815368265,,13414,,0,1,0
0.0904869999175233,,0.0904869999175233,,13415,,0,1,0
0.0889017848224545,,0.0889017848224545,,13416,,0,1,0
0.0889031294616487,,0.0889031294616487,,13417,,0,1,0
0.0870535345760364,,0.0870535345760364,,13418,,0,1,0
0.0870516195413562,,0.0870516195413562,,13419,,0,1,0
0.084949471003684,,0.084949471003684,,13420,,0,1,0
0.084950220339064,,0.084950220339064,,13421,,0,1,0
0.0826086036814329,,0.0826086036814329,,13422,,0,1,0
0.082607707268139,,0.082607707268139,,13423,,0,1,0
0.0800416833800992,,0.0800416833800992,,13424,,0,1,0
0.0800436866303795,,0.0800436866303795,,13425,,0,1,0
0.0772691564135357,,0.0772691564135357,,13426,,0,1,0
0.077269074403667,,0.077269074403667,,13427,,0,1,0
0.0743035793514761,,0.0743035793514761,,13428,,0,1,0
0.0743015803353342,,0.0743015803353342,,13429,,0,1,0
0.071164060216518,,0.071164060216518,,13430,,0,1,0
0.0711648135225023,,0.0711648135225023,,13431,,0,1,0
0.0678751925160999,,0.0678751925160999,,13432,,0,1,0
0.0678754889889182,,0.0678754889889182,,13433,,0,1,0
0.0644540019462387,,0.0644540019462387,,13434,,0,1,0
0.0644530603360782,,0.0644530603360782,,13435,,0,1,0
0.0609220031995577,,0.0609220031995577,,13436,,0,1,0
0.0609232619504962,,0.0609232619504962,,13437,,0,1,0
0.0573045305101232,,0.0573045305101232,,13438,,0,1,0
0.0573042581002565,,0.0573042581002565,,13439,,0,1,0
0.0536207222930347,,0.0536207222930347,,13440,,0,1,0
0.0536196097058976,,0.0536196097058976,,13441,,0,1,0
0.049894822719811,,0.049894822719811,,13442,,0,1,0
0.0498953970001299,,0.0498953970001299,,13443,,0,1,0
0.0461529292179859,,0.0461529292179859,,13444,,0,1,0
0.0461531103082753,,0.0461531103082753,,13445,,0,1,0
0.0424161342161828,,0.0424161342161828,,13446,,0,1,0
0.0424160213734197,,0.0424160213734197,,13447,,0,1,0
0.0387086396774023,,0.0387086396774023,,13448,,0,1,0
0.0387088635667614,,0.0387088635667614,,13449,,0,1,0
0.0350542754527621,,0.0350542754527621,,13450,,0,1,0
0.0350543859277548,,0.0350543859277548,,13451,,0,1,0
0.0314757041805653,,0.0314757041805653,,13452,,0,1,0
0.0314755546319785,,0.0314755546319785,,13453,,0,1,0
0.0279956955099553,,0.0279956955099553,,13454,,0,1,0
0.0279955544706417,,0.0279955544706417,,13455,,0,1,0
0.0246361391052847,,0.0246361391052847,,13456,,0,1,0
0.0246363177194842,,0.0246363177194842,,13457,,0,1,0
0.0214187882808236,,0.0214187882808236,,13458,,0,1,0
0.0214185816446673,,0.0214185816446673,,13459,,0,1,0
0.018363342604069,,0.018363342604069,,13460,,0,1,0
0.0183635453585805,,0.0183635453585805,,13461,,0,1,0
0.0154899039014329,,0.0154899039014329,,13462,,0,1,0
0.0154899668478703,,0.0154899668478703,,13463,,0,1,0
0.0128159784560293,,0.0128159784560293,,13464,,0,1,0
0.0128158949575951,,0.0128158949575951,,13465,,0,1,0
0.0103584569317565,,0.0103584569317565,,13466,,0,1,0
0.010358308942502,,0.010358308942502,,13467,,0,1,0
0.00813338066333502,,0.00813338066333502,,13468,,0,1,0
0.00813343197724514,,0.00813343197724514,,13469,,0,1,0
0.00615460495671638,,0.00615460495671638,,13470,,0,1,0
0.00615461818262208,,0.00615461818262208,,13471,,0,1,0
0.004434732975092,,0.004434732975092,,13472,,0,1,0
0.0044346515806315,,0.0044346515806315,,13473,,0,1,0
0.00298433755901428,,0.00298433755901428,,13474,,0,1,0
0.00298439799847564,,0.00298439799847564,,13475,,0,1,0
0.00181305075569529,,0.00181305075569529,,13476,,0,1,0
0.00181306758020323,,0.00181306758020323,,13477,,0,1,0
0.000927967362136101,,0.000927967362136101,,13478,,0,1,0
0.000927952757822377,,0.000927952757822377,,13479,,0,1,0
0.000334761964689777,,0.000334761964689777,,13480,,0,1,0
0.000334762976811627,,0.000334762976811627,,13481,,0,1,0
0.0940108932439916,,0.0940108932439916,,13482,,0,1,0
0.0941596797407347,,0.0941596797407347,,13483,,0,1,0
0.0941596797407347,,0.0941596797407347,,13484,,0,1,0
0.0940108932439916,,0.0940108932439916,,13485,,0,1,0
0.0940105443306654,,0.0940105443306654,,13486,,0,1,0
0.0935652396268876,,0.0935652396268876,,13487,,0,1,0
0.0935641180208862,,0.0935641180208862,,13488,,0,1,0
0.0928249135545229,,0.0928249135545229,,13489,,0,1,0
0.092825337306579,,0.092825337306579,,13490,,0,1,0
0.0917970441144473,,0.0917970441144473,,13491,,0,1,0
0.0917975549016998,,0.0917975549016998,,13492,,0,1,0
0.0904865815368265,,0.0904865815368265,,13493,,0,1,0
0.0904869999175233,,0.0904869999175233,,13494,,0,1,0
0.0889017848224545,,0.0889017848224545,,13495,,0,1,0
0.0889031294616487,,0.0889031294616487,,13496,,0,1,0
0.0870536216235678,,0.0870536216235678,,13497,,0,1,0
0.0870515324948258,,0.0870515324948258,,13498,,0,1,0
0.0849493972987432,,0.0849493972987432,,13499,,0,1,0
0.084950220339064,,0.084950220339064,,13500,,0,1,0
0.0826086884775368,,0.0826086884775368,,13501,,0,1,0
0.0826076345861932,,0.0826076345861932,,13502,,0,1,0
0.0800415283677296,,0.0800415283677296,,13503,,0,1,0
0.080043841644839,,0.080043841644839,,13504,,0,1,0
0.0772691564135357,,0.0772691564135357,,13505,,0,1,0
0.077269074403667,,0.077269074403667,,13506,,0,1,0
0.0743037401930242,,0.0743037401930242,,13507,,0,1,0
0.0743013505650869,,0.0743013505650869,,13508,,0,1,0
0.0711639140531322,,0.0711639140531322,,13509,,0,1,0
0.0711648922263426,,0.0711648922263426,,13510,,0,1,0
0.0678751925160999,,0.0678751925160999,,13511,,0,1,0
0.0678754889889182,,0.0678754889889182,,13512,,0,1,0
0.0644541410483228,,0.0644541410483228,,13513,,0,1,0
0.0644529961356359,,0.0644529961356359,,13514,,0,1,0
0.0609218575597925,,0.0609218575597925,,13515,,0,1,0
0.060923397188974,,0.060923397188974,,13516,,0,1,0
0.0573045305101232,,0.0573045305101232,,13517,,0,1,0
0.057304187475582,,0.057304187475582,,13518,,0,1,0
0.0536207906101649,,0.0536207906101649,,13519,,0,1,0
0.0536195413895197,,0.0536195413895197,,13520,,0,1,0
0.0498947662334008,,0.0498947662334008,,13521,,0,1,0
0.0498954534868972,,0.0498954534868972,,13522,,0,1,0
0.0461528748909683,,0.0461528748909683,,13523,,0,1,0
0.0461531736899605,,0.0461531736899605,,13524,,0,1,0
0.0424161342161828,,0.0424161342161828,,13525,,0,1,0
0.0424160213734197,,0.0424160213734197,,13526,,0,1,0
0.0387086396774023,,0.0387086396774023,,13527,,0,1,0
0.0387089133200402,,0.0387089133200402,,13528,,0,1,0
0.0350542281063899,,0.0350542281063899,,13529,,0,1,0
0.0350543859277548,,0.0350543859277548,,13530,,0,1,0
0.0314757041805653,,0.0314757041805653,,13531,,0,1,0
0.0314755546319785,,0.0314755546319785,,13532,,0,1,0
0.0279956955099553,,0.0279956955099553,,13533,,0,1,0
0.0279955544706417,,0.0279955544706417,,13534,,0,1,0
0.0246360961056667,,0.0246360961056667,,13535,,0,1,0
0.0246363607192955,,0.0246363607192955,,13536,,0,1,0
0.0214188283745216,,0.0214188283745216,,13537,,0,1,0
0.0214185816446673,,0.0214185816446673,,13538,,0,1,0
0.0183633254699362,,0.0183633254699362,,13539,,0,1,0
0.0183635624928159,,0.0183635624928159,,13540,,0,1,0
0.0154899039014329,,0.0154899039014329,,13541,,0,1,0
0.0154899668478703,,0.0154899668478703,,13542,,0,1,0
0.0128159879987249,,0.0128159879987249,,13543,,0,1,0
0.0128158901862642,,0.0128158901862642,,13544,,0,1,0
0.0103584655108762,,0.0103584655108762,,13545,,0,1,0
0.0103583003634472,,0.0103583003634472,,13546,,0,1,0
0.00813337686231108,,0.00813337686231108,,13547,,0,1,0
0.00813343577828196,,0.00813343577828196,,13548,,0,1,0
0.00615460247686064,,0.00615460247686064,,13549,,0,1,0
0.00615462066248099,,0.00615462066248099,,13550,,0,1,0
0.00443473858853061,,0.00443473858853061,,13551,,0,1,0
0.00443464807226637,,0.00443464807226637,,13552,,0,1,0
0.00298433583218152,,0.00298433583218152,,13553,,0,1,0
0.00298440087656049,,0.00298440087656049,,13554,,0,1,0
0.00181304963406421,,0.00181304963406421,,13555,,0,1,0
0.00181306892616723,,0.00181306892616723,,13556,,0,1,0
0.000927968164574251,,0.000927968164574251,,13557,,0,1,0
0.000927952757822377,,0.000927952757822377,,13558,,0,1,0
0.000334761964689777,,0.000334761964689777,,13559,,0,1,0
0.000334762976811627,,0.000334762976811627,,13560,,0,1,0
0.130474458952932,,0.130474458952932,,13561,,0,1,0
0.129856368857986,,0.129856368857986,,13562,,0,1,0
0.129856277730811,,0.129856277730811,,13563,,0,1,0
0.128830397562796,,0.128830397562796,,13564,,0,1,0
0.128829399133366,,0.128829399133366,,13565,,0,1,0
0.127402324036099,,0.127402324036099,,13566,,0,1,0
0.127402745259191,,0.127402745259191,,13567,,0,1,0
0.125583374074267,,0.125583374074267,,13568,,0,1,0
0.125582388307295,,0.125582388307295,,13569,,0,1,0
0.123382263613438,,0.123382263613438,,13570,,0,1,0
0.123382367244418,,0.123382367244418,,13571,,0,1,0
0.120815622748922,,0.120815622748922,,13572,,0,1,0
0.12081679472216,,0.12081679472216,,13573,,0,1,0
0.117899118768289,,0.117899118768289,,13574,,0,1,0
0.117899408203023,,0.117899408203023,,13575,,0,1,0
0.114649620777762,,0.114649620777762,,13576,,0,1,0
0.114649420985224,,0.114649420985224,,13577,,0,1,0
0.111087763863438,,0.111087763863438,,13578,,0,1,0
0.111085698894444,,0.111085698894444,,13579,,0,1,0
0.107234966742312,,0.107234966742312,,13580,,0,1,0
0.107235159966525,,0.107235159966525,,13581,,0,1,0
0.10311984080481,,0.10311984080481,,13582,,0,1,0
0.103121654410756,,0.103121654410756,,13583,,0,1,0
0.0987671952267437,,0.0987671952267437,,13584,,0,1,0
0.0987663077738827,,0.0987663077738827,,13585,,0,1,0
0.0942006557827502,,0.0942006557827502,,13586,,0,1,0
0.094201354315278,,0.094201354315278,,13587,,0,1,0
0.0894530823099697,,0.0894530823099697,,13588,,0,1,0
0.0894530823099697,,0.0894530823099697,,13589,,0,1,0
0.0845520897440761,,0.0845520897440761,,13590,,0,1,0
0.0845519304240288,,0.0845519304240288,,13591,,0,1,0
0.0795298185736333,,0.0795298185736333,,13592,,0,1,0
0.0795295689710613,,0.0795295689710613,,13593,,0,1,0
0.0744175792190322,,0.0744175792190322,,13594,,0,1,0
0.0744181196018379,,0.0744181196018379,,13595,,0,1,0
0.0692485557997284,,0.0692485557997284,,13596,,0,1,0
0.0692481121606829,,0.0692481121606829,,13597,,0,1,0
0.0640539359956165,,0.0640539359956165,,13598,,0,1,0
0.0640540746653255,,0.0640540746653255,,13599,,0,1,0
0.0588676540042603,,0.0588676540042603,,13600,,0,1,0
0.0588671733858064,,0.0588671733858064,,13601,,0,1,0
0.0537218304334748,,0.0537218304334748,,13602,,0,1,0
0.0537215666766304,,0.0537215666766304,,13603,,0,1,0
0.048649539847951,,0.048649539847951,,13604,,0,1,0
0.0486496606983522,,0.0486496606983522,,13605,,0,1,0
0.0436830545832851,,0.0436830545832851,,13606,,0,1,0
0.0436832924238684,,0.0436832924238684,,13607,,0,1,0
0.0388537892506591,,0.0388537892506591,,13608,,0,1,0
0.0388539055588115,,0.0388539055588115,,13609,,0,1,0
0.0341914915358115,,0.0341914915358115,,13610,,0,1,0
0.0341914369823897,,0.0341914369823897,,13611,,0,1,0
0.0297259992267983,,0.0297259992267983,,13612,,0,1,0
0.0297260464599436,,0.0297260464599436,,13613,,0,1,0
0.0254857294549855,,0.0254857294549855,,13614,,0,1,0
0.0254855948865935,,0.0254855948865935,,13615,,0,1,0
0.0214974254325205,,0.0214974254325205,,13616,,0,1,0
0.0214974686895398,,0.0214974686895398,,13617,,0,1,0
0.0177864449286701,,0.0177864449286701,,13618,,0,1,0
0.0177864955172514,,0.0177864955172514,,13619,,0,1,0
0.0143759714719711,,0.0143759714719711,,13620,,0,1,0
0.0143760775935746,,0.0143760775935746,,13621,,0,1,0
0.0112881540846016,,0.0112881540846016,,13622,,0,1,0
0.0112880712431878,,0.0112880712431878,,13623,,0,1,0
0.00854173088026089,,0.00854173088026089,,13624,,0,1,0
0.00854170166572843,,0.00854170166572843,,13625,,0,1,0
0.00615475788211886,,0.00615475788211886,,13626,,0,1,0
0.00615486286444089,,0.00615486286444089,,13627,,0,1,0
0.00414197055055088,,0.00414197055055088,,13628,,0,1,0
0.00414188714181421,,0.00414188714181421,,13629,,0,1,0
0.00251623195623354,,0.00251623195623354,,13630,,0,1,0
0.00251621609996391,,0.00251621609996391,,13631,,0,1,0
0.00128785434255899,,0.00128785434255899,,13632,,0,1,0
0.00128787060210123,,0.00128787060210123,,13633,,0,1,0
0.000464603010054382,,0.000464603010054382,,13634,,0,1,0
0.000464603010054382,,0.000464603010054382,,13635,,0,1,0
0.130473332381742,,0.130473332381742,,13636,,0,1,0
0.130679911094818,,0.130679911094818,,13637,,0,1,0
0.130679911094818,,0.130679911094818,,13638,,0,1,0
0.130473332381742,,0.130473332381742,,13639,,0,1,0
0.130474458952932,,0.130474458952932,,13640,,0,1,0
0.129856368857986,,0.129856368857986,,13641,,0,1,0
0.129856277730811,,0.129856277730811,,13642,,0,1,0
0.128830397562796,,0.128830397562796,,13643,,0,1,0
0.128829399133366,,0.128829399133366,,13644,,0,1,0
0.127402324036099,,0.127402324036099,,13645,,0,1,0
0.127402745259191,,0.127402745259191,,13646,,0,1,0
0.125583374074267,,0.125583374074267,,13647,,0,1,0
0.125582388307295,,0.125582388307295,,13648,,0,1,0
0.123382263613438,,0.123382263613438,,13649,,0,1,0
0.123382367244418,,0.123382367244418,,13650,,0,1,0
0.120815520201534,,0.120815520201534,,13651,,0,1,0
0.120816897270089,,0.120816897270089,,13652,,0,1,0
0.117899118768289,,0.117899118768289,,13653,,0,1,0
0.117899408203023,,0.117899408203023,,13654,,0,1,0
0.114649720674096,,0.114649720674096,,13655,,0,1,0
0.114649335359904,,0.114649335359904,,13656,,0,1,0
0.111087960528153,,0.111087960528153,,13657,,0,1,0
0.111085502231731,,0.111085502231731,,13658,,0,1,0
0.107234966742312,,0.107234966742312,,13659,,0,1,0
0.107235256578697,,0.107235256578697,,13660,,0,1,0
0.103119664858813,,0.103119664858813,,13661,,0,1,0
0.103121843892895,,0.103121843892895,,13662,,0,1,0
0.0987673674195517,,0.0987673674195517,,13663,,0,1,0
0.0987662150551571,,0.0987662150551571,,13664,,0,1,0
0.0942005652324269,,0.0942005652324269,,13665,,0,1,0
0.0942014319301632,,0.0942014319301632,,13666,,0,1,0
0.0894530823099697,,0.0894530823099697,,13667,,0,1,0
0.0894529940709461,,0.0894529940709461,,13668,,0,1,0
0.0845520897440761,,0.0845520897440761,,13669,,0,1,0
0.0845519304240288,,0.0845519304240288,,13670,,0,1,0
0.0795298185736333,,0.0795298185736333,,13671,,0,1,0
0.0795295689710613,,0.0795295689710613,,13672,,0,1,0
0.0744174297517941,,0.0744174297517941,,13673,,0,1,0
0.0744182000845512,,0.0744182000845512,,13674,,0,1,0
0.0692485557997284,,0.0692485557997284,,13675,,0,1,0
0.0692481121606829,,0.0692481121606829,,13676,,0,1,0
0.0640539359956165,,0.0640539359956165,,13677,,0,1,0
0.0640541493336926,,0.0640541493336926,,13678,,0,1,0
0.0588677255859,,0.0588677255859,,13679,,0,1,0
0.0588671120304003,,0.0588671120304003,,13680,,0,1,0
0.0537218304334748,,0.0537218304334748,,13681,,0,1,0
0.0537215666766304,,0.0537215666766304,,13682,,0,1,0
0.048649539847951,,0.048649539847951,,13683,,0,1,0
0.0486496606983522,,0.0486496606983522,,13684,,0,1,0
0.0436830017299101,,0.0436830017299101,,13685,,0,1,0
0.0436832924238684,,0.0436832924238684,,13686,,0,1,0
0.0388537892506591,,0.0388537892506591,,13687,,0,1,0
0.0388539055588115,,0.0388539055588115,,13688,,0,1,0
0.0341914915358115,,0.0341914915358115,,13689,,0,1,0
0.0341913902223485,,0.0341913902223485,,13690,,0,1,0
0.0297259992267983,,0.0297259992267983,,13691,,0,1,0
0.0297260464599436,,0.0297260464599436,,13692,,0,1,0
0.0254857765540066,,0.0254857765540066,,13693,,0,1,0
0.0254855511519426,,0.0254855511519426,,13694,,0,1,0
0.0214974254325205,,0.0214974254325205,,13695,,0,1,0
0.0214974686895398,,0.0214974686895398,,13696,,0,1,0
0.0177864308762992,,0.0177864308762992,,13697,,0,1,0
0.0177865039486886,,0.0177865039486886,,13698,,0,1,0
0.0143759613651722,,0.0143759613651722,,13699,,0,1,0
0.0143760877004144,,0.0143760877004144,,13700,,0,1,0
0.0112881563235629,,0.0112881563235629,,13701,,0,1,0
0.0112880622873774,,0.0112880622873774,,13702,,0,1,0
0.00854173477553566,,0.00854173477553566,,13703,,0,1,0
0.00854169971809471,,0.00854169971809471,,13704,,0,1,0
0.00615475374897489,,0.00615475374897489,,13705,,0,1,0
0.00615486947753052,,0.00615486947753052,,13706,,0,1,0
0.0041419725849208,,0.0041419725849208,,13707,,0,1,0
0.00414188171688482,,0.00414188171688482,,13708,,0,1,0
0.00251623195623354,,0.00251623195623354,,13709,,0,1,0
0.00251621609996391,,0.00251621609996391,,13710,,0,1,0
0.00128785339723992,,0.00128785339723992,,13711,,0,1,0
0.00128787154742661,,0.00128787154742661,,13712,,0,1,0
0.000464603010054382,,0.000464603010054382,,13713,,0,1,0
0.000464603010054382,,0.000464603010054382,,13714,,0,1,0
0.17242259729781,,0.17242259729781,,13715,,0,1,0
0.171605886254371,,0.171605886254371,,13716,,0,1,0
0.171605432308304,,0.171605432308304,,13717,,0,1,0
0.170249774900817,,0.170249774900817,,13718,,0,1,0
0.170251513940485,,0.170251513940485,,13719,,0,1,0
0.168365693871893,,0.168365693871893,,13720,,0,1,0
0.168364863767694,,0.168364863767694,,13721,,0,1,0
0.165960572083357,,0.165960572083357,,13722,,0,1,0
0.165960572083357,,0.165960572083357,,13723,,0,1,0
0.163053060969547,,0.163053060969547,,13724,,0,1,0
0.163051801578895,,0.163051801578895,,13725,,0,1,0
0.159659514682049,,0.159659514682049,,13726,,0,1,0
0.159660424086105,,0.159660424086105,,13727,,0,1,0
0.155804800319864,,0.155804800319864,,13728,,0,1,0
0.155804800319864,,0.155804800319864,,13729,,0,1,0
0.151510247980042,,0.151510247980042,,13730,,0,1,0
0.151511035438972,,0.151511035438972,,13731,,0,1,0
0.146804603373285,,0.146804603373285,,13732,,0,1,0
0.146805378507226,,0.146805378507226,,13733,,0,1,0
0.141716572338851,,0.141716572338851,,13734,,0,1,0
0.141716572338851,,0.141716572338851,,13735,,0,1,0
0.13627760402848,,0.13627760402848,,13736,,0,1,0
0.13627623485357,,0.13627623485357,,13737,,0,1,0
0.130521870695192,,0.130521870695192,,13738,,0,1,0
0.130521779334806,,0.130521779334806,,13739,,0,1,0
0.124488118890316,,0.124488118890316,,13740,,0,1,0
0.124488222984674,,0.124488222984674,,13741,,0,1,0
0.118213407852075,,0.118213407852075,,13742,,0,1,0
0.118213697672331,,0.118213697672331,,13743,,0,1,0
0.111737014680813,,0.111737014680813,,13744,,0,1,0
0.111736831530859,,0.111736831530859,,13745,,0,1,0
0.105099933199313,,0.105099933199313,,13746,,0,1,0
0.105099291009339,,0.105099291009339,,13747,,0,1,0
0.0983434605100624,,0.0983434605100624,,13748,,0,1,0
0.098344081717137,,0.098344081717137,,13749,,0,1,0
0.0915125779575914,,0.0915125779575914,,13750,,0,1,0
0.0915126672066506,,0.0915126672066506,,13751,,0,1,0
0.0846484323144541,,0.0846484323144541,,13752,,0,1,0
0.0846483464778562,,0.0846483464778562,,13753,,0,1,0
0.077794534841928,,0.077794534841928,,13754,,0,1,0
0.077794617130174,,0.077794617130174,,13755,,0,1,0
0.0709949260295457,,0.0709949260295457,,13756,,0,1,0
0.0709953752292276,,0.0709953752292276,,13757,,0,1,0
0.0642924667490203,,0.0642924667490203,,13758,,0,1,0
0.0642918148596721,,0.0642918148596721,,13759,,0,1,0
0.0577282124398337,,0.0577282124398337,,13760,,0,1,0
0.0577280807954712,,0.0577280807954712,,13761,,0,1,0
0.0513458323790243,,0.0513458323790243,,13762,,0,1,0
0.0513456413728979,,0.0513456413728979,,13763,,0,1,0
0.0451842091279104,,0.0451842091279104,,13764,,0,1,0
0.0451845674877234,,0.0451845674877234,,13765,,0,1,0
0.0392834244175195,,0.0392834244175195,,13766,,0,1,0
0.0392834828922162,,0.0392834828922162,,13767,,0,1,0
0.0336798848356108,,0.0336798848356108,,13768,,0,1,0
0.0336801400852682,,0.0336801400852682,,13769,,0,1,0
0.0284096527990703,,0.0284096527990703,,13770,,0,1,0
0.0284095071688945,,0.0284095071688945,,13771,,0,1,0
0.023505282080738,,0.023505282080738,,13772,,0,1,0
0.0235054113152278,,0.0235054113152278,,13773,,0,1,0
0.0189982951629332,,0.0189982951629332,,13774,,0,1,0
0.0189981208848878,,0.0189981208848878,,13775,,0,1,0
0.0149173938390885,,0.0149173938390885,,13776,,0,1,0
0.01491738096989,,0.01491738096989,,13777,,0,1,0
0.0112880443757675,,0.0112880443757675,,13778,,0,1,0
0.0112880667652822,,0.0112880667652822,,13779,,0,1,0
0.00813365623993711,,0.00813365623993711,,13780,,0,1,0
0.00813365433939284,,0.00813365433939284,,13781,,0,1,0
0.00547362187874681,,0.00547362187874681,,13782,,0,1,0
0.00547365539933509,,0.00547365539933509,,13783,,0,1,0
0.00332529559896935,,0.00332529559896935,,13784,,0,1,0
0.00332529438376253,,0.00332529438376253,,13785,,0,1,0
0.00170195634343975,,0.00170195634343975,,13786,,0,1,0
0.00170195286592414,,0.00170195286592414,,13787,,0,1,0
0.000613984948051101,,0.000613984948051101,,13788,,0,1,0
0.000613983512077643,,0.000613983512077643,,13789,,0,1,0
0.172422247278526,,0.172422247278526,,13790,,0,1,0
0.172695160077893,,0.172695160077893,,13791,,0,1,0
0.172695160077893,,0.172695160077893,,13792,,0,1,0
0.172422247278526,,0.172422247278526,,13793,,0,1,0
0.17242259729781,,0.17242259729781,,13794,,0,1,0
0.171605886254371,,0.171605886254371,,13795,,0,1,0
0.171605432308304,,0.171605432308304,,13796,,0,1,0
0.17024967055872,,0.17024967055872,,13797,,0,1,0
0.170251653064042,,0.170251653064042,,13798,,0,1,0
0.168365693871893,,0.168365693871893,,13799,,0,1,0
0.168364863767694,,0.168364863767694,,13800,,0,1,0
0.165960572083357,,0.165960572083357,,13801,,0,1,0
0.165960572083357,,0.165960572083357,,13802,,0,1,0
0.163053163082516,,0.163053163082516,,13803,,0,1,0
0.163051665428846,,0.163051665428846,,13804,,0,1,0
0.159659514682049,,0.159659514682049,,13805,,0,1,0
0.159660424086105,,0.159660424086105,,13806,,0,1,0
0.155804800319864,,0.155804800319864,,13807,,0,1,0
0.155804800319864,,0.155804800319864,,13808,,0,1,0
0.151510247980042,,0.151510247980042,,13809,,0,1,0
0.151511133871482,,0.151511133871482,,13810,,0,1,0
0.146804506481686,,0.146804506481686,,13811,,0,1,0
0.146805572291031,,0.146805572291031,,13812,,0,1,0
0.141716572338851,,0.141716572338851,,13813,,0,1,0
0.141716572338851,,0.141716572338851,,13814,,0,1,0
0.136277821852396,,0.136277821852396,,13815,,0,1,0
0.136276048148433,,0.136276048148433,,13816,,0,1,0
0.130521870695192,,0.130521870695192,,13817,,0,1,0
0.130521779334806,,0.130521779334806,,13818,,0,1,0
0.124488118890316,,0.124488118890316,,13819,,0,1,0
0.124488327079075,,0.124488327079075,,13820,,0,1,0
0.118213407852075,,0.118213407852075,,13821,,0,1,0
0.118213697672331,,0.118213697672331,,13822,,0,1,0
0.111737113300081,,0.111737113300081,,13823,,0,1,0
0.111736732911716,,0.111736732911716,,13824,,0,1,0
0.105100028844796,,0.105100028844796,,13825,,0,1,0
0.105099209027781,,0.105099209027781,,13826,,0,1,0
0.0983432886871753,,0.0983432886871753,,13827,,0,1,0
0.0983441742375075,,0.0983441742375075,,13828,,0,1,0
0.0915125779575914,,0.0915125779575914,,13829,,0,1,0
0.0915126672066506,,0.0915126672066506,,13830,,0,1,0
0.0846484323144541,,0.0846484323144541,,13831,,0,1,0
0.0846483464778562,,0.0846483464778562,,13832,,0,1,0
0.077794534841928,,0.077794534841928,,13833,,0,1,0
0.077794617130174,,0.077794617130174,,13834,,0,1,0
0.0709948474197475,,0.0709948474197475,,13835,,0,1,0
0.070995453839318,,0.070995453839318,,13836,,0,1,0
0.0642926056766857,,0.0642926056766857,,13837,,0,1,0
0.0642917400529091,,0.0642917400529091,,13838,,0,1,0
0.0577282124398337,,0.0577282124398337,,13839,,0,1,0
0.0577280807954712,,0.0577280807954712,,13840,,0,1,0
0.0513458323790243,,0.0513458323790243,,13841,,0,1,0
0.0513456413728979,,0.0513456413728979,,13842,,0,1,0
0.0451841464150893,,0.0451841464150893,,13843,,0,1,0
0.0451846302008367,,0.0451846302008367,,13844,,0,1,0
0.0392834244175195,,0.0392834244175195,,13845,,0,1,0
0.0392834828922162,,0.0392834828922162,,13846,,0,1,0
0.0336798306918684,,0.0336798306918684,,13847,,0,1,0
0.0336801400852682,,0.0336801400852682,,13848,,0,1,0
0.0284096527990703,,0.0284096527990703,,13849,,0,1,0
0.0284095071688945,,0.0284095071688945,,13850,,0,1,0
0.0235052400796053,,0.0235052400796053,,13851,,0,1,0
0.0235054113152278,,0.0235054113152278,,13852,,0,1,0
0.0189983154954239,,0.0189983154954239,,13853,,0,1,0
0.0189981034571273,,0.0189981034571273,,13854,,0,1,0
0.0149173938390885,,0.0149173938390885,,13855,,0,1,0
0.01491738096989,,0.01491738096989,,13856,,0,1,0
0.0112880443757675,,0.0112880443757675,,13857,,0,1,0
0.0112880690042348,,0.0112880690042348,,13858,,0,1,0
0.00813365623993711,,0.00813365623993711,,13859,,0,1,0
0.00813365433939284,,0.00813365433939284,,13860,,0,1,0
0.00547362031965218,,0.00547362031965218,,13861,,0,1,0
0.00547365773798461,,0.00547365773798461,,13862,,0,1,0
0.00332529559896935,,0.00332529559896935,,13863,,0,1,0
0.00332529256095271,,0.00332529256095271,,13864,,0,1,0
0.00170195634343975,,0.00170195634343975,,13865,,0,1,0
0.00170195286592414,,0.00170195286592414,,13866,,0,1,0
0.000613984948051101,,0.000613984948051101,,13867,,0,1,0
0.000613983512077643,,0.000613983512077643,,13868,,0,1,0
0.219594135875269,,0.219594135875269,,13869,,0,1,0
0.218553854246084,,0.218553854246084,,13870,,0,1,0
0.218556336899638,,0.218556336899638,,13871,,0,1,0
0.216829818602323,,0.216829818602323,,13872,,0,1,0
0.216827581281109,,0.216827581281109,,13873,,0,1,0
0.214425662772129,,0.214425662772129,,13874,,0,1,0
0.214427107000718,,0.214427107000718,,13875,,0,1,0
0.211365066934377,,0.211365066934377,,13876,,0,1,0
0.211364291863703,,0.211364291863703,,13877,,0,1,0
0.207661364079373,,0.207661364079373,,13878,,0,1,0
0.207662017092957,,0.207662017092957,,13879,,0,1,0
0.203341605555638,,0.203341605555638,,13880,,0,1,0
0.203340959370742,,0.203340959370742,,13881,,0,1,0
0.198430358347553,,0.198430358347553,,13882,,0,1,0
0.198429982857052,,0.198429982857052,,13883,,0,1,0
0.192960361040734,,0.192960361040734,,13884,,0,1,0
0.192959398316377,,0.192959398316377,,13885,,0,1,0
0.186965265405689,,0.186965265405689,,13886,,0,1,0
0.186966613989911,,0.186966613989911,,13887,,0,1,0
0.180485857315269,,0.180485857315269,,13888,,0,1,0
0.180484782986269,,0.180484782986269,,13889,,0,1,0
0.173558068582624,,0.173558068582624,,13890,,0,1,0
0.173559332797213,,0.173559332797213,,13891,,0,1,0
0.166230798737274,,0.166230798737274,,13892,,0,1,0
0.166230798737274,,0.166230798737274,,13893,,0,1,0
0.158546331942633,,0.158546331942633,,13894,,0,1,0
0.158545862047534,,0.158545862047534,,13895,,0,1,0
0.150554179391735,,0.150554179391735,,13896,,0,1,0
0.150554048563523,,0.150554048563523,,13897,,0,1,0
0.142305568610546,,0.142305568610546,,13898,,0,1,0
0.142305250626151,,0.142305250626151,,13899,,0,1,0
0.133852719718108,,0.133852719718108,,13900,,0,1,0
0.13385333651077,,0.13385333651077,,13901,,0,1,0
0.125249122403959,,0.125249122403959,,13902,,0,1,0
0.125249331228083,,0.125249331228083,,13903,,0,1,0
0.116548887350735,,0.116548887350735,,13904,,0,1,0
0.116548599578494,,0.116548599578494,,13905,,0,1,0
0.107806371961516,,0.107806371961516,,13906,,0,1,0
0.107806371961516,,0.107806371961516,,13907,,0,1,0
0.0990774781762309,,0.0990774781762309,,13908,,0,1,0
0.0990777435040973,,0.0990777435040973,,13909,,0,1,0
0.0904176760282316,,0.0904176760282316,,13910,,0,1,0
0.0904173338478316,,0.0904173338478316,,13911,,0,1,0
0.0818808461694194,,0.0818808461694194,,13912,,0,1,0
0.0818817386302624,,0.0818817386302624,,13913,,0,1,0
0.0735224714997873,,0.0735224714997873,,13914,,0,1,0
0.0735219343786793,,0.0735219343786793,,13915,,0,1,0
0.0653934823028539,,0.0653934823028539,,13916,,0,1,0
0.0653936978601326,,0.0653936978601326,,13917,,0,1,0
0.0575464332794984,,0.0575464332794984,,13918,,0,1,0
0.0575463625057466,,0.0575463625057466,,13919,,0,1,0
0.0500308121813759,,0.0500308121813759,,13920,,0,1,0
0.0500309441626161,,0.0500309441626161,,13921,,0,1,0
0.0428942087291344,,0.0428942087291344,,13922,,0,1,0
0.0428938595698907,,0.0428938595698907,,13923,,0,1,0
0.0361815725949626,,0.0361815725949626,,13924,,0,1,0
0.0361814683747714,,0.0361814683747714,,13925,,0,1,0
0.029935522688299,,0.029935522688299,,13926,,0,1,0
0.0299356685324624,,0.0299356685324624,,13927,,0,1,0
0.0241956005188797,,0.0241956005188797,,13928,,0,1,0
0.024195554627497,,0.024195554627497,,13929,,0,1,0
0.0189984229673411,,0.0189984229673411,,13930,,0,1,0
0.0189985159162714,,0.0189985159162714,,13931,,0,1,0
0.0143762645706862,,0.0143762645706862,,13932,,0,1,0
0.0143762898379567,,0.0143762898379567,,13933,,0,1,0
0.0103588858920904,,0.0103588858920904,,13934,,0,1,0
0.0103588301267448,,0.0103588301267448,,13935,,0,1,0
0.00697106286340368,,0.00697106286340368,,13936,,0,1,0
0.00697110333152809,,0.00697110333152809,,13937,,0,1,0
0.00423501243464533,,0.00423501243464533,,13938,,0,1,0
0.00423502546290466,,0.00423502546290466,,13939,,0,1,0
0.00216757778732923,,0.00216757778732923,,13940,,0,1,0
0.00216756061775028,,0.00216756061775028,,13941,,0,1,0
0.000781953290465182,,0.000781953290465182,,13942,,0,1,0
0.000781954911000256,,0.000781954911000256,,13943,,0,1,0
0.219596110917799,,0.219596110917799,,13944,,0,1,0
0.21994350095598,,0.21994350095598,,13945,,0,1,0
0.21994350095598,,0.21994350095598,,13946,,0,1,0
0.219596110917799,,0.219596110917799,,13947,,0,1,0
0.219594135875269,,0.219594135875269,,13948,,0,1,0
0.218553696617763,,0.218553696617763,,13949,,0,1,0
0.218556336899638,,0.218556336899638,,13950,,0,1,0
0.216829975607753,,0.216829975607753,,13951,,0,1,0
0.216827463527681,,0.216827463527681,,13952,,0,1,0
0.214425662772129,,0.214425662772129,,13953,,0,1,0
0.214427107000718,,0.214427107000718,,13954,,0,1,0
0.211365183195101,,0.211365183195101,,13955,,0,1,0
0.211364136849738,,0.211364136849738,,13956,,0,1,0
0.207661364079373,,0.207661364079373,,13957,,0,1,0
0.207662017092957,,0.207662017092957,,13958,,0,1,0
0.203341757599292,,0.203341757599292,,13959,,0,1,0
0.203340959370742,,0.203340959370742,,13960,,0,1,0
0.198430470994772,,0.198430470994772,,13961,,0,1,0
0.198429982857052,,0.198429982857052,,13962,,0,1,0
0.192960509152387,,0.192960509152387,,13963,,0,1,0
0.192959250205151,,0.192959250205151,,13964,,0,1,0
0.186965010268681,,0.186965010268681,,13965,,0,1,0
0.186966869128014,,0.186966869128014,,13966,,0,1,0
0.180486072181452,,0.180486072181452,,13967,,0,1,0
0.180484639742645,,0.180484639742645,,13968,,0,1,0
0.173557822763655,,0.173557822763655,,13969,,0,1,0
0.173559578617251,,0.173559578617251,,13970,,0,1,0
0.166230798737274,,0.166230798737274,,13971,,0,1,0
0.166230798737274,,0.166230798737274,,13972,,0,1,0
0.158546331942633,,0.158546331942633,,13973,,0,1,0
0.158545761355818,,0.158545761355818,,13974,,0,1,0
0.150554277512931,,0.150554277512931,,13975,,0,1,0
0.150553950442401,,0.150553950442401,,13976,,0,1,0
0.142305695804403,,0.142305695804403,,13977,,0,1,0
0.142305155230902,,0.142305155230902,,13978,,0,1,0
0.133852503841013,,0.133852503841013,,13979,,0,1,0
0.133853459869473,,0.133853459869473,,13980,,0,1,0
0.125249122403959,,0.125249122403959,,13981,,0,1,0
0.125249331228083,,0.125249331228083,,13982,,0,1,0
0.116548988071104,,0.116548988071104,,13983,,0,1,0
0.116548498858293,,0.116548498858293,,13984,,0,1,0
0.107806371961516,,0.107806371961516,,13985,,0,1,0
0.107806371961516,,0.107806371961516,,13986,,0,1,0
0.0990773853115616,,0.0990773853115616,,13987,,0,1,0
0.0990777435040973,,0.0990777435040973,,13988,,0,1,0
0.0904177647417743,,0.0904177647417743,,13989,,0,1,0
0.0904172451345002,,0.0904172451345002,,13990,,0,1,0
0.081880604964621,,0.081880604964621,,13991,,0,1,0
0.0818818954144263,,0.0818818954144263,,13992,,0,1,0
0.0735225514967159,,0.0735225514967159,,13993,,0,1,0
0.0735217858136128,,0.0735217858136128,,13994,,0,1,0
0.0653934823028539,,0.0653934823028539,,13995,,0,1,0
0.0653937733052641,,0.0653937733052641,,13996,,0,1,0
0.0575464332794984,,0.0575464332794984,,13997,,0,1,0
0.0575463625057466,,0.0575463625057466,,13998,,0,1,0
0.0500308121813759,,0.0500308121813759,,13999,,0,1,0
0.0500309441626161,,0.0500309441626161,,14000,,0,1,0
0.0428942698321482,,0.0428942698321482,,14001,,0,1,0
0.0428937984671691,,0.0428937984671691,,14002,,0,1,0
0.0361815725949626,,0.0361815725949626,,14003,,0,1,0
0.0361814683747714,,0.0361814683747714,,14004,,0,1,0
0.029935522688299,,0.029935522688299,,14005,,0,1,0
0.0299356685324624,,0.0299356685324624,,14006,,0,1,0
0.0241956005188797,,0.0241956005188797,,14007,,0,1,0
0.024195554627497,,0.024195554627497,,14008,,0,1,0
0.0189984200626907,,0.0189984200626907,,14009,,0,1,0
0.0189985275349037,,0.0189985275349037,,14010,,0,1,0
0.0143762645706862,,0.0143762645706862,,14011,,0,1,0
0.0143762948914135,,0.0143762948914135,,14012,,0,1,0
0.0103588944713877,,0.0103588944713877,,14013,,0,1,0
0.0103588215474741,,0.0103588215474741,,14014,,0,1,0
0.00697106286340368,,0.00697106286340368,,14015,,0,1,0
0.00697110773024434,,0.00697110773024434,,14016,,0,1,0
0.00423501106325078,,0.00423501106325078,,14017,,0,1,0
0.00423502546290466,,0.00423502546290466,,14018,,0,1,0
0.00216757778732923,,0.00216757778732923,,14019,,0,1,0
0.00216756061775028,,0.00216756061775028,,14020,,0,1,0
0.000781953290465182,,0.000781953290465182,,14021,,0,1,0
0.000781954911000256,,0.000781954911000256,,14022,,0,1,0
0.271691951604176,,0.271691951604176,,14023,,0,1,0
0.270404798338888,,0.270404798338888,,14024,,0,1,0
0.270402913518383,,0.270402913518383,,14025,,0,1,0
0.26826682929962,,0.26826682929962,,14026,,0,1,0
0.26826905593788,,0.26826905593788,,14027,,0,1,0
0.265297427977096,,0.265297427977096,,14028,,0,1,0
0.26529464928479,,0.26529464928479,,14029,,0,1,0
0.261506076236884,,0.261506076236884,,14030,,0,1,0
0.261508835017167,,0.261508835017167,,14031,,0,1,0
0.2569276343462,,0.2569276343462,,14032,,0,1,0
0.256927207078236,,0.256927207078236,,14033,,0,1,0
0.251582023796004,,0.251582023796004,,14034,,0,1,0
0.251580924517391,,0.251580924517391,,14035,,0,1,0
0.245505395428161,,0.245505395428161,,14036,,0,1,0
0.245505813090972,,0.245505813090972,,14037,,0,1,0
0.238738841986674,,0.238738841986674,,14038,,0,1,0
0.238739542160518,,0.238739542160518,,14039,,0,1,0
0.231323114377233,,0.231323114377233,,14040,,0,1,0
0.231322019745919,,0.231322019745919,,14041,,0,1,0
0.223303743283099,,0.223303743283099,,14042,,0,1,0
0.223304699276314,,0.223304699276314,,14043,,0,1,0
0.214734604170445,,0.214734604170445,,14044,,0,1,0
0.214732885478952,,0.214732885478952,,14045,,0,1,0
0.205665542706612,,0.205665542706612,,14046,,0,1,0
0.205666192574585,,0.205666192574585,,14047,,0,1,0
0.196158906902497,,0.196158906902497,,14048,,0,1,0
0.196158682901348,,0.196158682901348,,14049,,0,1,0
0.186271136103365,,0.186271136103365,,14050,,0,1,0
0.186271754571267,,0.186271754571267,,14051,,0,1,0
0.176066661915975,,0.176066661915975,,14052,,0,1,0
0.176067475424306,,0.176067475424306,,14053,,0,1,0
0.165609667811061,,0.165609667811061,,14054,,0,1,0
0.165608741618898,,0.165608741618898,,14055,,0,1,0
0.154963014725837,,0.154963014725837,,14056,,0,1,0
0.154962450623815,,0.154962450623815,,14057,,0,1,0
0.144198039828581,,0.144198039828581,,14058,,0,1,0
0.144198039828581,,0.144198039828581,,14059,,0,1,0
0.133381997764566,,0.133381997764566,,14060,,0,1,0
0.133382213261912,,0.133382213261912,,14061,,0,1,0
0.122582408014937,,0.122582408014937,,14062,,0,1,0
0.1225824965531,,0.1225824965531,,14063,,0,1,0
0.111868188576587,,0.111868188576587,,14064,,0,1,0
0.111868287253725,,0.111868287253725,,14065,,0,1,0
0.101306342271912,,0.101306342271912,,14066,,0,1,0
0.101305993488037,,0.101305993488037,,14067,,0,1,0
0.0909638329821161,,0.0909638329821161,,14068,,0,1,0
0.0909644304272845,,0.0909644304272845,,14069,,0,1,0
0.0809076829044741,,0.0809076829044741,,14070,,0,1,0
0.0809078387533053,,0.0809078387533053,,14071,,0,1,0
0.071198930094063,,0.071198930094063,,14072,,0,1,0
0.0711982440837748,,0.0711982440837748,,14073,,0,1,0
0.0618996317455829,,0.0618996317455829,,14074,,0,1,0
0.0618996317455829,,0.0618996317455829,,14075,,0,1,0
0.0530699562358277,,0.0530699562358277,,14076,,0,1,0
0.0530701504226987,,0.0530701504226987,,14077,,0,1,0
0.0447654646879987,,0.0447654646879987,,14078,,0,1,0
0.0447658213834008,,0.0447658213834008,,14079,,0,1,0
0.0370380374127461,,0.0370380374127461,,14080,,0,1,0
0.0370378184086633,,0.0370378184086633,,14081,,0,1,0
0.0299359128222321,,0.0299359128222321,,14082,,0,1,0
0.0299358654226466,,0.0299358654226466,,14083,,0,1,0
0.0235057150176772,,0.0235057150176772,,14084,,0,1,0
0.0235057602501247,,0.0235057602501247,,14085,,0,1,0
0.0177869199020724,,0.0177869199020724,,14086,,0,1,0
0.0177869339546365,,0.0177869339546365,,14087,,0,1,0
0.0128164460522879,,0.0128164460522879,,14088,,0,1,0
0.0128164054951317,,0.0128164054951317,,14089,,0,1,0
0.00862491148770783,,0.00862491148770783,,14090,,0,1,0
0.00862489387384047,,0.00862489387384047,,14091,,0,1,0
0.00523970181113945,,0.00523970181113945,,14092,,0,1,0
0.00523967969262573,,0.00523967969262573,,14093,,0,1,0
0.00268178229695171,,0.00268178229695171,,14094,,0,1,0
0.00268179812092398,,0.00268179812092398,,14095,,0,1,0
0.00096746685468891,,0.00096746685468891,,14096,,0,1,0
0.000967465052145844,,0.000967465052145844,,14097,,0,1,0
0.271691512231229,,0.271691512231229,,14098,,0,1,0
0.272121608565429,,0.272121608565429,,14099,,0,1,0
0.272121608565429,,0.272121608565429,,14100,,0,1,0
0.271691512231229,,0.271691512231229,,14101,,0,1,0
0.271691951604176,,0.271691951604176,,14102,,0,1,0
0.270404973671361,,0.270404973671361,,14103,,0,1,0
0.270402913518383,,0.270402913518383,,14104,,0,1,0
0.268266698321186,,0.268266698321186,,14105,,0,1,0
0.268269186916889,,0.268269186916889,,14106,,0,1,0
0.265297558228655,,0.265297558228655,,14107,,0,1,0
0.265294519033946,,0.265294519033946,,14108,,0,1,0
0.261505946919415,,0.261505946919415,,14109,,0,1,0
0.26150896433535,,0.26150896433535,,14110,,0,1,0
0.2569276343462,,0.2569276343462,,14111,,0,1,0
0.256927207078236,,0.256927207078236,,14112,,0,1,0
0.251582023796004,,0.251582023796004,,14113,,0,1,0
0.251580755397818,,0.251580755397818,,14114,,0,1,0
0.245505395428161,,0.245505395428161,,14115,,0,1,0
0.245505938389885,,0.245505938389885,,14116,,0,1,0
0.238738841986674,,0.238738841986674,,14117,,0,1,0
0.238739665720715,,0.238739665720715,,14118,,0,1,0
0.231323236003094,,0.231323236003094,,14119,,0,1,0
0.231321857578537,,0.231321857578537,,14120,,0,1,0
0.223303623784091,,0.223303623784091,,14121,,0,1,0
0.223304978108054,,0.223304978108054,,14122,,0,1,0
0.214734877599271,,0.214734877599271,,14123,,0,1,0
0.214732651112463,,0.214732651112463,,14124,,0,1,0
0.205665428024135,,0.205665428024135,,14125,,0,1,0
0.205666307257275,,0.205666307257275,,14126,,0,1,0
0.196159056236667,,0.196159056236667,,14127,,0,1,0
0.196158682901348,,0.196158682901348,,14128,,0,1,0
0.186270990581654,,0.186270990581654,,14129,,0,1,0
0.186271863712768,,0.186271863712768,,14130,,0,1,0
0.176066520436457,,0.176066520436457,,14131,,0,1,0
0.176067723014171,,0.176067723014171,,14132,,0,1,0
0.165609805024935,,0.165609805024935,,14133,,0,1,0
0.16560853579877,,0.16560853579877,,14134,,0,1,0
0.154963114273359,,0.154963114273359,,14135,,0,1,0
0.154962351076506,,0.154962351076506,,14136,,0,1,0
0.144197911791821,,0.144197911791821,,14137,,0,1,0
0.144198135856188,,0.144198135856188,,14138,,0,1,0
0.133381874623304,,0.133381874623304,,14139,,0,1,0
0.133382213261912,,0.133382213261912,,14140,,0,1,0
0.122582304720453,,0.122582304720453,,14141,,0,1,0
0.1225824965531,,0.1225824965531,,14142,,0,1,0
0.111868089899492,,0.111868089899492,,14143,,0,1,0
0.111868287253725,,0.111868287253725,,14144,,0,1,0
0.101306436175365,,0.101306436175365,,14145,,0,1,0
0.101305899584789,,0.101305899584789,,14146,,0,1,0
0.0909636677316712,,0.0909636677316712,,14147,,0,1,0
0.0909646083900544,,0.0909646083900544,,14148,,0,1,0
0.0809076829044741,,0.0809076829044741,,14149,,0,1,0
0.0809078387533053,,0.0809078387533053,,14150,,0,1,0
0.0711990762934041,,0.0711990762934041,,14151,,0,1,0
0.0711980978852882,,0.0711980978852882,,14152,,0,1,0
0.0618995583437254,,0.0618995583437254,,14153,,0,1,0
0.0618996317455829,,0.0618996317455829,,14154,,0,1,0
0.0530699562358277,,0.0530699562358277,,14155,,0,1,0
0.0530702183881875,,0.0530702183881875,,14156,,0,1,0
0.0447654022664494,,0.0447654022664494,,14157,,0,1,0
0.0447659462271273,,0.0447659462271273,,14158,,0,1,0
0.0370380941916881,,0.0370380941916881,,14159,,0,1,0
0.0370377616299327,,0.0370377616299327,,14160,,0,1,0
0.0299359128222321,,0.0299359128222321,,14161,,0,1,0
0.0299358654226466,,0.0299358654226466,,14162,,0,1,0
0.0235057150176772,,0.0235057150176772,,14163,,0,1,0
0.0235057602501247,,0.0235057602501247,,14164,,0,1,0
0.0177869199020724,,0.0177869199020724,,14165,,0,1,0
0.0177869339546365,,0.0177869339546365,,14166,,0,1,0
0.0128164532094398,,0.0128164532094398,,14167,,0,1,0
0.0128164031094187,,0.0128164031094187,,14168,,0,1,0
0.00862491344480532,,0.00862491344480532,,14169,,0,1,0
0.00862488995965016,,0.00862488995965016,,14170,,0,1,0
0.00523970181113945,,0.00523970181113945,,14171,,0,1,0
0.00523967969262573,,0.00523967969262573,,14172,,0,1,0
0.00268178065999172,,0.00268178065999172,,14173,,0,1,0
0.00268179975788929,,0.00268179975788929,,14174,,0,1,0
0.00096746685468891,,0.00096746685468891,,14175,,0,1,0
0.000967465052145844,,0.000967465052145844,,14176,,0,1,0
0.328382347387775,,0.328382347387775,,14177,,0,1,0
0.326826769584132,,0.326826769584132,,14178,,0,1,0
0.326826576825498,,0.326826576825498,,14179,,0,1,0
0.324244538994442,,0.324244538994442,,14180,,0,1,0
0.324242619040611,,0.324242619040611,,14181,,0,1,0
0.320651032313821,,0.320651032313821,,14182,,0,1,0
0.320654230378985,,0.320654230378985,,14183,,0,1,0
0.316075160259432,,0.316075160259432,,14184,,0,1,0
0.316072601183537,,0.316072601183537,,14185,,0,1,0
0.310535353914831,,0.310535353914831,,14186,,0,1,0
0.310536152460628,,0.310536152460628,,14187,,0,1,0
0.304075857718836,,0.304075857718836,,14188,,0,1,0
0.304077066255559,,0.304077066255559,,14189,,0,1,0
0.296733871482502,,0.296733871482502,,14190,,0,1,0
0.296731713361796,,0.296731713361796,,14191,,0,1,0
0.288552438596533,,0.288552438596533,,14192,,0,1,0
0.288552438596533,,0.288552438596533,,14193,,0,1,0
0.279588641749926,,0.279588641749926,,14194,,0,1,0
0.279588641749926,,0.279588641749926,,14195,,0,1,0
0.269897186360602,,0.269897186360602,,14196,,0,1,0
0.269898062200305,,0.269898062200305,,14197,,0,1,0
0.25954023628117,,0.25954023628117,,14198,,0,1,0
0.25954036511169,,0.25954036511169,,14199,,0,1,0
0.248580903575446,,0.248580903575446,,14200,,0,1,0
0.248581029656634,,0.248581029656634,,14201,,0,1,0
0.23708994888193,,0.23708994888193,,14202,,0,1,0
0.237090195147125,,0.237090195147125,,14203,,0,1,0
0.225139300468989,,0.225139300468989,,14204,,0,1,0
0.225139540447373,,0.225139540447373,,14205,,0,1,0
0.212805036036407,,0.212805036036407,,14206,,0,1,0
0.212803752821673,,0.212803752821673,,14207,,0,1,0
0.200163636995912,,0.200163636995912,,14208,,0,1,0
0.200164768378686,,0.200164768378686,,14209,,0,1,0
0.187298185146069,,0.187298185146069,,14210,,0,1,0
0.18729720017136,,0.18729720017136,,14211,,0,1,0
0.174286209276147,,0.174286209276147,,14212,,0,1,0
0.174286314847949,,0.174286314847949,,14213,,0,1,0
0.161213167825951,,0.161213167825951,,14214,,0,1,0
0.161213641657215,,0.161213641657215,,14215,,0,1,0
0.148160423266297,,0.148160423266297,,14216,,0,1,0
0.148160423266297,,0.148160423266297,,14217,,0,1,0
0.135210311418676,,0.135210311418676,,14218,,0,1,0
0.135210621374826,,0.135210621374826,,14219,,0,1,0
0.122445094310864,,0.122445094310864,,14220,,0,1,0
0.122444799349227,,0.122444799349227,,14221,,0,1,0
0.109944293303174,,0.109944293303174,,14222,,0,1,0
0.109944111628402,,0.109944111628402,,14223,,0,1,0
0.0977888994871208,,0.0977888994871208,,14224,,0,1,0
0.0977890840048605,,0.0977890840048605,,14225,,0,1,0
0.0860546612856368,,0.0860546612856368,,14226,,0,1,0
0.0860549951088179,,0.0860549951088179,,14227,,0,1,0
0.0748160160934379,,0.0748160160934379,,14228,,0,1,0
0.0748159353958937,,0.0748159353958937,,14229,,0,1,0
0.0641438040839422,,0.0641438040839422,,14230,,0,1,0
0.0641437293633378,,0.0641437293633378,,14231,,0,1,0
0.0541060275856537,,0.0541060275856537,,14232,,0,1,0
0.0541060864075877,,0.0541060864075877,,14233,,0,1,0
0.0447659462271273,,0.0447659462271273,,14234,,0,1,0
0.0447656430355221,,0.0447656430355221,,14235,,0,1,0
0.0361819493922906,,0.0361819493922906,,14236,,0,1,0
0.0361821177491777,,0.0361821177491777,,14237,,0,1,0
0.0284103205714854,,0.0284103205714854,,14238,,0,1,0
0.0284103205714854,,0.0284103205714854,,14239,,0,1,0
0.0214981731671228,,0.0214981731671228,,14240,,0,1,0
0.0214981299093947,,0.0214981299093947,,14241,,0,1,0
0.0154905543541202,,0.0154905543541202,,14242,,0,1,0
0.0154906120562277,,0.0154906120562277,,14243,,0,1,0
0.0104245440013599,,0.0104245440013599,,14244,,0,1,0
0.0104245891852283,,0.0104245891852283,,14245,,0,1,0
0.00633303992851467,,0.00633303992851467,,14246,,0,1,0
0.00633301058049718,,0.00633301058049718,,14247,,0,1,0
0.00324137138313432,,0.00324137138313432,,14248,,0,1,0
0.00324137798189561,,0.00324137798189561,,14249,,0,1,0
0.00116933711601108,,0.00116933711601108,,14250,,0,1,0
0.00116933891755625,,0.00116933891755625,,14251,,0,1,0
0.328382202475154,,0.328382202475154,,14252,,0,1,0
0.328901871291414,,0.328901871291414,,14253,,0,1,0
0.328901871291414,,0.328901871291414,,14254,,0,1,0
0.328382202475154,,0.328382202475154,,14255,,0,1,0
0.328382347387775,,0.328382347387775,,14256,,0,1,0
0.326826769584132,,0.326826769584132,,14257,,0,1,0
0.326826576825498,,0.326826576825498,,14258,,0,1,0
0.324244682991209,,0.324244682991209,,14259,,0,1,0
0.32424242704554,,0.32424242704554,,14260,,0,1,0
0.320650745920704,,0.320650745920704,,14261,,0,1,0
0.320654564506116,,0.320654564506116,,14262,,0,1,0
0.316075444601838,,0.316075444601838,,14263,,0,1,0
0.316072269452235,,0.316072269452235,,14264,,0,1,0
0.310535212995092,,0.310535212995092,,14265,,0,1,0
0.310536293380581,,0.310536293380581,,14266,,0,1,0
0.304075532343974,,0.304075532343974,,14267,,0,1,0
0.304077252184499,,0.304077252184499,,14268,,0,1,0
0.296734192905406,,0.296734192905406,,14269,,0,1,0
0.29673143785759,,0.29673143785759,,14270,,0,1,0
0.288552438596533,,0.288552438596533,,14271,,0,1,0
0.288552438596533,,0.288552438596533,,14272,,0,1,0
0.279588641749926,,0.279588641749926,,14273,,0,1,0
0.279588641749926,,0.279588641749926,,14274,,0,1,0
0.269897054984769,,0.269897054984769,,14275,,0,1,0
0.269898237368416,,0.269898237368416,,14276,,0,1,0
0.25954023628117,,0.25954023628117,,14277,,0,1,0
0.25954036511169,,0.25954036511169,,14278,,0,1,0
0.248580903575446,,0.248580903575446,,14279,,0,1,0
0.248581029656634,,0.248581029656634,,14280,,0,1,0
0.23708994888193,,0.23708994888193,,14281,,0,1,0
0.237090195147125,,0.237090195147125,,14282,,0,1,0
0.225139140483471,,0.225139140483471,,14283,,0,1,0
0.225139820422315,,0.225139820422315,,14284,,0,1,0
0.212805424890121,,0.212805424890121,,14285,,0,1,0
0.212803363969487,,0.212803363969487,,14286,,0,1,0
0.200163373007058,,0.200163373007058,,14287,,0,1,0
0.200165145506988,,0.200165145506988,,14288,,0,1,0
0.187298440510306,,0.187298440510306,,14289,,0,1,0
0.187296835366569,,0.187296835366569,,14290,,0,1,0
0.174286209276147,,0.174286209276147,,14291,,0,1,0
0.174286314847949,,0.174286314847949,,14292,,0,1,0
0.16121306629077,,0.16121306629077,,14293,,0,1,0
0.161213743192576,,0.161213743192576,,14294,,0,1,0
0.148160520604323,,0.148160520604323,,14295,,0,1,0
0.148160325928304,,0.148160325928304,,14296,,0,1,0
0.135210311418676,,0.135210311418676,,14297,,0,1,0
0.13521071436174,,0.13521071436174,,14298,,0,1,0
0.122445094310864,,0.122445094310864,,14299,,0,1,0
0.122444696112737,,0.122444696112737,,14300,,0,1,0
0.109944391128114,,0.109944391128114,,14301,,0,1,0
0.109944013803586,,0.109944013803586,,14302,,0,1,0
0.0977888994871208,,0.0977888994871208,,14303,,0,1,0
0.0977891762637957,,0.0977891762637957,,14304,,0,1,0
0.0860545747389918,,0.0860545747389918,,14305,,0,1,0
0.0860549951088179,,0.0860549951088179,,14306,,0,1,0
0.0748160967910256,,0.0748160967910256,,14307,,0,1,0
0.0748159353958937,,0.0748159353958937,,14308,,0,1,0
0.0641438040839422,,0.0641438040839422,,14309,,0,1,0
0.0641437293633378,,0.0641437293633378,,14310,,0,1,0
0.0541060275856537,,0.0541060275856537,,14311,,0,1,0
0.0541060864075877,,0.0541060864075877,,14312,,0,1,0
0.0447660086490558,,0.0447660086490558,,14313,,0,1,0
0.0447656430355221,,0.0447656430355221,,14314,,0,1,0
0.0361819012903948,,0.0361819012903948,,14315,,0,1,0
0.0361821658512174,,0.0361821658512174,,14316,,0,1,0
0.0284103205714854,,0.0284103205714854,,14317,,0,1,0
0.0284102708434819,,0.0284102708434819,,14318,,0,1,0
0.0214982133350521,,0.0214982133350521,,14319,,0,1,0
0.0214981299093947,,0.0214981299093947,,14320,,0,1,0
0.0154905491084794,,0.0154905491084794,,14321,,0,1,0
0.0154906199247052,,0.0154906199247052,,14322,,0,1,0
0.0104245396981395,,0.0104245396981395,,14323,,0,1,0
0.0104245977916905,,0.0104245977916905,,14324,,0,1,0
0.00633303992851467,,0.00633303992851467,,14325,,0,1,0
0.00633300806495599,,0.00633300806495599,,14326,,0,1,0
0.00324137138313432,,0.00324137138313432,,14327,,0,1,0
0.00324137798189561,,0.00324137798189561,,14328,,0,1,0
0.00116933711601108,,0.00116933711601108,,14329,,0,1,0
0.00116933891755625,,0.00116933891755625,,14330,,0,1,0
0.38930854765522,,0.38930854765522,,14331,,0,1,0
0.387464242035252,,0.387464242035252,,14332,,0,1,0
0.387464399445214,,0.387464399445214,,14333,,0,1,0
0.384403492591623,,0.384403492591623,,14334,,0,1,0
0.384403649378628,,0.384403649378628,,14335,,0,1,0
0.380145413307702,,0.380145413307702,,14336,,0,1,0
0.380144893587222,,0.380144893587222,,14337,,0,1,0
0.374716496224899,,0.374716496224899,,14338,,0,1,0
0.374717734616816,,0.374717734616816,,14339,,0,1,0
0.368153021202033,,0.368153021202033,,14340,,0,1,0
0.368152714327785,,0.368152714327785,,14341,,0,1,0
0.360493547960461,,0.360493547960461,,14342,,0,1,0
0.360492687576091,,0.360492687576091,,14343,,0,1,0
0.35178753135523,,0.35178753135523,,14344,,0,1,0
0.351787831331338,,0.351787831331338,,14345,,0,1,0
0.342090867876694,,0.342090867876694,,14346,,0,1,0
0.342092839965462,,0.342092839965462,,14347,,0,1,0
0.331466339487337,,0.331466339487337,,14348,,0,1,0
0.331465708591061,,0.331465708591061,,14349,,0,1,0
0.319975691303343,,0.319975691303343,,14350,,0,1,0
0.319975023757026,,0.319975023757026,,14351,,0,1,0
0.307695157994317,,0.307695157994317,,14352,,0,1,0
0.307695485300032,,0.307695485300032,,14353,,0,1,0
0.294702661185624,,0.294702661185624,,14354,,0,1,0
0.294700693503858,,0.294700693503858,,14355,,0,1,0
0.281077381640849,,0.281077381640849,,14356,,0,1,0
0.281078275436819,,0.281078275436819,,14357,,0,1,0
0.266910258445352,,0.266910258445352,,14358,,0,1,0
0.266910084249561,,0.266910084249561,,14359,,0,1,0
0.252287324906497,,0.252287324906497,,14360,,0,1,0
0.252288044673692,,0.252288044673692,,14361,,0,1,0
0.23730248225448,,0.23730248225448,,14362,,0,1,0
0.237302646504832,,0.237302646504832,,14363,,0,1,0
0.222049018396222,,0.222049018396222,,14364,,0,1,0
0.222049415605811,,0.222049415605811,,14365,,0,1,0
0.206624447772656,,0.206624447772656,,14366,,0,1,0
0.206624447772656,,0.206624447772656,,14367,,0,1,0
0.191125567411776,,0.191125567411776,,14368,,0,1,0
0.191125198897526,,0.191125198897526,,14369,,0,1,0
0.175649968530145,,0.175649968530145,,14370,,0,1,0
0.175649862546139,,0.175649862546139,,14371,,0,1,0
0.160297001137197,,0.160297001137197,,14372,,0,1,0
0.160297237378593,,0.160297237378593,,14373,,0,1,0
0.145163158173604,,0.145163158173604,,14374,,0,1,0
0.145163061825208,,0.145163061825208,,14375,,0,1,0
0.13034332221298,,0.13034332221298,,14376,,0,1,0
0.130343200482486,,0.130343200482486,,14377,,0,1,0
0.115932777230406,,0.115932777230406,,14378,,0,1,0
0.115932777230406,,0.115932777230406,,14379,,0,1,0
0.102020955605468,,0.102020955605468,,14380,,0,1,0
0.102020780599457,,0.102020780599457,,14381,,0,1,0
0.088696639253389,,0.088696639253389,,14382,,0,1,0
0.0886968024316275,,0.0886968024316275,,14383,,0,1,0
0.0760446131110482,,0.0760446131110482,,14384,,0,1,0
0.0760448571836196,,0.0760448571836196,,14385,,0,1,0
0.0641448074791313,,0.0641448074791313,,14386,,0,1,0
0.0641447327579425,,0.0641447327579425,,14387,,0,1,0
0.0530717136399517,,0.0530717136399517,,14388,,0,1,0
0.0530717816064414,,0.0530717816064414,,14389,,0,1,0
0.0428953260482641,,0.0428953260482641,,14390,,0,1,0
0.0428953260482641,,0.0428953260482641,,14391,,0,1,0
0.0336815942532827,,0.0336815942532827,,14392,,0,1,0
0.0336814936981011,,0.0336814936981011,,14393,,0,1,0
0.0254869035792781,,0.0254869035792781,,14394,,0,1,0
0.0254869506793841,,0.0254869506793841,,14395,,0,1,0
0.0183647276395736,,0.0183647276395736,,14396,,0,1,0
0.0183647733323565,,0.0183647733323565,,14397,,0,1,0
0.0123587348145576,,0.0123587348145576,,14398,,0,1,0
0.0123586739036697,,0.0123586739036697,,14399,,0,1,0
0.00750801083683683,,0.00750801083683683,,14400,,0,1,0
0.00750806744252419,,0.00750806744252419,,14401,,0,1,0
0.00384279157499637,,0.00384279157499637,,14402,,0,1,0
0.00384276740761635,,0.00384276740761635,,14403,,0,1,0
0.00138628923679285,,0.00138628923679285,,14404,,0,1,0
0.00138629551379843,,0.00138629551379843,,14405,,0,1,0
0.389309389171048,,0.389309389171048,,14406,,0,1,0
0.389925412208855,,0.389925412208855,,14407,,0,1,0
0.389925412208855,,0.389925412208855,,14408,,0,1,0
0.389309389171048,,0.389309389171048,,14409,,0,1,0
0.38930854765522,,0.38930854765522,,14410,,0,1,0
0.387464242035252,,0.387464242035252,,14411,,0,1,0
0.387464399445214,,0.387464399445214,,14412,,0,1,0
0.384403492591623,,0.384403492591623,,14413,,0,1,0
0.384403649378628,,0.384403649378628,,14414,,0,1,0
0.380145413307702,,0.380145413307702,,14415,,0,1,0
0.380144737671147,,0.380144737671147,,14416,,0,1,0
0.374716341426053,,0.374716341426053,,14417,,0,1,0
0.374718095814844,,0.374718095814844,,14418,,0,1,0
0.368153021202033,,0.368153021202033,,14419,,0,1,0
0.368152714327785,,0.368152714327785,,14420,,0,1,0
0.360493547960461,,0.360493547960461,,14421,,0,1,0
0.360492687576091,,0.360492687576091,,14422,,0,1,0
0.35178753135523,,0.35178753135523,,14423,,0,1,0
0.351787831331338,,0.351787831331338,,14424,,0,1,0
0.342090522761744,,0.342090522761744,,14425,,0,1,0
0.342093382290869,,0.342093382290869,,14426,,0,1,0
0.331466339487337,,0.331466339487337,,14427,,0,1,0
0.331465562999698,,0.331465562999698,,14428,,0,1,0
0.319975834349073,,0.319975834349073,,14429,,0,1,0
0.319974880711477,,0.319974880711477,,14430,,0,1,0
0.307695157994317,,0.307695157994317,,14431,,0,1,0
0.307695485300032,,0.307695485300032,,14432,,0,1,0
0.294702981506534,,0.294702981506534,,14433,,0,1,0
0.294700235904388,,0.294700235904388,,14434,,0,1,0
0.281077068812595,,0.281077068812595,,14435,,0,1,0
0.281078409506337,,0.281078409506337,,14436,,0,1,0
0.266910258445352,,0.266910258445352,,14437,,0,1,0
0.266909953602756,,0.266909953602756,,14438,,0,1,0
0.252287197888863,,0.252287197888863,,14439,,0,1,0
0.252288341048718,,0.252288341048718,,14440,,0,1,0
0.23730248225448,,0.23730248225448,,14441,,0,1,0
0.237302646504832,,0.237302646504832,,14442,,0,1,0
0.222049018396222,,0.222049018396222,,14443,,0,1,0
0.222049415605811,,0.222049415605811,,14444,,0,1,0
0.206624447772656,,0.206624447772656,,14445,,0,1,0
0.206624447772656,,0.206624447772656,,14446,,0,1,0
0.19112567796612,,0.19112567796612,,14447,,0,1,0
0.191125051491925,,0.191125051491925,,14448,,0,1,0
0.175650074514182,,0.175650074514182,,14449,,0,1,0
0.175649862546139,,0.175649862546139,,14450,,0,1,0
0.160297001137197,,0.160297001137197,,14451,,0,1,0
0.160297237378593,,0.160297237378593,,14452,,0,1,0
0.145163286638182,,0.145163286638182,,14453,,0,1,0
0.145162965476844,,0.145162965476844,,14454,,0,1,0
0.13034332221298,,0.13034332221298,,14455,,0,1,0
0.130343200482486,,0.130343200482486,,14456,,0,1,0
0.115932777230406,,0.115932777230406,,14457,,0,1,0
0.115932676776652,,0.115932676776652,,14458,,0,1,0
0.102021049839536,,0.102021049839536,,14459,,0,1,0
0.102020686365513,,0.102020686365513,,14460,,0,1,0
0.088696639253389,,0.088696639253389,,14461,,0,1,0
0.0886968024316275,,0.0886968024316275,,14462,,0,1,0
0.0760446131110482,,0.0760446131110482,,14463,,0,1,0
0.076044926918712,,0.076044926918712,,14464,,0,1,0
0.0641448822003636,,0.0641448822003636,,14465,,0,1,0
0.0641446687112439,,0.0641446687112439,,14466,,0,1,0
0.0530716456735054,,0.0530716456735054,,14467,,0,1,0
0.0530717816064414,,0.0530717816064414,,14468,,0,1,0
0.0428953260482641,,0.0428953260482641,,14469,,0,1,0
0.0428953784229553,,0.0428953784229553,,14470,,0,1,0
0.0336815942532827,,0.0336815942532827,,14471,,0,1,0
0.0336814395530656,,0.0336814395530656,,14472,,0,1,0
0.0254869035792781,,0.0254869035792781,,14473,,0,1,0
0.0254869506793841,,0.0254869506793841,,14474,,0,1,0
0.0183647219279798,,0.0183647219279798,,14475,,0,1,0
0.0183647818997597,,0.0183647818997597,,14476,,0,1,0
0.0123587395000168,,0.0123587395000168,,14477,,0,1,0
0.0123586668755,,0.0123586668755,,14478,,0,1,0
0.00750800627187134,,0.00750800627187134,,14479,,0,1,0
0.00750807200750828,,0.00750807200750828,,14480,,0,1,0
0.00384279157499637,,0.00384279157499637,,14481,,0,1,0
0.00384276740761635,,0.00384276740761635,,14482,,0,1,0
0.00138628923679285,,0.00138628923679285,,14483,,0,1,0
0.00138629551379843,,0.00138629551379843,,14484,,0,1,0
0.454086786200181,,0.454086786200181,,14485,,0,1,0
0.451935574136833,,0.451935574136833,,14486,,0,1,0
0.451935574136833,,0.451935574136833,,14487,,0,1,0
0.448365465782928,,0.448365465782928,,14488,,0,1,0
0.448366594646473,,0.448366594646473,,14489,,0,1,0
0.443399989054065,,0.443399989054065,,14490,,0,1,0
0.443397912256545,,0.443397912256545,,14491,,0,1,0
0.437065912903948,,0.437065912903948,,14492,,0,1,0
0.437066693087518,,0.437066693087518,,14493,,0,1,0
0.429409806274991,,0.429409806274991,,14494,,0,1,0
0.429409585326512,,0.429409585326512,,14495,,0,1,0
0.420475870031398,,0.420475870031398,,14496,,0,1,0
0.420474940820441,,0.420474940820441,,14497,,0,1,0
0.410320872910718,,0.410320872910718,,14498,,0,1,0
0.410322870743613,,0.410322870743613,,14499,,0,1,0
0.399012462495508,,0.399012462495508,,14500,,0,1,0
0.399009959929685,,0.399009959929685,,14501,,0,1,0
0.386614851749023,,0.386614851749023,,14502,,0,1,0
0.386616581361439,,0.386616581361439,,14503,,0,1,0
0.373215318586517,,0.373215318586517,,14504,,0,1,0
0.373214134175813,,0.373214134175813,,14505,,0,1,0
0.358890715759408,,0.358890715759408,,14506,,0,1,0
0.358891372236785,,0.358891372236785,,14507,,0,1,0
0.343737218483177,,0.343737218483177,,14508,,0,1,0
0.343738404579604,,0.343738404579604,,14509,,0,1,0
0.327848175296623,,0.327848175296623,,14510,,0,1,0
0.327847547853112,,0.327847547853112,,14511,,0,1,0
0.311321901740486,,0.311321901740486,,14512,,0,1,0
0.311321243282991,,0.311321243282991,,14513,,0,1,0
0.294265082453371,,0.294265082453371,,14514,,0,1,0
0.294264945274991,,0.294264945274991,,14515,,0,1,0
0.276785840447859,,0.276785840447859,,14516,,0,1,0
0.276785574364213,,0.276785574364213,,14517,,0,1,0
0.258993853374678,,0.258993853374678,,14518,,0,1,0
0.258994711340891,,0.258994711340891,,14519,,0,1,0
0.241003605907288,,0.241003605907288,,14520,,0,1,0
0.241003605907288,,0.241003605907288,,14521,,0,1,0
0.222926087012532,,0.222926087012532,,14522,,0,1,0
0.222926485005814,,0.222926485005814,,14523,,0,1,0
0.204876558972389,,0.204876558972389,,14524,,0,1,0
0.204876673434711,,0.204876673434711,,14525,,0,1,0
0.186969165378772,,0.186969165378772,,14526,,0,1,0
0.186968327063369,,0.186968327063369,,14527,,0,1,0
0.169316014300939,,0.169316014300939,,14528,,0,1,0
0.16931660394974,,0.16931660394974,,14529,,0,1,0
0.152031138971786,,0.152031138971786,,14530,,0,1,0
0.152031664845829,,0.152031664845829,,14531,,0,1,0
0.13522351586545,,0.13522351586545,,14532,,0,1,0
0.135223081906249,,0.135223081906249,,14533,,0,1,0
0.118996562777085,,0.118996562777085,,14534,,0,1,0
0.118996766322131,,0.118996766322131,,14535,,0,1,0
0.103455629342079,,0.103455629342079,,14536,,0,1,0
0.103455724236419,,0.103455724236419,,14537,,0,1,0
0.088698321251663,,0.088698321251663,,14538,,0,1,0
0.0886978944744716,,0.0886978944744716,,14539,,0,1,0
0.0748177914504211,,0.0748177914504211,,14540,,0,1,0
0.0748177914504211,,0.0748177914504211,,14541,,0,1,0
0.0619023057000607,,0.0619023057000607,,14542,,0,1,0
0.061902452507077,,0.061902452507077,,14543,,0,1,0
0.0500327730634353,,0.0500327730634353,,14544,,0,1,0
0.0500327730634353,,0.0500327730634353,,14545,,0,1,0
0.0392858970998238,,0.0392858970998238,,14546,,0,1,0
0.0392859472225671,,0.0392859472225671,,14547,,0,1,0
0.0297278522475618,,0.0297278522475618,,14548,,0,1,0
0.0297278994821792,,0.0297278994821792,,14549,,0,1,0
0.0214205678603197,,0.0214205678603197,,14550,,0,1,0
0.0214204444902055,,0.0214204444902055,,14551,,0,1,0
0.0144150734430771,,0.0144150734430771,,14552,,0,1,0
0.0144150886238857,,0.0144150886238857,,14553,,0,1,0
0.00875730053358403,,0.00875730053358403,,14554,,0,1,0
0.00875728475710702,,0.00875728475710702,,14555,,0,1,0
0.00448216849197272,,0.00448216849197272,,14556,,0,1,0
0.00448218118958368,,0.00448218118958368,,14557,,0,1,0
0.0016169596053936,,0.0016169596053936,,14558,,0,1,0
0.00161695282625946,,0.00161695282625946,,14559,,0,1,0
0.454086558991735,,0.454086558991735,,14560,,0,1,0
0.454805219327746,,0.454805219327746,,14561,,0,1,0
0.454805219327746,,0.454805219327746,,14562,,0,1,0
0.454086558991735,,0.454086558991735,,14563,,0,1,0
0.454086786200181,,0.454086786200181,,14564,,0,1,0
0.451935574136833,,0.451935574136833,,14565,,0,1,0
0.451935574136833,,0.451935574136833,,14566,,0,1,0
0.448365465782928,,0.448365465782928,,14567,,0,1,0
0.448366820419352,,0.448366820419352,,14568,,0,1,0
0.443399989054065,,0.443399989054065,,14569,,0,1,0
0.44339774386777,,0.44339774386777,,14570,,0,1,0
0.437065912903948,,0.437065912903948,,14571,,0,1,0
0.437066693087518,,0.437066693087518,,14572,,0,1,0
0.429409806274991,,0.429409806274991,,14573,,0,1,0
0.42940941961519,,0.42940941961519,,14574,,0,1,0
0.420475870031398,,0.420475870031398,,14575,,0,1,0
0.420474558204463,,0.420474558204463,,14576,,0,1,0
0.41032049494288,,0.41032049494288,,14577,,0,1,0
0.410323032730277,,0.410323032730277,,14578,,0,1,0
0.399012835218748,,0.399012835218748,,14579,,0,1,0
0.399009427469885,,0.399009427469885,,14580,,0,1,0
0.386614484862038,,0.386614484862038,,14581,,0,1,0
0.386616948249419,,0.386616948249419,,14582,,0,1,0
0.373215679059713,,0.373215679059713,,14583,,0,1,0
0.373213773703363,,0.373213773703363,,14584,,0,1,0
0.35889051376649,,0.35889051376649,,14585,,0,1,0
0.35889152373165,,0.35889152373165,,14586,,0,1,0
0.34373692195939,,0.34373692195939,,14587,,0,1,0
0.34373870110403,,0.34373870110403,,14588,,0,1,0
0.32784851315107,,0.32784851315107,,14589,,0,1,0
0.327847354793692,,0.327847354793692,,14590,,0,1,0
0.311322183936769,,0.311322183936769,,14591,,0,1,0
0.311321102185047,,0.311321102185047,,14592,,0,1,0
0.294265219631784,,0.294265219631784,,14593,,0,1,0
0.294264762370533,,0.294264762370533,,14594,,0,1,0
0.276786150878941,,0.276786150878941,,14595,,0,1,0
0.276785263933455,,0.276785263933455,,14596,,0,1,0
0.258993381493866,,0.258993381493866,,14597,,0,1,0
0.258995140324531,,0.258995140324531,,14598,,0,1,0
0.241003605907288,,0.241003605907288,,14599,,0,1,0
0.241003605907288,,0.241003605907288,,14600,,0,1,0
0.222926087012532,,0.222926087012532,,14601,,0,1,0
0.222926604403868,,0.222926604403868,,14602,,0,1,0
0.204876406356009,,0.204876406356009,,14603,,0,1,0
0.204876826051191,,0.204876826051191,,14604,,0,1,0
0.186969566312889,,0.186969566312889,,14605,,0,1,0
0.186967962578997,,0.186967962578997,,14606,,0,1,0
0.169315806189843,,0.169315806189843,,14607,,0,1,0
0.169316846746604,,0.169316846746604,,14608,,0,1,0
0.152031007503417,,0.152031007503417,,14609,,0,1,0
0.152031796314482,,0.152031796314482,,14610,,0,1,0
0.135223608856798,,0.135223608856798,,14611,,0,1,0
0.135222988915082,,0.135222988915082,,14612,,0,1,0
0.118996475543547,,0.118996475543547,,14613,,0,1,0
0.118996853555775,,0.118996853555775,,14614,,0,1,0
0.103455629342079,,0.103455629342079,,14615,,0,1,0
0.103455724236419,,0.103455724236419,,14616,,0,1,0
0.0886983965653916,,0.0886983965653916,,14617,,0,1,0
0.0886978066087067,,0.0886978066087067,,14618,,0,1,0
0.0748177914504211,,0.0748177914504211,,14619,,0,1,0
0.0748177914504211,,0.0748177914504211,,14620,,0,1,0
0.0619022322966178,,0.0619022322966178,,14621,,0,1,0
0.061902515424423,,0.061902515424423,,14622,,0,1,0
0.0500328390553268,,0.0500328390553268,,14623,,0,1,0
0.0500327730634353,,0.0500327730634353,,14624,,0,1,0
0.0392858970998238,,0.0392858970998238,,14625,,0,1,0
0.0392859472225671,,0.0392859472225671,,14626,,0,1,0
0.0297278522475618,,0.0297278522475618,,14627,,0,1,0
0.0297279503502708,,0.0297279503502708,,14628,,0,1,0
0.0214205678603197,,0.0214205678603197,,14629,,0,1,0
0.0214204444902055,,0.0214204444902055,,14630,,0,1,0
0.0144150734430771,,0.0144150734430771,,14631,,0,1,0
0.0144150886238857,,0.0144150886238857,,14632,,0,1,0
0.00875730053358403,,0.00875730053358403,,14633,,0,1,0
0.00875728278504839,,0.00875728278504839,,14634,,0,1,0
0.00448216637570598,,0.00448216637570598,,14635,,0,1,0
0.00448218330585393,,0.00448218330585393,,14636,,0,1,0
0.0016169596053936,,0.0016169596053936,,14637,,0,1,0
0.00161695282625946,,0.00161695282625946,,14638,,0,1,0
0.522306405248656,,0.522306405248656,,14639,,0,1,0
0.519832103757636,,0.519832103757636,,14640,,0,1,0
0.519832468409113,,0.519832468409113,,14641,,0,1,0
0.515726004010986,,0.515726004010986,,14642,,0,1,0
0.515724551178465,,0.515724551178465,,14643,,0,1,0
0.510011583050307,,0.510011583050307,,14644,,0,1,0
0.510011583050307,,0.510011583050307,,14645,,0,1,0
0.502728359374032,,0.502728359374032,,14646,,0,1,0
0.502727761703746,,0.502727761703746,,14647,,0,1,0
0.493920383275936,,0.493920383275936,,14648,,0,1,0
0.493921212652568,,0.493921212652568,,14649,,0,1,0
0.483645742671143,,0.483645742671143,,14650,,0,1,0
0.483646739241424,,0.483646739241424,,14651,,0,1,0
0.471966966155179,,0.471966966155179,,14652,,0,1,0
0.47196557632472,,0.47196557632472,,14653,,0,1,0
0.458956124526539,,0.458956124526539,,14654,,0,1,0
0.458957323750411,,0.458957323750411,,14655,,0,1,0
0.444699950772874,,0.444699950772874,,14656,,0,1,0
0.444698826534607,,0.444698826534607,,14657,,0,1,0
0.429284537608511,,0.429284537608511,,14658,,0,1,0
0.429285421274075,,0.429285421274075,,14659,,0,1,0
0.41281026230857,,0.41281026230857,,14660,,0,1,0
0.412811128852441,,0.412811128852441,,14661,,0,1,0
0.395380113697856,,0.395380113697856,,14662,,0,1,0
0.395379424655886,,0.395379424655886,,14663,,0,1,0
0.377101809093602,,0.377101809093602,,14664,,0,1,0
0.377102016148001,,0.377102016148001,,14665,,0,1,0
0.358093892374718,,0.358093892374718,,14666,,0,1,0
0.358094901218358,,0.358094901218358,,14667,,0,1,0
0.338476707270985,,0.338476707270985,,14668,,0,1,0
0.338476707270985,,0.338476707270985,,14669,,0,1,0
0.318372017563007,,0.318372017563007,,14670,,0,1,0
0.318371018756183,,0.318371018756183,,14671,,0,1,0
0.297905555899234,,0.297905555899234,,14672,,0,1,0
0.297905095818301,,0.297905095818301,,14673,,0,1,0
0.277211027990676,,0.277211027990676,,14674,,0,1,0
0.277211161134694,,0.277211161134694,,14675,,0,1,0
0.256417644061047,,0.256417644061047,,14676,,0,1,0
0.256417345270421,,0.256417345270421,,14677,,0,1,0
0.235655537401984,,0.235655537401984,,14678,,0,1,0
0.23565541464248,,0.23565541464248,,14679,,0,1,0
0.215058074910537,,0.215058074910537,,14680,,0,1,0
0.215058739452234,,0.215058739452234,,14681,,0,1,0
0.194754403732532,,0.194754403732532,,14682,,0,1,0
0.194754292133625,,0.194754292133625,,14683,,0,1,0
0.17487177914149,,0.17487177914149,,14684,,0,1,0
0.17487128564656,,0.17487128564656,,14685,,0,1,0
0.155537969341468,,0.155537969341468,,14686,,0,1,0
0.155537969341468,,0.155537969341468,,14687,,0,1,0
0.136873629060574,,0.136873629060574,,14688,,0,1,0
0.136873816174621,,0.136873816174621,,14689,,0,1,0
0.118997929440017,,0.118997929440017,,14690,,0,1,0
0.118997536887095,,0.118997536887095,,14691,,0,1,0
0.102023136462195,,0.102023136462195,,14692,,0,1,0
0.102023486478409,,0.102023486478409,,14693,,0,1,0
0.0860582220996164,,0.0860582220996164,,14694,,0,1,0
0.0860582220996164,,0.0860582220996164,,14695,,0,1,0
0.0712022477314389,,0.0712022477314389,,14696,,0,1,0
0.0712021690069449,,0.0712021690069449,,14697,,0,1,0
0.0575492844868326,,0.0575492844868326,,14698,,0,1,0
0.0575492137113276,,0.0575492137113276,,14699,,0,1,0
0.0451878196679911,,0.0451878196679911,,14700,,0,1,0
0.0451878196679911,,0.0451878196679911,,14701,,0,1,0
0.0341937906124361,,0.0341937906124361,,14702,,0,1,0
0.0341937438507856,,0.0341937438507856,,14703,,0,1,0
0.0246384479091017,,0.0246384479091017,,14704,,0,1,0
0.0246385802220535,,0.0246385802220535,,14705,,0,1,0
0.0165807663348573,,0.0165807663348573,,14706,,0,1,0
0.0165807012097839,,0.0165807012097839,,14707,,0,1,0
0.0100729230987611,,0.0100729230987611,,14708,,0,1,0
0.010072959054,,0.010072959054,,14709,,0,1,0
0.00515555945705526,,0.00515555945705526,,14710,,0,1,0
0.00515556323985281,,0.00515556323985281,,14711,,0,1,0
0.00185988517384695,,0.00185988517384695,,14712,,0,1,0
0.00185987903931276,,0.00185987903931276,,14713,,0,1,0
0.522305308694577,,0.522305308694577,,14714,,0,1,0
0.523131949497333,,0.523131949497333,,14715,,0,1,0
0.523131949497333,,0.523131949497333,,14716,,0,1,0
0.522305186855306,,0.522305186855306,,14717,,0,1,0
0.522306648927497,,0.522306648927497,,14718,,0,1,0
0.519832103757636,,0.519832103757636,,14719,,0,1,0
0.519832468409113,,0.519832468409113,,14720,,0,1,0
0.515726004010986,,0.515726004010986,,14721,,0,1,0
0.515724309039911,,0.515724309039911,,14722,,0,1,0
0.510011583050307,,0.510011583050307,,14723,,0,1,0
0.510011462653466,,0.510011462653466,,14724,,0,1,0
0.502728359374032,,0.502728359374032,,14725,,0,1,0
0.50272752263573,,0.50272752263573,,14726,,0,1,0
0.493920383275936,,0.493920383275936,,14727,,0,1,0
0.493921390376222,,0.493921390376222,,14728,,0,1,0
0.483645566805906,,0.483645566805906,,14729,,0,1,0
0.483646915106874,,0.483646915106874,,14730,,0,1,0
0.471967313613114,,0.471967313613114,,14731,,0,1,0
0.471965170957889,,0.471965170957889,,14732,,0,1,0
0.458955953208971,,0.458955953208971,,14733,,0,1,0
0.458957666386091,,0.458957666386091,,14734,,0,1,0
0.444700119408736,,0.444700119408736,,14735,,0,1,0
0.444698433051549,,0.444698433051549,,14736,,0,1,0
0.429284151005113,,0.429284151005113,,14737,,0,1,0
0.429285807878045,,0.429285807878045,,14738,,0,1,0
0.412809883195912,,0.412809883195912,,14739,,0,1,0
0.412811345488551,,0.412811345488551,,14740,,0,1,0
0.395380272707627,,0.395380272707627,,14741,,0,1,0
0.395379212643093,,0.395379212643093,,14742,,0,1,0
0.377101809093602,,0.377101809093602,,14743,,0,1,0
0.377102016148001,,0.377102016148001,,14744,,0,1,0
0.358093589721904,,0.358093589721904,,14745,,0,1,0
0.358095405640711,,0.358095405640711,,14746,,0,1,0
0.338476707270985,,0.338476707270985,,14747,,0,1,0
0.338476707270985,,0.338476707270985,,14748,,0,1,0
0.318372302936673,,0.318372302936673,,14749,,0,1,0
0.318370876069622,,0.318370876069622,,14750,,0,1,0
0.297905693923584,,0.297905693923584,,14751,,0,1,0
0.297904911786027,,0.297904911786027,,14752,,0,1,0
0.277210850465368,,0.277210850465368,,14753,,0,1,0
0.277211161134694,,0.277211161134694,,14754,,0,1,0
0.256417814798626,,0.256417814798626,,14755,,0,1,0
0.256417217217349,,0.256417217217349,,14756,,0,1,0
0.235655537401984,,0.235655537401984,,14757,,0,1,0
0.235655250963191,,0.235655250963191,,14758,,0,1,0
0.21505780127602,,0.21505780127602,,14759,,0,1,0
0.215058973996607,,0.215058973996607,,14760,,0,1,0
0.194754403732532,,0.194754403732532,,14761,,0,1,0
0.194754292133625,,0.194754292133625,,14762,,0,1,0
0.174872025889217,,0.174872025889217,,14763,,0,1,0
0.174871074148946,,0.174871074148946,,14764,,0,1,0
0.155537836365484,,0.155537836365484,,14765,,0,1,0
0.155538069073494,,0.155538069073494,,14766,,0,1,0
0.136873629060574,,0.136873629060574,,14767,,0,1,0
0.13687394091739,,0.13687394091739,,14768,,0,1,0
0.118998031213103,,0.118998031213103,,14769,,0,1,0
0.1189974496532,,0.1189974496532,,14770,,0,1,0
0.102023042227164,,0.102023042227164,,14771,,0,1,0
0.102023674948926,,0.102023674948926,,14772,,0,1,0
0.0860582220996164,,0.0860582220996164,,14773,,0,1,0
0.0860581479152405,,0.0860581479152405,,14774,,0,1,0
0.0712022477314389,,0.0712022477314389,,14775,,0,1,0
0.0712021690069449,,0.0712021690069449,,14776,,0,1,0
0.0575492844868326,,0.0575492844868326,,14777,,0,1,0
0.0575492137113276,,0.0575492137113276,,14778,,0,1,0
0.0451878196679911,,0.0451878196679911,,14779,,0,1,0
0.0451878196679911,,0.0451878196679911,,14780,,0,1,0
0.0341937906124361,,0.0341937906124361,,14781,,0,1,0
0.0341937438507856,,0.0341937438507856,,14782,,0,1,0
0.0246384479091017,,0.0246384479091017,,14783,,0,1,0
0.0246386265316705,,0.0246386265316705,,14784,,0,1,0
0.0165807771890486,,0.0165807771890486,,14785,,0,1,0
0.0165806930691588,,0.0165806930691588,,14786,,0,1,0
0.0100729230987611,,0.0100729230987611,,14787,,0,1,0
0.0100729632840323,,0.0100729632840323,,14788,,0,1,0
0.00515555945705526,,0.00515555945705526,,14789,,0,1,0
0.005155565509532,,0.005155565509532,,14790,,0,1,0
0.00185988517384695,,0.00185988517384695,,14791,,0,1,0
0.00185987903931276,,0.00185987903931276,,14792,,0,1,0
0.593535462932124,,0.593535462932124,,14793,,0,1,0
0.590723612211328,,0.590723612211328,,14794,,0,1,0
0.590723223489931,,0.590723223489931,,14795,,0,1,0
0.586056676838808,,0.586056676838808,,14796,,0,1,0
0.586056418716908,,0.586056418716908,,14797,,0,1,0
0.579564791023934,,0.579564791023934,,14798,,0,1,0
0.579566716187855,,0.579566716187855,,14799,,0,1,0
0.571290285888864,,0.571290285888864,,14800,,0,1,0
0.571290540738232,,0.571290540738232,,14801,,0,1,0
0.561281975244128,,0.561281975244128,,14802,,0,1,0
0.561282227851308,,0.561282227851308,,14803,,0,1,0
0.549604821481076,,0.549604821481076,,14804,,0,1,0
0.549603571653456,,0.549603571653456,,14805,,0,1,0
0.536331034033999,,0.536331034033999,,14806,,0,1,0
0.536331898284772,,0.536331898284772,,14807,,0,1,0
0.521548352036262,,0.521548352036262,,14808,,0,1,0
0.521548108534375,,0.521548108534375,,14809,,0,1,0
0.505346567713055,,0.505346567713055,,14810,,0,1,0
0.505346447868106,,0.505346447868106,,14811,,0,1,0
0.487829381848856,,0.487829381848856,,14812,,0,1,0
0.487828616477401,,0.487828616477401,,14813,,0,1,0
0.469105945918528,,0.469105945918528,,14814,,0,1,0
0.469105599515451,,0.469105599515451,,14815,,0,1,0
0.449297769750389,,0.449297769750389,,14816,,0,1,0
0.449298730281392,,0.449298730281392,,14817,,0,1,0
0.428528950108735,,0.428528950108735,,14818,,0,1,0
0.428528177582876,,0.428528177582876,,14819,,0,1,0
0.406927233603376,,0.406927233603376,,14820,,0,1,0
0.406926104399206,,0.406926104399206,,14821,,0,1,0
0.384632226561969,,0.384632226561969,,14822,,0,1,0
0.384632383395614,,0.384632383395614,,14823,,0,1,0
0.361786700004048,,0.361786700004048,,14824,,0,1,0
0.361787409826364,,0.361787409826364,,14825,,0,1,0
0.338531341171866,,0.338531341171866,,14826,,0,1,0
0.338532027801904,,0.338532027801904,,14827,,0,1,0
0.31501602076972,,0.31501602076972,,14828,,0,1,0
0.31501602076972,,0.31501602076972,,14829,,0,1,0
0.291387018278677,,0.291387018278677,,14830,,0,1,0
0.291386881772782,,0.291386881772782,,14831,,0,1,0
0.267793594750401,,0.267793594750401,,14832,,0,1,0
0.267793420266599,,0.267793420266599,,14833,,0,1,0
0.244386627013926,,0.244386627013926,,14834,,0,1,0
0.244386335317081,,0.244386335317081,,14835,,0,1,0
0.22131296480592,,0.22131296480592,,14836,,0,1,0
0.221313638942327,,0.221313638942327,,14837,,0,1,0
0.19872023028995,,0.19872023028995,,14838,,0,1,0
0.198719854525287,,0.198719854525287,,14839,,0,1,0
0.176749608017673,,0.176749608017673,,14840,,0,1,0
0.176749501702433,,0.176749501702433,,14841,,0,1,0
0.155539631546064,,0.155539631546064,,14842,,0,1,0
0.155539731278623,,0.155539731278623,,14843,,0,1,0
0.135226119635279,,0.135226119635279,,14844,,0,1,0
0.135226429609547,,0.135226429609547,,14845,,0,1,0
0.115937111133814,,0.115937111133814,,14846,,0,1,0
0.115936723662331,,0.115936723662331,,14847,,0,1,0
0.0977941187703664,,0.0977941187703664,,14848,,0,1,0
0.0977941187703664,,0.0977941187703664,,14849,,0,1,0
0.0809122625250343,,0.0809122625250343,,14850,,0,1,0
0.080912346445992,,0.080912346445992,,14851,,0,1,0
0.0653975995082874,,0.0653975995082874,,14852,,0,1,0
0.0653978905198582,,0.0653978905198582,,14853,,0,1,0
0.0513506362999312,,0.0513506362999312,,14854,,0,1,0
0.0513505121401008,,0.0513505121401008,,14855,,0,1,0
0.0388571373335229,,0.0388571373335229,,14856,,0,1,0
0.0388572453385976,,0.0388572453385976,,14857,,0,1,0
0.027998770255283,,0.027998770255283,,14858,,0,1,0
0.02799872441495,,0.02799872441495,,14859,,0,1,0
0.0188419823601925,,0.0188419823601925,,14860,,0,1,0
0.0188420170722098,,0.0188420170722098,,14861,,0,1,0
0.0114466992109929,,0.0114466992109929,,14862,,0,1,0
0.0114466248083299,,0.0114466248083299,,14863,,0,1,0
0.00585862875559784,,0.00585862875559784,,14864,,0,1,0
0.00585864407906314,,0.00585864407906314,,14865,,0,1,0
0.00211352326890471,,0.00211352326890471,,14866,,0,1,0
0.00211352714414662,,0.00211352714414662,,14867,,0,1,0
0.593535462932124,,0.593535462932124,,14868,,0,1,0
0.594474490105775,,0.594474490105775,,14869,,0,1,0
0.594474490105775,,0.594474490105775,,14870,,0,1,0
0.593535462932124,,0.593535462932124,,14871,,0,1,0
0.593535462932124,,0.593535462932124,,14872,,0,1,0
0.590723871358996,,0.590723871358996,,14873,,0,1,0
0.590723223489931,,0.590723223489931,,14874,,0,1,0
0.586056676838808,,0.586056676838808,,14875,,0,1,0
0.586056418716908,,0.586056418716908,,14876,,0,1,0
0.579564534335653,,0.579564534335653,,14877,,0,1,0
0.57956697287662,,0.57956697287662,,14878,,0,1,0
0.571290285888864,,0.571290285888864,,14879,,0,1,0
0.571290540738232,,0.571290540738232,,14880,,0,1,0
0.561281975244128,,0.561281975244128,,14881,,0,1,0
0.561282227851308,,0.561282227851308,,14882,,0,1,0
0.549605196429638,,0.549605196429638,,14883,,0,1,0
0.549603196705448,,0.549603196705448,,14884,,0,1,0
0.536330787105335,,0.536330787105335,,14885,,0,1,0
0.536332021749224,,0.536332021749224,,14886,,0,1,0
0.521548108534375,,0.521548108534375,,14887,,0,1,0
0.521548108534375,,0.521548108534375,,14888,,0,1,0
0.505346807402994,,0.505346807402994,,14889,,0,1,0
0.505346447868106,,0.505346447868106,,14890,,0,1,0
0.487829793972196,,0.487829793972196,,14891,,0,1,0
0.487828380978613,,0.487828380978613,,14892,,0,1,0
0.469106176853984,,0.469106176853984,,14893,,0,1,0
0.469105599515451,,0.469105599515451,,14894,,0,1,0
0.449297374237922,,0.449297374237922,,14895,,0,1,0
0.449299125794456,,0.449299125794456,,14896,,0,1,0
0.428529281191459,,0.428529281191459,,14897,,0,1,0
0.428527846500579,,0.428527846500579,,14898,,0,1,0
0.406927556233427,,0.406927556233427,,14899,,0,1,0
0.406925781769731,,0.406925781769731,,14900,,0,1,0
0.384632017450492,,0.384632017450492,,14901,,0,1,0
0.384632749340909,,0.384632749340909,,14902,,0,1,0
0.361786395794697,,0.361786395794697,,14903,,0,1,0
0.361787561931237,,0.361787561931237,,14904,,0,1,0
0.338531046902062,,0.338531046902062,,14905,,0,1,0
0.338532518252357,,0.338532518252357,,14906,,0,1,0
0.31501602076972,,0.31501602076972,,14907,,0,1,0
0.31501602076972,,0.31501602076972,,14908,,0,1,0
0.291387018278677,,0.291387018278677,,14909,,0,1,0
0.291386881772782,,0.291386881772782,,14910,,0,1,0
0.26779372561329,,0.26779372561329,,14911,,0,1,0
0.267793289403786,,0.267793289403786,,14912,,0,1,0
0.244386752026912,,0.244386752026912,,14913,,0,1,0
0.244386210304201,,0.244386210304201,,14914,,0,1,0
0.221312726875668,,0.221312726875668,,14915,,0,1,0
0.221313916528205,,0.221313916528205,,14916,,0,1,0
0.198720380595915,,0.198720380595915,,14917,,0,1,0
0.198719591490233,,0.198719591490233,,14918,,0,1,0
0.176749714332944,,0.176749714332944,,14919,,0,1,0
0.176749359948831,,0.176749359948831,,14920,,0,1,0
0.155539631546064,,0.155539631546064,,14921,,0,1,0
0.155539731278623,,0.155539731278623,,14922,,0,1,0
0.135225995645671,,0.135225995645671,,14923,,0,1,0
0.135226615594279,,0.135226615594279,,14924,,0,1,0
0.11593721158949,,0.11593721158949,,14925,,0,1,0
0.115936623206867,,0.115936623206867,,14926,,0,1,0
0.0977941187703664,,0.0977941187703664,,14927,,0,1,0
0.0977942110316765,,0.0977942110316765,,14928,,0,1,0
0.0809122625250343,,0.0809122625250343,,14929,,0,1,0
0.0809124303669932,,0.0809124303669932,,14930,,0,1,0
0.0653975348391374,,0.0653975348391374,,14931,,0,1,0
0.0653979659674082,,0.0653979659674082,,14932,,0,1,0
0.0513507031552867,,0.0513507031552867,,14933,,0,1,0
0.0513505121401008,,0.0513505121401008,,14934,,0,1,0
0.0388571373335229,,0.0388571373335229,,14935,,0,1,0
0.0388573034952384,,0.0388573034952384,,14936,,0,1,0
0.027998770255283,,0.027998770255283,,14937,,0,1,0
0.0279986785746545,,0.0279986785746545,,14938,,0,1,0
0.0188419823601925,,0.0188419823601925,,14939,,0,1,0
0.0188420199648793,,0.0188420199648793,,14940,,0,1,0
0.0114467014656229,,0.0114467014656229,,14941,,0,1,0
0.0114466157898417,,0.0114466157898417,,14942,,0,1,0
0.00585862875559784,,0.00585862875559784,,14943,,0,1,0
0.00585864569206065,,0.00585864569206065,,14944,,0,1,0
0.00211352326890471,,0.00211352326890471,,14945,,0,1,0
0.00211352714414662,,0.00211352714414662,,14946,,0,1,0
0.667323950685386,,0.667323950685386,,14947,,0,1,0
0.664162511090474,,0.664162511090474,,14948,,0,1,0
0.664161961521536,,0.664161961521536,,14949,,0,1,0
0.658915326293055,,0.658915326293055,,14950,,0,1,0
0.658917515870172,,0.658917515870172,,14951,,0,1,0
0.651618490140216,,0.651618490140216,,14952,,0,1,0
0.651618490140216,,0.651618490140216,,14953,,0,1,0
0.642313141331698,,0.642313141331698,,14954,,0,1,0
0.642311384858381,,0.642311384858381,,14955,,0,1,0
0.631058747399067,,0.631058747399067,,14956,,0,1,0
0.631058747399067,,0.631058747399067,,14957,,0,1,0
0.617930425463165,,0.617930425463165,,14958,,0,1,0
0.617932413326372,,0.617932413326372,,14959,,0,1,0
0.603010190385504,,0.603010190385504,,14960,,0,1,0
0.60300914307075,,0.60300914307075,,14961,,0,1,0
0.586387377668984,,0.586387377668984,,14962,,0,1,0
0.586388023156026,,0.586388023156026,,14963,,0,1,0
0.568172265278982,,0.568172265278982,,14964,,0,1,0
0.568170486209915,,0.568170486209915,,14965,,0,1,0
0.548475557337902,,0.548475557337902,,14966,,0,1,0
0.548477679864192,,0.548477679864192,,14967,,0,1,0
0.52742835838788,,0.52742835838788,,14968,,0,1,0
0.527426154553837,,0.527426154553837,,14969,,0,1,0
0.505154234863568,,0.505154234863568,,14970,,0,1,0
0.50515447450789,,0.50515447450789,,14971,,0,1,0
0.481803026460994,,0.481803026460994,,14972,,0,1,0
0.481804606231437,,0.481804606231437,,14973,,0,1,0
0.457519211172157,,0.457519211172157,,14974,,0,1,0
0.457519952385617,,0.457519952385617,,14975,,0,1,0
0.432454441248852,,0.432454441248852,,14976,,0,1,0
0.432453886922987,,0.432453886922987,,14977,,0,1,0
0.406766848534845,,0.406766848534845,,14978,,0,1,0
0.406766257163326,,0.406766257163326,,14979,,0,1,0
0.380618506206247,,0.380618506206247,,14980,,0,1,0
0.380618194179938,,0.380618194179938,,14981,,0,1,0
0.354178589916218,,0.354178589916218,,14982,,0,1,0
0.35417843941935,,0.35417843941935,,14983,,0,1,0
0.327611768142733,,0.327611768142733,,14984,,0,1,0
0.327611768142733,,0.327611768142733,,14985,,0,1,0
0.30108565885236,,0.30108565885236,,14986,,0,1,0
0.301086583913561,,0.301086583913561,,14987,,0,1,0
0.274770567659788,,0.274770567659788,,14988,,0,1,0
0.27477039091764,,0.27477039091764,,14989,,0,1,0
0.248827999993482,,0.248827999993482,,14990,,0,1,0
0.248827159035388,,0.248827159035388,,14991,,0,1,0
0.223424612981022,,0.223424612981022,,14992,,0,1,0
0.223425250482068,,0.223425250482068,,14993,,0,1,0
0.198724138263515,,0.198724138263515,,14994,,0,1,0
0.198723649764718,,0.198723649764718,,14995,,0,1,0
0.174876749379253,,0.174876749379253,,14996,,0,1,0
0.174876996130486,,0.174876996130486,,14997,,0,1,0
0.152037843933961,,0.152037843933961,,14998,,0,1,0
0.152037416652549,,0.152037416652549,,14999,,0,1,0
0.13035004791111,,0.13035004791111,,15000,,0,1,0
0.130350260945107,,0.130350260945107,,15001,,0,1,0
0.109952175337826,,0.109952175337826,,15002,,0,1,0
0.109952077509423,,0.109952077509423,,15003,,0,1,0
0.0909713456800958,,0.0909713456800958,,15004,,0,1,0
0.0909715109375147,,0.0909715109375147,,15005,,0,1,0
0.0735279228186276,,0.0735279228186276,,15006,,0,1,0
0.0735278428187769,,0.0735278428187769,,15007,,0,1,0
0.0577343998941875,,0.0577343998941875,,15008,,0,1,0
0.0577345315457549,,0.0577345315457549,,15009,,0,1,0
0.0436879612775276,,0.0436879612775276,,15010,,0,1,0
0.0436877850898409,,0.0436877850898409,,15011,,0,1,0
0.0314794205770568,,0.0314794205770568,,15012,,0,1,0
0.0314793158868287,,0.0314793158868287,,15013,,0,1,0
0.0211842719890893,,0.0211842719890893,,15014,,0,1,0
0.0211843118626885,,0.0211843118626885,,15015,,0,1,0
0.0128696788440426,,0.0128696788440426,,15016,,0,1,0
0.0128697386107702,,0.0128697386107702,,15017,,0,1,0
0.00658701312688237,,0.00658701312688237,,15018,,0,1,0
0.00658698576166472,,0.00658698576166472,,15019,,0,1,0
0.0023762733677658,,0.0023762733677658,,15020,,0,1,0
0.00237627747683533,,0.00237627747683533,,15021,,0,1,0
0.667325603312861,,0.667325603312861,,15022,,0,1,0
0.66838136156975,,0.66838136156975,,15023,,0,1,0
0.66838136156975,,0.66838136156975,,15024,,0,1,0
0.667325603312861,,0.667325603312861,,15025,,0,1,0
0.667323950685386,,0.667323950685386,,15026,,0,1,0
0.664162511090474,,0.664162511090474,,15027,,0,1,0
0.664161824129337,,0.664161824129337,,15028,,0,1,0
0.658915326293055,,0.658915326293055,,15029,,0,1,0
0.658917515870172,,0.658917515870172,,15030,,0,1,0
0.651618490140216,,0.651618490140216,,15031,,0,1,0
0.651618490140216,,0.651618490140216,,15032,,0,1,0
0.642313411558575,,0.642313411558575,,15033,,0,1,0
0.64231111463193,,0.64231111463193,,15034,,0,1,0
0.63105847955012,,0.63105847955012,,15035,,0,1,0
0.631058747399067,,0.631058747399067,,15036,,0,1,0
0.617930027890907,,0.617930027890907,,15037,,0,1,0
0.617932943423767,,0.617932943423767,,15038,,0,1,0
0.603010583128771,,0.603010583128771,,15039,,0,1,0
0.603008619413714,,0.603008619413714,,15040,,0,1,0
0.586386861279607,,0.586386861279607,,15041,,0,1,0
0.586388023156026,,0.586388023156026,,15042,,0,1,0
0.568173154814559,,0.568173154814559,,15043,,0,1,0
0.568169850828781,,0.568169850828781,,15044,,0,1,0
0.548474808211957,,0.548474808211957,,15045,,0,1,0
0.548478803556243,,0.548478803556243,,15046,,0,1,0
0.527429582742116,,0.527429582742116,,15047,,0,1,0
0.527425052638542,,0.527425052638542,,15048,,0,1,0
0.505154234863568,,0.505154234863568,,15049,,0,1,0
0.50515447450789,,0.50515447450789,,15050,,0,1,0
0.481802265831705,,0.481802265831705,,15051,,0,1,0
0.481805425372686,,0.481805425372686,,15052,,0,1,0
0.457518812057465,,0.457518812057465,,15053,,0,1,0
0.457520351500806,,0.457520351500806,,15054,,0,1,0
0.432454662979298,,0.432454662979298,,15055,,0,1,0
0.432453554327639,,0.432453554327639,,15056,,0,1,0
0.406767009818061,,0.406767009818061,,15057,,0,1,0
0.406766095880259,,0.406766095880259,,15058,,0,1,0
0.380618714223857,,0.380618714223857,,15059,,0,1,0
0.38061798616247,,0.38061798616247,,15060,,0,1,0
0.354178589916218,,0.354178589916218,,15061,,0,1,0
0.35417843941935,,0.35417843941935,,15062,,0,1,0
0.327611768142733,,0.327611768142733,,15063,,0,1,0
0.327611768142733,,0.327611768142733,,15064,,0,1,0
0.301085057563341,,0.301085057563341,,15065,,0,1,0
0.301087231457247,,0.301087231457247,,15066,,0,1,0
0.274770567659788,,0.274770567659788,,15067,,0,1,0
0.27477039091764,,0.27477039091764,,15068,,0,1,0
0.248828420473062,,0.248828420473062,,15069,,0,1,0
0.248826738556874,,0.248826738556874,,15070,,0,1,0
0.2234243340746,,0.2234243340746,,15071,,0,1,0
0.223425688764564,,0.223425688764564,,15072,,0,1,0
0.198724288570958,,0.198724288570958,,15073,,0,1,0
0.198723499457516,,0.198723499457516,,15074,,0,1,0
0.174876749379253,,0.174876749379253,,15075,,0,1,0
0.174876996130486,,0.174876996130486,,15076,,0,1,0
0.152038074008816,,0.152038074008816,,15077,,0,1,0
0.152037318049231,,0.152037318049231,,15078,,0,1,0
0.130349834877286,,0.130349834877286,,15079,,0,1,0
0.130350352245445,,0.130350352245445,,15080,,0,1,0
0.109952273166272,,0.109952273166272,,15081,,0,1,0
0.109951979681064,,0.109951979681064,,15082,,0,1,0
0.090971256695394,,0.090971256695394,,15083,,0,1,0
0.0909715109375147,,0.0909715109375147,,15084,,0,1,0
0.0735279228186276,,0.0735279228186276,,15085,,0,1,0
0.0735278428187769,,0.0735278428187769,,15086,,0,1,0
0.0577343290049441,,0.0577343290049441,,15087,,0,1,0
0.0577346024351226,,0.0577346024351226,,15088,,0,1,0
0.0436879612775276,,0.0436879612775276,,15089,,0,1,0
0.0436877322336042,,0.0436877322336042,,15090,,0,1,0
0.0314794205770568,,0.0314794205770568,,15091,,0,1,0
0.0314793158868287,,0.0314793158868287,,15092,,0,1,0
0.0211842719890893,,0.0211842719890893,,15093,,0,1,0
0.0211843517363253,,0.0211843517363253,,15094,,0,1,0
0.0128696764533763,,0.0128696764533763,,15095,,0,1,0
0.0128697481734595,,0.0128697481734595,,15096,,0,1,0
0.00658701312688237,,0.00658701312688237,,15097,,0,1,0
0.00658698319617848,,0.00658698319617848,,15098,,0,1,0
0.0023762733677658,,0.0023762733677658,,15099,,0,1,0
0.00237627747683533,,0.00237627747683533,,15100,,0,1,0
0.743208496398921,,0.743208496398921,,15101,,0,1,0
0.739687493213587,,0.739687493213587,,15102,,0,1,0
0.739687058232448,,0.739687058232448,,15103,,0,1,0
0.733843076576484,,0.733843076576484,,15104,,0,1,0
0.733843076576484,,0.733843076576484,,15105,,0,1,0
0.725714227132926,,0.725714227132926,,15106,,0,1,0
0.725713221809492,,0.725713221809492,,15107,,0,1,0
0.715350129695366,,0.715350129695366,,15108,,0,1,0
0.715351983346757,,0.715351983346757,,15109,,0,1,0
0.702819631506379,,0.702819631506379,,15110,,0,1,0
0.702817087494402,,0.702817087494402,,15111,,0,1,0
0.688194657806839,,0.688194657806839,,15112,,0,1,0
0.688195636798383,,0.688195636798383,,15113,,0,1,0
0.671577406049551,,0.671577406049551,,15114,,0,1,0
0.671577958677972,,0.671577958677972,,15115,,0,1,0
0.653065915018836,,0.653065915018836,,15116,,0,1,0
0.653064280143731,,0.653064280143731,,15117,,0,1,0
0.63277736354965,,0.63277736354965,,15118,,0,1,0
0.632780716222278,,0.632780716222278,,15119,,0,1,0
0.610846229300144,,0.610846229300144,,15120,,0,1,0
0.610843198771846,,0.610843198771846,,15121,,0,1,0
0.587400067019821,,0.587400067019821,,15122,,0,1,0
0.587402651198666,,0.587402651198666,,15123,,0,1,0
0.56259933579031,,0.56259933579031,,15124,,0,1,0
0.56259933579031,,0.56259933579031,,15125,,0,1,0
0.536591698933108,,0.536591698933108,,15126,,0,1,0
0.536590587484575,,0.536590587484575,,15127,,0,1,0
0.509542865465285,,0.509542865465285,,15128,,0,1,0
0.509542745123781,,0.509542745123781,,15129,,0,1,0
0.481627337045014,,0.481627337045014,,15130,,0,1,0
0.481627161547131,,0.481627161547131,,15131,,0,1,0
0.453019477471408,,0.453019477471408,,15132,,0,1,0
0.453020044824825,,0.453020044824825,,15133,,0,1,0
0.423899466619064,,0.423899466619064,,15134,,0,1,0
0.423898917803529,,0.423898917803529,,15135,,0,1,0
0.394452624335173,,0.394452624335173,,15136,,0,1,0
0.39445283609939,,0.39445283609939,,15137,,0,1,0
0.36486538209931,,0.36486538209931,,15138,,0,1,0
0.36486538209931,,0.36486538209931,,15139,,0,1,0
0.335322171858765,,0.335322171858765,,15140,,0,1,0
0.335322025422904,,0.335322025422904,,15141,,0,1,0
0.306013521245923,,0.306013521245923,,15142,,0,1,0
0.306014034176131,,0.306014034176131,,15143,,0,1,0
0.277122405550479,,0.277122405550479,,15144,,0,1,0
0.277122272427777,,0.277122272427777,,15145,,0,1,0
0.248830859261632,,0.248830859261632,,15146,,0,1,0
0.248830396731847,,0.248830396731847,,15147,,0,1,0
0.221320578641498,,0.221320578641498,,15148,,0,1,0
0.22132081657597,,0.22132081657597,,15149,,0,1,0
0.19476214133465,,0.19476214133465,,15150,,0,1,0
0.194762401737394,,0.194762401737394,,15151,,0,1,0
0.169326489391352,,0.169326489391352,,15152,,0,1,0
0.169326836254193,,0.169326836254193,,15153,,0,1,0
0.145173210698609,,0.145173210698609,,15154,,0,1,0
0.145173307050372,,0.145173307050372,,15155,,0,1,0
0.122455786910081,,0.122455786910081,,15156,,0,1,0
0.122455388694569,,0.122455388694569,,15157,,0,1,0
0.101316068217905,,0.101316068217905,,15158,,0,1,0
0.101315974309987,,0.101315974309987,,15159,,0,1,0
0.0818888543704195,,0.0818888543704195,,15160,,0,1,0
0.0818889387963111,,0.0818889387963111,,15161,,0,1,0
0.0642995629386616,,0.0642995629386616,,15162,,0,1,0
0.0642994133161641,,0.0642994133161641,,15163,,0,1,0
0.0486555918486449,,0.0486555918486449,,15164,,0,1,0
0.0486557127065628,,0.0486557127065628,,15165,,0,1,0
0.0350590970590758,,0.0350590970590758,,15166,,0,1,0
0.0350591523003492,,0.0350591523003492,,15167,,0,1,0
0.0235933503694695,,0.0235933503694695,,15168,,0,1,0
0.0235933082897266,,0.0235933082897266,,15169,,0,1,0
0.014333158140314,,0.014333158140314,,15170,,0,1,0
0.014333107681659,,0.014333107681659,,15171,,0,1,0
0.00733599171827137,,0.00733599171827137,,15172,,0,1,0
0.00733601067023029,,0.00733601067023029,,15173,,0,1,0
0.00264648792347003,,0.00264648792347003,,15174,,0,1,0
0.00264648629731756,,0.00264648629731756,,15175,,0,1,0
0.743207043015445,,0.743207043015445,,15176,,0,1,0
0.744383294709252,,0.744383294709252,,15177,,0,1,0
0.744383294709252,,0.744383294709252,,15178,,0,1,0
0.743207043015445,,0.743207043015445,,15179,,0,1,0
0.743208496398921,,0.743208496398921,,15180,,0,1,0
0.739687783201084,,0.739687783201084,,15181,,0,1,0
0.739687058232448,,0.739687058232448,,15182,,0,1,0
0.733843365416085,,0.733843365416085,,15183,,0,1,0
0.733843076576484,,0.733843076576484,,15184,,0,1,0
0.725714227132926,,0.725714227132926,,15185,,0,1,0
0.725712934574354,,0.725712934574354,,15186,,0,1,0
0.715349844518443,,0.715349844518443,,15187,,0,1,0
0.715352553701514,,0.715352553701514,,15188,,0,1,0
0.70282033817719,,0.70282033817719,,15189,,0,1,0
0.702816522159033,,0.702816522159033,,15190,,0,1,0
0.688194378095098,,0.688194378095098,,15191,,0,1,0
0.688195776654375,,0.688195776654375,,15192,,0,1,0
0.671577267892481,,0.671577267892481,,15193,,0,1,0
0.671578096835113,,0.671578096835113,,15194,,0,1,0
0.6530665962174,,0.6530665962174,,15195,,0,1,0
0.653063871425275,,0.653063871425275,,15196,,0,1,0
0.632776558909541,,0.632776558909541,,15197,,0,1,0
0.632782191401049,,0.632782191401049,,15198,,0,1,0
0.610847546923488,,0.610847546923488,,15199,,0,1,0
0.610841881153192,,0.610841881153192,,15200,,0,1,0
0.587399033349875,,0.587399033349875,,15201,,0,1,0
0.587403943290219,,0.587403943290219,,15202,,0,1,0
0.56259933579031,,0.56259933579031,,15203,,0,1,0
0.56259933579031,,0.56259933579031,,15204,,0,1,0
0.536592069416209,,0.536592069416209,,15205,,0,1,0
0.536590217001987,,0.536590217001987,,15206,,0,1,0
0.509542865465285,,0.509542865465285,,15207,,0,1,0
0.509542745123781,,0.509542745123781,,15208,,0,1,0
0.481627571042241,,0.481627571042241,,15209,,0,1,0
0.481627161547131,,0.481627161547131,,15210,,0,1,0
0.453019307265452,,0.453019307265452,,15211,,0,1,0
0.453020441972429,,0.453020441972429,,15212,,0,1,0
0.42389985079015,,0.42389985079015,,15213,,0,1,0
0.423898753158937,,0.423898753158937,,15214,,0,1,0
0.394452465512048,,0.394452465512048,,15215,,0,1,0
0.39445299492259,,0.39445299492259,,15216,,0,1,0
0.36486538209931,,0.36486538209931,,15217,,0,1,0
0.36486538209931,,0.36486538209931,,15218,,0,1,0
0.335322171858765,,0.335322171858765,,15219,,0,1,0
0.335322025422904,,0.335322025422904,,15220,,0,1,0
0.306013381355941,,0.306013381355941,,15221,,0,1,0
0.306014313956426,,0.306014313956426,,15222,,0,1,0
0.277122538673213,,0.277122538673213,,15223,,0,1,0
0.27712209493089,,0.27712209493089,,15224,,0,1,0
0.248830985406194,,0.248830985406194,,15225,,0,1,0
0.248830270587435,,0.248830270587435,,15226,,0,1,0
0.221320420018587,,0.221320420018587,,15227,,0,1,0
0.22132081657597,,0.22132081657597,,15228,,0,1,0
0.19476214133465,,0.19476214133465,,15229,,0,1,0
0.194762401737394,,0.194762401737394,,15230,,0,1,0
0.169326281273818,,0.169326281273818,,15231,,0,1,0
0.169326974999429,,0.169326974999429,,15232,,0,1,0
0.14517308222964,,0.14517308222964,,15233,,0,1,0
0.145173403402168,,0.145173403402168,,15234,,0,1,0
0.122455978643707,,0.122455978643707,,15235,,0,1,0
0.122455285453615,,0.122455285453615,,15236,,0,1,0
0.101316162125866,,0.101316162125866,,15237,,0,1,0
0.101315974309987,,0.101315974309987,,15238,,0,1,0
0.0818888543704195,,0.0818888543704195,,15239,,0,1,0
0.0818890232222462,,0.0818890232222462,,15240,,0,1,0
0.0642996377499756,,0.0642996377499756,,15241,,0,1,0
0.0642993491922899,,0.0642993491922899,,15242,,0,1,0
0.0486555918486449,,0.0486555918486449,,15243,,0,1,0
0.0486557777839653,,0.0486557777839653,,15244,,0,1,0
0.0350590970590758,,0.0350590970590758,,15245,,0,1,0
0.0350591523003492,,0.0350591523003492,,15246,,0,1,0
0.0235933503694695,,0.0235933503694695,,15247,,0,1,0
0.0235933082897266,,0.0235933082897266,,15248,,0,1,0
0.0143331657091199,,0.0143331657091199,,15249,,0,1,0
0.0143330975899386,,0.0143330975899386,,15250,,0,1,0
0.00733598901085067,,0.00733598901085067,,15251,,0,1,0
0.00733601337765499,,0.00733601337765499,,15252,,0,1,0
0.00264648792347003,,0.00264648792347003,,15253,,0,1,0
0.00264648629731756,,0.00264648629731756,,15254,,0,1,0
0.820702879815151,,0.820702879815151,,15255,,0,1,0
0.816814769781793,,0.816814769781793,,15256,,0,1,0
0.81681614107265,,0.81681614107265,,15257,,0,1,0
0.810363600444937,,0.810363600444937,,15258,,0,1,0
0.810361475768453,,0.810361475768453,,15259,,0,1,0
0.801384832417746,,0.801384832417746,,15260,,0,1,0
0.801386643454016,,0.801386643454016,,15261,,0,1,0
0.789942497963303,,0.789942497963303,,15262,,0,1,0
0.789940849742862,,0.789940849742862,,15263,,0,1,0
0.77610196196094,,0.77610196196094,,15264,,0,1,0
0.77610552644132,,0.77610552644132,,15265,,0,1,0
0.75995877162498,,0.75995877162498,,15266,,0,1,0
0.759957154987781,,0.759957154987781,,15267,,0,1,0
0.741605116641153,,0.741605116641153,,15268,,0,1,0
0.741604826278063,,0.741604826278063,,15269,,0,1,0
0.721162960075617,,0.721162960075617,,15270,,0,1,0
0.721163962242379,,0.721163962242379,,15271,,0,1,0
0.698761021041669,,0.698761021041669,,15272,,0,1,0
0.698757920685189,,0.698757920685189,,15273,,0,1,0
0.674536667651864,,0.674536667651864,,15274,,0,1,0
0.674540129184614,,0.674540129184614,,15275,,0,1,0
0.648653234194121,,0.648653234194121,,15276,,0,1,0
0.648652283744127,,0.648652283744127,,15277,,0,1,0
0.621262187211215,,0.621262187211215,,15278,,0,1,0
0.621260592641448,,0.621260592641448,,15279,,0,1,0
0.592541114722913,,0.592541114722913,,15280,,0,1,0
0.592542023134257,,0.592542023134257,,15281,,0,1,0
0.562674450612832,,0.562674450612832,,15282,,0,1,0
0.562673944772342,,0.562673944772342,,15283,,0,1,0
0.531848067496021,,0.531848067496021,,15284,,0,1,0
0.531848067496021,,0.531848067496021,,15285,,0,1,0
0.500257405976534,,0.500257405976534,,15286,,0,1,0
0.500257048256685,,0.500257048256685,,15287,,0,1,0
0.468100299804178,,0.468100299804178,,15288,,0,1,0
0.468101049539699,,0.468101049539699,,15289,,0,1,0
0.435584766029962,,0.435584766029962,,15290,,0,1,0
0.435584376599978,,0.435584376599978,,15291,,0,1,0
0.402911467000992,,0.402911467000992,,15292,,0,1,0
0.402911841540863,,0.402911841540863,,15293,,0,1,0
0.37028832233162,,0.37028832233162,,15294,,0,1,0
0.370287604218378,,0.370287604218378,,15295,,0,1,0
0.337922378559597,,0.337922378559597,,15296,,0,1,0
0.337922378559597,,0.337922378559597,,15297,,0,1,0
0.306018230893985,,0.306018230893985,,15298,,0,1,0
0.306018557306579,,0.306018557306579,,15299,,0,1,0
0.274777372275709,,0.274777372275709,,15300,,0,1,0
0.274777372275709,,0.274777372275709,,15301,,0,1,0
0.244398795094527,,0.244398795094527,,15302,,0,1,0
0.244398670078461,,0.244398670078461,,15303,,0,1,0
0.215070662286536,,0.215070662286536,,15304,,0,1,0
0.215070545011146,,0.215070545011146,,15305,,0,1,0
0.186982287082175,,0.186982287082175,,15306,,0,1,0
0.186982141282941,,0.186982141282941,,15307,,0,1,0
0.16031002842263,,0.16031002842263,,15308,,0,1,0
0.16030989342214,,0.16030989342214,,15309,,0,1,0
0.135223825836734,,0.135223825836734,,15310,,0,1,0
0.135224011819675,,0.135224011819675,,15311,,0,1,0
0.111880579946164,,0.111880579946164,,15312,,0,1,0
0.111880481263604,,0.111880481263604,,15313,,0,1,0
0.0904276248895997,,0.0904276248895997,,15314,,0,1,0
0.0904275361712199,,0.0904275361712199,,15315,,0,1,0
0.0710041124456606,,0.0710041124456606,,15316,,0,1,0
0.0710041910605881,,0.0710041910605881,,15317,,0,1,0
0.0537291084240383,,0.0537291084240383,,15318,,0,1,0
0.0537290400379402,,0.0537290400379402,,15319,,0,1,0
0.0387146517460342,,0.0387146517460342,,15320,,0,1,0
0.0387147015030327,,0.0387147015030327,,15321,,0,1,0
0.0260534148609236,,0.0260534148609236,,15322,,0,1,0
0.0260534590801331,,0.0260534590801331,,15323,,0,1,0
0.0158277099560201,,0.0158277099560201,,15324,,0,1,0
0.0158277099560201,,0.0158277099560201,,15325,,0,1,0
0.00810096178683228,,0.00810096178683228,,15326,,0,1,0
0.00810095799339117,,0.00810095799339117,,15327,,0,1,0
0.00292244347688334,,0.00292244347688334,,15328,,0,1,0
0.00292244632493777,,0.00292244632493777,,15329,,0,1,0
0.820703337998594,,0.820703337998594,,15330,,0,1,0
0.822002190817905,,0.822002190817905,,15331,,0,1,0
0.822002190817905,,0.822002190817905,,15332,,0,1,0
0.820703337998594,,0.820703337998594,,15333,,0,1,0
0.820702879815151,,0.820702879815151,,15334,,0,1,0
0.816814769781793,,0.816814769781793,,15335,,0,1,0
0.81681614107265,,0.81681614107265,,15336,,0,1,0
0.810363600444937,,0.810363600444937,,15337,,0,1,0
0.810361324005953,,0.810361324005953,,15338,,0,1,0
0.801384530578567,,0.801384530578567,,15339,,0,1,0
0.801386794373798,,0.801386794373798,,15340,,0,1,0
0.789942797639931,,0.789942797639931,,15341,,0,1,0
0.789940250390401,,0.789940250390401,,15342,,0,1,0
0.776101219361891,,0.776101219361891,,15343,,0,1,0
0.77610626904243,,0.77610626904243,,15344,,0,1,0
0.759959359493479,,0.759959359493479,,15345,,0,1,0
0.759956567120135,,0.759956567120135,,15346,,0,1,0
0.7416054070043,,0.7416054070043,,15347,,0,1,0
0.741604826278063,,0.741604826278063,,15348,,0,1,0
0.721162816908993,,0.721162816908993,,15349,,0,1,0
0.721164678076207,,0.721164678076207,,15350,,0,1,0
0.698762430296888,,0.698762430296888,,15351,,0,1,0
0.698756511434517,,0.698756511434517,,15352,,0,1,0
0.674535144580268,,0.674535144580268,,15353,,0,1,0
0.674541790723488,,0.674541790723488,,15354,,0,1,0
0.64865350575139,,0.64865350575139,,15355,,0,1,0
0.648652012187114,,0.648652012187114,,15356,,0,1,0
0.621263117377858,,0.621263117377858,,15357,,0,1,0
0.621259795357332,,0.621259795357332,,15358,,0,1,0
0.592540465858093,,0.592540465858093,,15359,,0,1,0
0.592542152907363,,0.592542152907363,,15360,,0,1,0
0.562674450612832,,0.562674450612832,,15361,,0,1,0
0.562673818312255,,0.562673818312255,,15362,,0,1,0
0.531847575707054,,0.531847575707054,,15363,,0,1,0
0.531848436337896,,0.531848436337896,,15364,,0,1,0
0.500257882936531,,0.500257882936531,,15365,,0,1,0
0.500256809776857,,0.500256809776857,,15366,,0,1,0
0.468099550069256,,0.468099550069256,,15367,,0,1,0
0.46810202996398,,0.46810202996398,,15368,,0,1,0
0.435585099827229,,0.435585099827229,,15369,,0,1,0
0.435584154068637,,0.435584154068637,,15370,,0,1,0
0.402911306483958,,0.402911306483958,,15371,,0,1,0
0.402912002058004,,0.402912002058004,,15372,,0,1,0
0.370288630094651,,0.370288630094651,,15373,,0,1,0
0.370287091280774,,0.370287091280774,,15374,,0,1,0
0.337922378559597,,0.337922378559597,,15375,,0,1,0
0.337922231557075,,0.337922231557075,,15376,,0,1,0
0.306017904481564,,0.306017904481564,,15377,,0,1,0
0.306018883719348,,0.306018883719348,,15378,,0,1,0
0.274777372275709,,0.274777372275709,,15379,,0,1,0
0.274777372275709,,0.274777372275709,,15380,,0,1,0
0.244398795094527,,0.244398795094527,,15381,,0,1,0
0.244398670078461,,0.244398670078461,,15382,,0,1,0
0.215070662286536,,0.215070662286536,,15383,,0,1,0
0.215070545011146,,0.215070545011146,,15384,,0,1,0
0.186982287082175,,0.186982287082175,,15385,,0,1,0
0.186982141282941,,0.186982141282941,,15386,,0,1,0
0.16031002842263,,0.16031002842263,,15387,,0,1,0
0.16030989342214,,0.16030989342214,,15388,,0,1,0
0.135223701848178,,0.135223701848178,,15389,,0,1,0
0.135224135808373,,0.135224135808373,,15390,,0,1,0
0.111880579946164,,0.111880579946164,,15391,,0,1,0
0.111880481263604,,0.111880481263604,,15392,,0,1,0
0.0904276248895997,,0.0904276248895997,,15393,,0,1,0
0.0904275361712199,,0.0904275361712199,,15394,,0,1,0
0.0710040450614717,,0.0710040450614717,,15395,,0,1,0
0.0710041910605881,,0.0710041910605881,,15396,,0,1,0
0.0537291084240383,,0.0537291084240383,,15397,,0,1,0
0.0537289814213193,,0.0537289814213193,,15398,,0,1,0
0.0387146517460342,,0.0387146517460342,,15399,,0,1,0
0.0387147595529047,,0.0387147595529047,,15400,,0,1,0
0.0260534148609236,,0.0260534148609236,,15401,,0,1,0
0.0260534590801331,,0.0260534590801331,,15402,,0,1,0
0.0158277099560201,,0.0158277099560201,,15403,,0,1,0
0.0158277099560201,,0.0158277099560201,,15404,,0,1,0
0.00810096558027429,,0.00810096558027429,,15405,,0,1,0
0.00810095799339117,,0.00810095799339117,,15406,,0,1,0
0.00292244347688334,,0.00292244347688334,,15407,,0,1,0
0.00292244632493777,,0.00292244632493777,,15408,,0,1,0
0.899321737549378,,0.899321737549378,,15409,,0,1,0
0.895061309868545,,0.895061309868545,,15410,,0,1,0
0.895062107351833,,0.895062107351833,,15411,,0,1,0
0.887991284217861,,0.887991284217861,,15412,,0,1,0
0.887992872873042,,0.887992872873042,,15413,,0,1,0
0.878156301060955,,0.878156301060955,,15414,,0,1,0
0.878154721229294,,0.878154721229294,,15415,,0,1,0
0.865614876898803,,0.865614876898803,,15416,,0,1,0
0.865617700220156,,0.865617700220156,,15417,,0,1,0
0.850452875783958,,0.850452875783958,,15418,,0,1,0
0.850451632014028,,0.850451632014028,,15419,,0,1,0
0.832758412116874,,0.832758412116874,,15420,,0,1,0
0.832756873663243,,0.832756873663243,,15421,,0,1,0
0.81264650298386,,0.81264650298386,,15422,,0,1,0
0.81264756681847,,0.81264756681847,,15423,,0,1,0
0.790247298461743,,0.790247298461743,,15424,,0,1,0
0.790246698993037,,0.790246698993037,,15425,,0,1,0
0.765699230437463,,0.765699230437463,,15426,,0,1,0
0.765700115564442,,0.765700115564442,,15427,,0,1,0
0.739157346152552,,0.739157346152552,,15428,,0,1,0
0.739156621443904,,0.739156621443904,,15429,,0,1,0
0.710789457611554,,0.710789457611554,,15430,,0,1,0
0.710788746945646,,0.710788746945646,,15431,,0,1,0
0.680775269383965,,0.680775269383965,,15432,,0,1,0
0.680776521284116,,0.680776521284116,,15433,,0,1,0
0.649305814515174,,0.649305814515174,,15434,,0,1,0
0.649305542821395,,0.649305542821395,,15435,,0,1,0
0.616576903616533,,0.616576903616533,,15436,,0,1,0
0.616576638858788,,0.616576638858788,,15437,,0,1,0
0.582797269562889,,0.582797269562889,,15438,,0,1,0
0.582797269562889,,0.582797269562889,,15439,,0,1,0
0.548180690964905,,0.548180690964905,,15440,,0,1,0
0.548181190248222,,0.548181190248222,,15441,,0,1,0
0.512942871048729,,0.512942871048729,,15442,,0,1,0
0.512942025852681,,0.512942025852681,,15443,,0,1,0
0.477310620371128,,0.477310620371128,,15444,,0,1,0
0.477310445661489,,0.477310445661489,,15445,,0,1,0
0.44150735405225,,0.44150735405225,,15446,,0,1,0
0.44150735405225,,0.44150735405225,,15447,,0,1,0
0.405759238256708,,0.405759238256708,,15448,,0,1,0
0.405759614117869,,0.405759614117869,,15449,,0,1,0
0.37029416985108,,0.37029416985108,,15450,,0,1,0
0.370293964674177,,0.370293964674177,,15451,,0,1,0
0.33533315463945,,0.33533315463945,,15452,,0,1,0
0.335333349890512,,0.335333349890512,,15453,,0,1,0
0.3010994886655,,0.3010994886655,,15454,,0,1,0
0.301099627427776,,0.301099627427776,,15455,,0,1,0
0.267810868928137,,0.267810868928137,,15456,,0,1,0
0.267811436019175,,0.267811436019175,,15457,,0,1,0
0.235674360904243,,0.235674360904243,,15458,,0,1,0
0.235673951689678,,0.235673951689678,,15459,,0,1,0
0.204894606260105,,0.204894606260105,,15460,,0,1,0
0.204894072079497,,0.204894072079497,,15461,,0,1,0
0.175666679074967,,0.175666679074967,,15462,,0,1,0
0.17566703237202,,0.17566703237202,,15463,,0,1,0
0.148177944626021,,0.148177944626021,,15464,,0,1,0
0.148178074417736,,0.148178074417736,,15465,,0,1,0
0.122598448700711,,0.122598448700711,,15466,,0,1,0
0.122598448700711,,0.122598448700711,,15467,,0,1,0
0.0990904796594809,,0.0990904796594809,,15468,,0,1,0
0.0990903071852429,,0.0990903071852429,,15469,,0,1,0
0.0778061261578262,,0.0778061261578262,,15470,,0,1,0
0.0778060556198241,,0.0778060556198241,,15471,,0,1,0
0.0588761622982621,,0.0588761622982621,,15472,,0,1,0
0.0588761622982621,,0.0588761622982621,,15473,,0,1,0
0.0424234779987249,,0.0424234779987249,,15474,,0,1,0
0.0424234172319586,,0.0424234172319586,,15475,,0,1,0
0.0285492204648242,,0.0285492204648242,,15476,,0,1,0
0.0285492204648242,,0.0285492204648242,,15477,,0,1,0
0.0173439320034885,,0.0173439320034885,,15478,,0,1,0
0.0173439514305472,,0.0173439514305472,,15479,,0,1,0
0.00887700663664903,,0.00887700663664903,,15480,,0,1,0
0.00887698082525745,,0.00887698082525745,,15481,,0,1,0
0.00320239581588691,,0.00320239581588691,,15482,,0,1,0
0.00320240356739554,,0.00320240356739554,,15483,,0,1,0
0.899323975811519,,0.899323975811519,,15484,,0,1,0
0.900746954728675,,0.900746954728675,,15485,,0,1,0
0.900746954728675,,0.900746954728675,,15486,,0,1,0
0.899323975811519,,0.899323975811519,,15487,,0,1,0
0.899321737549378,,0.899321737549378,,15488,,0,1,0
0.895060990875329,,0.895060990875329,,15489,,0,1,0
0.895062107351833,,0.895062107351833,,15490,,0,1,0
0.887991125352421,,0.887991125352421,,15491,,0,1,0
0.887992872873042,,0.887992872873042,,15492,,0,1,0
0.878156459044199,,0.878156459044199,,15493,,0,1,0
0.878154405263132,,0.878154405263132,,15494,,0,1,0
0.865614249494683,,0.865614249494683,,15495,,0,1,0
0.865618170774162,,0.865618170774162,,15496,,0,1,0
0.850453497669264,,0.850453497669264,,15497,,0,1,0
0.850451010129404,,0.850451010129404,,15498,,0,1,0
0.832758412116874,,0.832758412116874,,15499,,0,1,0
0.832756258282188,,0.832756258282188,,15500,,0,1,0
0.812646199031242,,0.812646199031242,,15501,,0,1,0
0.812647718794899,,0.812647718794899,,15502,,0,1,0
0.790247298461743,,0.790247298461743,,15503,,0,1,0
0.790246698993037,,0.790246698993037,,15504,,0,1,0
0.765698640353094,,0.765698640353094,,15505,,0,1,0
0.76570070564938,,0.76570070564938,,15506,,0,1,0
0.739157491094325,,0.739157491094325,,15507,,0,1,0
0.739156041677241,,0.739156041677241,,15508,,0,1,0
0.710789599744778,,0.710789599744778,,15509,,0,1,0
0.710788178413175,,0.710788178413175,,15510,,0,1,0
0.68077485208417,,0.68077485208417,,15511,,0,1,0
0.680777216784698,,0.680777216784698,,15512,,0,1,0
0.649305814515174,,0.649305814515174,,15513,,0,1,0
0.649305542821395,,0.649305542821395,,15514,,0,1,0
0.616577168374334,,0.616577168374334,,15515,,0,1,0
0.616576506479937,,0.616576506479937,,15516,,0,1,0
0.582797012159773,,0.582797012159773,,15517,,0,1,0
0.582797398264468,,0.582797398264468,,15518,,0,1,0
0.548180316502567,,0.548180316502567,,15519,,0,1,0
0.548181190248222,,0.548181190248222,,15520,,0,1,0
0.512943474760618,,0.512943474760618,,15521,,0,1,0
0.512941422141644,,0.512941422141644,,15522,,0,1,0
0.477310795080799,,0.477310795080799,,15523,,0,1,0
0.477310212715354,,0.477310212715354,,15524,,0,1,0
0.44150735405225,,0.44150735405225,,15525,,0,1,0
0.44150735405225,,0.44150735405225,,15526,,0,1,0
0.405759077173407,,0.405759077173407,,15527,,0,1,0
0.405759775201277,,0.405759775201277,,15528,,0,1,0
0.37029416985108,,0.37029416985108,,15529,,0,1,0
0.370293810791537,,0.370293810791537,,15530,,0,1,0
0.33533315463945,,0.33533315463945,,15531,,0,1,0
0.335333349890512,,0.335333349890512,,15532,,0,1,0
0.301099349903255,,0.301099349903255,,15533,,0,1,0
0.301099627427776,,0.301099627427776,,15534,,0,1,0
0.267810563571674,,0.267810563571674,,15535,,0,1,0
0.267811872243458,,0.267811872243458,,15536,,0,1,0
0.235674647354649,,0.235674647354649,,15537,,0,1,0
0.235673788003952,,0.235673788003952,,15538,,0,1,0
0.204894987818108,,0.204894987818108,,15539,,0,1,0
0.204893843145165,,0.204893843145165,,15540,,0,1,0
0.17566643176724,,0.17566643176724,,15541,,0,1,0
0.175667279680169,,0.175667279680169,,15542,,0,1,0
0.148177944626021,,0.148177944626021,,15543,,0,1,0
0.148178074417736,,0.148178074417736,,15544,,0,1,0
0.122598345399469,,0.122598345399469,,15545,,0,1,0
0.122598552001996,,0.122598552001996,,15546,,0,1,0
0.0990904796594809,,0.0990904796594809,,15547,,0,1,0
0.0990903071852429,,0.0990903071852429,,15548,,0,1,0
0.0778061261578262,,0.0778061261578262,,15549,,0,1,0
0.0778060556198241,,0.0778060556198241,,15550,,0,1,0
0.0588761622982621,,0.0588761622982621,,15551,,0,1,0
0.0588761622982621,,0.0588761622982621,,15552,,0,1,0
0.0424234779987249,,0.0424234779987249,,15553,,0,1,0
0.0424234172319586,,0.0424234172319586,,15554,,0,1,0
0.0285492204648242,,0.0285492204648242,,15555,,0,1,0
0.0285492204648242,,0.0285492204648242,,15556,,0,1,0
0.0173439264529023,,0.0173439264529023,,15557,,0,1,0
0.0173439542058422,,0.0173439542058422,,15558,,0,1,0
0.00887700862214225,,0.00887700862214225,,15559,,0,1,0
0.00887698082525745,,0.00887698082525745,,15560,,0,1,0
0.00320239581588691,,0.00320239581588691,,15561,,0,1,0
0.00320240356739554,,0.00320240356739554,,15562,,0,1,0
0.978571382845985,,0.978571382845985,,15563,,0,1,0
0.973935307615193,,0.973935307615193,,15564,,0,1,0
0.973932645604236,,0.973932645604236,,15565,,0,1,0
0.966238556954188,,0.966238556954188,,15566,,0,1,0
0.966236899784072,,0.966236899784072,,15567,,0,1,0
0.955533716284236,,0.955533716284236,,15568,,0,1,0
0.955537506608557,,0.955537506608557,,15569,,0,1,0
0.941892608233339,,0.941892608233339,,15570,,0,1,0
0.941889335916024,,0.941889335916024,,15571,,0,1,0
0.925388138980708,,0.925388138980708,,15572,,0,1,0
0.925388463333093,,0.925388463333093,,15573,,0,1,0
0.906136673938882,,0.906136673938882,,15574,,0,1,0
0.906136352978145,,0.906136352978145,,15575,,0,1,0
0.884253626566789,,0.884253626566789,,15576,,0,1,0
0.884255370405931,,0.884255370405931,,15577,,0,1,0
0.859882083000258,,0.859882083000258,,15578,,0,1,0
0.859881770338689,,0.859881770338689,,15579,,0,1,0
0.833170922797997,,0.833170922797997,,15580,,0,1,0
0.833171076681538,,0.833171076681538,,15581,,0,1,0
0.8042899463236,,0.8042899463236,,15582,,0,1,0
0.8042899463236,,0.8042899463236,,15583,,0,1,0
0.773423493719072,,0.773423493719072,,15584,,0,1,0
0.773422900665828,,0.773422900665828,,15585,,0,1,0
0.740763883020918,,0.740763883020918,,15586,,0,1,0
0.740763883020918,,0.740763883020918,,15587,,0,1,0
0.706519952651547,,0.706519952651547,,15588,,0,1,0
0.706519952651547,,0.706519952651547,,15589,,0,1,0
0.670907787540386,,0.670907787540386,,15590,,0,1,0
0.670907235187769,,0.670907235187769,,15591,,0,1,0
0.634150824488444,,0.634150824488444,,15592,,0,1,0
0.634150555984093,,0.634150555984093,,15593,,0,1,0
0.596483405734325,,0.596483405734325,,15594,,0,1,0
0.596483666142326,,0.596483666142326,,15595,,0,1,0
0.558141295698029,,0.558141295698029,,15596,,0,1,0
0.558141169748325,,0.558141169748325,,15597,,0,1,0
0.51936982858436,,0.51936982858436,,15598,,0,1,0
0.519370436066602,,0.519370436066602,,15599,,0,1,0
0.480413072899497,,0.480413072899497,,15600,,0,1,0
0.480412663921015,,0.480412663921015,,15601,,0,1,0
0.441513739193285,,0.441513739193285,,15602,,0,1,0
0.441513515152467,,0.441513515152467,,15603,,0,1,0
0.402923131324401,,0.402923131324401,,15604,,0,1,0
0.402923505869694,,0.402923505869694,,15605,,0,1,0
0.364882490357672,,0.364882490357672,,15606,,0,1,0
0.36488193025953,,0.36488193025953,,15607,,0,1,0
0.327631212175248,,0.327631212175248,,15608,,0,1,0
0.327631501668925,,0.327631501668925,,15609,,0,1,0
0.291409314670574,,0.291409314670574,,15610,,0,1,0
0.291408996144684,,0.291408996144684,,15611,,0,1,0
0.256440267285443,,0.256440267285443,,15612,,0,1,0
0.256440267285443,,0.256440267285443,,15613,,0,1,0
0.222949290614325,,0.222949290614325,,15614,,0,1,0
0.222949449819881,,0.222949449819881,,15615,,0,1,0
0.191146462750915,,0.191146462750915,,15616,,0,1,0
0.191146094216521,,0.191146094216521,,15617,,0,1,0
0.161234660158762,,0.161234660158762,,15618,,0,1,0
0.161234863242754,,0.161234863242754,,15619,,0,1,0
0.133401424010488,,0.133401424010488,,15620,,0,1,0
0.133401300860259,,0.133401300860259,,15621,,0,1,0
0.107821885417481,,0.107821885417481,,15622,,0,1,0
0.107821788541412,,0.107821788541412,,15623,,0,1,0
0.084662093150456,,0.084662093150456,,15624,,0,1,0
0.0846621789940234,,0.0846621789940234,,15625,,0,1,0
0.0640642406305165,,0.0640642406305165,,15626,,0,1,0
0.0640642406305165,,0.0640642406305165,,15627,,0,1,0
0.0461617396723568,,0.0461617396723568,,15628,,0,1,0
0.0461616853401541,,0.0461616853401541,,15629,,0,1,0
0.0310649230235739,,0.0310649230235739,,15630,,0,1,0
0.0310649230235739,,0.0310649230235739,,15631,,0,1,0
0.018872219956894,,0.018872219956894,,15632,,0,1,0
0.0188722373268195,,0.0188722373268195,,15633,,0,1,0
0.00965922187514956,,0.00965922187514956,,15634,,0,1,0
0.009659240515278,,0.009659240515278,,15635,,0,1,0
0.0034845989189827,,0.0034845989189827,,15636,,0,1,0
0.00348459394308612,,0.00348459394308612,,15637,,0,1,0
0.978567547109499,,0.978567547109499,,15638,,0,1,0
0.980116127593142,,0.980116127593142,,15639,,0,1,0
0.980116127593142,,0.980116127593142,,15640,,0,1,0
0.978567547109499,,0.978567547109499,,15641,,0,1,0
0.978571382845985,,0.978571382845985,,15642,,0,1,0
0.9739359731185,,0.9739359731185,,15643,,0,1,0
0.973932312853123,,0.973932312853123,,15644,,0,1,0
0.966238722671278,,0.966238722671278,,15645,,0,1,0
0.966236568350219,,0.966236568350219,,15646,,0,1,0
0.955532892301683,,0.955532892301683,,15647,,0,1,0
0.9555383305931,,0.9555383305931,,15648,,0,1,0
0.941893426313555,,0.941893426313555,,15649,,0,1,0
0.941888517837583,,0.941888517837583,,15650,,0,1,0
0.925388138980708,,0.925388138980708,,15651,,0,1,0
0.925388625509306,,0.925388625509306,,15652,,0,1,0
0.906136673938882,,0.906136673938882,,15653,,0,1,0
0.906136352978145,,0.906136352978145,,15654,,0,1,0
0.884253150974594,,0.884253150974594,,15655,,0,1,0
0.884256163060655,,0.884256163060655,,15656,,0,1,0
0.859882083000258,,0.859882083000258,,15657,,0,1,0
0.859881770338689,,0.859881770338689,,15658,,0,1,0
0.833170615030959,,0.833170615030959,,15659,,0,1,0
0.833171076681538,,0.833171076681538,,15660,,0,1,0
0.804289643937814,,0.804289643937814,,15661,,0,1,0
0.8042899463236,,0.8042899463236,,15662,,0,1,0
0.773423938509154,,0.773423938509154,,15663,,0,1,0
0.773422752402553,,0.773422752402553,,15664,,0,1,0
0.740763883020918,,0.740763883020918,,15665,,0,1,0
0.740763883020918,,0.740763883020918,,15666,,0,1,0
0.706519952651547,,0.706519952651547,,15667,,0,1,0
0.706519952651547,,0.706519952651547,,15668,,0,1,0
0.670907787540386,,0.670907787540386,,15669,,0,1,0
0.670907235187769,,0.670907235187769,,15670,,0,1,0
0.634151092992852,,0.634151092992852,,15671,,0,1,0
0.634150555984093,,0.634150555984093,,15672,,0,1,0
0.596483145326381,,0.596483145326381,,15673,,0,1,0
0.596483666142326,,0.596483666142326,,15674,,0,1,0
0.558141799496987,,0.558141799496987,,15675,,0,1,0
0.558140917848959,,0.558140917848959,,15676,,0,1,0
0.519368978109817,,0.519368978109817,,15677,,0,1,0
0.519371286542338,,0.519371286542338,,15678,,0,1,0
0.480413657154772,,0.480413657154772,,15679,,0,1,0
0.480412079666344,,0.480412079666344,,15680,,0,1,0
0.441513739193285,,0.441513739193285,,15681,,0,1,0
0.441513515152467,,0.441513515152467,,15682,,0,1,0
0.402922970805044,,0.402922970805044,,15683,,0,1,0
0.402923826908655,,0.402923826908655,,15684,,0,1,0
0.364882643111786,,0.364882643111786,,15685,,0,1,0
0.364881777505566,,0.364881777505566,,15686,,0,1,0
0.327631019179535,,0.327631019179535,,15687,,0,1,0
0.327631694664781,,0.327631694664781,,15688,,0,1,0
0.291409496685446,,0.291409496685446,,15689,,0,1,0
0.291408859633641,,0.291408859633641,,15690,,0,1,0
0.256440139226648,,0.256440139226648,,15691,,0,1,0
0.256440438030554,,0.256440438030554,,15692,,0,1,0
0.222949051806099,,0.222949051806099,,15693,,0,1,0
0.22294968862832,,0.22294968862832,,15694,,0,1,0
0.191146720725202,,0.191146720725202,,15695,,0,1,0
0.191145836242656,,0.191145836242656,,15696,,0,1,0
0.161234423227599,,0.161234423227599,,15697,,0,1,0
0.161234998632153,,0.161234998632153,,15698,,0,1,0
0.133401424010488,,0.133401424010488,,15699,,0,1,0
0.133401300860259,,0.133401300860259,,15700,,0,1,0
0.107821885417481,,0.107821885417481,,15701,,0,1,0
0.107821705504815,,0.107821705504815,,15702,,0,1,0
0.0846620073069322,,0.0846620073069322,,15703,,0,1,0
0.0846622525742586,,0.0846622525742586,,15704,,0,1,0
0.0640642406305165,,0.0640642406305165,,15705,,0,1,0
0.0640643153048086,,0.0640643153048086,,15706,,0,1,0
0.0461618030599671,,0.0461618030599671,,15707,,0,1,0
0.0461616853401541,,0.0461616853401541,,15708,,0,1,0
0.0310649230235739,,0.0310649230235739,,15709,,0,1,0
0.0310649230235739,,0.0310649230235739,,15710,,0,1,0
0.0188722141669206,,0.0188722141669206,,15711,,0,1,0
0.0188722373268195,,0.0188722373268195,,15712,,0,1,0
0.00965921773290124,,0.00965921773290124,,15713,,0,1,0
0.00965924258640449,,0.00965924258640449,,15714,,0,1,0
0.0034845989189827,,0.0034845989189827,,15715,,0,1,0
0.00348459394308612,,0.00348459394308612,,15716,,0,1,0
1.05793956278888,,1.05793956278888,,15717,,0,1,0
1.05292810836912,,1.05292810836912,,15718,,0,1,0
1.05292914631764,,1.05292914631764,,15719,,0,1,0
1.04461142847061,,1.04461142847061,,15720,,0,1,0
1.04461366846056,,1.04461366846056,,15721,,0,1,0
1.03304187837586,,1.03304187837586,,15722,,0,1,0
1.03303845137908,,1.03303845137908,,15723,,0,1,0
1.01828670915896,,1.01828670915896,,15724,,0,1,0
1.01828807013433,,1.01828807013433,,15725,,0,1,0
1.0004486271323,,1.0004486271323,,15726,,0,1,0
1.00045014475973,,1.00045014475973,,15727,,0,1,0
0.979636841091924,,0.979636841091924,,15728,,0,1,0
0.979637174816112,,0.979637174816112,,15729,,0,1,0
0.955978883592429,,0.955978883592429,,15730,,0,1,0
0.95597772974827,,0.95597772974827,,15731,,0,1,0
0.929627402993106,,0.929627402993106,,15732,,0,1,0
0.929626102615771,,0.929626102615771,,15733,,0,1,0
0.900747434735941,,0.900747434735941,,15734,,0,1,0
0.900748234748335,,0.900748234748335,,15735,,0,1,0
0.869524716483177,,0.869524716483177,,15736,,0,1,0
0.869524087663713,,0.869524087663713,,15737,,0,1,0
0.83615446693446,,0.83615446693446,,15738,,0,1,0
0.836155237728697,,0.836155237728697,,15739,,0,1,0
0.800847648679117,,0.800847648679117,,15740,,0,1,0
0.800847648679117,,0.800847648679117,,15741,,0,1,0
0.763825974195953,,0.763825974195953,,15742,,0,1,0
0.763825974195953,,0.763825974195953,,15743,,0,1,0
0.725325362553122,,0.725325362553122,,15744,,0,1,0
0.72532507539475,,0.72532507539475,,15745,,0,1,0
0.685587421069506,,0.685587421069506,,15746,,0,1,0
0.685587281478803,,0.685587281478803,,15747,,0,1,0
0.644864584821853,,0.644864584821853,,15748,,0,1,0
0.644864314058857,,0.644864314058857,,15749,,0,1,0
0.603412164564816,,0.603412164564816,,15750,,0,1,0
0.603412819355135,,0.603412819355135,,15751,,0,1,0
0.56149671185733,,0.56149671185733,,15752,,0,1,0
0.561496459201891,,0.561496459201891,,15753,,0,1,0
0.519379669840426,,0.519379669840426,,15754,,0,1,0
0.519379791337997,,0.519379791337997,,15755,,0,1,0
0.477325878469578,,0.477325878469578,,15756,,0,1,0
0.477325878469578,,0.477325878469578,,15757,,0,1,0
0.435605072263145,,0.435605072263145,,15758,,0,1,0
0.435604738458226,,0.435604738458226,,15759,,0,1,0
0.394478195275328,,0.394478195275328,,15760,,0,1,0
0.394478195275328,,0.394478195275328,,15761,,0,1,0
0.35420588054359,,0.35420588054359,,15762,,0,1,0
0.354205730040924,,0.354205730040924,,15763,,0,1,0
0.315045543477455,,0.315045543477455,,15764,,0,1,0
0.315045543477455,,0.315045543477455,,15765,,0,1,0
0.277240631130844,,0.277240631130844,,15766,,0,1,0
0.277240364828685,,0.277240364828685,,15767,,0,1,0
0.241032201414315,,0.241032201414315,,15768,,0,1,0
0.24103278079089,,0.24103278079089,,15769,,0,1,0
0.206650810372951,,0.206650810372951,,15770,,0,1,0
0.206650580459284,,0.206650580459284,,15771,,0,1,0
0.174312638415104,,0.174312638415104,,15772,,0,1,0
0.174312427255588,,0.174312427255588,,15773,,0,1,0
0.144221343465489,,0.144221343465489,,15774,,0,1,0
0.144221343465489,,0.144221343465489,,15775,,0,1,0
0.116567233564384,,0.116567233564384,,15776,,0,1,0
0.116567334292679,,0.116567334292679,,15777,,0,1,0
0.0915290897742764,,0.0915290897742764,,15778,,0,1,0
0.0915290897742764,,0.0915290897742764,,15779,,0,1,0
0.0692603903958116,,0.0692603903958116,,15780,,0,1,0
0.0692603903958116,,0.0692603903958116,,15781,,0,1,0
0.0499058852580632,,0.0499058852580632,,15782,,0,1,0
0.0499058852580632,,0.0499058852580632,,15783,,0,1,0
0.0335845974246323,,0.0335845974246323,,15784,,0,1,0
0.0335845974246323,,0.0335845974246323,,15785,,0,1,0
0.0204029285219455,,0.0204029285219455,,15786,,0,1,0
0.0204029285219455,,0.0204029285219455,,15787,,0,1,0
0.010442657664994,,0.010442657664994,,15788,,0,1,0
0.010442657664994,,0.010442657664994,,15789,,0,1,0
0.00376721908289257,,0.00376721908289257,,15790,,0,1,0
0.00376722619680384,,0.00376722619680384,,15791,,0,1,0
1.05794025639927,,1.05794025639927,,15792,,0,1,0
1.05961442695116,,1.05961442695116,,15793,,0,1,0
1.05961442695116,,1.05961442695116,,15794,,0,1,0
1.05794025639927,,1.05794025639927,,15795,,0,1,0
1.05793956278888,,1.05793956278888,,15796,,0,1,0
1.05292776238639,,1.05292776238639,,15797,,0,1,0
1.05292914631764,,1.05292914631764,,15798,,0,1,0
1.04461073924342,,1.04461073924342,,15799,,0,1,0
1.04461435768872,,1.04461435768872,,15800,,0,1,0
1.03304239242587,,1.03304239242587,,15801,,0,1,0
1.03303759463077,,1.03303759463077,,15802,,0,1,0
1.01828636891526,,1.01828636891526,,15803,,0,1,0
1.01828841037832,,1.01828841037832,,15804,,0,1,0
1.0004484585071,,1.0004484585071,,15805,,0,1,0
1.00045031338507,,1.00045031338507,,15806,,0,1,0
0.979636674229852,,0.979636674229852,,15807,,0,1,0
0.979637174816112,,0.979637174816112,,15808,,0,1,0
0.955979378097283,,0.955979378097283,,15809,,0,1,0
0.955977564913447,,0.955977564913447,,15810,,0,1,0
0.929628053182114,,0.929628053182114,,15811,,0,1,0
0.929625289880398,,0.929625289880398,,15812,,0,1,0
0.900747274733504,,0.900747274733504,,15813,,0,1,0
0.900748874758506,,0.900748874758506,,15814,,0,1,0
0.869524873688079,,0.869524873688079,,15815,,0,1,0
0.869523930458882,,0.869523930458882,,15816,,0,1,0
0.836154158616864,,0.836154158616864,,15817,,0,1,0
0.83615570020541,,0.83615570020541,,15818,,0,1,0
0.800847648679117,,0.800847648679117,,15819,,0,1,0
0.800847648679117,,0.800847648679117,,15820,,0,1,0
0.763826268877096,,0.763826268877096,,15821,,0,1,0
0.763825974195953,,0.763825974195953,,15822,,0,1,0
0.725325362553122,,0.725325362553122,,15823,,0,1,0
0.72532507539475,,0.72532507539475,,15824,,0,1,0
0.685587421069506,,0.685587421069506,,15825,,0,1,0
0.685587002297439,,0.685587002297439,,15826,,0,1,0
0.644864584821853,,0.644864584821853,,15827,,0,1,0
0.644864043295918,,0.644864043295918,,15828,,0,1,0
0.603411509774851,,0.603411509774851,,15829,,0,1,0
0.60341347414581,,0.60341347414581,,15830,,0,1,0
0.561496838185072,,0.561496838185072,,15831,,0,1,0
0.561496206546508,,0.561496206546508,,15832,,0,1,0
0.519379669840426,,0.519379669840426,,15833,,0,1,0
0.519379791337997,,0.519379791337997,,15834,,0,1,0
0.477325878469578,,0.477325878469578,,15835,,0,1,0
0.477325878469578,,0.477325878469578,,15836,,0,1,0
0.43560529479983,,0.43560529479983,,15837,,0,1,0
0.435604738458226,,0.435604738458226,,15838,,0,1,0
0.394478195275328,,0.394478195275328,,15839,,0,1,0
0.394478407046408,,0.394478407046408,,15840,,0,1,0
0.354206231716603,,0.354206231716603,,15841,,0,1,0
0.35420537886816,,0.35420537886816,,15842,,0,1,0
0.315045259598678,,0.315045259598678,,15843,,0,1,0
0.315045732730043,,0.315045732730043,,15844,,0,1,0
0.277240808665688,,0.277240808665688,,15845,,0,1,0
0.277240054142995,,0.277240054142995,,15846,,0,1,0
0.241031953110282,,0.241031953110282,,15847,,0,1,0
0.241033194631727,,0.241033194631727,,15848,,0,1,0
0.2066509636488,,0.2066509636488,,15849,,0,1,0
0.206650580459284,,0.206650580459284,,15850,,0,1,0
0.174312779188186,,0.174312779188186,,15851,,0,1,0
0.174312286482648,,0.174312286482648,,15852,,0,1,0
0.144221247430155,,0.144221247430155,,15853,,0,1,0
0.144221439500855,,0.144221439500855,,15854,,0,1,0
0.116567233564384,,0.116567233564384,,15855,,0,1,0
0.116567420631253,,0.116567420631253,,15856,,0,1,0
0.0915290897742764,,0.0915290897742764,,15857,,0,1,0
0.0915290897742764,,0.0915290897742764,,15858,,0,1,0
0.0692603903958116,,0.0692603903958116,,15859,,0,1,0
0.0692603903958116,,0.0692603903958116,,15860,,0,1,0
0.0499058852580632,,0.0499058852580632,,15861,,0,1,0
0.0499058852580632,,0.0499058852580632,,15862,,0,1,0
0.0335845974246323,,0.0335845974246323,,15863,,0,1,0
0.0335845433575361,,0.0335845433575361,,15864,,0,1,0
0.0204029285219455,,0.0204029285219455,,15865,,0,1,0
0.0204029285219455,,0.0204029285219455,,15866,,0,1,0
0.010442657664994,,0.010442657664994,,15867,,0,1,0
0.010442657664994,,0.010442657664994,,15868,,0,1,0
0.00376721908289257,,0.00376721908289257,,15869,,0,1,0
0.00376722749024297,,0.00376722749024297,,15870,,0,1,0
1.13693495201063,,1.13693495201063,,15871,,0,1,0
1.13154890746109,,1.13154890746109,,15872,,0,1,0
1.1315521354689,,1.1315521354689,,15873,,0,1,0
1.12261356445118,,1.12261356445118,,15874,,0,1,0
1.12261142096208,,1.12261142096208,,15875,,0,1,0
1.1101754187722,,1.1101754187722,,15876,,0,1,0
1.1101743529812,,1.1101743529812,,15877,,0,1,0
1.09432052613354,,1.09432052613354,,15878,,0,1,0
1.09432281880039,,1.09432281880039,,15879,,0,1,0
1.07515123459081,,1.07515123459081,,15880,,0,1,0
1.07514983613186,,1.07514983613186,,15881,,0,1,0
1.05278228168721,,1.05278228168721,,15882,,0,1,0
1.05278228168721,,1.05278228168721,,15883,,0,1,0
1.02735815683338,,1.02735815683338,,15884,,0,1,0
1.02735815683338,,1.02735815683338,,15885,,0,1,0
0.999040933561794,,0.999040933561794,,15886,,0,1,0
0.9990422816145,,0.9990422816145,,15887,,0,1,0
0.968007898909384,,0.968007898909384,,15888,,0,1,0
0.968007567171931,,0.968007567171931,,15889,,0,1,0
0.934452522842122,,0.934452522842122,,15890,,0,1,0
0.934451707999706,,0.934451707999706,,15891,,0,1,0
0.898589176147453,,0.898589176147453,,15892,,0,1,0
0.898589655579435,,0.898589655579435,,15893,,0,1,0
0.860646866913221,,0.860646866913221,,15894,,0,1,0
0.860646241312118,,0.860646241312118,,15895,,0,1,0
0.820860502465059,,0.820860502465059,,15896,,0,1,0
0.820859433268197,,0.820859433268197,,15897,,0,1,0
0.779482530984865,,0.779482530984865,,15898,,0,1,0
0.779483572885916,,0.779483572885916,,15899,,0,1,0
0.736780041649077,,0.736780041649077,,15900,,0,1,0
0.736780041649077,,0.736780041649077,,15901,,0,1,0
0.693016494395238,,0.693016494395238,,15902,,0,1,0
0.693016634740225,,0.693016634740225,,15903,,0,1,0
0.648468995690592,,0.648468995690592,,15904,,0,1,0
0.648468452653361,,0.648468452653361,,15905,,0,1,0
0.603422117416017,,0.603422117416017,,15906,,0,1,0
0.603422510293406,,0.603422510293406,,15907,,0,1,0
0.558161447833704,,0.558161447833704,,15908,,0,1,0
0.558161447833704,,0.558161447833704,,15909,,0,1,0
0.512967261291813,,0.512967261291813,,15910,,0,1,0
0.512966778311075,,0.512966778311075,,15911,,0,1,0
0.468130289693363,,0.468130289693363,,15912,,0,1,0
0.468130520388542,,0.468130520388542,,15913,,0,1,0
0.423933164573514,,0.423933164573514,,15914,,0,1,0
0.423933384108553,,0.423933384108553,,15915,,0,1,0
0.380654494098536,,0.380654494098536,,15916,,0,1,0
0.380654494098536,,0.380654494098536,,15917,,0,1,0
0.338570038765214,,0.338570038765214,,15918,,0,1,0
0.338569695430834,,0.338569695430834,,15919,,0,1,0
0.297941995437469,,0.297941995437469,,15920,,0,1,0
0.29794213347026,,0.29794213347026,,15921,,0,1,0
0.259030103685546,,0.259030103685546,,15922,,0,1,0
0.259029974981731,,0.259029974981731,,15923,,0,1,0
0.222080716838493,,0.222080716838493,,15924,,0,1,0
0.222080716838493,,0.222080716838493,,15925,,0,1,0
0.187328319327662,,0.187328319327662,,15926,,0,1,0
0.18732842877826,,0.18732842877826,,15927,,0,1,0
0.154990291942802,,0.154990291942802,,15928,,0,1,0
0.154990192386551,,0.154990192386551,,15929,,0,1,0
0.12527113939136,,0.12527113939136,,15930,,0,1,0
0.12527113939136,,0.12527113939136,,15931,,0,1,0
0.0983633401095969,,0.0983633401095969,,15932,,0,1,0
0.0983634194205334,,0.0983634194205334,,15933,,0,1,0
0.0744320092629498,,0.0744320092629498,,15934,,0,1,0
0.0744319287727695,,0.0744319287727695,,15935,,0,1,0
0.0536322489845813,,0.0536322489845813,,15936,,0,1,0
0.053632317309054,,0.053632317309054,,15937,,0,1,0
0.0360923189550704,,0.0360923189550704,,15938,,0,1,0
0.0360923750044368,,0.0360923750044368,,15939,,0,1,0
0.0219264418986943,,0.0219264418986943,,15940,,0,1,0
0.0219264418986943,,0.0219264418986943,,15941,,0,1,0
0.0112224357495916,,0.0112224357495916,,15942,,0,1,0
0.0112224290522899,,0.0112224290522899,,15943,,0,1,0
0.00404852390032506,,0.00404852390032506,,15944,,0,1,0
0.00404851317345145,,0.00404851317345145,,15945,,0,1,0
1.1369360305705,,1.1369360305705,,15946,,0,1,0
1.13873542074607,,1.13873542074607,,15947,,0,1,0
1.13873542074607,,1.13873542074607,,15948,,0,1,0
1.13693639009058,,1.13693639009058,,15949,,0,1,0
1.13693495201063,,1.13693495201063,,15950,,0,1,0
1.13154854879384,,1.13154854879384,,15951,,0,1,0
1.1315528528046,,1.1315528528046,,15952,,0,1,0
1.12261410032377,,1.12261410032377,,15953,,0,1,0
1.12261124233808,,1.12261124233808,,15954,,0,1,0
1.11017612929982,,1.11017612929982,,15955,,0,1,0
1.11017399771765,,1.11017399771765,,15956,,0,1,0
1.09431982069808,,1.09431982069808,,15957,,0,1,0
1.09432334787769,,1.09432334787769,,15958,,0,1,0
1.07515210862812,,1.07515210862812,,15959,,0,1,0
1.07514931170999,,1.07514931170999,,15960,,0,1,0
1.05278228168721,,1.05278228168721,,15961,,0,1,0
1.05278228168721,,1.05278228168721,,15962,,0,1,0
1.02735815683338,,1.02735815683338,,15963,,0,1,0
1.02735815683338,,1.02735815683338,,15964,,0,1,0
0.999040091029315,,0.999040091029315,,15965,,0,1,0
0.999043124147903,,0.999043124147903,,15966,,0,1,0
0.968008064778132,,0.968008064778132,,15967,,0,1,0
0.968007235434534,,0.968007235434534,,15968,,0,1,0
0.934453337684893,,0.934453337684893,,15969,,0,1,0
0.934451056126029,,0.934451056126029,,15970,,0,1,0
0.898588696715599,,0.898588696715599,,15971,,0,1,0
0.898590454633023,,0.898590454633023,,15972,,0,1,0
0.860646866913221,,0.860646866913221,,15973,,0,1,0
0.860646241312118,,0.860646241312118,,15974,,0,1,0
0.820861724405184,,0.820861724405184,,15975,,0,1,0
0.820858211329778,,0.820858211329778,,15976,,0,1,0
0.779481191398823,,0.779481191398823,,15977,,0,1,0
0.779484763630826,,0.779484763630826,,15978,,0,1,0
0.736780041649077,,0.736780041649077,,15979,,0,1,0
0.736780041649077,,0.736780041649077,,15980,,0,1,0
0.693016213705306,,0.693016213705306,,15981,,0,1,0
0.693016915430242,,0.693016915430242,,15982,,0,1,0
0.648469674487451,,0.648469674487451,,15983,,0,1,0
0.648468045375587,,0.648468045375587,,15984,,0,1,0
0.603421462620652,,0.603421462620652,,15985,,0,1,0
0.603423165089339,,0.603423165089339,,15986,,0,1,0
0.558161447833704,,0.558161447833704,,15987,,0,1,0
0.558161447833704,,0.558161447833704,,15988,,0,1,0
0.512967623527516,,0.512967623527516,,15989,,0,1,0
0.512966174585472,,0.512966174585472,,15990,,0,1,0
0.468130289693363,,0.468130289693363,,15991,,0,1,0
0.468130520388542,,0.468130520388542,,15992,,0,1,0
0.423932835271062,,0.423932835271062,,15993,,0,1,0
0.423933548759869,,0.423933548759869,,15994,,0,1,0
0.380654286071149,,0.380654286071149,,15995,,0,1,0
0.380654494098536,,0.380654494098536,,15996,,0,1,0
0.338570333051964,,0.338570333051964,,15997,,0,1,0
0.338569352096629,,0.338569352096629,,15998,,0,1,0
0.297941535328398,,0.297941535328398,,15999,,0,1,0
0.297942271503082,,0.297942271503082,,16000,,0,1,0
0.259030232389394,,0.259030232389394,,16001,,0,1,0
0.259029674672952,,0.259029674672952,,16002,,0,1,0
0.22208059766718,,0.22208059766718,,16003,,0,1,0
0.222080875733626,,0.222080875733626,,16004,,0,1,0
0.187328319327662,,0.187328319327662,,16005,,0,1,0
0.18732842877826,,0.18732842877826,,16006,,0,1,0
0.154990291942802,,0.154990291942802,,16007,,0,1,0
0.154990192386551,,0.154990192386551,,16008,,0,1,0
0.12527113939136,,0.12527113939136,,16009,,0,1,0
0.12527113939136,,0.12527113939136,,16010,,0,1,0
0.0983633401095969,,0.0983633401095969,,16011,,0,1,0
0.0983634194205334,,0.0983634194205334,,16012,,0,1,0
0.0744320092629498,,0.0744320092629498,,16013,,0,1,0
0.0744319287727695,,0.0744319287727695,,16014,,0,1,0
0.0536322489845813,,0.0536322489845813,,16015,,0,1,0
0.053632317309054,,0.053632317309054,,16016,,0,1,0
0.0360923189550704,,0.0360923189550704,,16017,,0,1,0
0.0360923750044368,,0.0360923750044368,,16018,,0,1,0
0.0219264418986943,,0.0219264418986943,,16019,,0,1,0
0.0219264418986943,,0.0219264418986943,,16020,,0,1,0
0.0112224357495916,,0.0112224357495916,,16021,,0,1,0
0.0112224290522899,,0.0112224290522899,,16022,,0,1,0
0.00404852390032506,,0.00404852390032506,,16023,,0,1,0
0.00404851317345145,,0.00404851317345145,,16024,,0,1,0
1.21505802860727,,1.21505802860727,,16025,,0,1,0
1.20930198439886,,1.20930198439886,,16026,,0,1,0
1.20929827654897,,1.20929827654897,,16027,,0,1,0
1.19974504072236,,1.19974504072236,,16028,,0,1,0
1.19974688730924,,1.19974688730924,,16029,,0,1,0
1.18645762422491,,1.18645762422491,,16030,,0,1,0
1.18645707332536,,1.18645707332536,,16031,,0,1,0
1.1695132052231,,1.1695132052231,,16032,,0,1,0
1.16951192900299,,1.16951192900299,,16033,,0,1,0
1.14902377533929,,1.14902377533929,,16034,,0,1,0
1.14902467890491,,1.14902467890491,,16035,,0,1,0
1.12511998734909,,1.12511998734909,,16036,,0,1,0
1.12512123911372,,1.12512123911372,,16037,,0,1,0
1.09795035184107,,1.09795035184107,,16038,,0,1,0
1.09794911528343,,1.09794911528343,,16039,,0,1,0
1.06768458318016,,1.06768458318016,,16040,,0,1,0
1.06768545417719,,1.06768545417719,,16041,,0,1,0
1.03451910023438,,1.03451910023438,,16042,,0,1,0
1.03451910023438,,1.03451910023438,,16043,,0,1,0
0.998658965771966,,0.998658965771966,,16044,,0,1,0
0.998659808143721,,0.998659808143721,,16045,,0,1,0
0.960332999785464,,0.960332999785464,,16046,,0,1,0
0.960331347687344,,0.960331347687344,,16047,,0,1,0
0.919779690597984,,0.919779690597984,,16048,,0,1,0
0.919780337334039,,0.919780337334039,,16049,,0,1,0
0.877262975176592,,0.877262975176592,,16050,,0,1,0
0.877264080496964,,0.877264080496964,,16051,,0,1,0
0.833043819847212,,0.833043819847212,,16052,,0,1,0
0.833042896616696,,0.833042896616696,,16053,,0,1,0
0.787403882601218,,0.787403882601218,,16054,,0,1,0
0.787403882601218,,0.787403882601218,,16055,,0,1,0
0.740633879848247,,0.740633879848247,,16056,,0,1,0
0.74063329950252,,0.74063329950252,,16057,,0,1,0
0.693024915119622,,0.693024915119622,,16058,,0,1,0
0.693025616848963,,0.693025616848963,,16059,,0,1,0
0.644884079906952,,0.644884079906952,,16060,,0,1,0
0.64488367375634,,0.64488367375634,,16061,,0,1,0
0.596512181162325,,0.596512181162325,,16062,,0,1,0
0.596512181162325,,0.596512181162325,,16063,,0,1,0
0.548213768976098,,0.548213768976098,,16064,,0,1,0
0.548214018625259,,0.548214018625259,,16065,,0,1,0
0.500296636696021,,0.500296636696021,,16066,,0,1,0
0.500296875185342,,0.500296875185342,,16067,,0,1,0
0.453062313653591,,0.453062313653591,,16068,,0,1,0
0.453061973225617,,0.453061973225617,,16069,,0,1,0
0.40680921335843,,0.40680921335843,,16070,,0,1,0
0.40680921335843,,0.40680921335843,,16071,,0,1,0
0.361833651180278,,0.361833651180278,,16072,,0,1,0
0.361833651180278,,0.361833651180278,,16073,,0,1,0
0.318414111560601,,0.318414111560601,,16074,,0,1,0
0.318414301822274,,0.318414301822274,,16075,,0,1,0
0.276828992037849,,0.276828992037849,,16076,,0,1,0
0.276828548530609,,0.276828548530609,,16077,,0,1,0
0.237340261332408,,0.237340261332408,,16078,,0,1,0
0.237340097069039,,0.237340097069039,,16079,,0,1,0
0.200199805114501,,0.200199805114501,,16080,,0,1,0
0.200199805114501,,0.200199805114501,,16081,,0,1,0
0.165639821926122,,0.165639821926122,,16082,,0,1,0
0.165639821926122,,0.165639821926122,,16083,,0,1,0
0.133878811288996,,0.133878811288996,,16084,,0,1,0
0.133878903816822,,0.133878903816822,,16085,,0,1,0
0.105122219773151,,0.105122219773151,,16086,,0,1,0
0.105122124117571,,0.105122124117571,,16087,,0,1,0
0.0795463288706362,,0.0795463288706362,,16088,,0,1,0
0.0795464001931308,,0.0795464001931308,,16089,,0,1,0
0.0573174656794055,,0.0573174656794055,,16090,,0,1,0
0.0573174656794055,,0.0573174656794055,,16091,,0,1,0
0.0385722540503952,,0.0385722540503952,,16092,,0,1,0
0.0385722540503952,,0.0385722540503952,,16093,,0,1,0
0.0234330085090005,,0.0234330085090005,,16094,,0,1,0
0.0234330085090005,,0.0234330085090005,,16095,,0,1,0
0.0119935313481716,,0.0119935313481716,,16096,,0,1,0
0.011993519808896,,0.011993519808896,,16097,,0,1,0
0.00432669491049076,,0.00432669491049076,,16098,,0,1,0
0.00432669698973046,,0.00432669698973046,,16099,,0,1,0
1.21505505527583,,1.21505505527583,,16100,,0,1,0
1.21697788716961,,1.21697788716961,,16101,,0,1,0
1.21697788716961,,1.21697788716961,,16102,,0,1,0
1.21505505527583,,1.21505505527583,,16103,,0,1,0
1.21505802860727,,1.21505802860727,,16104,,0,1,0
1.20930198439886,,1.20930198439886,,16105,,0,1,0
1.20929809115663,,1.20929809115663,,16106,,0,1,0
1.19974485606375,,1.19974485606375,,16107,,0,1,0
1.19974762594439,,1.19974762594439,,16108,,0,1,0
1.18645762422491,,1.18645762422491,,16109,,0,1,0
1.18645670605907,,1.18645670605907,,16110,,0,1,0
1.16951356985755,,1.16951356985755,,16111,,0,1,0
1.16951138205173,,1.16951138205173,,16112,,0,1,0
1.14902305248706,,1.14902305248706,,16113,,0,1,0
1.14902467890491,,1.14902467890491,,16114,,0,1,0
1.12511962970218,,1.12511962970218,,16115,,0,1,0
1.1251214179373,,1.1251214179373,,16116,,0,1,0
1.09795105844575,,1.09795105844575,,16117,,0,1,0
1.09794823202839,,1.09794823202839,,16118,,0,1,0
1.06768371218348,,1.06768371218348,,16119,,0,1,0
1.06768562837664,,1.06768562837664,,16120,,0,1,0
1.03451910023438,,1.03451910023438,,16121,,0,1,0
1.0345185858171,,1.0345185858171,,16122,,0,1,0
0.998658123400567,,0.998658123400567,,16123,,0,1,0
0.998660650515831,,0.998660650515831,,16124,,0,1,0
0.960334817095038,,0.960334817095038,,16125,,0,1,0
0.960329695590644,,0.960329695590644,,16126,,0,1,0
0.919778882178235,,0.919778882178235,,16127,,0,1,0
0.919781307438548,,0.919781307438548,,16128,,0,1,0
0.877261869856916,,0.877261869856916,,16129,,0,1,0
0.87726502791498,,0.87726502791498,,16130,,0,1,0
0.833045204693946,,0.833045204693946,,16131,,0,1,0
0.833041511771881,,0.833041511771881,,16132,,0,1,0
0.787403284211969,,0.787403284211969,,16133,,0,1,0
0.787404331393304,,0.787404331393304,,16134,,0,1,0
0.740634024934714,,0.740634024934714,,16135,,0,1,0
0.740633154416123,,0.740633154416123,,16136,,0,1,0
0.693024213390636,,0.693024213390636,,16137,,0,1,0
0.69302631857866,,0.69302631857866,,16138,,0,1,0
0.644884486057691,,0.644884486057691,,16139,,0,1,0
0.64488313222239,,0.64488313222239,,16140,,0,1,0
0.596511790541008,,0.596511790541008,,16141,,0,1,0
0.596512832198137,,0.596512832198137,,16142,,0,1,0
0.548213768976098,,0.548213768976098,,16143,,0,1,0
0.548214268274478,,0.548214268274478,,16144,,0,1,0
0.500296636696021,,0.500296636696021,,16145,,0,1,0
0.500296875185342,,0.500296875185342,,16146,,0,1,0
0.453062540605645,,0.453062540605645,,16147,,0,1,0
0.453061746273706,,0.453061746273706,,16148,,0,1,0
0.406808837011454,,0.406808837011454,,16149,,0,1,0
0.406809374650045,,0.406809374650045,,16150,,0,1,0
0.361833499065717,,0.361833499065717,,16151,,0,1,0
0.361833853999743,,0.361833853999743,,16152,,0,1,0
0.318413968864384,,0.318413968864384,,16153,,0,1,0
0.318414444518567,,0.318414444518567,,16154,,0,1,0
0.276829302493129,,0.276829302493129,,16155,,0,1,0
0.276828282426436,,0.276828282426436,,16156,,0,1,0
0.237340261332408,,0.237340261332408,,16157,,0,1,0
0.237340097069039,,0.237340097069039,,16158,,0,1,0
0.200199805114501,,0.200199805114501,,16159,,0,1,0
0.200199805114501,,0.200199805114501,,16160,,0,1,0
0.165639821926122,,0.165639821926122,,16161,,0,1,0
0.165639959152488,,0.165639959152488,,16162,,0,1,0
0.133878687918612,,0.133878687918612,,16163,,0,1,0
0.133878996344679,,0.133878996344679,,16164,,0,1,0
0.105122315428774,,0.105122315428774,,16165,,0,1,0
0.105122042127109,,0.105122042127109,,16166,,0,1,0
0.0795462456610996,,0.0795462456610996,,16167,,0,1,0
0.0795464001931308,,0.0795464001931308,,16168,,0,1,0
0.0573174656794055,,0.0573174656794055,,16169,,0,1,0
0.0573174656794055,,0.0573174656794055,,16170,,0,1,0
0.0385723119933741,,0.0385723119933741,,16171,,0,1,0
0.0385722540503952,,0.0385722540503952,,16172,,0,1,0
0.0234330085090005,,0.0234330085090005,,16173,,0,1,0
0.0234330504455489,,0.0234330504455489,,16174,,0,1,0
0.0119935359638834,,0.0119935359638834,,16175,,0,1,0
0.0119935175010415,,0.0119935175010415,,16176,,0,1,0
0.00432669491049076,,0.00432669491049076,,16177,,0,1,0
0.00432669698973046,,0.00432669698973046,,16178,,0,1,0
1.29180462634395,,1.29180462634395,,16179,,0,1,0
1.2856850857909,,1.2856850857909,,16180,,0,1,0
1.28568661505508,,1.28568661505508,,16181,,0,1,0
1.27552968961613,,1.27552968961613,,16182,,0,1,0
1.27552816640452,,1.27552816640452,,16183,,0,1,0
1.26139898295782,,1.26139898295782,,16184,,0,1,0
1.26140314852723,,1.26140314852723,,16185,,0,1,0
1.24338971448146,,1.24338971448146,,16186,,0,1,0
1.24338839857003,,1.24338839857003,,16187,,0,1,0
1.22160481170113,,1.22160481170113,,16188,,0,1,0
1.22160369370161,,1.22160369370161,,16189,,0,1,0
1.19618801695313,,1.19618801695313,,16190,,0,1,0
1.19618838572251,,1.19618838572251,,16191,,0,1,0
1.16730237866563,,1.16730237866563,,16192,,0,1,0
1.16730438225932,,1.16730438225932,,16193,,0,1,0
1.13512818422717,,1.13512818422717,,16194,,0,1,0
1.13512602882363,,1.13512602882363,,16195,,0,1,0
1.09986378667853,,1.09986378667853,,16196,,0,1,0
1.0998648475088,,1.0998648475088,,16197,,0,1,0
1.06174013945094,,1.06174013945094,,16198,,0,1,0
1.06173927088233,,1.06173927088233,,16199,,0,1,0
1.0209922507018,,1.0209922507018,,16200,,0,1,0
1.02099327278837,,1.02099327278837,,16201,,0,1,0
0.977880737961215,,0.977880737961215,,16202,,0,1,0
0.977879904399124,,0.977879904399124,,16203,,0,1,0
0.932673916728113,,0.932673916728113,,16204,,0,1,0
0.932674567981628,,0.932674567981628,,16205,,0,1,0
0.885663367860452,,0.885663367860452,,16206,,0,1,0
0.885663685174627,,0.885663685174627,,16207,,0,1,0
0.837141374369168,,0.837141374369168,,16208,,0,1,0
0.837140911619947,,0.837140911619947,,16209,,0,1,0
0.787416299229449,,0.787416299229449,,16210,,0,1,0
0.787416897623643,,0.787416897623643,,16211,,0,1,0
0.736801313951247,,0.736801313951247,,16212,,0,1,0
0.736800879819562,,0.736800879819562,,16213,,0,1,0
0.685617991775899,,0.685617991775899,,16214,,0,1,0
0.685617991775899,,0.685617991775899,,16215,,0,1,0
0.63419069801558,,0.63419069801558,,16216,,0,1,0
0.634190966528429,,0.634190966528429,,16217,,0,1,0
0.582841543744507,,0.582841543744507,,16218,,0,1,0
0.582841543744507,,0.582841543744507,,16219,,0,1,0
0.531897493446884,,0.531897493446884,,16220,,0,1,0
0.531897493446884,,0.531897493446884,,16221,,0,1,0
0.481679929351031,,0.481679929351031,,16222,,0,1,0
0.481680163361034,,0.481680163361034,,16223,,0,1,0
0.432505828799499,,0.432505828799499,,16224,,0,1,0
0.43250521900484,,0.43250521900484,,16225,,0,1,0
0.384688165923308,,0.384688165923308,,16226,,0,1,0
0.384688322768357,,0.384688322768357,,16227,,0,1,0
0.338526240513382,,0.338526240513382,,16228,,0,1,0
0.338526093379572,,0.338526093379572,,16229,,0,1,0
0.294314331558214,,0.294314331558214,,16230,,0,1,0
0.294314514478076,,0.294314514478076,,16231,,0,1,0
0.252332079443052,,0.252332079443052,,16232,,0,1,0
0.252331825385285,,0.252331825385285,,16233,,0,1,0
0.212845362058333,,0.212845362058333,,16234,,0,1,0
0.212845517614513,,0.212845517614513,,16235,,0,1,0
0.176102741048403,,0.176102741048403,,16236,,0,1,0
0.17610259955439,,0.17610259955439,,16237,,0,1,0
0.142335238117413,,0.142335238117413,,16238,,0,1,0
0.142335015505097,,0.142335015505097,,16239,,0,1,0
0.111762065373215,,0.111762065373215,,16240,,0,1,0
0.111762164003537,,0.111762164003537,,16241,,0,1,0
0.0845708537932683,,0.0845708537932683,,16242,,0,1,0
0.0845708537932683,,0.0845708537932683,,16243,,0,1,0
0.0609379205943998,,0.0609379205943998,,16244,,0,1,0
0.0609379934238601,,0.0609379934238601,,16245,,0,1,0
0.0410087558843348,,0.0410087558843348,,16246,,0,1,0
0.0410087558843348,,0.0410087558843348,,16247,,0,1,0
0.0249131829839655,,0.0249131829839655,,16248,,0,1,0
0.0249131829839655,,0.0249131829839655,,16249,,0,1,0
0.0127511036476347,,0.0127511036476347,,16250,,0,1,0
0.0127511036476347,,0.0127511036476347,,16251,,0,1,0
0.00459999484134291,,0.00459999484134291,,16252,,0,1,0
0.00459999341207465,,0.00459999341207465,,16253,,0,1,0
1.29180730891836,,1.29180730891836,,16254,,0,1,0
1.29385166502516,,1.29385166502516,,16255,,0,1,0
1.29385166502516,,1.29385166502516,,16256,,0,1,0
1.29180730891836,,1.29180730891836,,16257,,0,1,0
1.29180462634395,,1.29180462634395,,16258,,0,1,0
1.2856850857909,,1.2856850857909,,16259,,0,1,0
1.28568699737127,,1.28568699737127,,16260,,0,1,0
1.27553007041917,,1.27553007041917,,16261,,0,1,0
1.27552778560176,,1.27552778560176,,16262,,0,1,0
1.26139803623846,,1.26139803623846,,16263,,0,1,0
1.26140371655995,,1.26140371655995,,16264,,0,1,0
1.24339046643116,,1.24339046643116,,16265,,0,1,0
1.24338821058274,,1.24338821058274,,16266,,0,1,0
1.22160555703442,,1.22160555703442,,16267,,0,1,0
1.22160332103522,,1.22160332103522,,16268,,0,1,0
1.19618801695313,,1.19618801695313,,16269,,0,1,0
1.19618838572251,,1.19618838572251,,16270,,0,1,0
1.16730128579707,,1.16730128579707,,16271,,0,1,0
1.16730547512933,,1.16730547512933,,16272,,0,1,0
1.13512998039835,,1.13512998039835,,16273,,0,1,0
1.13512423265558,,1.13512423265558,,16274,,0,1,0
1.09986254904386,,1.09986254904386,,16275,,0,1,0
1.09986608514476,,1.09986608514476,,16276,,0,1,0
1.06174135544759,,1.06174135544759,,16277,,0,1,0
1.06173805488687,,1.06173805488687,,16278,,0,1,0
1.02099071757291,,1.02099071757291,,16279,,0,1,0
1.02099480591917,,1.02099480591917,,16280,,0,1,0
0.977882071661298,,0.977882071661298,,16281,,0,1,0
0.977877903851557,,0.977877903851557,,16282,,0,1,0
0.932672939848267,,0.932672939848267,,16283,,0,1,0
0.932675382048842,,0.932675382048842,,16284,,0,1,0
0.885663050546334,,0.885663050546334,,16285,,0,1,0
0.885663843831736,,0.885663843831736,,16286,,0,1,0
0.837141991368327,,0.837141991368327,,16287,,0,1,0
0.837140140371531,,0.837140140371531,,16288,,0,1,0
0.787415401638583,,0.787415401638583,,16289,,0,1,0
0.787417944814031,,0.787417944814031,,16290,,0,1,0
0.73680261634707,,0.73680261634707,,16291,,0,1,0
0.736799866846127,,0.736799866846127,,16292,,0,1,0
0.685617991775899,,0.685617991775899,,16293,,0,1,0
0.685617991775899,,0.685617991775899,,16294,,0,1,0
0.634190429502787,,0.634190429502787,,16295,,0,1,0
0.634190966528429,,0.634190966528429,,16296,,0,1,0
0.582841543744507,,0.582841543744507,,16297,,0,1,0
0.582841543744507,,0.582841543744507,,16298,,0,1,0
0.531897370493908,,0.531897370493908,,16299,,0,1,0
0.531897985258929,,0.531897985258929,,16300,,0,1,0
0.481679753843567,,0.481679753843567,,16301,,0,1,0
0.481680572878675,,0.481680572878675,,16302,,0,1,0
0.432506383158653,,0.432506383158653,,16303,,0,1,0
0.432504664646432,,0.432504664646432,,16304,,0,1,0
0.384688009078291,,0.384688009078291,,16305,,0,1,0
0.384688688740262,,0.384688688740262,,16306,,0,1,0
0.338526436691843,,0.338526436691843,,16307,,0,1,0
0.33852589720121,,0.33852589720121,,16308,,0,1,0
0.294314011448591,,0.294314011448591,,16309,,0,1,0
0.294314788857976,,0.294314788857976,,16310,,0,1,0
0.252332248814968,,0.252332248814968,,16311,,0,1,0
0.252331656013512,,0.252331656013512,,16312,,0,1,0
0.212845128724171,,0.212845128724171,,16313,,0,1,0
0.212845750948889,,0.212845750948889,,16314,,0,1,0
0.176102741048403,,0.176102741048403,,16315,,0,1,0
0.17610259955439,,0.17610259955439,,16316,,0,1,0
0.142335333522745,,0.142335333522745,,16317,,0,1,0
0.142335015505097,,0.142335015505097,,16318,,0,1,0
0.111761980832974,,0.111761980832974,,16319,,0,1,0
0.111762164003537,,0.111762164003537,,16320,,0,1,0
0.0845708537932683,,0.0845708537932683,,16321,,0,1,0
0.0845709273338073,,0.0845709273338073,,16322,,0,1,0
0.0609379205943998,,0.0609379205943998,,16323,,0,1,0
0.0609379934238601,,0.0609379934238601,,16324,,0,1,0
0.0410087558843348,,0.0410087558843348,,16325,,0,1,0
0.0410086961393734,,0.0410086961393734,,16326,,0,1,0
0.0249131829839655,,0.0249131829839655,,16327,,0,1,0
0.0249131829839655,,0.0249131829839655,,16328,,0,1,0
0.0127511036476347,,0.0127511036476347,,16329,,0,1,0
0.0127511036476347,,0.0127511036476347,,16330,,0,1,0
0.00459999484134291,,0.00459999484134291,,16331,,0,1,0
0.00459999341207465,,0.00459999341207465,,16332,,0,1,0
1.36670170510672,,1.36670170510672,,16333,,0,1,0
1.36022753372356,,1.36022753372356,,16334,,0,1,0
1.36022556750984,,1.36022556750984,,16335,,0,1,0
1.34948008767726,,1.34948008767726,,16336,,0,1,0
1.34948263363913,,1.34948263363913,,16337,,0,1,0
1.33453382841981,,1.33453382841981,,16338,,0,1,0
1.33453090708784,,1.33453090708784,,16339,,0,1,0
1.31547387014428,,1.31547387014428,,16340,,0,1,0
1.31547483694351,,1.31547483694351,,16341,,0,1,0
1.29242974146201,,1.29242974146201,,16342,,0,1,0
1.29243031643821,,1.29243031643821,,16343,,0,1,0
1.26554162583059,,1.26554162583059,,16344,,0,1,0
1.26554124652148,,1.26554124652148,,16345,,0,1,0
1.23497895504272,,1.23497895504272,,16346,,0,1,0
1.23497801829036,,1.23497801829036,,16347,,0,1,0
1.20093786241006,,1.20093786241006,,16348,,0,1,0
1.2009384166613,,1.2009384166613,,16349,,0,1,0
1.16363104497908,,1.16363104497908,,16350,,0,1,0
1.16363068126282,,1.16363068126282,,16351,,0,1,0
1.12329690588422,,1.12329690588422,,16352,,0,1,0
1.12329762059846,,1.12329762059846,,16353,,0,1,0
1.08018685112302,,1.08018685112302,,16354,,0,1,0
1.08018597504162,,1.08018597504162,,16355,,0,1,0
1.03457465805423,,1.03457465805423,,16356,,0,1,0
1.03457585839396,,1.03457585839396,,16357,,0,1,0
0.986749519510795,,0.986749519510795,,16358,,0,1,0
0.986749017110647,,0.986749017110647,,16359,,0,1,0
0.937010758512208,,0.937010758512208,,16360,,0,1,0
0.93701092170366,,0.93701092170366,,16361,,0,1,0
0.885677488396254,,0.885677488396254,,16362,,0,1,0
0.885677171079607,,0.885677171079607,,16363,,0,1,0
0.833068593390436,,0.833068593390436,,16364,,0,1,0
0.833067824020198,,0.833067824020198,,16365,,0,1,0
0.779517658318582,,0.779517658318582,,16366,,0,1,0
0.779518402550316,,0.779518402550316,,16367,,0,1,0
0.725369585620797,,0.725369585620797,,16368,,0,1,0
0.725369442037227,,0.725369442037227,,16369,,0,1,0
0.670959847795139,,0.670959847795139,,16370,,0,1,0
0.670959847795139,,0.670959847795139,,16371,,0,1,0
0.616633298311655,,0.616633298311655,,16372,,0,1,0
0.616633563081564,,0.616633563081564,,16373,,0,1,0
0.562736417792735,,0.562736417792735,,16374,,0,1,0
0.562735911924392,,0.562735911924392,,16375,,0,1,0
0.509605926368017,,0.509605926368017,,16376,,0,1,0
0.509605685670131,,0.509605685670131,,16377,,0,1,0
0.457580790952791,,0.457580790952791,,16378,,0,1,0
0.457581019033755,,0.457581019033755,,16379,,0,1,0
0.406991439503173,,0.406991439503173,,16380,,0,1,0
0.406991600830908,,0.406991600830908,,16381,,0,1,0
0.358153467027281,,0.358153467027281,,16382,,0,1,0
0.358153668812678,,0.358153668812678,,16383,,0,1,0
0.311378249468193,,0.311378249468193,,16384,,0,1,0
0.311378061320385,,0.311378061320385,,16385,,0,1,0
0.266961692238404,,0.266961692238404,,16386,,0,1,0
0.266961822897871,,0.266961822897871,,16387,,0,1,0
0.225185858669825,,0.225185858669825,,16388,,0,1,0
0.225185858669825,,0.225185858669825,,16389,,0,1,0
0.186312757645403,,0.186312757645403,,16390,,0,1,0
0.186312648491922,,0.186312648491922,,16391,,0,1,0
0.150587411598524,,0.150587411598524,,16392,,0,1,0
0.150587542441231,,0.150587542441231,,16393,,0,1,0
0.118241898882319,,0.118241898882319,,16394,,0,1,0
0.118241898882319,,0.118241898882319,,16395,,0,1,0
0.0894740592212568,,0.0894740592212568,,16396,,0,1,0
0.0894739709718877,,0.0894739709718877,,16397,,0,1,0
0.0644708771943669,,0.0644708771943669,,16398,,0,1,0
0.0644708771943669,,0.0644708771943669,,16399,,0,1,0
0.0433862688832147,,0.0433862688832147,,16400,,0,1,0
0.0433862688832147,,0.0433862688832147,,16401,,0,1,0
0.0263575764736572,,0.0263575764736572,,16402,,0,1,0
0.0263575764736572,,0.0263575764736572,,16403,,0,1,0
0.0134903727373504,,0.0134903727373504,,16404,,0,1,0
0.0134903727373504,,0.0134903727373504,,16405,,0,1,0
0.00486669047856439,,0.00486669047856439,,16406,,0,1,0
0.00486669488891714,,0.00486669488891714,,16407,,0,1,0
1.36670150801792,,1.36670150801792,,16408,,0,1,0
1.36886422992859,,1.36886422992859,,16409,,0,1,0
1.36886422992859,,1.36886422992859,,16410,,0,1,0
1.36670150801792,,1.36670150801792,,16411,,0,1,0
1.36670249346207,,1.36670249346207,,16412,,0,1,0
1.36022792696647,,1.36022792696647,,16413,,0,1,0
1.36022517426727,,1.36022517426727,,16414,,0,1,0
1.34947930430486,,1.34947930430486,,16415,,0,1,0
1.34948322116913,,1.34948322116913,,16416,,0,1,0
1.33453460744222,,1.33453460744222,,16417,,0,1,0
1.33453032282183,,1.33453032282183,,16418,,0,1,0
1.31547348342469,,1.31547348342469,,16419,,0,1,0
1.31547541702322,,1.31547541702322,,16420,,0,1,0
1.29242935814461,,1.29242935814461,,16421,,0,1,0
1.29243031643821,,1.29243031643821,,16422,,0,1,0
1.26554181548517,,1.26554181548517,,16423,,0,1,0
1.26554086721242,,1.26554086721242,,16424,,0,1,0
1.23497970444487,,1.23497970444487,,16425,,0,1,0
1.23497745623911,,1.23497745623911,,16426,,0,1,0
1.20093730815896,,1.20093730815896,,16427,,0,1,0
1.20093915566315,,1.20093915566315,,16428,,0,1,0
1.16363104497908,,1.16363104497908,,16429,,0,1,0
1.16363068126282,,1.16363068126282,,16430,,0,1,0
1.12329636984868,,1.12329636984868,,16431,,0,1,0
1.12329779927706,,1.12329779927706,,16432,,0,1,0
1.08018772720477,,1.08018772720477,,16433,,0,1,0
1.08018509896058,,1.08018509896058,,16434,,0,1,0
1.03457328623825,,1.03457328623825,,16435,,0,1,0
1.03457757316622,,1.03457757316622,,16436,,0,1,0
0.986751194178879,,0.986751194178879,,16437,,0,1,0
0.986747174977864,,0.986747174977864,,16438,,0,1,0
0.937009289789785,,0.937009289789785,,16439,,0,1,0
0.937012064044218,,0.937012064044218,,16440,,0,1,0
0.885677805712959,,0.885677805712959,,16441,,0,1,0
0.885677171079607,,0.885677171079607,,16442,,0,1,0
0.833069978257761,,0.833069978257761,,16443,,0,1,0
0.833066285280786,,0.833066285280786,,16444,,0,1,0
0.77951616985618,,0.77951616985618,,16445,,0,1,0
0.77951989101485,,0.77951989101485,,16446,,0,1,0
0.725369872787979,,0.725369872787979,,16447,,0,1,0
0.72536915487013,,0.72536915487013,,16448,,0,1,0
0.670960400169413,,0.670960400169413,,16449,,0,1,0
0.670959709701606,,0.670959709701606,,16450,,0,1,0
0.616632504002268,,0.616632504002268,,16451,,0,1,0
0.616634225006585,,0.616634225006585,,16452,,0,1,0
0.562737176595675,,0.562737176595675,,16453,,0,1,0
0.562735153122304,,0.562735153122304,,16454,,0,1,0
0.509605926368017,,0.509605926368017,,16455,,0,1,0
0.509605444972301,,0.509605444972301,,16456,,0,1,0
0.457580448831452,,0.457580448831452,,16457,,0,1,0
0.457581361155308,,0.457581361155308,,16458,,0,1,0
0.40699127817547,,0.40699127817547,,16459,,0,1,0
0.406991815934605,,0.406991815934605,,16460,,0,1,0
0.35815331568827,,0.35815331568827,,16461,,0,1,0
0.358153820151763,,0.358153820151763,,16462,,0,1,0
0.311378390579087,,0.311378390579087,,16463,,0,1,0
0.311377779098779,,0.311377779098779,,16464,,0,1,0
0.266961387366438,,0.266961387366438,,16465,,0,1,0
0.266961997110544,,0.266961997110544,,16466,,0,1,0
0.225185858669825,,0.225185858669825,,16467,,0,1,0
0.225185858669825,,0.225185858669825,,16468,,0,1,0
0.186312866798916,,0.186312866798916,,16469,,0,1,0
0.186312502953998,,0.186312502953998,,16470,,0,1,0
0.150587411598524,,0.150587411598524,,16471,,0,1,0
0.150587640573299,,0.150587640573299,,16472,,0,1,0
0.118241898882319,,0.118241898882319,,16473,,0,1,0
0.118241898882319,,0.118241898882319,,16474,,0,1,0
0.0894741474706695,,0.0894741474706695,,16475,,0,1,0
0.0894739709718877,,0.0894739709718877,,16476,,0,1,0
0.0644708022835023,,0.0644708022835023,,16477,,0,1,0
0.0644708771943669,,0.0644708771943669,,16478,,0,1,0
0.0433862688832147,,0.0433862688832147,,16479,,0,1,0
0.0433862688832147,,0.0433862688832147,,16480,,0,1,0
0.0263575764736572,,0.0263575764736572,,16481,,0,1,0
0.0263575764736572,,0.0263575764736572,,16482,,0,1,0
0.0134903727373504,,0.0134903727373504,,16483,,0,1,0
0.0134903727373504,,0.0134903727373504,,16484,,0,1,0
0.00486669047856439,,0.00486669047856439,,16485,,0,1,0
0.00486669635903517,,0.00486669635903517,,16486,,0,1,0
1.43926616307044,,1.43926616307044,,16487,,0,1,0
1.43244800533694,,1.43244800533694,,16488,,0,1,0
1.43244941775311,,1.43244941775311,,16489,,0,1,0
1.42113317786488,,1.42113317786488,,16490,,0,1,0
1.42113217298902,,1.42113217298902,,16491,,0,1,0
1.4053902166302,,1.4053902166302,,16492,,0,1,0
1.40539141578404,,1.40539141578404,,16493,,0,1,0
1.38532278328405,,1.38532278328405,,16494,,0,1,0
1.38532139429597,,1.38532139429597,,16495,,0,1,0
1.36105209235502,,1.36105209235502,,16496,,0,1,0
1.36105327244145,,1.36105327244145,,16497,,0,1,0
1.33273781294747,,1.33273781294747,,16498,,0,1,0
1.33273703444968,,1.33273703444968,,16499,,0,1,0
1.30055250262447,,1.30055250262447,,16500,,0,1,0
1.30055288714459,,1.30055288714459,,16501,,0,1,0
1.26470443939952,,1.26470443939952,,16502,,0,1,0
1.26470443939952,,1.26470443939952,,16503,,0,1,0
1.22541549974375,,1.22541549974375,,16504,,0,1,0
1.22541512649639,,1.22541512649639,,16505,,0,1,0
1.18293943677532,,1.18293943677532,,16506,,0,1,0
1.18294017021839,,1.18294017021839,,16507,,0,1,0
1.137542441964,,1.137542441964,,16508,,0,1,0
1.13754208234812,,1.13754208234812,,16509,,0,1,0
1.08950700059225,,1.08950700059225,,16510,,0,1,0
1.08950612073944,,1.08950612073944,,16511,,0,1,0
1.0391409752275,,1.0391409752275,,16512,,0,1,0
1.03914166264787,,1.03914166264787,,16513,,0,1,0
0.986762749427392,,0.986762749427392,,16514,,0,1,0
0.986761912088269,,0.986761912088269,,16515,,0,1,0
0.932701595203021,,0.932701595203021,,16516,,0,1,0
0.932701758018794,,0.932701758018794,,16517,,0,1,0
0.877302451335822,,0.877302451335822,,16518,,0,1,0
0.877302451335822,,0.877302451335822,,16519,,0,1,0
0.820908158803839,,0.820908158803839,,16520,,0,1,0
0.820907853310082,,0.820907853310082,,16521,,0,1,0
0.763883143401955,,0.763883143401955,,16522,,0,1,0
0.763883143401955,,0.763883143401955,,16523,,0,1,0
0.706584713639423,,0.706584713639423,,16524,,0,1,0
0.706584713639423,,0.706584713639423,,16525,,0,1,0
0.649373060473415,,0.649373060473415,,16526,,0,1,0
0.64937319632736,,0.64937319632736,,16527,,0,1,0
0.592615606765669,,0.592615606765669,,16528,,0,1,0
0.592615606765669,,0.592615606765669,,16529,,0,1,0
0.536664810075791,,0.536664810075791,,16530,,0,1,0
0.536664810075791,,0.536664810075791,,16531,,0,1,0
0.481877044413624,,0.481877044413624,,16532,,0,1,0
0.481877044413624,,0.481877044413624,,16533,,0,1,0
0.42860112916771,,0.42860112916771,,16534,,0,1,0
0.428600963612455,,0.428600963612455,,16535,,0,1,0
0.377169208302355,,0.377169208302355,,16536,,0,1,0
0.377169208302355,,0.377169208302355,,16537,,0,1,0
0.327910681332144,,0.327910681332144,,16538,,0,1,0
0.327910874410209,,0.327910874410209,,16539,,0,1,0
0.281136017667627,,0.281136017667627,,16540,,0,1,0
0.281136017667627,,0.281136017667627,,16541,,0,1,0
0.237141995769008,,0.237141995769008,,16542,,0,1,0
0.237141872622944,,0.237141872622944,,16543,,0,1,0
0.196204904514275,,0.196204904514275,,16544,,0,1,0
0.196205016528028,,0.196205016528028,,16545,,0,1,0
0.158583153744985,,0.158583153744985,,16546,,0,1,0
0.158583153744985,,0.158583153744985,,16547,,0,1,0
0.124519958922109,,0.124519958922109,,16548,,0,1,0
0.124519958922109,,0.124519958922109,,16549,,0,1,0
0.0942247954638735,,0.0942247954638735,,16550,,0,1,0
0.0942247954638735,,0.0942247954638735,,16551,,0,1,0
0.067894135135806,,0.067894135135806,,16552,,0,1,0
0.0678940582618637,,0.0678940582618637,,16553,,0,1,0
0.0456899261088535,,0.0456899261088535,,16554,,0,1,0
0.0456899261088535,,0.0456899261088535,,16555,,0,1,0
0.027757024552555,,0.027757024552555,,16556,,0,1,0
0.027757024552555,,0.027757024552555,,16557,,0,1,0
0.0142066409020104,,0.0142066409020104,,16558,,0,1,0
0.014206666019776,,0.014206666019776,,16559,,0,1,0
0.00512509708825004,,0.00512509708825004,,16560,,0,1,0
0.00512509708825004,,0.00512509708825004,,16561,,0,1,0
1.43926717433721,,1.43926717433721,,16562,,0,1,0
1.44154504355232,,1.44154504355232,,16563,,0,1,0
1.44154504355232,,1.44154504355232,,16564,,0,1,0
1.43926717433721,,1.43926717433721,,16565,,0,1,0
1.43926616307044,,1.43926616307044,,16566,,0,1,0
1.43244780356326,,1.43244780356326,,16567,,0,1,0
1.43244982130071,,1.43244982130071,,16568,,0,1,0
1.42113317786488,,1.42113317786488,,16569,,0,1,0
1.42113217298902,,1.42113217298902,,16570,,0,1,0
1.40538981691236,,1.40538981691236,,16571,,0,1,0
1.4053918155021,,1.4053918155021,,16572,,0,1,0
1.38532278328405,,1.38532278328405,,16573,,0,1,0
1.38532099744236,,1.38532099744236,,16574,,0,1,0
1.36105130563102,,1.36105130563102,,16575,,0,1,0
1.36105405916602,,1.36105405916602,,16576,,0,1,0
1.33273800757195,,1.33273800757195,,16577,,0,1,0
1.33273683982527,,1.33273683982527,,16578,,0,1,0
1.30055231036443,,1.30055231036443,,16579,,0,1,0
1.30055327166477,,1.30055327166477,,16580,,0,1,0
1.26470519776695,,1.26470519776695,,16581,,0,1,0
1.26470424980769,,1.26470424980769,,16582,,0,1,0
1.22541549974375,,1.22541549974375,,16583,,0,1,0
1.22541512649639,,1.22541512649639,,16584,,0,1,0
1.18293833661114,,1.18293833661114,,16585,,0,1,0
1.18294108702256,,1.18294108702256,,16586,,0,1,0
1.137542441964,,1.137542441964,,16587,,0,1,0
1.13754208234812,,1.13754208234812,,16588,,0,1,0
1.08950858432821,,1.08950858432821,,16589,,0,1,0
1.08950506491653,,1.08950506491653,,16590,,0,1,0
1.03913994409738,,1.03913994409738,,16591,,0,1,0
1.03914303748929,,1.03914303748929,,16592,,0,1,0
0.986764424106703,,0.986764424106703,,16593,,0,1,0
0.98676023741109,,0.98676023741109,,16594,,0,1,0
0.932700129861701,,0.932700129861701,,16595,,0,1,0
0.932703223361393,,0.932703223361393,,16596,,0,1,0
0.877301345991278,,0.877301345991278,,16597,,0,1,0
0.877303556681063,,0.877303556681063,,16598,,0,1,0
0.820909380779433,,0.820909380779433,,16599,,0,1,0
0.820906631335625,,0.820906631335625,,16600,,0,1,0
0.763883585440233,,0.763883585440233,,16601,,0,1,0
0.763882554017783,,0.763882554017783,,16602,,0,1,0
0.706584146790767,,0.706584146790767,,16603,,0,1,0
0.706584855351622,,0.706584855351622,,16604,,0,1,0
0.649373060473415,,0.649373060473415,,16605,,0,1,0
0.64937319632736,,0.64937319632736,,16606,,0,1,0
0.592615087641157,,0.592615087641157,,16607,,0,1,0
0.592615996109203,,0.592615996109203,,16608,,0,1,0
0.536664563070303,,0.536664563070303,,16609,,0,1,0
0.536664933578557,,0.536664933578557,,16610,,0,1,0
0.481877278471503,,0.481877278471503,,16611,,0,1,0
0.481877044413624,,0.481877044413624,,16612,,0,1,0
0.42860168101879,,0.42860168101879,,16613,,0,1,0
0.428600577316985,,0.428600577316985,,16614,,0,1,0
0.377169208302355,,0.377169208302355,,16615,,0,1,0
0.377169208302355,,0.377169208302355,,16616,,0,1,0
0.327910536523632,,0.327910536523632,,16617,,0,1,0
0.327911019218796,,0.327911019218796,,16618,,0,1,0
0.281136151750916,,0.281136151750916,,16619,,0,1,0
0.281135883584371,,0.281135883584371,,16620,,0,1,0
0.237142283109948,,0.237142283109948,,16621,,0,1,0
0.237141708428242,,0.237141708428242,,16622,,0,1,0
0.196204531135329,,0.196204531135329,,16623,,0,1,0
0.196205277893576,,0.196205277893576,,16624,,0,1,0
0.158583254448574,,0.158583254448574,,16625,,0,1,0
0.158583053041427,,0.158583053041427,,16626,,0,1,0
0.124519958922109,,0.124519958922109,,16627,,0,1,0
0.124519958922109,,0.124519958922109,,16628,,0,1,0
0.0942247049019489,,0.0942247049019489,,16629,,0,1,0
0.0942249636504204,,0.0942249636504204,,16630,,0,1,0
0.067894135135806,,0.067894135135806,,16631,,0,1,0
0.0678939923699478,,0.0678939923699478,,16632,,0,1,0
0.0456899261088535,,0.0456899261088535,,16633,,0,1,0
0.0456899261088535,,0.0456899261088535,,16634,,0,1,0
0.027757024552555,,0.027757024552555,,16635,,0,1,0
0.0277569789105474,,0.0277569789105474,,16636,,0,1,0
0.014206633366685,,0.014206633366685,,16637,,0,1,0
0.0142066710433318,,0.0142066710433318,,16638,,0,1,0
0.00512509708825004,,0.00512509708825004,,16639,,0,1,0
0.00512509708825004,,0.00512509708825004,,16640,,0,1,0
1.50904834481128,,1.50904834481128,,16641,,0,1,0
1.50189951192817,,1.50189951192817,,16642,,0,1,0
1.50190033835725,,1.50190033835725,,16643,,0,1,0
1.49003588531577,,1.49003588531577,,16644,,0,1,0
1.49003485636786,,1.49003485636786,,16645,,0,1,0
1.47352937263697,,1.47352937263697,,16646,,0,1,0
1.47352732617185,,1.47352732617185,,16647,,0,1,0
1.45248551984543,,1.45248551984543,,16648,,0,1,0
1.45248734846621,,1.45248734846621,,16649,,0,1,0
1.42704134466669,,1.42704134466669,,16650,,0,1,0
1.42703953213442,,1.42703953213442,,16651,,0,1,0
1.39735023156572,,1.39735023156572,,16652,,0,1,0
1.39735063013862,,1.39735063013862,,16653,,0,1,0
1.36360561863765,,1.36360561863765,,16654,,0,1,0
1.36360561863765,,1.36360561863765,,16655,,0,1,0
1.3260194953154,,1.3260194953154,,16656,,0,1,0
1.32602046598211,,1.32602046598211,,16657,,0,1,0
1.28482750305268,,1.28482750305268,,16658,,0,1,0
1.28482750305268,,1.28482750305268,,16659,,0,1,0
1.24029135891863,,1.24029135891863,,16660,,0,1,0
1.24029117116561,,1.24029117116561,,16661,,0,1,0
1.19269224429548,,1.19269224429548,,16662,,0,1,0
1.19269261252561,,1.19269261252561,,16663,,0,1,0
1.14233072146024,,1.14233072146024,,16664,,0,1,0
1.14233072146024,,1.14233072146024,,16665,,0,1,0
1.08952213411624,,1.08952213411624,,16666,,0,1,0
1.08952178217262,,1.08952178217262,,16667,,0,1,0
1.03460398083837,,1.03460398083837,,16668,,0,1,0
1.03460432379737,,1.03460432379737,,16669,,0,1,0
0.977922083086725,,0.977922083086725,,16670,,0,1,0
0.977922083086725,,0.977922083086725,,16671,,0,1,0
0.919834502285568,,0.919834502285568,,16672,,0,1,0
0.919834825663202,,0.919834825663202,,16673,,0,1,0
0.860708176924341,,0.860708176924341,,16674,,0,1,0
0.860708489736119,,0.860708489736119,,16675,,0,1,0
0.800919463939358,,0.800919463939358,,16676,,0,1,0
0.800919463939358,,0.800919463939358,,16677,,0,1,0
0.740843254405554,,0.740843254405554,,16678,,0,1,0
0.740843254405554,,0.740843254405554,,16679,,0,1,0
0.680856784396333,,0.680856784396333,,16680,,0,1,0
0.680856784396333,,0.680856784396333,,16681,,0,1,0
0.621346968117109,,0.621346968117109,,16682,,0,1,0
0.621346968117109,,0.621346968117109,,16683,,0,1,0
0.562683302858204,,0.562683302858204,,16684,,0,1,0
0.562683302858204,,0.562683302858204,,16685,,0,1,0
0.505239312169692,,0.505239312169692,,16686,,0,1,0
0.505239432001936,,0.505239432001936,,16687,,0,1,0
0.449381961366344,,0.449381961366344,,16688,,0,1,0
0.449381961366344,,0.449381961366344,,16689,,0,1,0
0.395456230030122,,0.395456230030122,,16690,,0,1,0
0.395455858971737,,0.395455858971737,,16691,,0,1,0
0.343808536168114,,0.343808536168114,,16692,,0,1,0
0.343808536168114,,0.343808536168114,,16693,,0,1,0
0.294765813530631,,0.294765813530631,,16694,,0,1,0
0.294765950825708,,0.294765950825708,,16695,,0,1,0
0.248639408681315,,0.248639408681315,,16696,,0,1,0
0.248639576809355,,0.248639576809355,,16697,,0,1,0
0.205717497156586,,0.205717497156586,,16698,,0,1,0
0.205717497156586,,0.205717497156586,,16699,,0,1,0
0.166271733223427,,0.166271733223427,,16700,,0,1,0
0.166271836339327,,0.166271836339327,,16701,,0,1,0
0.13055722956512,,0.13055722956512,,16702,,0,1,0
0.13055713819236,,0.13055713819236,,16703,,0,1,0
0.0987930523199925,,0.0987930523199925,,16704,,0,1,0
0.0987929728360371,,0.0987929728360371,,16705,,0,1,0
0.0711857165427543,,0.0711857165427543,,16706,,0,1,0
0.0711857952581525,,0.0711857952581525,,16707,,0,1,0
0.047905154546271,,0.047905154546271,,16708,,0,1,0
0.0479050899728013,,0.0479050899728013,,16709,,0,1,0
0.0291027604946255,,0.0291027604946255,,16710,,0,1,0
0.0291028072300002,,0.0291028072300002,,16711,,0,1,0
0.014895431628148,,0.014895431628148,,16712,,0,1,0
0.014895434200093,,0.014895434200093,,16713,,0,1,0
0.00537357235364422,,0.00537357235364422,,16714,,0,1,0
0.00537357080886425,,0.00537357080886425,,16715,,0,1,0
1.50904938030329,,1.50904938030329,,16716,,0,1,0
1.51143734084577,,1.51143734084577,,16717,,0,1,0
1.51143734084577,,1.51143734084577,,16718,,0,1,0
1.50904938030329,,1.50904938030329,,16719,,0,1,0
1.50904834481128,,1.50904834481128,,16720,,0,1,0
1.50189930532094,,1.50189930532094,,16721,,0,1,0
1.50190075157187,,1.50190075157187,,16722,,0,1,0
1.49003588531577,,1.49003588531577,,16723,,0,1,0
1.49003485636786,,1.49003485636786,,16724,,0,1,0
1.47353019122341,,1.47353019122341,,16725,,0,1,0
1.47352712152542,,1.47352712152542,,16726,,0,1,0
1.45248430076555,,1.45248430076555,,16727,,0,1,0
1.45248836436713,,1.45248836436713,,16728,,0,1,0
1.42704255302218,,1.42704255302218,,16729,,0,1,0
1.4270381223879,,1.4270381223879,,16730,,0,1,0
1.39735023156572,,1.39735023156572,,16731,,0,1,0
1.39735063013862,,1.39735063013862,,16732,,0,1,0
1.36360561863765,,1.36360561863765,,16733,,0,1,0
1.36360522490679,,1.36360522490679,,16734,,0,1,0
1.32601852464904,,1.32601852464904,,16735,,0,1,0
1.32602143664918,,1.32602143664918,,16736,,0,1,0
1.28482750305268,,1.28482750305268,,16737,,0,1,0
1.28482750305268,,1.28482750305268,,16738,,0,1,0
1.24029173442472,,1.24029173442472,,16739,,0,1,0
1.24029117116561,,1.24029117116561,,16740,,0,1,0
1.1926918760654,,1.1926918760654,,16741,,0,1,0
1.1926927966407,,1.1926927966407,,16742,,0,1,0
1.14233072146024,,1.14233072146024,,16743,,0,1,0
1.14233090164624,,1.14233090164624,,16744,,0,1,0
1.08952336591933,,1.08952336591933,,16745,,0,1,0
1.08952055037043,,1.08952055037043,,16746,,0,1,0
1.03460312344112,,1.03460312344112,,16747,,0,1,0
1.03460518119511,,1.03460518119511,,16748,,0,1,0
0.977923583531101,,0.977923583531101,,16749,,0,1,0
0.977920749359356,,0.977920749359356,,16750,,0,1,0
0.919833693841731,,0.919833693841731,,16751,,0,1,0
0.919835634107535,,0.919835634107535,,16752,,0,1,0
0.860708176924341,,0.860708176924341,,16753,,0,1,0
0.860708489736119,,0.860708489736119,,16754,,0,1,0
0.800919313063588,,0.800919313063588,,16755,,0,1,0
0.800919765690942,,0.800919765690942,,16756,,0,1,0
0.740843979940564,,0.740843979940564,,16757,,0,1,0
0.740842383764011,,0.740842383764011,,16758,,0,1,0
0.680856923504621,,0.680856923504621,,16759,,0,1,0
0.680856784396333,,0.680856784396333,,16760,,0,1,0
0.621346968117109,,0.621346968117109,,16761,,0,1,0
0.621346968117109,,0.621346968117109,,16762,,0,1,0
0.5626838087029,,0.5626838087029,,16763,,0,1,0
0.562682923474831,,0.562682923474831,,16764,,0,1,0
0.505238473344384,,0.505238473344384,,16765,,0,1,0
0.505240510492769,,0.505240510492769,,16766,,0,1,0
0.449382130887621,,0.449382130887621,,16767,,0,1,0
0.449381565816822,,0.449381565816822,,16768,,0,1,0
0.395456601088682,,0.395456601088682,,16769,,0,1,0
0.39545554092183,,0.39545554092183,,16770,,0,1,0
0.343808684445435,,0.343808684445435,,16771,,0,1,0
0.343808387890824,,0.343808387890824,,16772,,0,1,0
0.294765813530631,,0.294765813530631,,16773,,0,1,0
0.294766088120817,,0.294766088120817,,16774,,0,1,0
0.248639114457383,,0.248639114457383,,16775,,0,1,0
0.248639702905422,,0.248639702905422,,16776,,0,1,0
0.205717497156586,,0.205717497156586,,16777,,0,1,0
0.205717497156586,,0.205717497156586,,16778,,0,1,0
0.16627159573561,,0.16627159573561,,16779,,0,1,0
0.166271836339327,,0.166271836339327,,16780,,0,1,0
0.13055722956512,,0.13055722956512,,16781,,0,1,0
0.130557016362063,,0.130557016362063,,16782,,0,1,0
0.0987930523199925,,0.0987930523199925,,16783,,0,1,0
0.0987929728360371,,0.0987929728360371,,16784,,0,1,0
0.0711857165427543,,0.0711857165427543,,16785,,0,1,0
0.0711858739735942,,0.0711858739735942,,16786,,0,1,0
0.047905154546271,,0.047905154546271,,16787,,0,1,0
0.0479050899728013,,0.0479050899728013,,16788,,0,1,0
0.0291027604946255,,0.0291027604946255,,16789,,0,1,0
0.0291028072300002,,0.0291028072300002,,16790,,0,1,0
0.014895434200093,,0.014895434200093,,16791,,0,1,0
0.014895434200093,,0.014895434200093,,16792,,0,1,0
0.00537357235364422,,0.00537357235364422,,16793,,0,1,0
0.00537357080886425,,0.00537357080886425,,16794,,0,1,0
1.57559791427093,,1.57559791427093,,16795,,0,1,0
1.56813378000177,,1.56813378000177,,16796,,0,1,0
1.56813293554663,,1.56813293554663,,16797,,0,1,0
1.55574527485851,,1.55574527485851,,16798,,0,1,0
1.55574527485851,,1.55574527485851,,16799,,0,1,0
1.53851259559372,,1.53851259559372,,16800,,0,1,0
1.53851301381454,,1.53851301381454,,16801,,0,1,0
1.51654216018687,,1.51654216018687,,16802,,0,1,0
1.51654112212731,,1.51654112212731,,16803,,0,1,0
1.48997394328444,,1.48997394328444,,16804,,0,1,0
1.48997476642592,,1.48997476642592,,16805,,0,1,0
1.45897643307333,,1.45897643307333,,16806,,0,1,0
1.45897643307333,,1.45897643307333,,16807,,0,1,0
1.42374383782914,,1.42374383782914,,16808,,0,1,0
1.42374403898887,,1.42374403898887,,16809,,0,1,0
1.38450062415729,,1.38450062415729,,16810,,0,1,0
1.38449983068529,,1.38449983068529,,16811,,0,1,0
1.34148980024396,,1.34148980024396,,16812,,0,1,0
1.34148960498149,,1.34148960498149,,16813,,0,1,0
1.29498888424451,,1.29498888424451,,16814,,0,1,0
1.29498926794128,,1.29498926794128,,16815,,0,1,0
1.24529061705676,,1.24529061705676,,16816,,0,1,0
1.24529061705676,,1.24529061705676,,16817,,0,1,0
1.19270826235879,,1.19270826235879,,16818,,0,1,0
1.19270826235879,,1.19270826235879,,16819,,0,1,0
1.13757247009068,,1.13757247009068,,16820,,0,1,0
1.13757247009068,,1.13757247009068,,16821,,0,1,0
1.08023135652527,,1.08023135652527,,16822,,0,1,0
1.08023135652527,,1.08023135652527,,16823,,0,1,0
1.02105016974736,,1.02105016974736,,16824,,0,1,0
1.02105051045249,,1.02105051045249,,16825,,0,1,0
0.960401893542276,,0.960401893542276,,16826,,0,1,0
0.960401893542276,,0.960401893542276,,16827,,0,1,0
0.898665087804325,,0.898665087804325,,16828,,0,1,0
0.898665087804325,,0.898665087804325,,16829,,0,1,0
0.836240027263734,,0.836240027263734,,16830,,0,1,0
0.836239718930365,,0.836239718930365,,16831,,0,1,0
0.773515419720816,,0.773515419720816,,16832,,0,1,0
0.773515419720816,,0.773515419720816,,16833,,0,1,0
0.710883837200527,,0.710883837200527,,16834,,0,1,0
0.710883837200527,,0.710883837200527,,16835,,0,1,0
0.648749097441687,,0.648749097441687,,16836,,0,1,0
0.648749369019022,,0.648749369019022,,16837,,0,1,0
0.58749878669051,,0.58749878669051,,16838,,0,1,0
0.58749878669051,,0.58749878669051,,16839,,0,1,0
0.527520801129306,,0.527520801129306,,16840,,0,1,0
0.527520801129306,,0.527520801129306,,16841,,0,1,0
0.469199710386903,,0.469199710386903,,16842,,0,1,0
0.469199941345437,,0.469199941345437,,16843,,0,1,0
0.412896542045253,,0.412896542045253,,16844,,0,1,0
0.412896542045253,,0.412896542045253,,16845,,0,1,0
0.358971668997386,,0.358971668997386,,16846,,0,1,0
0.358971668997386,,0.358971668997386,,16847,,0,1,0
0.307765953597603,,0.307765953597603,,16848,,0,1,0
0.307766093887595,,0.307766093887595,,16849,,0,1,0
0.2596053856604,,0.2596053856604,,16850,,0,1,0
0.259605213864866,,0.259605213864866,,16851,,0,1,0
0.214789918459957,,0.214789918459957,,16852,,0,1,0
0.214789918459957,,0.214789918459957,,16853,,0,1,0
0.173604355884878,,0.173604355884878,,16854,,0,1,0
0.173604496371668,,0.173604496371668,,16855,,0,1,0
0.136314885570245,,0.136314885570245,,16856,,0,1,0
0.136314978936099,,0.136314978936099,,16857,,0,1,0
0.103149997459129,,0.103149997459129,,16858,,0,1,0
0.103149997459129,,0.103149997459129,,16859,,0,1,0
0.0743250991991502,,0.0743250991991502,,16860,,0,1,0
0.0743250991991502,,0.0743250991991502,,16861,,0,1,0
0.0500177846042948,,0.0500177846042948,,16862,,0,1,0
0.0500177846042948,,0.0500177846042948,,16863,,0,1,0
0.0303862530027078,,0.0303862530027078,,16864,,0,1,0
0.0303862530027078,,0.0303862530027078,,16865,,0,1,0
0.0155523413043728,,0.0155523413043728,,16866,,0,1,0
0.0155523386763267,,0.0155523386763267,,16867,,0,1,0
0.00561055093802709,,0.00561055093802709,,16868,,0,1,0
0.00561054857031398,,0.00561054857031398,,16869,,0,1,0
1.57559643296168,,1.57559643296168,,16870,,0,1,0
1.57809025023284,,1.57809025023284,,16871,,0,1,0
1.57809025023284,,1.57809025023284,,16872,,0,1,0
1.57559643296168,,1.57559643296168,,16873,,0,1,0
1.57559791427093,,1.57559791427093,,16874,,0,1,0
1.56813378000177,,1.56813378000177,,16875,,0,1,0
1.56813293554663,,1.56813293554663,,16876,,0,1,0
1.55574506458027,,1.55574506458027,,16877,,0,1,0
1.55574527485851,,1.55574527485851,,16878,,0,1,0
1.53851238648333,,1.53851238648333,,16879,,0,1,0
1.53851343203542,,1.53851343203542,,16880,,0,1,0
1.51654236779883,,1.51654236779883,,16881,,0,1,0
1.51654029167992,,1.51654029167992,,16882,,0,1,0
1.48997291435791,,1.48997291435791,,16883,,0,1,0
1.48997497221132,,1.48997497221132,,16884,,0,1,0
1.45897643307333,,1.45897643307333,,16885,,0,1,0
1.45897704397391,,1.45897704397391,,16886,,0,1,0
1.42374283203071,,1.42374283203071,,16887,,0,1,0
1.42374504478773,,1.42374504478773,,16888,,0,1,0
1.38450161599761,,1.38450161599761,,16889,,0,1,0
1.38449923558144,,1.38449923558144,,16890,,0,1,0
1.34149058129396,,1.34149058129396,,16891,,0,1,0
1.34148882393177,,1.34148882393177,,16892,,0,1,0
1.2949885005478,,1.2949885005478,,16893,,0,1,0
1.29498926794128,,1.29498926794128,,16894,,0,1,0
1.24529042892573,,1.24529042892573,,16895,,0,1,0
1.24529136958103,,1.24529136958103,,16896,,0,1,0
1.19270771000999,,1.19270771000999,,16897,,0,1,0
1.19270899882406,,1.19270899882406,,16898,,0,1,0
1.13757318933211,,1.13757318933211,,16899,,0,1,0
1.13757229028036,,1.13757229028036,,16900,,0,1,0
1.08023153174521,,1.08023153174521,,16901,,0,1,0
1.08023065564569,,1.08023065564569,,16902,,0,1,0
1.02104846622257,,1.02104846622257,,16903,,0,1,0
1.02105221397898,,1.02105221397898,,16904,,0,1,0
0.96040437178101,,0.96040437178101,,16905,,0,1,0
0.960399084875576,,0.960399084875576,,16906,,0,1,0
0.89866444853488,,0.89866444853488,,16907,,0,1,0
0.898666046708918,,0.898666046708918,,16908,,0,1,0
0.836239256430417,,0.836239256430417,,16909,,0,1,0
0.836240489763895,,0.836240489763895,,16910,,0,1,0
0.773515419720816,,0.773515419720816,,16911,,0,1,0
0.773515419720816,,0.773515419720816,,16912,,0,1,0
0.710884121485861,,0.710884121485861,,16913,,0,1,0
0.710883552915249,,0.710883552915249,,16914,,0,1,0
0.648749369019022,,0.648749369019022,,16915,,0,1,0
0.648749097441687,,0.648749097441687,,16916,,0,1,0
0.587498269811995,,0.587498269811995,,16917,,0,1,0
0.587499174349546,,0.587499174349546,,16918,,0,1,0
0.527521290913747,,0.527521290913747,,16919,,0,1,0
0.527520433791125,,0.527520433791125,,16920,,0,1,0
0.46919953716804,,0.46919953716804,,16921,,0,1,0
0.469199941345437,,0.469199941345437,,16922,,0,1,0
0.4128963795514,,0.4128963795514,,16923,,0,1,0
0.412896758703774,,0.412896758703774,,16924,,0,1,0
0.358971668997386,,0.358971668997386,,16925,,0,1,0
0.358971668997386,,0.358971668997386,,16926,,0,1,0
0.30776562625441,,0.30776562625441,,16927,,0,1,0
0.307766421231037,,0.307766421231037,,16928,,0,1,0
0.259605643353808,,0.259605643353808,,16929,,0,1,0
0.259604956171671,,0.259604956171671,,16930,,0,1,0
0.214790191923997,,0.214790191923997,,16931,,0,1,0
0.21478964499609,,0.21478964499609,,16932,,0,1,0
0.173604250519823,,0.173604250519823,,16933,,0,1,0
0.173604496371668,,0.173604496371668,,16934,,0,1,0
0.136314885570245,,0.136314885570245,,16935,,0,1,0
0.136314978936099,,0.136314978936099,,16936,,0,1,0
0.103149997459129,,0.103149997459129,,16937,,0,1,0
0.103149916241392,,0.103149916241392,,16938,,0,1,0
0.0743250991991502,,0.0743250991991502,,16939,,0,1,0
0.0743250991991502,,0.0743250991991502,,16940,,0,1,0
0.0500177846042948,,0.0500177846042948,,16941,,0,1,0
0.0500177846042948,,0.0500177846042948,,16942,,0,1,0
0.0303862530027078,,0.0303862530027078,,16943,,0,1,0
0.0303862530027078,,0.0303862530027078,,16944,,0,1,0
0.0155523465604657,,0.0155523465604657,,16945,,0,1,0
0.0155523360482808,,0.0155523360482808,,16946,,0,1,0
0.00561055093802709,,0.00561055093802709,,16947,,0,1,0
0.00561054857031398,,0.00561054857031398,,16948,,0,1,0
1.63850174746952,,1.63850174746952,,16949,,0,1,0
1.63074005490171,,1.63074005490171,,16950,,0,1,0
1.6307381173208,,1.6307381173208,,16951,,0,1,0
1.61785550086086,,1.61785550086086,,16952,,0,1,0
1.61785550086086,,1.61785550086086,,16953,,0,1,0
1.5999349216873,,1.5999349216873,,16954,,0,1,0
1.59993556141853,,1.59993556141853,,16955,,0,1,0
1.57708825236512,,1.57708825236512,,16956,,0,1,0
1.57708804064941,,1.57708804064941,,16957,,0,1,0
1.54945906133918,,1.54945906133918,,16958,,0,1,0
1.54945906133918,,1.54945906133918,,16959,,0,1,0
1.51722278849959,,1.51722278849959,,16960,,0,1,0
1.51722341147525,,1.51722341147525,,16961,,0,1,0
1.48058418768944,,1.48058418768944,,16962,,0,1,0
1.48058316201016,,1.48058316201016,,16963,,0,1,0
1.4397718407746,,1.4397718407746,,16964,,0,1,0
1.439772852219,,1.439772852219,,16965,,0,1,0
1.39504822641641,,1.39504822641641,,16966,,0,1,0
1.39504762904983,,1.39504762904983,,16967,,0,1,0
1.34668802697633,,1.34668802697633,,16968,,0,1,0
1.34668802697633,,1.34668802697633,,16969,,0,1,0
1.29500499955788,,1.29500499955788,,16970,,0,1,0
1.29500538325704,,1.29500538325704,,16971,,0,1,0
1.24032384040564,,1.24032384040564,,16972,,0,1,0
1.24032384040564,,1.24032384040564,,16973,,0,1,0
1.1829869276836,,1.1829869276836,,16974,,0,1,0
1.1829869276836,,1.1829869276836,,16975,,0,1,0
1.12335872950737,,1.12335872950737,,16976,,0,1,0
1.12335872950737,,1.12335872950737,,16977,,0,1,0
1.06181275304329,,1.06181275304329,,16978,,0,1,0
1.061812926763,,1.061812926763,,16979,,0,1,0
0.998744047113298,,0.998744047113298,,16980,,0,1,0
0.998743710150343,,0.998743710150343,,16981,,0,1,0
0.934543298511478,,0.934543298511478,,16982,,0,1,0
0.934543298511478,,0.934543298511478,,16983,,0,1,0
0.869624701670155,,0.869624701670155,,16984,,0,1,0
0.869624387242318,,0.869624387242318,,16985,,0,1,0
0.804395482434536,,0.804395482434536,,16986,,0,1,0
0.804395482434536,,0.804395482434536,,16987,,0,1,0
0.7392644619975,,0.7392644619975,,16988,,0,1,0
0.7392644619975,,0.7392644619975,,16989,,0,1,0
0.674648410413063,,0.674648410413063,,16990,,0,1,0
0.674648410413063,,0.674648410413063,,16991,,0,1,0
0.610953488490516,,0.610953488490516,,16992,,0,1,0
0.610953488490516,,0.610953488490516,,16993,,0,1,0
0.548581563816953,,0.548581563816953,,16994,,0,1,0
0.548581563816953,,0.548581563816953,,16995,,0,1,0
0.487931299364419,,0.487931299364419,,16996,,0,1,0
0.487931122721735,,0.487931122721735,,16997,,0,1,0
0.429380144450107,,0.429380144450107,,16998,,0,1,0
0.42938031015578,,0.42938031015578,,16999,,0,1,0
0.373302970193954,,0.373302970193954,,17000,,0,1,0
0.373302970193954,,0.373302970193954,,17001,,0,1,0
0.320052177648636,,0.320052177648636,,17002,,0,1,0
0.320052177648636,,0.320052177648636,,17003,,0,1,0
0.269969185126804,,0.269969185126804,,17004,,0,1,0
0.269969185126804,,0.269969185126804,,17005,,0,1,0
0.223365249682177,,0.223365249682177,,17006,,0,1,0
0.223365249682177,,0.223365249682177,,17007,,0,1,0
0.180535351537515,,0.180535351537515,,17008,,0,1,0
0.180535244089741,,0.180535244089741,,17009,,0,1,0
0.141756939058268,,0.141756939058268,,17010,,0,1,0
0.141756939058268,,0.141756939058268,,17011,,0,1,0
0.107268134847802,,0.107268134847802,,17012,,0,1,0
0.10726803822082,,0.10726803822082,,17013,,0,1,0
0.0772924255425966,,0.0772924255425966,,17014,,0,1,0
0.0772923435203805,,0.0772923435203805,,17015,,0,1,0
0.0520145407146018,,0.0520145407146018,,17016,,0,1,0
0.0520146752869426,,0.0520146752869426,,17017,,0,1,0
0.0315993676408159,,0.0315993676408159,,17018,,0,1,0
0.0315993676408159,,0.0315993676408159,,17019,,0,1,0
0.0161732492582805,,0.0161732492582805,,17020,,0,1,0
0.016173238538308,,0.016173238538308,,17021,,0,1,0
0.00583454250908322,,0.00583454250908322,,17022,,0,1,0
0.00583454250908322,,0.00583454250908322,,17023,,0,1,0
1.63850174746952,,1.63850174746952,,17024,,0,1,0
1.64109429715104,,1.64109429715104,,17025,,0,1,0
1.64109429715104,,1.64109429715104,,17026,,0,1,0
1.63850174746952,,1.63850174746952,,17027,,0,1,0
1.63850174746952,,1.63850174746952,,17028,,0,1,0
1.63074005490171,,1.63074005490171,,17029,,0,1,0
1.6307379020341,,1.6307379020341,,17030,,0,1,0
1.61785507199159,,1.61785507199159,,17031,,0,1,0
1.61785592973019,,1.61785592973019,,17032,,0,1,0
1.59993449519988,,1.59993449519988,,17033,,0,1,0
1.59993641439371,,1.59993641439371,,17034,,0,1,0
1.57708867579658,,1.57708867579658,,17035,,0,1,0
1.57708719378672,,1.57708719378672,,17036,,0,1,0
1.54945906133918,,1.54945906133918,,17037,,0,1,0
1.54945906133918,,1.54945906133918,,17038,,0,1,0
1.51722216552407,,1.51722216552407,,17039,,0,1,0
1.51722444976829,,1.51722444976829,,17040,,0,1,0
1.48058603391303,,1.48058603391303,,17041,,0,1,0
1.48058111065268,,1.48058111065268,,17042,,0,1,0
1.43976941330948,,1.43976941330948,,17043,,0,1,0
1.43977487510887,,1.43977487510887,,17044,,0,1,0
1.39505021763924,,1.39505021763924,,17045,,0,1,0
1.39504563782885,,1.39504563782885,,17046,,0,1,0
1.34668802697633,,1.34668802697633,,17047,,0,1,0
1.34668802697633,,1.34668802697633,,17048,,0,1,0
1.29500442400925,,1.29500442400925,,17049,,0,1,0
1.29500634250519,,1.29500634250519,,17050,,0,1,0
1.24032440367217,,1.24032440367217,,17051,,0,1,0
1.24032290162837,,1.24032290162837,,17052,,0,1,0
1.18298472731158,,1.18298472731158,,17053,,0,1,0
1.18298876132852,,1.18298876132852,,17054,,0,1,0
1.12335872950737,,1.12335872950737,,17055,,0,1,0
1.12335801477369,,1.12335801477369,,17056,,0,1,0
1.06181466396083,,1.06181466396083,,17057,,0,1,0
1.06181101584702,,1.06181101584702,,17058,,0,1,0
0.998742699261818,,0.998742699261818,,17059,,0,1,0
0.998745394965688,,0.998745394965688,,17060,,0,1,0
0.934544113393827,,0.934544113393827,,17061,,0,1,0
0.934542483629485,,0.934542483629485,,17062,,0,1,0
0.869624858884094,,0.869624858884094,,17063,,0,1,0
0.86962391560067,,0.86962391560067,,17064,,0,1,0
0.804394726420583,,0.804394726420583,,17065,,0,1,0
0.80439638965175,,0.80439638965175,,17066,,0,1,0
0.739265186759013,,0.739265186759013,,17067,,0,1,0
0.739263592284154,,0.739263592284154,,17068,,0,1,0
0.674647579577716,,0.674647579577716,,17069,,0,1,0
0.674649795139779,,0.674649795139779,,17070,,0,1,0
0.610953224942882,,0.610953224942882,,17071,,0,1,0
0.610953752038206,,0.610953752038206,,17072,,0,1,0
0.54858218814929,,0.54858218814929,,17073,,0,1,0
0.548580814618617,,0.548580814618617,,17074,,0,1,0
0.487931122721735,,0.487931122721735,,17075,,0,1,0
0.487931122721735,,0.487931122721735,,17076,,0,1,0
0.429379592098094,,0.429379592098094,,17077,,0,1,0
0.429380862508255,,0.429380862508255,,17078,,0,1,0
0.373303485216184,,0.373303485216184,,17079,,0,1,0
0.37330245517208,,0.37330245517208,,17080,,0,1,0
0.320052177648636,,0.320052177648636,,17081,,0,1,0
0.320052177648636,,0.320052177648636,,17082,,0,1,0
0.269968878542359,,0.269968878542359,,17083,,0,1,0
0.269969491711423,,0.269969491711423,,17084,,0,1,0
0.223365249682177,,0.223365249682177,,17085,,0,1,0
0.223365249682177,,0.223365249682177,,17086,,0,1,0
0.180535494801262,,0.180535494801262,,17087,,0,1,0
0.180535100826093,,0.180535100826093,,17088,,0,1,0
0.14175681210989,,0.14175681210989,,17089,,0,1,0
0.141757129480943,,0.141757129480943,,17090,,0,1,0
0.107268134847802,,0.107268134847802,,17091,,0,1,0
0.10726803822082,,0.10726803822082,,17092,,0,1,0
0.0772924255425966,,0.0772924255425966,,17093,,0,1,0
0.0772922732156585,,0.0772922732156585,,17094,,0,1,0
0.0520145407146018,,0.0520145407146018,,17095,,0,1,0
0.0520146752869426,,0.0520146752869426,,17096,,0,1,0
0.0315993676408159,,0.0315993676408159,,17097,,0,1,0
0.0315993676408159,,0.0315993676408159,,17098,,0,1,0
0.0161732492582805,,0.0161732492582805,,17099,,0,1,0
0.0161732331783231,,0.0161732331783231,,17100,,0,1,0
0.00583454250908322,,0.00583454250908322,,17101,,0,1,0
0.00583454492359772,,0.00583454492359772,,17102,,0,1,0
1.69735475114479,,1.69735475114479,,17103,,0,1,0
1.68931470893967,,1.68931470893967,,17104,,0,1,0
1.68931711925143,,1.68931711925143,,17105,,0,1,0
1.67597225968053,,1.67597225968053,,17106,,0,1,0
1.67596920415196,,1.67596920415196,,17107,,0,1,0
1.65740314515774,,1.65740314515774,,17108,,0,1,0
1.65740423035641,,1.65740423035641,,17109,,0,1,0
1.6337373624566,,1.6337373624566,,17110,,0,1,0
1.63373714697202,,1.63373714697202,,17111,,0,1,0
1.60511560012128,,1.60511560012128,,17112,,0,1,0
1.60511517294393,,1.60511517294393,,17113,,0,1,0
1.57172054121045,,1.57172054121045,,17114,,0,1,0
1.57172011850025,,1.57172011850025,,17115,,0,1,0
1.53376569276932,,1.53376569276932,,17116,,0,1,0
1.53376673670727,,1.53376673670727,,17117,,0,1,0
1.49148911418059,,1.49148911418059,,17118,,0,1,0
1.49148829062091,,1.49148829062091,,17119,,0,1,0
1.4451571435734,,1.4451571435734,,17120,,0,1,0
1.44515734624022,,1.44515734624022,,17121,,0,1,0
1.39506355886886,,1.39506355886886,,17122,,0,1,0
1.39506355886886,,1.39506355886886,,17123,,0,1,0
1.34152143295103,,1.34152143295103,,17124,,0,1,0
1.34152143295103,,1.34152143295103,,17125,,0,1,0
1.28487527704721,,1.28487527704721,,17126,,0,1,0
1.28487527704721,,1.28487527704721,,17127,,0,1,0
1.22547708633665,,1.22547708633665,,17128,,0,1,0
1.22547708633665,,1.22547708633665,,17129,,0,1,0
1.16370633546729,,1.16370633546729,,17130,,0,1,0
1.16370633546729,,1.16370633546729,,17131,,0,1,0
1.09995289820475,,1.09995289820475,,17132,,0,1,0
1.09995272139259,,1.09995272139259,,17133,,0,1,0
1.03461872812662,,1.03461872812662,,17134,,0,1,0
1.03461872812662,,1.03461872812662,,17135,,0,1,0
0.968112399036336,,0.968112399036336,,17136,,0,1,0
0.968112399036336,,0.968112399036336,,17137,,0,1,0
0.900862160140605,,0.900862160140605,,17138,,0,1,0
0.900862160140605,,0.900862160140605,,17139,,0,1,0
0.833289571226061,,0.833289571226061,,17140,,0,1,0
0.833289571226061,,0.833289571226061,,17141,,0,1,0
0.765819907468568,,0.765819907468568,,17142,,0,1,0
0.76581975993583,,0.76581975993583,,17143,,0,1,0
0.698882081246921,,0.698882081246921,,17144,,0,1,0
0.698882081246921,,0.698882081246921,,17145,,0,1,0
0.632898199479321,,0.632898199479321,,17146,,0,1,0
0.632898199479321,,0.632898199479321,,17147,,0,1,0
0.568286766938854,,0.568286766938854,,17148,,0,1,0
0.568286766938854,,0.568286766938854,,17149,,0,1,0
0.505458269383332,,0.505458269383332,,17150,,0,1,0
0.505458269383332,,0.505458269383332,,17151,,0,1,0
0.44480333055435,,0.44480333055435,,17152,,0,1,0
0.44480333055435,,0.44480333055435,,17153,,0,1,0
0.386711558745434,,0.386711558745434,,17154,,0,1,0
0.386711558745434,,0.386711558745434,,17155,,0,1,0
0.331548943554028,,0.331548943554028,,17156,,0,1,0
0.331548749407846,,0.331548749407846,,17157,,0,1,0
0.279665978224813,,0.279665978224813,,17158,,0,1,0
0.279665978224813,,0.279665978224813,,17159,,0,1,0
0.231388391518756,,0.231388391518756,,17160,,0,1,0
0.231388391518756,,0.231388391518756,,17161,,0,1,0
0.187019832276791,,0.187019832276791,,17162,,0,1,0
0.187019941637232,,0.187019941637232,,17163,,0,1,0
0.146848950784289,,0.146848950784289,,17164,,0,1,0
0.146848950784289,,0.146848950784289,,17165,,0,1,0
0.111121143167303,,0.111121143167303,,17166,,0,1,0
0.111121241514411,,0.111121241514411,,17167,,0,1,0
0.0800688128563536,,0.0800688128563536,,17168,,0,1,0
0.0800688128563536,,0.0800688128563536,,17169,,0,1,0
0.05388296017107,,0.05388296017107,,17170,,0,1,0
0.05388296017107,,0.05388296017107,,17171,,0,1,0
0.0327344194963715,,0.0327344194963715,,17172,,0,1,0
0.032734373743482,,0.032734373743482,,17173,,0,1,0
0.0167541679945248,,0.0167541679945248,,17174,,0,1,0
0.0167541734499245,,0.0167541734499245,,17175,,0,1,0
0.00604411853510856,,0.00604411853510856,,17176,,0,1,0
0.00604412508843355,,0.00604412508843355,,17177,,0,1,0
1.69735562970484,,1.69735562970484,,17178,,0,1,0
1.70004157132783,,1.70004157132783,,17179,,0,1,0
1.70004157132783,,1.70004157132783,,17180,,0,1,0
1.69735584934489,,1.69735584934489,,17181,,0,1,0
1.69735475114479,,1.69735475114479,,17182,,0,1,0
1.68931361334398,,1.68931361334398,,17183,,0,1,0
1.68931799572886,,1.68931799572886,,17184,,0,1,0
1.67597247793267,,1.67597247793267,,17185,,0,1,0
1.67596811289243,,1.67596811289243,,17186,,0,1,0
1.65740292811805,,1.65740292811805,,17187,,0,1,0
1.6574050985156,,1.6574050985156,,17188,,0,1,0
1.63373779342581,,1.63373779342581,,17189,,0,1,0
1.63373714697202,,1.63373714697202,,17190,,0,1,0
1.60511560012128,,1.60511560012128,,17191,,0,1,0
1.60511517294393,,1.60511517294393,,17192,,0,1,0
1.57172117527586,,1.57172117527586,,17193,,0,1,0
1.571719061725,,1.571719061725,,17194,,0,1,0
1.53376339610708,,1.53376339610708,,17195,,0,1,0
1.53376903337201,,1.53376903337201,,17196,,0,1,0
1.49149240842156,,1.49149240842156,,17197,,0,1,0
1.49148561405354,,1.49148561405354,,17198,,0,1,0
1.44515369823966,,1.44515369823966,,17199,,0,1,0
1.4451603862442,,1.4451603862442,,17200,,0,1,0
1.39506634659654,,1.39506634659654,,17201,,0,1,0
1.39506156763651,,1.39506156763651,,17202,,0,1,0
1.34152201874542,,1.34152201874542,,17203,,0,1,0
1.34152045662734,,1.34152045662734,,17204,,0,1,0
1.28487527704721,,1.28487527704721,,17205,,0,1,0
1.28487565924275,,1.28487565924275,,17206,,0,1,0
1.22547801947874,,1.22547801947874,,17207,,0,1,0
1.2254761531949,,1.2254761531949,,17208,,0,1,0
1.16370542614735,,1.16370542614735,,17209,,0,1,0
1.16370724478759,,1.16370724478759,,17210,,0,1,0
1.09995113008381,,1.09995113008381,,17211,,0,1,0
1.09995484313942,,1.09995484313942,,17212,,0,1,0
1.03461872812662,,1.03461872812662,,17213,,0,1,0
1.0346180422039,,1.0346180422039,,17214,,0,1,0
0.968112730791752,,0.968112730791752,,17215,,0,1,0
0.968112233158649,,0.968112233158649,,17216,,0,1,0
0.900861040052526,,0.900861040052526,,17217,,0,1,0
0.900862960203945,,0.900862960203945,,17218,,0,1,0
0.833289879015069,,0.833289879015069,,17219,,0,1,0
0.833289571226061,,0.833289571226061,,17220,,0,1,0
0.76581975993583,,0.76581975993583,,17221,,0,1,0
0.765819907468568,,0.765819907468568,,17222,,0,1,0
0.698882785935389,,0.698882785935389,,17223,,0,1,0
0.698881376558809,,0.698881376558809,,17224,,0,1,0
0.632898467718412,,0.632898467718412,,17225,,0,1,0
0.632898199479321,,0.632898199479321,,17226,,0,1,0
0.568286131492705,,0.568286131492705,,17227,,0,1,0
0.568287402385359,,0.568287402385359,,17228,,0,1,0
0.505458269383332,,0.505458269383332,,17229,,0,1,0
0.505458269383332,,0.505458269383332,,17230,,0,1,0
0.444804230050522,,0.444804230050522,,17231,,0,1,0
0.444802543495946,,0.444802543495946,,17232,,0,1,0
0.386711034555676,,0.386711034555676,,17233,,0,1,0
0.386712449868838,,0.386712449868838,,17234,,0,1,0
0.331549428919731,,0.331549428919731,,17235,,0,1,0
0.33154826404264,,0.33154826404264,,17236,,0,1,0
0.279665666182966,,0.279665666182966,,17237,,0,1,0
0.279666290266833,,0.279666290266833,,17238,,0,1,0
0.231388675352521,,0.231388675352521,,17239,,0,1,0
0.231388107685165,,0.231388107685165,,17240,,0,1,0
0.187019577102554,,0.187019577102554,,17241,,0,1,0
0.187020306172265,,0.187020306172265,,17242,,0,1,0
0.146848950784289,,0.146848950784289,,17243,,0,1,0
0.146848821575986,,0.146848821575986,,17244,,0,1,0
0.111121143167303,,0.111121143167303,,17245,,0,1,0
0.111121241514411,,0.111121241514411,,17246,,0,1,0
0.080068896338759,,0.080068896338759,,17247,,0,1,0
0.0800688128563536,,0.0800688128563536,,17248,,0,1,0
0.05388296017107,,0.05388296017107,,17249,,0,1,0
0.05388296017107,,0.05388296017107,,17250,,0,1,0
0.0327344194963715,,0.0327344194963715,,17251,,0,1,0
0.032734373743482,,0.032734373743482,,17252,,0,1,0
0.016754162539126,,0.016754162539126,,17253,,0,1,0
0.016754178905325,,0.016754178905325,,17254,,0,1,0
0.00604411853510856,,0.00604411853510856,,17255,,0,1,0
0.00604412508843355,,0.00604412508843355,,17256,,0,1,0
1.75179297373941,,1.75179297373941,,17257,,0,1,0
1.74349397123024,,1.74349397123024,,17258,,0,1,0
1.74349196778394,,1.74349196778394,,17259,,0,1,0
1.72971953981505,,1.72971953981505,,17260,,0,1,0
1.72972109188425,,1.72972109188425,,17261,,0,1,0
1.7105591708405,,1.7105591708405,,17262,,0,1,0
1.7105591708405,,1.7105591708405,,17263,,0,1,0
1.68613328311711,,1.68613328311711,,17264,,0,1,0
1.68613372094263,,1.68613372094263,,17265,,0,1,0
1.6565939029272,,1.6565939029272,,17266,,0,1,0
1.65659433690064,,1.65659433690064,,17267,,0,1,0
1.62212899968899,,1.62212899968899,,17268,,0,1,0
1.62212857025367,,1.62212857025367,,17269,,0,1,0
1.58295504796027,,1.58295504796027,,17270,,0,1,0
1.58295462374201,,1.58295462374201,,17271,,0,1,0
1.53932279590734,,1.53932279590734,,17272,,0,1,0
1.53932363256925,,1.53932363256925,,17273,,0,1,0
1.49150558542181,,1.49150558542181,,17274,,0,1,0
1.49150517363967,,1.49150517363967,,17275,,0,1,0
1.43980440946286,,1.43980440946286,,17276,,0,1,0
1.43980400488062,,1.43980400488062,,17277,,0,1,0
1.38454843126468,,1.38454843126468,,17278,,0,1,0
1.38454882800761,,1.38454882800761,,17279,,0,1,0
1.32608433663251,,1.32608433663251,,17280,,0,1,0
1.32608433663251,,1.32608433663251,,17281,,0,1,0
1.26478350042828,,1.26478350042828,,17282,,0,1,0
1.26478369002604,,1.26478369002604,,17283,,0,1,0
1.20102986986695,,1.20102986986695,,17284,,0,1,0
1.20102968510949,,1.20102968510949,,17285,,0,1,0
1.13523056825227,,1.13523056825227,,17286,,0,1,0
1.13523128675297,,1.13523128675297,,17287,,0,1,0
1.06779938365165,,1.06779938365165,,17288,,0,1,0
1.06779938365165,,1.06779938365165,,17289,,0,1,0
0.999161082330858,,0.999161082330858,,17290,,0,1,0
0.999160408264316,,0.999160408264316,,17291,,0,1,0
0.929753706475658,,0.929753706475658,,17292,,0,1,0
0.929754356708834,,0.929754356708834,,17293,,0,1,0
0.860014031256043,,0.860014031256043,,17294,,0,1,0
0.860014343941657,,0.860014343941657,,17295,,0,1,0
0.790379336984188,,0.790379336984188,,17296,,0,1,0
0.790379037224767,,0.790379037224767,,17297,,0,1,0
0.721296540727117,,0.721296540727117,,17298,,0,1,0
0.721296397547235,,0.721296397547235,,17299,,0,1,0
0.65319657540411,,0.65319657540411,,17300,,0,1,0
0.65319657540411,,0.65319657540411,,17301,,0,1,0
0.586511834139401,,0.586511834139401,,17302,,0,1,0
0.586511834139401,,0.586511834139401,,17303,,0,1,0
0.521669014213508,,0.521669014213508,,17304,,0,1,0
0.521669014213508,,0.521669014213508,,17305,,0,1,0
0.459069201096087,,0.459069201096087,,17306,,0,1,0
0.459068801305904,,0.459068801305904,,17307,,0,1,0
0.399114275656531,,0.399114275656531,,17308,,0,1,0
0.39911448866839,,0.39911448866839,,17309,,0,1,0
0.342182181547786,,0.342182181547786,,17310,,0,1,0
0.342182181547786,,0.342182181547786,,17311,,0,1,0
0.288635397720505,,0.288635397720505,,17312,,0,1,0
0.288635397720505,,0.288635397720505,,17313,,0,1,0
0.238809317573415,,0.238809317573415,,17314,,0,1,0
0.238809317573415,,0.238809317573415,,17315,,0,1,0
0.193018165930603,,0.193018165930603,,17316,,0,1,0
0.193018165930603,,0.193018165930603,,17317,,0,1,0
0.151558483615368,,0.151558483615368,,17318,,0,1,0
0.151558483615368,,0.151558483615368,,17319,,0,1,0
0.114684858341441,,0.114684858341441,,17320,,0,1,0
0.114684858341441,,0.114684858341441,,17321,,0,1,0
0.0826367341476453,,0.0826367341476453,,17322,,0,1,0
0.0826367341476453,,0.0826367341476453,,17323,,0,1,0
0.0556111242843866,,0.0556111242843866,,17324,,0,1,0
0.0556111242843866,,0.0556111242843866,,17325,,0,1,0
0.0337842464449172,,0.0337842464449172,,17326,,0,1,0
0.0337842464449172,,0.0337842464449172,,17327,,0,1,0
0.0172915213889536,,0.0172915213889536,,17328,,0,1,0
0.0172915213889536,,0.0172915213889536,,17329,,0,1,0
0.0062379646315294,,0.0062379646315294,,17330,,0,1,0
0.00623796047054104,,0.00623796047054104,,17331,,0,1,0
1.7517918580677,,1.7517918580677,,17332,,0,1,0
1.75456428222419,,1.75456428222419,,17333,,0,1,0
1.75456428222419,,1.75456428222419,,17334,,0,1,0
1.7517918580677,,1.7517918580677,,17335,,0,1,0
1.75179297373941,,1.75179297373941,,17336,,0,1,0
1.74349419383546,,1.74349419383546,,17337,,0,1,0
1.74349174517886,,1.74349174517886,,17338,,0,1,0
1.72971887464275,,1.72971887464275,,17339,,0,1,0
1.72972109188425,,1.72972109188425,,17340,,0,1,0
1.7105591708405,,1.7105591708405,,17341,,0,1,0
1.7105591708405,,1.7105591708405,,17342,,0,1,0
1.68613328311711,,1.68613328311711,,17343,,0,1,0
1.68613372094263,,1.68613372094263,,17344,,0,1,0
1.6565939029272,,1.6565939029272,,17345,,0,1,0
1.65659433690064,,1.65659433690064,,17346,,0,1,0
1.62212899968899,,1.62212899968899,,17347,,0,1,0
1.62212857025367,,1.62212857025367,,17348,,0,1,0
1.58295674483387,,1.58295674483387,,17349,,0,1,0
1.58295292686955,,1.58295292686955,,17350,,0,1,0
1.5393196584272,,1.5393196584272,,17351,,0,1,0
1.53932677005344,,1.53932677005344,,17352,,0,1,0
1.49150908557229,,1.49150908557229,,17353,,0,1,0
1.49150187938461,,1.49150187938461,,17354,,0,1,0
1.43980097051565,,1.43980097051565,,17355,,0,1,0
1.43980744383146,,1.43980744383146,,17356,,0,1,0
1.38455021660833,,1.38455021660833,,17357,,0,1,0
1.38454684429351,,1.38454684429351,,17358,,0,1,0
1.32608258939061,,1.32608258939061,,17359,,0,1,0
1.32608588973739,,1.32608588973739,,17360,,0,1,0
1.26478444841724,,1.26478444841724,,17361,,0,1,0
1.26478255243968,,1.26478255243968,,17362,,0,1,0
1.2010287613224,,1.2010287613224,,17363,,0,1,0
1.20103060889694,,1.20103060889694,,17364,,0,1,0
1.13523308300572,,1.13523308300572,,17365,,0,1,0
1.13522859237651,,1.13522859237651,,17366,,0,1,0
1.0677988610255,,1.0677988610255,,17367,,0,1,0
1.06779990627792,,1.06779990627792,,17368,,0,1,0
0.99915956568146,,0.99915956568146,,17369,,0,1,0
0.999162093431096,,0.999162093431096,,17370,,0,1,0
0.929755169500623,,0.929755169500623,,17371,,0,1,0
0.929753218800926,,0.929753218800926,,17372,,0,1,0
0.860015125655941,,0.860015125655941,,17373,,0,1,0
0.86001293685684,,0.86001293685684,,17374,,0,1,0
0.790378437706096,,0.790378437706096,,17375,,0,1,0
0.790380086382989,,0.790380086382989,,17376,,0,1,0
0.721296397547235,,0.721296397547235,,17377,,0,1,0
0.721296540727117,,0.721296540727117,,17378,,0,1,0
0.653196847910749,,0.653196847910749,,17379,,0,1,0
0.653196439150811,,0.653196439150811,,17380,,0,1,0
0.586511446806249,,0.586511446806249,,17381,,0,1,0
0.586512350583803,,0.586512350583803,,17382,,0,1,0
0.521669379508694,,0.521669379508694,,17383,,0,1,0
0.52166864891845,,0.52166864891845,,17384,,0,1,0
0.459068230177373,,0.459068230177373,,17385,,0,1,0
0.459070000676975,,0.459070000676975,,17386,,0,1,0
0.399115021198286,,0.399115021198286,,17387,,0,1,0
0.399113743127133,,0.399113743127133,,17388,,0,1,0
0.342181885695483,,0.342181885695483,,17389,,0,1,0
0.342182526708967,,0.342182526708967,,17390,,0,1,0
0.288636031733517,,0.288636031733517,,17391,,0,1,0
0.288634944854493,,0.288634944854493,,17392,,0,1,0
0.238808617297259,,0.238808617297259,,17393,,0,1,0
0.238809894272196,,0.238809894272196,,17394,,0,1,0
0.193018388131378,,0.193018388131378,,17395,,0,1,0
0.193017795596262,,0.193017795596262,,17396,,0,1,0
0.151558483615368,,0.151558483615368,,17397,,0,1,0
0.151558483615368,,0.151558483615368,,17398,,0,1,0
0.114684958253126,,0.114684958253126,,17399,,0,1,0
0.114684858341441,,0.114684858341441,,17400,,0,1,0
0.0826366493371484,,0.0826366493371484,,17401,,0,1,0
0.0826368189581856,,0.0826368189581856,,17402,,0,1,0
0.0556111938579296,,0.0556111938579296,,17403,,0,1,0
0.0556110547108872,,0.0556110547108872,,17404,,0,1,0
0.0337842464449172,,0.0337842464449172,,17405,,0,1,0
0.033784300672524,,0.033784300672524,,17406,,0,1,0
0.0172915213889536,,0.0172915213889536,,17407,,0,1,0
0.0172915213889536,,0.0172915213889536,,17408,,0,1,0
0.0062379646315294,,0.0062379646315294,,17409,,0,1,0
0.00623795547735684,,0.00623795547735684,,17410,,0,1,0
1.80146651037212,,1.80146651037212,,17411,,0,1,0
1.79293291701385,,1.79293291701385,,17412,,0,1,0
1.79293291701385,,1.79293291701385,,17413,,0,1,0
1.77876877423103,,1.77876877423103,,17414,,0,1,0
1.77876809969359,,1.77876809969359,,17415,,0,1,0
1.75906307878475,,1.75906307878475,,17416,,0,1,0
1.75906307878475,,1.75906307878475,,17417,,0,1,0
1.73394507493211,,1.73394507493211,,17418,,0,1,0
1.7339455189217,,1.7339455189217,,17419,,0,1,0
1.7035689920366,,1.7035689920366,,17420,,0,1,0
1.70356855195326,,1.70356855195326,,17421,,0,1,0
1.66812591546159,,1.66812591546159,,17422,,0,1,0
1.66812591546159,,1.66812591546159,,17423,,0,1,0
1.62784229087268,,1.62784229087268,,17424,,0,1,0
1.62784229087268,,1.62784229087268,,17425,,0,1,0
1.58297031985538,,1.58297031985538,,17426,,0,1,0
1.58297031985538,,1.58297031985538,,17427,,0,1,0
1.53379826380072,,1.53379826380072,,17428,,0,1,0
1.53379826380072,,1.53379826380072,,17429,,0,1,0
1.48063075390272,,1.48063075390272,,17430,,0,1,0
1.48063136932013,,1.48063136932013,,17431,,0,1,0
1.42380760617496,,1.42380760617496,,17432,,0,1,0
1.42380760617496,,1.42380760617496,,17433,,0,1,0
1.36368456282288,,1.36368456282288,,17434,,0,1,0
1.36368475969402,,1.36368475969402,,17435,,0,1,0
1.30064651948607,,1.30064651948607,,17436,,0,1,0
1.30064651948607,,1.30064651948607,,17437,,0,1,0
1.23508462298969,,1.23508462298969,,17438,,0,1,0
1.23508518506532,,1.23508518506532,,17439,,0,1,0
1.16742095794325,,1.16742095794325,,17440,,0,1,0
1.16742041148115,,1.16742041148115,,17441,,0,1,0
1.09807878097652,,1.09807878097652,,17442,,0,1,0
1.09807878097652,,1.09807878097652,,17443,,0,1,0
1.02749178773821,,1.02749178773821,,17444,,0,1,0
1.02749212951637,,1.02749212951637,,17445,,0,1,0
0.956118009334553,,0.956118009334553,,17446,,0,1,0
0.956118009334553,,0.956118009334553,,17447,,0,1,0
0.884401066312535,,0.884401066312535,,17448,,0,1,0
0.884400590680691,,0.884400590680691,,17449,,0,1,0
0.81279164685273,,0.81279164685273,,17450,,0,1,0
0.81279164685273,,0.81279164685273,,17451,,0,1,0
0.741749579327127,,0.741749579327127,,17452,,0,1,0
0.741749579327127,,0.741749579327127,,17453,,0,1,0
0.671718610003637,,0.671718610003637,,17454,,0,1,0
0.6717181954889,,0.6717181954889,,17455,,0,1,0
0.603142813965185,,0.603142813965185,,17456,,0,1,0
0.603143075822807,,0.603143075822807,,17457,,0,1,0
0.536461790745335,,0.536461790745335,,17458,,0,1,0
0.536461790745335,,0.536461790745335,,17459,,0,1,0
0.472085688392731,,0.472085688392731,,17460,,0,1,0
0.472085688392731,,0.472085688392731,,17461,,0,1,0
0.410431408974496,,0.410431408974496,,17462,,0,1,0
0.410431246966441,,0.410431246966441,,17463,,0,1,0
0.351885330341803,,0.351885330341803,,17464,,0,1,0
0.351885480350688,,0.351885480350688,,17465,,0,1,0
0.296820156821839,,0.296820156821839,,17466,,0,1,0
0.296820156821839,,0.296820156821839,,17467,,0,1,0
0.245580664002887,,0.245580664002887,,17468,,0,1,0
0.245580664002887,,0.245580664002887,,17469,,0,1,0
0.19849134271867,,0.19849134271867,,17470,,0,1,0
0.19849134271867,,0.19849134271867,,17471,,0,1,0
0.155855911080842,,0.155855911080842,,17472,,0,1,0
0.155856044192724,,0.155856044192724,,17473,,0,1,0
0.11793689300307,,0.11793689300307,,17474,,0,1,0
0.11793689300307,,0.11793689300307,,17475,,0,1,0
0.0849799753095799,,0.0849799753095799,,17476,,0,1,0
0.084979901591407,,0.084979901591407,,17477,,0,1,0
0.0571879276998115,,0.0571879276998115,,17478,,0,1,0
0.0571879982528074,,0.0571879982528074,,17479,,0,1,0
0.0347422185941082,,0.0347422185941082,,17480,,0,1,0
0.0347422185941082,,0.0347422185941082,,17481,,0,1,0
0.0177818191880396,,0.0177818191880396,,17482,,0,1,0
0.0177818191880396,,0.0177818191880396,,17483,,0,1,0
0.00641484217855925,,0.00641484217855925,,17484,,0,1,0
0.00641484724204322,,0.00641484724204322,,17485,,0,1,0
1.80146628409628,,1.80146628409628,,17486,,0,1,0
1.80431712888378,,1.80431712888378,,17487,,0,1,0
1.80431712888378,,1.80431712888378,,17488,,0,1,0
1.80146628409628,,1.80146628409628,,17489,,0,1,0
1.80146696292383,,1.80146696292383,,17490,,0,1,0
1.79293291701385,,1.79293291701385,,17491,,0,1,0
1.79293291701385,,1.79293291701385,,17492,,0,1,0
1.77876922392273,,1.77876922392273,,17493,,0,1,0
1.77876765000204,,1.77876765000204,,17494,,0,1,0
1.75906307878475,,1.75906307878475,,17495,,0,1,0
1.75906330238167,,1.75906330238167,,17496,,0,1,0
1.73394463094257,,1.73394463094257,,17497,,0,1,0
1.73394574091652,,1.73394574091652,,17498,,0,1,0
1.7035689920366,,1.7035689920366,,17499,,0,1,0
1.70356855195326,,1.70356855195326,,17500,,0,1,0
1.66812700416501,,1.66812700416501,,17501,,0,1,0
1.66812569772095,,1.66812569772095,,17502,,0,1,0
1.62784207577722,,1.62784207577722,,17503,,0,1,0
1.62784229087268,,1.62784229087268,,17504,,0,1,0
1.58297244095775,,1.58297244095775,,17505,,0,1,0
1.58296841086446,,1.58296841086446,,17506,,0,1,0
1.53379554953489,,1.53379554953489,,17507,,0,1,0
1.53380118685891,,1.53380118685891,,17508,,0,1,0
1.48063383099106,,1.48063383099106,,17509,,0,1,0
1.48062788195648,,1.48062788195648,,17510,,0,1,0
1.42380660035401,,1.42380660035401,,17511,,0,1,0
1.42380861199627,,1.42380861199627,,17512,,0,1,0
1.36368475969402,,1.36368475969402,,17513,,0,1,0
1.36368416908062,,1.36368416908062,,17514,,0,1,0
1.30064575041821,,1.30064575041821,,17515,,0,1,0
1.30064748082123,,1.30064748082123,,17516,,0,1,0
1.23508649657563,,1.23508649657563,,17517,,0,1,0
1.23508312412196,,1.23508312412196,,17518,,0,1,0
1.16741895424952,,1.16741895424952,,17519,,0,1,0
1.1674227794845,,1.1674227794845,,17520,,0,1,0
1.098079310961,,1.098079310961,,17521,,0,1,0
1.09807807433074,,1.09807807433074,,17522,,0,1,0
1.02749230040547,,1.02749230040547,,17523,,0,1,0
1.0274914459601,,1.0274914459601,,17524,,0,1,0
0.956118503875388,,0.956118503875388,,17525,,0,1,0
0.956117349946972,,0.956117349946972,,17526,,0,1,0
0.884399797961237,,0.884399797961237,,17527,,0,1,0
0.884402176120666,,0.884402176120666,,17528,,0,1,0
0.81279164685273,,0.81279164685273,,17529,,0,1,0
0.812791038893266,,0.812791038893266,,17530,,0,1,0
0.741750014914288,,0.741750014914288,,17531,,0,1,0
0.741749143740094,,0.741749143740094,,17532,,0,1,0
0.671717504631289,,0.671717504631289,,17533,,0,1,0
0.671719024518502,,0.671719024518502,,17534,,0,1,0
0.603143337680486,,0.603143337680486,,17535,,0,1,0
0.603142683036396,,0.603142683036396,,17536,,0,1,0
0.536461914224738,,0.536461914224738,,17537,,0,1,0
0.536461790745335,,0.536461790745335,,17538,,0,1,0
0.472086035894364,,0.472086035894364,,17539,,0,1,0
0.472085282974321,,0.472085282974321,,17540,,0,1,0
0.410430490929274,,0.410430490929274,,17541,,0,1,0
0.410432327020745,,0.410432327020745,,17542,,0,1,0
0.351885980380537,,0.351885980380537,,17543,,0,1,0
0.351884830312416,,0.351884830312416,,17544,,0,1,0
0.296820019049193,,0.296820019049193,,17545,,0,1,0
0.296820340518751,,0.296820340518751,,17546,,0,1,0
0.245580664002887,,0.245580664002887,,17547,,0,1,0
0.245580664002887,,0.245580664002887,,17548,,0,1,0
0.198491455383198,,0.198491455383198,,17549,,0,1,0
0.198491192499349,,0.198491192499349,,17550,,0,1,0
0.155855811246967,,0.155855811246967,,17551,,0,1,0
0.155856144026673,,0.155856144026673,,17552,,0,1,0
0.11793689300307,,0.11793689300307,,17553,,0,1,0
0.117936994321413,,0.117936994321413,,17554,,0,1,0
0.0849800613141554,,0.0849800613141554,,17555,,0,1,0
0.0849797295824612,,0.0849797295824612,,17556,,0,1,0
0.0571879276998115,,0.0571879276998115,,17557,,0,1,0
0.0571879982528074,,0.0571879982528074,,17558,,0,1,0
0.0347422185941082,,0.0347422185941082,,17559,,0,1,0
0.0347422185941082,,0.0347422185941082,,17560,,0,1,0
0.0177818191880396,,0.0177818191880396,,17561,,0,1,0
0.0177818191880396,,0.0177818191880396,,17562,,0,1,0
0.00641484049073171,,0.00641484049073171,,17563,,0,1,0
0.00641484977378595,,0.00641484977378595,,17564,,0,1,0
1.84606067635429,,1.84606067635429,,17565,,0,1,0
1.83731594915458,,1.83731594915458,,17566,,0,1,0
1.83731640618704,,1.83731640618704,,17567,,0,1,0
1.8228026374675,,1.8228026374675,,17568,,0,1,0
1.82280309269129,,1.82280309269129,,17569,,0,1,0
1.80261028998246,,1.80261028998246,,17570,,0,1,0
1.80260870554915,,1.80260870554915,,17571,,0,1,0
1.77686731174447,,1.77686731174447,,17572,,0,1,0
1.77686731174447,,1.77686731174447,,17573,,0,1,0
1.74573922193861,,1.74573922193861,,17574,,0,1,0
1.74573944468711,,1.74573944468711,,17575,,0,1,0
1.70942183829005,,1.70942183829005,,17576,,0,1,0
1.70942183829005,,1.70942183829005,,17577,,0,1,0
1.66814093960017,,1.66814093960017,,17578,,0,1,0
1.66814072185855,,1.66814072185855,,17579,,0,1,0
1.62215927502214,,1.62215927502214,,17580,,0,1,0
1.62215884558282,,1.62215884558282,,17581,,0,1,0
1.57176661696315,,1.57176661696315,,17582,,0,1,0
1.5717670396796,,1.5717670396796,,17583,,0,1,0
1.51728508669819,,1.51728508669819,,17584,,0,1,0
1.51728487903541,,1.51728487903541,,17585,,0,1,0
1.45905462938688,,1.45905462938688,,17586,,0,1,0
1.45905462938688,,1.45905462938688,,17587,,0,1,0
1.39744429634493,,1.39744429634493,,17588,,0,1,0
1.39744429634493,,1.39744429634493,,17589,,0,1,0
1.33284524782357,,1.33284524782357,,17590,,0,1,0
1.3328454424559,,1.3328454424559,,17591,,0,1,0
1.26566149035764,,1.26566149035764,,17592,,0,1,0
1.26566186968478,,1.26566186968478,,17593,,0,1,0
1.19631948683833,,1.19631948683833,,17594,,0,1,0
1.19631948683833,,1.19631948683833,,17595,,0,1,0
1.12526197766363,,1.12526197766363,,17596,,0,1,0
1.12526126232473,,1.12526126232473,,17597,,0,1,0
1.05292897332618,,1.05292897332618,,17598,,0,1,0
1.05292914631764,,1.05292914631764,,17599,,0,1,0
0.979788023968531,,0.979788023968531,,17600,,0,1,0
0.979788357718469,,0.979788357718469,,17601,,0,1,0
0.906294112032356,,0.906294112032356,,17602,,0,1,0
0.906293951538039,,0.906293951538039,,17603,,0,1,0
0.832912418516123,,0.832912418516123,,17604,,0,1,0
0.832913187814597,,0.832913187814597,,17605,,0,1,0
0.760111919054111,,0.760111919054111,,17606,,0,1,0
0.760111772072214,,0.760111772072214,,17607,,0,1,0
0.688346549678165,,0.688346549678165,,17608,,0,1,0
0.688346549678165,,0.688346549678165,,17609,,0,1,0
0.618074089944692,,0.618074089944692,,17610,,0,1,0
0.618074487563291,,0.618074487563291,,17611,,0,1,0
0.549741811201166,,0.549741811201166,,17612,,0,1,0
0.549741186209303,,0.549741186209303,,17613,,0,1,0
0.483773253382866,,0.483773253382866,,17614,,0,1,0
0.483773429271317,,0.483773429271317,,17615,,0,1,0
0.420591209481247,,0.420591209481247,,17616,,0,1,0
0.420591428149253,,0.420591428149253,,17617,,0,1,0
0.360596497830274,,0.360596497830274,,17618,,0,1,0
0.360596295357896,,0.360596295357896,,17619,,0,1,0
0.304167852821935,,0.304167852821935,,17620,,0,1,0
0.304167852821935,,0.304167852821935,,17621,,0,1,0
0.251660374722052,,0.251660374722052,,17622,,0,1,0
0.251660374722052,,0.251660374722052,,17623,,0,1,0
0.203405012689773,,0.203405012689773,,17624,,0,1,0
0.203405012689773,,0.203405012689773,,17625,,0,1,0
0.159714218258971,,0.159714218258971,,17626,,0,1,0
0.159714218258971,,0.159714218258971,,17627,,0,1,0
0.120856425412798,,0.120856425412798,,17628,,0,1,0
0.120856425412798,,0.120856425412798,,17629,,0,1,0
0.0870836680569482,,0.0870836680569482,,17630,,0,1,0
0.0870836680569482,,0.0870836680569482,,17631,,0,1,0
0.0586036814863817,,0.0586036814863817,,17632,,0,1,0
0.0586036814863817,,0.0586036814863817,,17633,,0,1,0
0.0356023285198788,,0.0356023285198788,,17634,,0,1,0
0.0356023285198788,,0.0356023285198788,,17635,,0,1,0
0.0182220389669557,,0.0182220389669557,,17636,,0,1,0
0.0182220247435527,,0.0182220247435527,,17637,,0,1,0
0.00657364600644209,,0.00657364600644209,,17638,,0,1,0
0.00657364600644209,,0.00657364600644209,,17639,,0,1,0
1.84606182165138,,1.84606182165138,,17640,,0,1,0
1.84898325550353,,1.84898325550353,,17641,,0,1,0
1.84898325550353,,1.84898325550353,,17642,,0,1,0
1.84606182165138,,1.84606182165138,,17643,,0,1,0
1.84606067635429,,1.84606067635429,,17644,,0,1,0
1.83731572063837,,1.83731572063837,,17645,,0,1,0
1.83731686321955,,1.83731686321955,,17646,,0,1,0
1.8228026374675,,1.8228026374675,,17647,,0,1,0
1.8228033203032,,1.8228033203032,,17648,,0,1,0
1.80261142172097,,1.80261142172097,,17649,,0,1,0
1.80260802650651,,1.80260802650651,,17650,,0,1,0
1.77686731174447,,1.77686731174447,,17651,,0,1,0
1.77686731174447,,1.77686731174447,,17652,,0,1,0
1.74573721720271,,1.74573721720271,,17653,,0,1,0
1.74574100392704,,1.74574100392704,,17654,,0,1,0
1.70942183829005,,1.70942183829005,,17655,,0,1,0
1.70942183829005,,1.70942183829005,,17656,,0,1,0
1.66814093960017,,1.66814093960017,,17657,,0,1,0
1.6681398508922,,1.6681398508922,,17658,,0,1,0
1.62215927502214,,1.62215927502214,,17659,,0,1,0
1.62215884558282,,1.62215884558282,,17660,,0,1,0
1.57176767375439,,1.57176767375439,,17661,,0,1,0
1.57176598288857,,1.57176598288857,,17662,,0,1,0
1.5172840483844,,1.5172840483844,,17663,,0,1,0
1.51728612501234,,1.51728612501234,,17664,,0,1,0
1.45905381483115,,1.45905381483115,,17665,,0,1,0
1.45905524030383,,1.45905524030383,,17666,,0,1,0
1.39744349917248,,1.39744349917248,,17667,,0,1,0
1.39744489422441,,1.39744489422441,,17668,,0,1,0
1.33284622098535,,1.33284622098535,,17669,,0,1,0
1.3328444692944,,1.3328444692944,,17670,,0,1,0
1.26566205934837,,1.26566205934837,,17671,,0,1,0
1.26566111103057,,1.26566111103057,,17672,,0,1,0
1.19631985562797,,1.19631985562797,,17673,,0,1,0
1.19631948683833,,1.19631948683833,,17674,,0,1,0
1.12526036815143,,1.12526036815143,,17675,,0,1,0
1.12526305067241,,1.12526305067241,,17676,,0,1,0
1.05292914631764,,1.05292914631764,,17677,,0,1,0
1.0529282813605,,1.0529282813605,,17678,,0,1,0
0.979788691468464,,0.979788691468464,,17679,,0,1,0
0.979788023968531,,0.979788023968531,,17680,,0,1,0
0.906293951538039,,0.906293951538039,,17681,,0,1,0
0.906294112032356,,0.906294112032356,,17682,,0,1,0
0.832913957113426,,0.832913957113426,,17683,,0,1,0
0.832911649218005,,0.832911649218005,,17684,,0,1,0
0.760111184144769,,0.760111184144769,,17685,,0,1,0
0.760112506981841,,0.760112506981841,,17686,,0,1,0
0.688346549678165,,0.688346549678165,,17687,,0,1,0
0.688346549678165,,0.688346549678165,,17688,,0,1,0
0.618075017721623,,0.618075017721623,,17689,,0,1,0
0.61807342724731,,0.61807342724731,,17690,,0,1,0
0.549740311221292,,0.549740311221292,,17691,,0,1,0
0.54974256119187,,0.54974256119187,,17692,,0,1,0
0.483773605159799,,0.483773605159799,,17693,,0,1,0
0.483773018864982,,0.483773018864982,,17694,,0,1,0
0.420591592150295,,0.420591592150295,,17695,,0,1,0
0.420591045480279,,0.420591045480279,,17696,,0,1,0
0.360596295357896,,0.360596295357896,,17697,,0,1,0
0.360596497830274,,0.360596497830274,,17698,,0,1,0
0.304167573887002,,0.304167573887002,,17699,,0,1,0
0.304168178246186,,0.304168178246186,,17700,,0,1,0
0.251660628441572,,0.251660628441572,,17701,,0,1,0
0.251659951856469,,0.251659951856469,,17702,,0,1,0
0.203404898639292,,0.203404898639292,,17703,,0,1,0
0.203405126740286,,0.203405126740286,,17704,,0,1,0
0.159714319321047,,0.159714319321047,,17705,,0,1,0
0.159714218258971,,0.159714218258971,,17706,,0,1,0
0.120856425412798,,0.120856425412798,,17707,,0,1,0
0.120856322848095,,0.120856322848095,,17708,,0,1,0
0.0870835809943959,,0.0870835809943959,,17709,,0,1,0
0.0870836680569482,,0.0870836680569482,,17710,,0,1,0
0.0586036814863817,,0.0586036814863817,,17711,,0,1,0
0.0586036814863817,,0.0586036814863817,,17712,,0,1,0
0.0356022728523198,,0.0356022728523198,,17713,,0,1,0
0.0356023285198788,,0.0356023285198788,,17714,,0,1,0
0.0182220389669557,,0.0182220389669557,,17715,,0,1,0
0.0182220190541931,,0.0182220190541931,,17716,,0,1,0
0.00657364600644209,,0.00657364600644209,,17717,,0,1,0
0.00657364600644209,,0.00657364600644209,,17718,,0,1,0
1.88529870924328,,1.88529870924328,,17719,,0,1,0
1.87636651212517,,1.87636651212517,,17720,,0,1,0
1.87636697398901,,1.87636697398901,,17721,,0,1,0
1.86154420786818,,1.86154420786818,,17722,,0,1,0
1.86154489792217,,1.86154489792217,,17723,,0,1,0
1.84092507676485,,1.84092507676485,,17724,,0,1,0
1.84092507676485,,1.84092507676485,,17725,,0,1,0
1.81463621367079,,1.81463621367079,,17726,,0,1,0
1.81463598656936,,1.81463598656936,,17727,,0,1,0
1.78284373798351,,1.78284373798351,,17728,,0,1,0
1.78284418819001,,1.78284418819001,,17729,,0,1,0
1.74575303237273,,1.74575303237273,,17730,,0,1,0
1.74575303237273,,1.74575303237273,,17731,,0,1,0
1.70359671740164,,1.70359671740164,,17732,,0,1,0
1.70359693744513,,1.70359693744513,,17733,,0,1,0
1.65663838550052,,1.65663838550052,,17734,,0,1,0
1.65663751754216,,1.65663751754216,,17735,,0,1,0
1.605175405512,,1.605175405512,,17736,,0,1,0
1.60517583269737,,1.60517583269737,,17737,,0,1,0
1.54953460933456,,1.54953460933456,,17738,,0,1,0
1.54953460933456,,1.54953460933456,,17739,,0,1,0
1.49006593075149,,1.49006593075149,,17740,,0,1,0
1.49006510758483,,1.49006510758483,,17741,,0,1,0
1.42714607070786,,1.42714607070786,,17742,,0,1,0
1.42714727910769,,1.42714727910769,,17743,,0,1,0
1.36117344725474,,1.36117344725474,,17744,,0,1,0
1.36117285718542,,1.36117285718542,,17745,,0,1,0
1.29256352270603,,1.29256352270603,,17746,,0,1,0
1.29256275603161,,1.29256275603161,,17747,,0,1,0
1.22174810620721,,1.22174810620721,,17748,,0,1,0
1.22174829255144,,1.22174829255144,,17749,,0,1,0
1.14917738659705,,1.14917738659705,,17750,,0,1,0
1.14917738659705,,1.14917738659705,,17751,,0,1,0
1.07530856702909,,1.07530856702909,,17752,,0,1,0
1.07530874184931,,1.07530874184931,,17753,,0,1,0
1.00061270618489,,1.00061270618489,,17754,,0,1,0
1.00061253754586,,1.00061253754586,,17755,,0,1,0
0.925555998936723,,0.925555998936723,,17756,,0,1,0
0.925555998936723,,0.925555998936723,,17757,,0,1,0
0.850616905911927,,0.850616905911927,,17758,,0,1,0
0.850616750425644,,0.850616750425644,,17759,,0,1,0
0.776267718957804,,0.776267718957804,,17760,,0,1,0
0.776267273350754,,0.776267273350754,,17761,,0,1,0
0.702977369241189,,0.702977369241189,,17762,,0,1,0
0.702977793291211,,0.702977793291211,,17763,,0,1,0
0.631211564489725,,0.631211564489725,,17764,,0,1,0
0.631210894786392,,0.631210894786392,,17765,,0,1,0
0.561425717915,,0.561425717915,,17766,,0,1,0
0.561426349513916,,0.561426349513916,,17767,,0,1,0
0.494055403112725,,0.494055403112725,,17768,,0,1,0
0.494055166115714,,0.494055166115714,,17769,,0,1,0
0.429531005082085,,0.429531005082085,,17770,,0,1,0
0.429530839347336,,0.429530839347336,,17771,,0,1,0
0.368260639657933,,0.368260639657933,,17772,,0,1,0
0.368260639657933,,0.368260639657933,,17773,,0,1,0
0.310632596157889,,0.310632596157889,,17774,,0,1,0
0.310632596157889,,0.310632596157889,,17775,,0,1,0
0.257009505443095,,0.257009505443095,,17776,,0,1,0
0.257009505443095,,0.257009505443095,,17777,,0,1,0
0.207728399359553,,0.207728399359553,,17778,,0,1,0
0.207728553034514,,0.207728553034514,,17779,,0,1,0
0.163109023668683,,0.163109023668683,,17780,,0,1,0
0.163109023668683,,0.163109023668683,,17781,,0,1,0
0.123425289015707,,0.123425289015707,,17782,,0,1,0
0.123425289015707,,0.123425289015707,,17783,,0,1,0
0.0889345868665754,,0.0889345868665754,,17784,,0,1,0
0.0889345868665754,,0.0889345868665754,,17785,,0,1,0
0.0598493543213618,,0.0598493543213618,,17786,,0,1,0
0.0598492821453718,,0.0598492821453718,,17787,,0,1,0
0.0363590121645547,,0.0363590121645547,,17788,,0,1,0
0.0363590121645547,,0.0363590121645547,,17789,,0,1,0
0.0186093304277685,,0.0186093304277685,,17790,,0,1,0
0.0186093246782636,,0.0186093246782636,,17791,,0,1,0
0.00671336861582728,,0.00671336861582728,,17792,,0,1,0
0.00671336861582728,,0.00671336861582728,,17793,,0,1,0
1.88529940368608,,1.88529940368608,,17794,,0,1,0
1.88828275211001,,1.88828275211001,,17795,,0,1,0
1.88828275211001,,1.88828275211001,,17796,,0,1,0
1.88529986664801,,1.88529986664801,,17797,,0,1,0
1.88529824628149,,1.88529824628149,,17798,,0,1,0
1.87636697398901,,1.87636697398901,,17799,,0,1,0
1.87636651212517,,1.87636651212517,,17800,,0,1,0
1.86154328779639,,1.86154328779639,,17801,,0,1,0
1.86154581799435,,1.86154581799435,,17802,,0,1,0
1.84092507676485,,1.84092507676485,,17803,,0,1,0
1.84092507676485,,1.84092507676485,,17804,,0,1,0
1.81463712207665,,1.81463712207665,,17805,,0,1,0
1.81463553236654,,1.81463553236654,,17806,,0,1,0
1.78284441329328,,1.78284441329328,,17807,,0,1,0
1.78284261246751,,1.78284261246751,,17808,,0,1,0
1.74575102762891,,1.74575102762891,,17809,,0,1,0
1.74575459161873,,1.74575459161873,,17810,,0,1,0
1.70359693744513,,1.70359693744513,,17811,,0,1,0
1.70359671740164,,1.70359671740164,,17812,,0,1,0
1.65663751754216,,1.65663751754216,,17813,,0,1,0
1.65663795152131,,1.65663795152131,,17814,,0,1,0
1.605175405512,,1.605175405512,,17815,,0,1,0
1.60517583269737,,1.60517583269737,,17816,,0,1,0
1.54953460933456,,1.54953460933456,,17817,,0,1,0
1.54953439947647,,1.54953439947647,,17818,,0,1,0
1.49006510758483,,1.49006510758483,,17819,,0,1,0
1.49006593075149,,1.49006593075149,,17820,,0,1,0
1.42714828610793,,1.42714828610793,,17821,,0,1,0
1.42714425810909,,1.42714425810909,,17822,,0,1,0
1.36117148035748,,1.36117148035748,,17823,,0,1,0
1.36117482408367,,1.36117482408367,,17824,,0,1,0
1.29256256436304,,1.29256256436304,,17825,,0,1,0
1.29256371437467,,1.29256371437467,,17826,,0,1,0
1.22174922427281,,1.22174922427281,,17827,,0,1,0
1.22174717448627,,1.22174717448627,,17828,,0,1,0
1.14917720587189,,1.14917720587189,,17829,,0,1,0
1.14917774804741,,1.14917774804741,,17830,,0,1,0
1.07530944113034,,1.07530944113034,,17831,,0,1,0
1.07530786774834,,1.07530786774834,,17832,,0,1,0
1.00061253754586,,1.00061253754586,,17833,,0,1,0
1.00061304346298,,1.00061304346298,,17834,,0,1,0
0.925555836745843,,0.925555836745843,,17835,,0,1,0
0.925556323318524,,0.925556323318524,,17836,,0,1,0
0.850616750425644,,0.850616750425644,,17837,,0,1,0
0.850616905911927,,0.850616905911927,,17838,,0,1,0
0.776267273350754,,0.776267273350754,,17839,,0,1,0
0.776268016029242,,0.776268016029242,,17840,,0,1,0
0.702978500041532,,0.702978500041532,,17841,,0,1,0
0.702976662491437,,0.702976662491437,,17842,,0,1,0
0.631210359023981,,0.631210359023981,,17843,,0,1,0
0.631212234193413,,0.631212234193413,,17844,,0,1,0
0.561426981113186,,0.561426981113186,,17845,,0,1,0
0.561424833677115,,0.561424833677115,,17846,,0,1,0
0.494054988367994,,0.494054988367994,,17847,,0,1,0
0.494055758608347,,0.494055758608347,,17848,,0,1,0
0.429530839347336,,0.429530839347336,,17849,,0,1,0
0.429531005082085,,0.429531005082085,,17850,,0,1,0
0.368260639657933,,0.368260639657933,,17851,,0,1,0
0.368260639657933,,0.368260639657933,,17852,,0,1,0
0.310632596157889,,0.310632596157889,,17853,,0,1,0
0.310632784080342,,0.310632784080342,,17854,,0,1,0
0.257009377242248,,0.257009377242248,,17855,,0,1,0
0.257009633643975,,0.257009633643975,,17856,,0,1,0
0.207728553034514,,0.207728553034514,,17857,,0,1,0
0.207728399359553,,0.207728399359553,,17858,,0,1,0
0.163109023668683,,0.163109023668683,,17859,,0,1,0
0.163109023668683,,0.163109023668683,,17860,,0,1,0
0.123425289015707,,0.123425289015707,,17861,,0,1,0
0.123425289015707,,0.123425289015707,,17862,,0,1,0
0.0889345868665754,,0.0889345868665754,,17863,,0,1,0
0.0889346748495417,,0.0889346748495417,,17864,,0,1,0
0.0598493543213618,,0.0598493543213618,,17865,,0,1,0
0.0598492821453718,,0.0598492821453718,,17866,,0,1,0
0.0363590121645547,,0.0363590121645547,,17867,,0,1,0
0.0363590121645547,,0.0363590121645547,,17868,,0,1,0
0.0186093304277685,,0.0186093304277685,,17869,,0,1,0
0.0186093304277685,,0.0186093304277685,,17870,,0,1,0
0.00671336861582728,,0.00671336861582728,,17871,,0,1,0
0.00671336861582728,,0.00671336861582728,,17872,,0,1,0
1.91892899245434,,1.91892899245434,,17873,,0,1,0
1.90983840437369,,1.90983840437369,,17874,,0,1,0
1.90983817139114,,1.90983817139114,,17875,,0,1,0
1.89475031717451,,1.89475031717451,,17876,,0,1,0
1.89475008511408,,1.89475008511408,,17877,,0,1,0
1.87376181202854,,1.87376181202854,,17878,,0,1,0
1.87376227357169,,1.87376227357169,,17879,,0,1,0
1.8470054380872,,1.8470054380872,,17880,,0,1,0
1.8470054380872,,1.8470054380872,,17881,,0,1,0
1.81464825006697,,1.81464825006697,,17882,,0,1,0
1.81464825006697,,1.81464825006697,,17883,,0,1,0
1.77689293055803,,1.77689293055803,,17884,,0,1,0
1.77689293055803,,1.77689293055803,,17885,,0,1,0
1.73398525622037,,1.73398525622037,,17886,,0,1,0
1.73398525622037,,1.73398525622037,,17887,,0,1,0
1.68618954416206,,1.68618954416206,,17888,,0,1,0
1.68618954416206,,1.68618954416206,,17889,,0,1,0
1.63380868863442,,1.63380868863442,,17890,,0,1,0
1.63380933510237,,1.63380933510237,,17891,,0,1,0
1.57717463355971,,1.57717463355971,,17892,,0,1,0
1.57717505700277,,1.57717505700277,,17893,,0,1,0
1.5166445146038,,1.5166445146038,,17894,,0,1,0
1.51664492984174,,1.51664492984174,,17895,,0,1,0
1.45260499215511,,1.45260499215511,,17896,,0,1,0
1.4526039762134,,1.4526039762134,,17897,,0,1,0
1.38545315283594,,1.38545315283594,,17898,,0,1,0
1.38545394658107,,1.38545394658107,,17899,,0,1,0
1.31561889399854,,1.31561889399854,,17900,,0,1,0
1.31561850725763,,1.31561850725763,,17901,,0,1,0
1.24354236493219,,1.24354236493219,,17902,,0,1,0
1.24354330492704,,1.24354330492704,,17903,,0,1,0
1.16967602015646,,1.16967602015646,,17904,,0,1,0
1.16967693180613,,1.16967693180613,,17905,,0,1,0
1.09448966084904,,1.09448966084904,,17906,,0,1,0
1.0944887789866,,1.0944887789866,,17907,,0,1,0
1.0184612616722,,1.0184612616722,,17908,,0,1,0
1.01846024085378,,1.01846024085378,,17909,,0,1,0
0.94206670370972,,0.94206670370972,,17910,,0,1,0
0.942068830915588,,0.942068830915588,,17911,,0,1,0
0.865789304061877,,0.865789304061877,,17912,,0,1,0
0.865788049127445,,0.865788049127445,,17913,,0,1,0
0.790114221986762,,0.790114221986762,,17914,,0,1,0
0.790114821405218,,0.790114821405218,,17915,,0,1,0
0.715517966175135,,0.715517966175135,,17916,,0,1,0
0.715517253149301,,0.715517253149301,,17917,,0,1,0
0.642470287854913,,0.642470287854913,,17918,,0,1,0
0.642470693244832,,0.642470693244832,,17919,,0,1,0
0.571441166658843,,0.571441166658843,,17920,,0,1,0
0.571441039217355,,0.571441039217355,,17921,,0,1,0
0.502868343540008,,0.502868343540008,,17922,,0,1,0
0.502868104438569,,0.502868104438569,,17923,,0,1,0
0.43719292481299,,0.43719292481299,,17924,,0,1,0
0.43719292481299,,0.43719292481299,,17925,,0,1,0
0.374829765950595,,0.374829765950595,,17926,,0,1,0
0.374829765950595,,0.374829765950595,,17927,,0,1,0
0.316173597763118,,0.316173597763118,,17928,,0,1,0
0.316173882149798,,0.316173882149798,,17929,,0,1,0
0.261593588388401,,0.261593588388401,,17930,,0,1,0
0.261593459049296,,0.261593459049296,,17931,,0,1,0
0.211433860116417,,0.211433860116417,,17932,,0,1,0
0.211433743836807,,0.211433743836807,,17933,,0,1,0
0.16601854270079,,0.16601854270079,,17934,,0,1,0
0.16601854270079,,0.16601854270079,,17935,,0,1,0
0.125626871159056,,0.125626871159056,,17936,,0,1,0
0.125626871159056,,0.125626871159056,,17937,,0,1,0
0.0905209553690884,,0.0905209553690884,,17938,,0,1,0
0.0905209553690884,,0.0905209553690884,,17939,,0,1,0
0.0609168330944994,,0.0609168330944994,,17940,,0,1,0
0.0609169059113572,,0.0609169059113572,,17941,,0,1,0
0.0370075615155341,,0.0370075615155341,,17942,,0,1,0
0.0370075615155341,,0.0370075615155341,,17943,,0,1,0
0.0189412734415139,,0.0189412734415139,,17944,,0,1,0
0.0189412792420712,,0.0189412792420712,,17945,,0,1,0
0.00683312255761151,,0.00683312255761151,,17946,,0,1,0
0.00683312255761151,,0.00683312255761151,,17947,,0,1,0
1.91892899245434,,1.91892899245434,,17948,,0,1,0
1.92196569880991,,1.92196569880991,,17949,,0,1,0
1.92196569880991,,1.92196569880991,,17950,,0,1,0
1.91892899245434,,1.91892899245434,,17951,,0,1,0
1.91892992659999,,1.91892992659999,,17952,,0,1,0
1.90983887033883,,1.90983887033883,,17953,,0,1,0
1.90983817139114,,1.90983817139114,,17954,,0,1,0
1.89475031717451,,1.89475031717451,,17955,,0,1,0
1.89475008511408,,1.89475008511408,,17956,,0,1,0
1.87376158125699,,1.87376158125699,,17957,,0,1,0
1.8737627351149,,1.8737627351149,,17958,,0,1,0
1.84700520896922,,1.84700520896922,,17959,,0,1,0
1.84700658367731,,1.84700658367731,,17960,,0,1,0
1.8146489313736,,1.8146489313736,,17961,,0,1,0
1.81464779586261,,1.81464779586261,,17962,,0,1,0
1.77689293055803,,1.77689293055803,,17963,,0,1,0
1.77689293055803,,1.77689293055803,,17964,,0,1,0
1.73398459022837,,1.73398459022837,,17965,,0,1,0
1.73398636620732,,1.73398636620732,,17966,,0,1,0
1.68618954416206,,1.68618954416206,,17967,,0,1,0
1.68618910632929,,1.68618910632929,,17968,,0,1,0
1.63380976608107,,1.63380976608107,,17969,,0,1,0
1.63380825765586,,1.63380825765586,,17970,,0,1,0
1.57717548044588,,1.57717548044588,,17971,,0,1,0
1.57717463355971,,1.57717463355971,,17972,,0,1,0
1.51664513746073,,1.51664513746073,,17973,,0,1,0
1.51664389174701,,1.51664389174701,,17974,,0,1,0
1.45260275708381,,1.45260275708381,,17975,,0,1,0
1.45260560172031,,1.45260560172031,,17976,,0,1,0
1.38545414501738,,1.38545414501738,,17977,,0,1,0
1.38545315283594,,1.38545315283594,,17978,,0,1,0
1.31561792714638,,1.31561792714638,,17979,,0,1,0
1.31561908736902,,1.31561908736902,,17980,,0,1,0
1.24354405692318,,1.24354405692318,,17981,,0,1,0
1.24354180093545,,1.24354180093545,,17982,,0,1,0
1.1696774787961,,1.1696774787961,,17983,,0,1,0
1.16967529083698,,1.16967529083698,,17984,,0,1,0
1.09448860261416,,1.09448860261416,,17985,,0,1,0
1.09449054271184,,1.09449054271184,,17986,,0,1,0
1.01845904989961,,1.01845904989961,,17987,,0,1,0
1.01846245262767,,1.01846245262767,,17988,,0,1,0
0.94207030359798,,0.94207030359798,,17989,,0,1,0
0.942065394661149,,0.942065394661149,,17990,,0,1,0
0.865786951060564,,0.865786951060564,,17991,,0,1,0
0.865790402130251,,0.865790402130251,,17992,,0,1,0
0.790114971259868,,0.790114971259868,,17993,,0,1,0
0.790114072132184,,0.790114072132184,,17994,,0,1,0
0.715517110544177,,0.715517110544177,,17995,,0,1,0
0.715517966175135,,0.715517966175135,,17996,,0,1,0
0.642470963504849,,0.642470963504849,,17997,,0,1,0
0.642470017595038,,0.642470017595038,,17998,,0,1,0
0.571441039217355,,0.571441039217355,,17999,,0,1,0
0.571441166658843,,0.571441166658843,,18000,,0,1,0
0.502867865337187,,0.502867865337187,,18001,,0,1,0
0.502868343540008,,0.502868343540008,,18002,,0,1,0
0.43719292481299,,0.43719292481299,,18003,,0,1,0
0.437193092019415,,0.437193092019415,,18004,,0,1,0
0.374829920772868,,0.374829920772868,,18005,,0,1,0
0.374829765950595,,0.374829765950595,,18006,,0,1,0
0.316174403525709,,0.316174403525709,,18007,,0,1,0
0.31617326597882,,0.31617326597882,,18008,,0,1,0
0.261593286597206,,0.261593286597206,,18009,,0,1,0
0.261593890179769,,0.261593890179769,,18010,,0,1,0
0.211433743836807,,0.211433743836807,,18011,,0,1,0
0.211433860116417,,0.211433860116417,,18012,,0,1,0
0.16601854270079,,0.16601854270079,,18013,,0,1,0
0.16601854270079,,0.16601854270079,,18014,,0,1,0
0.125626990666916,,0.125626990666916,,18015,,0,1,0
0.125626871159056,,0.125626871159056,,18016,,0,1,0
0.0905209553690884,,0.0905209553690884,,18017,,0,1,0
0.0905209553690884,,0.0905209553690884,,18018,,0,1,0
0.0609169059113572,,0.0609169059113572,,18019,,0,1,0
0.0609168330944994,,0.0609168330944994,,18020,,0,1,0
0.0370075615155341,,0.0370075615155341,,18021,,0,1,0
0.0370075615155341,,0.0370075615155341,,18022,,0,1,0
0.0189412618404018,,0.0189412618404018,,18023,,0,1,0
0.0189412908431886,,0.0189412908431886,,18024,,0,1,0
0.00683312255761151,,0.00683312255761151,,18025,,0,1,0
0.00683312255761151,,0.00683312255761151,,18026,,0,1,0
1.94673928936943,,1.94673928936943,,18027,,0,1,0
1.93751728044038,,1.93751728044038,,18028,,0,1,0
1.93751728044038,,1.93751728044038,,18029,,0,1,0
1.92221134753027,,1.92221134753027,,18030,,0,1,0
1.92221064632224,,1.92221064632224,,18031,,0,1,0
1.9009174599633,,1.9009174599633,,18032,,0,1,0
1.9009174599633,,1.9009174599633,,18033,,0,1,0
1.87377265830764,,1.87377265830764,,18034,,0,1,0
1.87377242753542,,1.87377242753542,,18035,,0,1,0
1.84094726466472,,1.84094726466472,,18036,,0,1,0
1.8409470359228,,1.8409470359228,,18037,,0,1,0
1.80264514769153,,1.80264514769153,,18038,,0,1,0
1.80264560039127,,1.80264560039127,,18039,,0,1,0
1.75911316484988,,1.75911316484988,,18040,,0,1,0
1.75911316484988,,1.75911316484988,,18041,,0,1,0
1.71062553977669,,1.71062553977669,,18042,,0,1,0
1.71062553977669,,1.71062553977669,,18043,,0,1,0
1.65748670649475,,1.65748670649475,,18044,,0,1,0
1.65748583831419,,1.65748583831419,,18045,,0,1,0
1.60003301530345,,1.60003301530345,,18046,,0,1,0
1.60003216230252,,1.60003216230252,,18047,,0,1,0
1.53862572639787,,1.53862572639787,,18048,,0,1,0
1.53862572639787,,1.53862572639787,,18049,,0,1,0
1.47365605159396,,1.47365605159396,,18050,,0,1,0
1.47365687021559,,1.47365687021559,,18051,,0,1,0
1.40553271966031,,1.40553271966031,,18052,,0,1,0
1.40553231992221,,1.40553231992221,,18053,,0,1,0
1.33468496302215,,1.33468496302215,,18054,,0,1,0
1.33468691068885,,1.33468691068885,,18055,,0,1,0
1.26156504302983,,1.26156504302983,,18056,,0,1,0
1.26156258139822,,1.26156258139822,,18057,,0,1,0
1.18663024571563,,1.18663024571563,,18058,,0,1,0
1.18662987842254,,1.18662987842254,,18059,,0,1,0
1.11035163658482,,1.11035163658482,,18060,,0,1,0
1.1103518142308,,1.1103518142308,,18061,,0,1,0
1.03321957594744,,1.03321957594744,,18062,,0,1,0
1.0332214609602,,1.0332214609602,,18063,,0,1,0
0.955721758393857,,0.955721758393857,,18064,,0,1,0
0.955718626953967,,0.955718626953967,,18065,,0,1,0
0.878335621188519,,0.878335621188519,,18066,,0,1,0
0.878337201182894,,0.878337201182894,,18067,,0,1,0
0.801565342427757,,0.801565342427757,,18068,,0,1,0
0.801565342427757,,0.801565342427757,,18069,,0,1,0
0.725887009488709,,0.725887009488709,,18070,,0,1,0
0.725887153123494,,0.725887153123494,,18071,,0,1,0
0.651781942816825,,0.651781942816825,,18072,,0,1,0
0.651781398394206,,0.651781398394206,,18073,,0,1,0
0.579722793445853,,0.579722793445853,,18074,,0,1,0
0.579722793445853,,0.579722793445853,,18075,,0,1,0
0.510156069499779,,0.510156069499779,,18076,,0,1,0
0.510156069499779,,0.510156069499779,,18077,,0,1,0
0.443528816136906,,0.443528816136906,,18078,,0,1,0
0.443529433653822,,0.443529433653822,,18079,,0,1,0
0.380261943608112,,0.380261943608112,,18080,,0,1,0
0.380261579747982,,0.380261579747982,,18081,,0,1,0
0.320756624624893,,0.320756624624893,,18082,,0,1,0
0.3207564336647,,0.3207564336647,,18083,,0,1,0
0.26538483396047,,0.26538483396047,,18084,,0,1,0
0.265385137930885,,0.265385137930885,,18085,,0,1,0
0.214498075358181,,0.214498075358181,,18086,,0,1,0
0.214498075358181,,0.214498075358181,,18087,,0,1,0
0.168424636500506,,0.168424636500506,,18088,,0,1,0
0.168424636500506,,0.168424636500506,,18089,,0,1,0
0.127447579411866,,0.127447579411866,,18090,,0,1,0
0.127447579411866,,0.127447579411866,,18091,,0,1,0
0.0918328665148067,,0.0918328665148067,,18092,,0,1,0
0.0918328665148067,,0.0918328665148067,,18093,,0,1,0
0.0617997511400876,,0.0617997511400876,,18094,,0,1,0
0.0617997511400876,,0.0617997511400876,,18095,,0,1,0
0.037543917459502,,0.037543917459502,,18096,,0,1,0
0.037543917459502,,0.037543917459502,,18097,,0,1,0
0.0192157832561439,,0.0192157832561439,,18098,,0,1,0
0.0192157861773633,,0.0192157861773633,,18099,,0,1,0
0.00693215184496901,,0.00693215184496901,,18100,,0,1,0
0.0069321500904054,,0.0069321500904054,,18101,,0,1,0
1.94673905414686,,1.94673905414686,,18102,,0,1,0
1.94981957033952,,1.94981957033952,,18103,,0,1,0
1.94981957033952,,1.94981957033952,,18104,,0,1,0
1.94673905414686,,1.94673905414686,,18105,,0,1,0
1.94673928936943,,1.94673928936943,,18106,,0,1,0
1.93751728044038,,1.93751728044038,,18107,,0,1,0
1.93751728044038,,1.93751728044038,,18108,,0,1,0
1.92221181500236,,1.92221181500236,,18109,,0,1,0
1.92221017885029,,1.92221017885029,,18110,,0,1,0
1.9009174599633,,1.9009174599633,,18111,,0,1,0
1.9009174599633,,1.9009174599633,,18112,,0,1,0
1.87377150444667,,1.87377150444667,,18113,,0,1,0
1.87377358139668,,1.87377358139668,,18114,,0,1,0
1.84094726466472,,1.84094726466472,,18115,,0,1,0
1.84094726466472,,1.84094726466472,,18116,,0,1,0
1.80264695849082,,1.80264695849082,,18117,,0,1,0
1.8026435632429,,1.8026435632429,,18118,,0,1,0
1.75911316484988,,1.75911316484988,,18119,,0,1,0
1.7591136120501,,1.7591136120501,,18120,,0,1,0
1.71062576027364,,1.71062576027364,,18121,,0,1,0
1.71062553977669,,1.71062553977669,,18122,,0,1,0
1.65748518717891,,1.65748518717891,,18123,,0,1,0
1.65748735763032,,1.65748735763032,,18124,,0,1,0
1.60003194905232,,1.60003194905232,,18125,,0,1,0
1.60003322855371,,1.60003322855371,,18126,,0,1,0
1.53862488992565,,1.53862488992565,,18127,,0,1,0
1.53862593551597,,1.53862593551597,,18128,,0,1,0
1.47365748418196,,1.47365748418196,,18129,,0,1,0
1.47365584693859,,1.47365584693859,,18130,,0,1,0
1.40553172031517,,1.40553172031517,,18131,,0,1,0
1.40553291952938,,1.40553291952938,,18132,,0,1,0
1.33468807928956,,1.33468807928956,,18133,,0,1,0
1.33468398918933,,1.33468398918933,,18134,,0,1,0
1.26156125590526,,1.26156125590526,,18135,,0,1,0
1.26156598981186,,1.26156598981186,,18136,,0,1,0
1.18663024571563,,1.18663024571563,,18137,,0,1,0
1.18662987842254,,1.18662987842254,,18138,,0,1,0
1.11035252481486,,1.11035252481486,,18139,,0,1,0
1.11035128129291,,1.11035128129291,,18140,,0,1,0
1.03322231778475,,1.03322231778475,,18141,,0,1,0
1.03321871912403,,1.03321871912403,,18142,,0,1,0
0.95571747326688,,0.95571747326688,,18143,,0,1,0
0.955723406522175,,0.955723406522175,,18144,,0,1,0
0.87833751718194,,0.87833751718194,,18145,,0,1,0
0.878335147190484,,0.878335147190484,,18146,,0,1,0
0.801565342427757,,0.801565342427757,,18147,,0,1,0
0.801565644300986,,0.801565644300986,,18148,,0,1,0
0.725887153123494,,0.725887153123494,,18149,,0,1,0
0.725887009488709,,0.725887009488709,,18150,,0,1,0
0.651781398394206,,0.651781398394206,,18151,,0,1,0
0.651782078922515,,0.651782078922515,,18152,,0,1,0
0.579722793445853,,0.579722793445853,,18153,,0,1,0
0.579722793445853,,0.579722793445853,,18154,,0,1,0
0.510156069499779,,0.510156069499779,,18155,,0,1,0
0.510156069499779,,0.510156069499779,,18156,,0,1,0
0.443529602067601,,0.443529602067601,,18157,,0,1,0
0.443528647723276,,0.443528647723276,,18158,,0,1,0
0.380261215888027,,0.380261215888027,,18159,,0,1,0
0.380262307468415,,0.380262307468415,,18160,,0,1,0
0.320756290444592,,0.320756290444592,,18161,,0,1,0
0.320756767845076,,0.320756767845076,,18162,,0,1,0
0.265385137930885,,0.265385137930885,,18163,,0,1,0
0.265384703687488,,0.265384703687488,,18164,,0,1,0
0.214498075358181,,0.214498075358181,,18165,,0,1,0
0.214497958239008,,0.214497958239008,,18166,,0,1,0
0.168424636500506,,0.168424636500506,,18167,,0,1,0
0.168424532719207,,0.168424532719207,,18168,,0,1,0
0.127447459041166,,0.127447459041166,,18169,,0,1,0
0.127447669689928,,0.127447669689928,,18170,,0,1,0
0.0918328665148067,,0.0918328665148067,,18171,,0,1,0
0.0918328665148067,,0.0918328665148067,,18172,,0,1,0
0.0617997511400876,,0.0617997511400876,,18173,,0,1,0
0.0617997511400876,,0.0617997511400876,,18174,,0,1,0
0.037543917459502,,0.037543917459502,,18175,,0,1,0
0.037543917459502,,0.037543917459502,,18176,,0,1,0
0.0192157861773633,,0.0192157861773633,,18177,,0,1,0
0.0192157774137058,,0.0192157774137058,,18178,,0,1,0
0.00693215184496901,,0.00693215184496901,,18179,,0,1,0
0.0069321500904054,,0.0069321500904054,,18180,,0,1,0
1.96855415197206,,1.96855415197206,,18181,,0,1,0
1.95922840459367,,1.95922840459367,,18182,,0,1,0
1.95922840459367,,1.95922840459367,,18183,,0,1,0
1.943751228402,,1.943751228402,,18184,,0,1,0
1.943751228402,,1.943751228402,,18185,,0,1,0
1.92221882709055,,1.92221882709055,,18186,,0,1,0
1.92221929456355,,1.92221929456355,,18187,,0,1,0
1.89476911411592,,1.89476911411592,,18188,,0,1,0
1.89476911411592,,1.89476911411592,,18189,,0,1,0
1.86157549044412,,1.86157549044412,,18190,,0,1,0
1.86157457036461,,1.86157457036461,,18191,,0,1,0
1.82284770489787,,1.82284770489787,,18192,,0,1,0
1.82284679443922,,1.82284679443922,,18193,,0,1,0
1.77882700977878,,1.77882700977878,,18194,,0,1,0
1.77882768432739,,1.77882768432739,,18195,,0,1,0
1.72979470510888,,1.72979470510888,,18196,,0,1,0
1.72979359646436,,1.72979359646436,,18197,,0,1,0
1.67605999818904,,1.67605999818904,,18198,,0,1,0
1.67606196251029,,1.67606196251029,,18199,,0,1,0
1.61796121887008,,1.61796121887008,,18200,,0,1,0
1.6179607899868,,1.6179607899868,,18201,,0,1,0
1.55586639748481,,1.55586639748481,,18202,,0,1,0
1.55586597691197,,1.55586597691197,,18203,,0,1,0
1.4901704747652,,1.4901704747652,,18204,,0,1,0
1.4901704747652,,1.4901704747652,,18205,,0,1,0
1.42128190340976,,1.42128190340976,,18206,,0,1,0
1.42128290833855,,1.42128290833855,,18207,,0,1,0
1.34964362164354,,1.34964362164354,,18208,,0,1,0
1.34964068382022,,1.34964068382022,,18209,,0,1,0
1.27569934300053,,1.27569934300053,,18210,,0,1,0
1.2757004854858,,1.2757004854858,,18211,,0,1,0
1.19992675168164,,1.19992675168164,,18212,,0,1,0
1.19992545897378,,1.19992545897378,,18213,,0,1,0
1.12279451803363,,1.12279451803363,,18214,,0,1,0
1.12279612578136,,1.12279612578136,,18215,,0,1,0
1.04480011296531,,1.04480011296531,,18216,,0,1,0
1.04479907903124,,1.04479907903124,,18217,,0,1,0
0.966428146595952,,0.966428146595952,,18218,,0,1,0
0.966428975262829,,0.966428975262829,,18219,,0,1,0
0.888179549750198,,0.888179549750198,,18220,,0,1,0
0.888178914221164,,0.888178914221164,,18221,,0,1,0
0.810547850841381,,0.810547850841381,,18222,,0,1,0
0.810547850841381,,0.810547850841381,,18223,,0,1,0
0.734021445850004,,0.734021445850004,,18224,,0,1,0
0.734021156975359,,0.734021156975359,,18225,,0,1,0
0.659085166170037,,0.659085166170037,,18226,,0,1,0
0.659085576768376,,0.659085576768376,,18227,,0,1,0
0.586219046777046,,0.586219046777046,,18228,,0,1,0
0.586218788619391,,0.586218788619391,,18229,,0,1,0
0.515872871723111,,0.515872871723111,,18230,,0,1,0
0.515872871723111,,0.515872871723111,,18231,,0,1,0
0.448499584715847,,0.448499584715847,,18232,,0,1,0
0.448499415361114,,0.448499415361114,,18233,,0,1,0
0.384522555396416,,0.384522555396416,,18234,,0,1,0
0.384522764478135,,0.384522764478135,,18235,,0,1,0
0.324350529263036,,0.324350529263036,,18236,,0,1,0
0.324350673283336,,0.324350673283336,,18237,,0,1,0
0.268358696715751,,0.268358696715751,,18238,,0,1,0
0.268358565714893,,0.268358565714893,,18239,,0,1,0
0.216901615264938,,0.216901615264938,,18240,,0,1,0
0.216901733038499,,0.216901733038499,,18241,,0,1,0
0.170312003266504,,0.170312003266504,,18242,,0,1,0
0.170311864118291,,0.170311864118291,,18243,,0,1,0
0.128875694020969,,0.128875694020969,,18244,,0,1,0
0.128875694020969,,0.128875694020969,,18245,,0,1,0
0.0928619634109791,,0.0928619634109791,,18246,,0,1,0
0.0928619634109791,,0.0928619634109791,,18247,,0,1,0
0.0624922957615865,,0.0624922957615865,,18248,,0,1,0
0.0624922957615865,,0.0624922957615865,,18249,,0,1,0
0.0379646178548225,,0.0379646178548225,,18250,,0,1,0
0.0379646178548225,,0.0379646178548225,,18251,,0,1,0
0.0194311132052462,,0.0194311132052462,,18252,,0,1,0
0.0194311132052462,,0.0194311132052462,,18253,,0,1,0
0.00700982959367391,,0.00700982959367391,,18254,,0,1,0
0.00700982959367391,,0.00700982959367391,,18255,,0,1,0
1.96855415197206,,1.96855415197206,,18256,,0,1,0
1.97166915416813,,1.97166915416813,,18257,,0,1,0
1.97166915416813,,1.97166915416813,,18258,,0,1,0
1.96855415197206,,1.96855415197206,,18259,,0,1,0
1.96855415197206,,1.96855415197206,,18260,,0,1,0
1.95922840459367,,1.95922840459367,,18261,,0,1,0
1.95922840459367,,1.95922840459367,,18262,,0,1,0
1.94375075831807,,1.94375075831807,,18263,,0,1,0
1.94375146344399,,1.94375146344399,,18264,,0,1,0
1.92221999577316,,1.92221999577316,,18265,,0,1,0
1.92221859335407,,1.92221859335407,,18266,,0,1,0
1.8947693461775,,1.8947693461775,,18267,,0,1,0
1.89476864999278,,1.89476864999278,,18268,,0,1,0
1.86157434034477,,1.86157434034477,,18269,,0,1,0
1.86157664054384,,1.86157664054384,,18270,,0,1,0
1.82284679443922,,1.82284679443922,,18271,,0,1,0
1.82284770489787,,1.82284770489787,,18272,,0,1,0
1.77882813402653,,1.77882813402653,,18273,,0,1,0
1.77882611038083,,1.77882611038083,,18274,,0,1,0
1.72979293127782,,1.72979293127782,,18275,,0,1,0
1.72979581375375,,1.72979581375375,,18276,,0,1,0
1.67606305380037,,1.67606305380037,,18277,,0,1,0
1.67605868864218,,1.67605868864218,,18278,,0,1,0
1.61796121887008,,1.61796121887008,,18279,,0,1,0
1.6179607899868,,1.6179607899868,,18280,,0,1,0
1.55586597691197,,1.55586597691197,,18281,,0,1,0
1.55586597691197,,1.55586597691197,,18282,,0,1,0
1.4901704747652,,1.4901704747652,,18283,,0,1,0
1.4901700631674,,1.4901700631674,,18284,,0,1,0
1.42128310932436,,1.42128310932436,,18285,,0,1,0
1.42128109946697,,1.42128109946697,,18286,,0,1,0
1.3496393128371,,1.3496393128371,,18287,,0,1,0
1.34964440506363,,1.34964440506363,,18288,,0,1,0
1.27570124714293,,1.27570124714293,,18289,,0,1,0
1.27569858134396,,1.27569858134396,,18290,,0,1,0
1.19992508962881,,1.19992508962881,,18291,,0,1,0
1.19992693635425,,1.19992693635425,,18292,,0,1,0
1.12279630442006,,1.12279630442006,,18293,,0,1,0
1.12279398211798,,1.12279398211798,,18294,,0,1,0
1.04479838974214,,1.04479838974214,,18295,,0,1,0
1.04480045761011,,1.04480045761011,,18296,,0,1,0
0.96642930672968,,0.96642930672968,,18297,,0,1,0
0.966427483662706,,0.966427483662706,,18298,,0,1,0
0.888178755338942,,0.888178755338942,,18299,,0,1,0
0.888179708632492,,0.888179708632492,,18300,,0,1,0
0.810547850841381,,0.810547850841381,,18301,,0,1,0
0.810547699061431,,0.810547699061431,,18302,,0,1,0
0.734021156975359,,0.734021156975359,,18303,,0,1,0
0.734021445850004,,0.734021445850004,,18304,,0,1,0
0.659085576768376,,0.659085576768376,,18305,,0,1,0
0.659084892437882,,0.659084892437882,,18306,,0,1,0
0.586218788619391,,0.586218788619391,,18307,,0,1,0
0.586219046777046,,0.586219046777046,,18308,,0,1,0
0.515872871723111,,0.515872871723111,,18309,,0,1,0
0.51587262954974,,0.51587262954974,,18310,,0,1,0
0.448499020200195,,0.448499020200195,,18311,,0,1,0
0.448499754070612,,0.448499754070612,,18312,,0,1,0
0.384522921289461,,0.384522921289461,,18313,,0,1,0
0.384522555396416,,0.384522555396416,,18314,,0,1,0
0.324350673283336,,0.324350673283336,,18315,,0,1,0
0.324350385242768,,0.324350385242768,,18316,,0,1,0
0.268358565714893,,0.268358565714893,,18317,,0,1,0
0.268358871383612,,0.268358871383612,,18318,,0,1,0
0.216901733038499,,0.216901733038499,,18319,,0,1,0
0.216901615264938,,0.216901615264938,,18320,,0,1,0
0.170311864118291,,0.170311864118291,,18321,,0,1,0
0.170312003266504,,0.170312003266504,,18322,,0,1,0
0.128875784803428,,0.128875784803428,,18323,,0,1,0
0.128875572977741,,0.128875572977741,,18324,,0,1,0
0.0928618863498802,,0.0928618863498802,,18325,,0,1,0
0.0928619634109791,,0.0928619634109791,,18326,,0,1,0
0.0624922957615865,,0.0624922957615865,,18327,,0,1,0
0.0624922957615865,,0.0624922957615865,,18328,,0,1,0
0.0379646178548225,,0.0379646178548225,,18329,,0,1,0
0.0379646178548225,,0.0379646178548225,,18330,,0,1,0
0.0194311132052462,,0.0194311132052462,,18331,,0,1,0
0.0194311132052462,,0.0194311132052462,,18332,,0,1,0
0.00700982959367391,,0.00700982959367391,,18333,,0,1,0
0.00700982959367391,,0.00700982959367391,,18334,,0,1,0
1.98423548034509,,1.98423548034509,,18335,,0,1,0
1.9748361336807,,1.9748361336807,,18336,,0,1,0
1.97483565985284,,1.97483565985284,,18337,,0,1,0
1.95923383204288,,1.95923383204288,,18338,,0,1,0
1.95923383204288,,1.95923383204288,,18339,,0,1,0
1.93753206434894,,1.93753206434894,,18340,,0,1,0
1.93753206434894,,1.93753206434894,,18341,,0,1,0
1.90986310060464,,1.90986310060464,,18342,,0,1,0
1.90986310060464,,1.90986310060464,,18343,,0,1,0
1.87640323047737,,1.87640323047737,,18344,,0,1,0
1.87640369234573,,1.87640369234573,,18345,,0,1,0
1.83736713714303,,1.83736713714303,,18346,,0,1,0
1.83736599454622,,1.83736599454622,,18347,,0,1,0
1.7929974790265,,1.7929974790265,,18348,,0,1,0
1.7929974790265,,1.7929974790265,,18349,,0,1,0
1.74357232914418,,1.74357232914418,,18350,,0,1,0
1.74357388741601,,1.74357388741601,,18351,,0,1,0
1.68941309488062,,1.68941309488062,,18352,,0,1,0
1.68941068450039,,1.68941068450039,,18353,,0,1,0
1.63085006832819,,1.63085006832819,,18354,,0,1,0
1.63085114479884,,1.63085114479884,,18355,,0,1,0
1.56826023972605,,1.56826023972605,,18356,,0,1,0
1.56826045084838,,1.56826045084838,,18357,,0,1,0
1.50204145445543,,1.50204145445543,,18358,,0,1,0
1.50204062798753,,1.50204062798753,,18359,,0,1,0
1.4326051913514,,1.4326051913514,,18360,,0,1,0
1.43260236636618,,1.43260236636618,,18361,,0,1,0
1.36039152094898,,1.36039152094898,,18362,,0,1,0
1.36039407718301,,1.36039407718301,,18363,,0,1,0
1.28586306001586,,1.28586306001586,,18364,,0,1,0
1.28586133947567,,1.28586133947567,,18365,,0,1,0
1.20948367600653,,1.20948367600653,,18366,,0,1,0
1.20948682792016,,1.20948682792016,,18367,,0,1,0
1.13173972649754,,1.13173972649754,,18368,,0,1,0
1.13173631887366,,1.13173631887366,,18369,,0,1,0
1.05312186762515,,1.05312186762515,,18370,,0,1,0
1.05312186762515,,1.05312186762515,,18371,,0,1,0
0.974127647533464,,0.974127647533464,,18372,,0,1,0
0.974129311456437,,0.974129311456437,,18373,,0,1,0
0.895253673129226,,0.895253673129226,,18374,,0,1,0
0.895253194588008,,0.895253194588008,,18375,,0,1,0
0.817004171184436,,0.817004171184436,,18376,,0,1,0
0.817004933100868,,0.817004933100868,,18377,,0,1,0
0.739868311449328,,0.739868311449328,,18378,,0,1,0
0.739867731403621,,0.739867731403621,,18379,,0,1,0
0.66433577403248,,0.66433577403248,,18380,,0,1,0
0.664336048852874,,0.664336048852874,,18381,,0,1,0
0.590888182423221,,0.590888182423221,,18382,,0,1,0
0.590888182423221,,0.590888182423221,,18383,,0,1,0
0.519982107858709,,0.519982107858709,,18384,,0,1,0
0.519982107858709,,0.519982107858709,,18385,,0,1,0
0.452071926209101,,0.452071926209101,,18386,,0,1,0
0.452072096236991,,0.452072096236991,,18387,,0,1,0
0.387585719563795,,0.387585719563795,,18388,,0,1,0
0.387585562129191,,0.387585562129191,,18389,,0,1,0
0.326934434162427,,0.326934434162427,,18390,,0,1,0
0.326934144976876,,0.326934144976876,,18391,,0,1,0
0.270496285779346,,0.270496285779346,,18392,,0,1,0
0.270496768025346,,0.270496768025346,,18393,,0,1,0
0.218629482988291,,0.218629482988291,,18394,,0,1,0
0.218629207091043,,0.218629207091043,,18395,,0,1,0
0.171668466719426,,0.171668466719426,,18396,,0,1,0
0.171668571495395,,0.171668571495395,,18397,,0,1,0
0.129902331404425,,0.129902331404425,,18398,,0,1,0
0.129902240261124,,0.129902240261124,,18399,,0,1,0
0.0936015729831579,,0.0936015729831579,,18400,,0,1,0
0.0936015729831579,,0.0936015729831579,,18401,,0,1,0
0.0629900689600267,,0.0629900689600267,,18402,,0,1,0
0.0629900689600267,,0.0629900689600267,,18403,,0,1,0
0.0382670043286737,,0.0382670043286737,,18404,,0,1,0
0.0382670620419252,,0.0382670620419252,,18405,,0,1,0
0.019585896699283,,0.019585896699283,,18406,,0,1,0
0.0195858937500654,,0.0195858937500654,,18407,,0,1,0
0.00706567052867826,,0.00706567052867826,,18408,,0,1,0
0.00706567052867826,,0.00706567052867826,,18409,,0,1,0
1.98423524286802,,1.98423524286802,,18410,,0,1,0
1.98737569383755,,1.98737569383755,,18411,,0,1,0
1.98737569383755,,1.98737569383755,,18412,,0,1,0
1.98423524286802,,1.98423524286802,,18413,,0,1,0
1.98423548034509,,1.98423548034509,,18414,,0,1,0
1.97483637059466,,1.97483637059466,,18415,,0,1,0
1.97483518602503,,1.97483518602503,,18416,,0,1,0
1.95923383204288,,1.95923383204288,,18417,,0,1,0
1.95923383204288,,1.95923383204288,,18418,,0,1,0
1.93753112568641,,1.93753112568641,,18419,,0,1,0
1.93753206434894,,1.93753206434894,,18420,,0,1,0
1.9098635665728,,1.9098635665728,,18421,,0,1,0
1.90986310060464,,1.90986310060464,,18422,,0,1,0
1.87640415421414,,1.87640415421414,,18423,,0,1,0
1.87640323047737,,1.87640323047737,,18424,,0,1,0
1.83736553750759,,1.83736553750759,,18425,,0,1,0
1.83736736566243,,1.83736736566243,,18426,,0,1,0
1.7929979305132,,1.7929979305132,,18427,,0,1,0
1.7929974790265,,1.7929974790265,,18428,,0,1,0
1.74357411002632,,1.74357411002632,,18429,,0,1,0
1.74357188392379,,1.74357188392379,,18430,,0,1,0
1.68941024624963,,1.68941024624963,,18431,,0,1,0
1.68941397138295,,1.68941397138295,,18432,,0,1,0
1.6308515753872,,1.6308515753872,,18433,,0,1,0
1.63084985303411,,1.63084985303411,,18434,,0,1,0
1.5682608730931,,1.5682608730931,,18435,,0,1,0
1.56825981748143,,1.56825981748143,,18436,,0,1,0
1.50204104122145,,1.50204104122145,,18437,,0,1,0
1.50204145445543,,1.50204145445543,,18438,,0,1,0
1.43260236636618,,1.43260236636618,,18439,,0,1,0
1.43260539313616,,1.43260539313616,,18440,,0,1,0
1.36039486371704,,1.36039486371704,,18441,,0,1,0
1.36039112768242,,1.36039112768242,,18442,,0,1,0
1.28586114830461,,1.28586114830461,,18443,,0,1,0
1.28586306001586,,1.28586306001586,,18444,,0,1,0
1.20948738414064,,1.20948738414064,,18445,,0,1,0
1.20948311978691,,1.20948311978691,,18446,,0,1,0
1.13173578082826,,1.13173578082826,,18447,,0,1,0
1.13174080259035,,1.13174080259035,,18448,,0,1,0
1.05312186762515,,1.05312186762515,,18449,,0,1,0
1.05312169461786,,1.05312169461786,,18450,,0,1,0
0.974129644241202,,0.974129644241202,,18451,,0,1,0
0.97412714835685,,0.97412714835685,,18452,,0,1,0
0.895253194588008,,0.895253194588008,,18453,,0,1,0
0.895253992156775,,0.895253992156775,,18454,,0,1,0
0.817004933100868,,0.817004933100868,,18455,,0,1,0
0.817004171184436,,0.817004171184436,,18456,,0,1,0
0.739867586392229,,0.739867586392229,,18457,,0,1,0
0.739868311449328,,0.739868311449328,,18458,,0,1,0
0.664336048852874,,0.664336048852874,,18459,,0,1,0
0.66433577403248,,0.66433577403248,,18460,,0,1,0
0.590888182423221,,0.590888182423221,,18461,,0,1,0
0.590888441606985,,0.590888441606985,,18462,,0,1,0
0.519982107858709,,0.519982107858709,,18463,,0,1,0
0.519982350994752,,0.519982350994752,,18464,,0,1,0
0.452072322940895,,0.452072322940895,,18465,,0,1,0
0.452071756181242,,0.452071756181242,,18466,,0,1,0
0.387585719563795,,0.387585719563795,,18467,,0,1,0
0.387585719563795,,0.387585719563795,,18468,,0,1,0
0.326934144976876,,0.326934144976876,,18469,,0,1,0
0.326934626952864,,0.326934626952864,,18470,,0,1,0
0.270496768025346,,0.270496768025346,,18471,,0,1,0
0.270496154257785,,0.270496154257785,,18472,,0,1,0
0.218629207091043,,0.218629207091043,,18473,,0,1,0
0.218629482988291,,0.218629482988291,,18474,,0,1,0
0.171668571495395,,0.171668571495395,,18475,,0,1,0
0.171668466719426,,0.171668466719426,,18476,,0,1,0
0.129902240261124,,0.129902240261124,,18477,,0,1,0
0.129902331404425,,0.129902331404425,,18478,,0,1,0
0.0936015729831579,,0.0936015729831579,,18479,,0,1,0
0.0936016632451313,,0.0936016632451313,,18480,,0,1,0
0.0629900689600267,,0.0629900689600267,,18481,,0,1,0
0.0629900689600267,,0.0629900689600267,,18482,,0,1,0
0.0382670620419252,,0.0382670620419252,,18483,,0,1,0
0.0382670043286737,,0.0382670043286737,,18484,,0,1,0
0.0195858849024138,,0.0195858849024138,,18485,,0,1,0
0.019585902597719,,0.019585902597719,,18486,,0,1,0
0.00706567052867826,,0.00706567052867826,,18487,,0,1,0
0.00706567052867826,,0.00706567052867826,,18488,,0,1,0
1.9936833268119,,1.9936833268119,,18489,,0,1,0
1.98423951745753,,1.98423951745753,,18490,,0,1,0
1.98423927998022,,1.98423927998022,,18491,,0,1,0
1.96856361345681,,1.96856361345681,,18492,,0,1,0
1.96856361345681,,1.96856361345681,,18493,,0,1,0
1.94675787199697,,1.94675787199697,,18494,,0,1,0
1.94675763677328,,1.94675763677328,,18495,,0,1,0
1.91895771753696,,1.91895771753696,,18496,,0,1,0
1.91895771753696,,1.91895771753696,,18497,,0,1,0
1.8853389871369,,1.8853389871369,,18498,,0,1,0
1.88533991307055,,1.88533991307055,,18499,,0,1,0
1.84611542195228,,1.84611542195228,,18500,,0,1,0
1.84611565101506,,1.84611565101506,,18501,,0,1,0
1.80153529888543,,1.80153529888543,,18502,,0,1,0
1.801534620045,,1.801534620045,,18503,,0,1,0
1.75187642699086,,1.75187642699086,,18504,,0,1,0
1.75187575757185,,1.75187575757185,,18505,,0,1,0
1.69745512810244,,1.69745512810244,,18506,,0,1,0
1.69745512810244,,1.69745512810244,,18507,,0,1,0
1.63861698592927,,1.63861698592927,,18508,,0,1,0
1.63861720173544,,1.63861720173544,,18509,,0,1,0
1.57572827221156,,1.57572827221156,,18510,,0,1,0
1.57572721408969,,1.57572721408969,,18511,,0,1,0
1.50919352425809,,1.50919352425809,,18512,,0,1,0
1.50919393847477,,1.50919393847477,,18513,,0,1,0
1.43942432951033,,1.43942432951033,,18514,,0,1,0
1.43942534083266,,1.43942534083266,,18515,,0,1,0
1.36687199514211,,1.36687199514211,,18516,,0,1,0
1.36687179804102,,1.36687179804102,,18517,,0,1,0
1.29198436498741,,1.29198436498741,,18518,,0,1,0
1.29198570636757,,1.29198570636757,,18519,,0,1,0
1.21524647090882,,1.21524647090882,,18520,,0,1,0
1.21524275395689,,1.21524275395689,,18521,,0,1,0
1.13712514597723,,1.13712514597723,,18522,,0,1,0
1.13712730327791,,1.13712730327791,,18523,,0,1,0
1.05813655727651,,1.05813655727651,,18524,,0,1,0
1.05813655727651,,1.05813655727651,,18525,,0,1,0
0.978768182891258,,0.978768182891258,,18526,,0,1,0
0.97876701537502,,0.97876701537502,,18527,,0,1,0
0.899516476775553,,0.899516476775553,,18528,,0,1,0
0.899518395493494,,0.899518395493494,,18529,,0,1,0
0.820895633606433,,0.820895633606433,,18530,,0,1,0
0.820894106149872,,0.820894106149872,,18531,,0,1,0
0.743390907305532,,0.743390907305532,,18532,,0,1,0
0.743391634086976,,0.743391634086976,,18533,,0,1,0
0.667499278322687,,0.667499278322687,,18534,,0,1,0
0.667499140585733,,0.667499140585733,,18535,,0,1,0
0.593701853229398,,0.593701853229398,,18536,,0,1,0
0.593702372829689,,0.593702372829689,,18537,,0,1,0
0.522458228179971,,0.522458228179971,,18538,,0,1,0
0.522458228179971,,0.522458228179971,,18539,,0,1,0
0.454224939459012,,0.454224939459012,,18540,,0,1,0
0.454224598594523,,0.454224598594523,,18541,,0,1,0
0.389431208181053,,0.389431208181053,,18542,,0,1,0
0.389431734211188,,0.389431734211188,,18543,,0,1,0
0.328490799297015,,0.328490799297015,,18544,,0,1,0
0.328491089170207,,0.328491089170207,,18545,,0,1,0
0.271784711186784,,0.271784711186784,,18546,,0,1,0
0.271784095959761,,0.271784095959761,,18547,,0,1,0
0.219670497485113,,0.219670497485113,,18548,,0,1,0
0.219670616008017,,0.219670616008017,,18549,,0,1,0
0.17248602665677,,0.17248602665677,,18550,,0,1,0
0.17248602665677,,0.17248602665677,,18551,,0,1,0
0.130520835279357,,0.130520835279357,,18552,,0,1,0
0.130520957092772,,0.130520957092772,,18553,,0,1,0
0.0940473259426651,,0.0940473259426651,,18554,,0,1,0
0.0940473259426651,,0.0940473259426651,,18555,,0,1,0
0.0632899924240111,,0.0632899924240111,,18556,,0,1,0
0.0632899924240111,,0.0632899924240111,,18557,,0,1,0
0.038449256585658,,0.038449256585658,,18558,,0,1,0
0.038449256585658,,0.038449256585658,,18559,,0,1,0
0.0196791584994039,,0.0196791584994039,,18560,,0,1,0
0.0196791644118665,,0.0196791644118665,,18561,,0,1,0
0.00709931445268142,,0.00709931445268142,,18562,,0,1,0
0.00709931445268142,,0.00709931445268142,,18563,,0,1,0
1.9936833268119,,1.9936833268119,,18564,,0,1,0
1.99683838959075,,1.99683838959075,,18565,,0,1,0
1.99683838959075,,1.99683838959075,,18566,,0,1,0
1.99368427897912,,1.99368427897912,,18567,,0,1,0
1.9936833268119,,1.9936833268119,,18568,,0,1,0
1.98423833007109,,1.98423833007109,,18569,,0,1,0
1.98423951745753,,1.98423951745753,,18570,,0,1,0
1.96856361345681,,1.96856361345681,,18571,,0,1,0
1.96856361345681,,1.96856361345681,,18572,,0,1,0
1.94675669587867,,1.94675669587867,,18573,,0,1,0
1.94675787199697,,1.94675787199697,,18574,,0,1,0
1.91895771753696,,1.91895771753696,,18575,,0,1,0
1.9189579510751,,1.9189579510751,,18576,,0,1,0
1.88534014455399,,1.88534014455399,,18577,,0,1,0
1.88533875565352,,1.88533875565352,,18578,,0,1,0
1.84611565101506,,1.84611565101506,,18579,,0,1,0
1.84611450570128,,1.84611450570128,,18580,,0,1,0
1.801534620045,,1.801534620045,,18581,,0,1,0
1.80153529888543,,1.80153529888543,,18582,,0,1,0
1.75187575757185,,1.75187575757185,,18583,,0,1,0
1.75187687327028,,1.75187687327028,,18584,,0,1,0
1.69745512810244,,1.69745512810244,,18585,,0,1,0
1.69745468880951,,1.69745468880951,,18586,,0,1,0
1.63861698592927,,1.63861698592927,,18587,,0,1,0
1.63861720173544,,1.63861720173544,,18588,,0,1,0
1.57572721408969,,1.57572721408969,,18589,,0,1,0
1.57572848383598,,1.57572848383598,,18590,,0,1,0
1.50919414558314,,1.50919414558314,,18591,,0,1,0
1.50919311004146,,1.50919311004146,,18592,,0,1,0
1.43942534083266,,1.43942534083266,,18593,,0,1,0
1.43942432951033,,1.43942432951033,,18594,,0,1,0
1.36687179804102,,1.36687179804102,,18595,,0,1,0
1.36687199514211,,1.36687199514211,,18596,,0,1,0
1.29198608961917,,1.29198608961917,,18597,,0,1,0
1.29198417336173,,1.29198417336173,,18598,,0,1,0
1.21524238226201,,1.21524238226201,,18599,,0,1,0
1.21524665675657,,1.21524665675657,,18600,,0,1,0
1.13712730327791,,1.13712730327791,,18601,,0,1,0
1.1371255055272,,1.1371255055272,,18602,,0,1,0
1.05813621043911,,1.05813621043911,,18603,,0,1,0
1.05813655727651,,1.05813655727651,,18604,,0,1,0
0.978766348223196,,0.978766348223196,,18605,,0,1,0
0.978768349679349,,0.978768349679349,,18606,,0,1,0
0.899518395493494,,0.899518395493494,,18607,,0,1,0
0.899516316882483,,0.899516316882483,,18608,,0,1,0
0.820894106149872,,0.820894106149872,,18609,,0,1,0
0.820895633606433,,0.820895633606433,,18610,,0,1,0
0.743391634086976,,0.743391634086976,,18611,,0,1,0
0.743390907305532,,0.743390907305532,,18612,,0,1,0
0.667499140585733,,0.667499140585733,,18613,,0,1,0
0.667499278322687,,0.667499278322687,,18614,,0,1,0
0.593702502729798,,0.593702502729798,,18615,,0,1,0
0.593701853229398,,0.593701853229398,,18616,,0,1,0
0.522458228179971,,0.522458228179971,,18617,,0,1,0
0.522458228179971,,0.522458228179971,,18618,,0,1,0
0.454224598594523,,0.454224598594523,,18619,,0,1,0
0.454224939459012,,0.454224939459012,,18620,,0,1,0
0.389431523799091,,0.389431523799091,,18621,,0,1,0
0.389431208181053,,0.389431208181053,,18622,,0,1,0
0.328491089170207,,0.328491089170207,,18623,,0,1,0
0.328490944233595,,0.328490944233595,,18624,,0,1,0
0.271784095959761,,0.271784095959761,,18625,,0,1,0
0.271784843021237,,0.271784843021237,,18626,,0,1,0
0.219670616008017,,0.219670616008017,,18627,,0,1,0
0.219670339454625,,0.219670339454625,,18628,,0,1,0
0.17248602665677,,0.17248602665677,,18629,,0,1,0
0.172486131681937,,0.172486131681937,,18630,,0,1,0
0.130520835279357,,0.130520835279357,,18631,,0,1,0
0.130520835279357,,0.130520835279357,,18632,,0,1,0
0.0940473259426651,,0.0940473259426651,,18633,,0,1,0
0.0940473259426651,,0.0940473259426651,,18634,,0,1,0
0.0632899924240111,,0.0632899924240111,,18635,,0,1,0
0.0632899924240111,,0.0632899924240111,,18636,,0,1,0
0.038449256585658,,0.038449256585658,,18637,,0,1,0
0.038449256585658,,0.038449256585658,,18638,,0,1,0
0.0196791644118665,,0.0196791644118665,,18639,,0,1,0
0.0196791584994039,,0.0196791584994039,,18640,,0,1,0
0.00709931445268142,,0.00709931445268142,,18641,,0,1,0
0.00709931445268142,,0.00709931445268142,,18642,,0,1,0
1.9968400572015,,1.9968400572015,,18643,,0,1,0
1.98738068480402,,1.98738068480402,,18644,,0,1,0
1.9873804471388,,1.9873804471388,,18645,,0,1,0
1.971680516932,,1.971680516932,,18646,,0,1,0
1.97168028020742,,1.97168028020742,,18647,,0,1,0
1.94983887389186,,1.94983887389186,,18648,,0,1,0
1.94983887389186,,1.94983887389186,,18649,,0,1,0
1.92199491405791,,1.92199491405791,,18650,,0,1,0
1.92199538150368,,1.92199538150368,,18651,,0,1,0
1.88832491519918,,1.88832491519918,,18652,,0,1,0
1.88832491519918,,1.88832491519918,,18653,,0,1,0
1.84903873215126,,1.84903873215126,,18654,,0,1,0
1.84903827366316,,1.84903827366316,,18655,,0,1,0
1.80438665117754,,1.80438665117754,,18656,,0,1,0
1.80438665117754,,1.80438665117754,,18657,,0,1,0
1.75464936467282,,1.75464936467282,,18658,,0,1,0
1.75464936467282,,1.75464936467282,,18659,,0,1,0
1.70014246733906,,1.70014246733906,,18660,,0,1,0
1.70014246733906,,1.70014246733906,,18661,,0,1,0
1.64121135455719,,1.64121135455719,,18662,,0,1,0
1.64121135455719,,1.64121135455719,,18663,,0,1,0
1.57822134660819,,1.57822134660819,,18664,,0,1,0
1.57822155839995,,1.57822155839995,,18665,,0,1,0
1.51158325697885,,1.51158325697885,,18666,,0,1,0
1.51158325697885,,1.51158325697885,,18667,,0,1,0
1.44170394243019,,1.44170394243019,,18668,,0,1,0
1.44170394243019,,1.44170394243019,,18669,,0,1,0
1.36903564091597,,1.36903564091597,,18670,,0,1,0
1.36903564091597,,1.36903564091597,,18671,,0,1,0
1.29403116246249,,1.29403116246249,,18672,,0,1,0
1.29403116246249,,1.29403116246249,,18673,,0,1,0
1.21716629228675,,1.21716629228675,,18674,,0,1,0
1.21716666427574,,1.21716666427574,,18675,,0,1,0
1.13892738449977,,1.13892738449977,,18676,,0,1,0
1.13892738449977,,1.13892738449977,,18677,,0,1,0
1.05981157730457,,1.05981157730457,,18678,,0,1,0
1.05981157730457,,1.05981157730457,,18679,,0,1,0
0.980315920537123,,0.980315920537123,,18680,,0,1,0
0.980316087457034,,0.980316087457034,,18681,,0,1,0
0.900942328252945,,0.900942328252945,,18682,,0,1,0
0.900942328252945,,0.900942328252945,,18683,,0,1,0
0.82219326272287,,0.82219326272287,,18684,,0,1,0
0.82219326272287,,0.82219326272287,,18685,,0,1,0
0.744568468201301,,0.744568468201301,,18686,,0,1,0
0.744568177258664,,0.744568177258664,,18687,,0,1,0
0.668555725283227,,0.668555725283227,,18688,,0,1,0
0.668555725283227,,0.668555725283227,,18689,,0,1,0
0.594642181989407,,0.594642181989407,,18690,,0,1,0
0.594642181989407,,0.594642181989407,,18691,,0,1,0
0.523285599704771,,0.523285599704771,,18692,,0,1,0
0.523285599704771,,0.523285599704771,,18693,,0,1,0
0.454943709247353,,0.454943709247353,,18694,,0,1,0
0.454943709247353,,0.454943709247353,,18695,,0,1,0
0.390048169867187,,0.390048169867187,,18696,,0,1,0
0.390048169867187,,0.390048169867187,,18697,,0,1,0
0.32901118255552,,0.32901118255552,,18698,,0,1,0
0.32901118255552,,0.32901118255552,,18699,,0,1,0
0.272214397478836,,0.272214397478836,,18700,,0,1,0
0.272214397478836,,0.272214397478836,,18701,,0,1,0
0.220018341721762,,0.220018341721762,,18702,,0,1,0
0.220018341721762,,0.220018341721762,,18703,,0,1,0
0.172758989907045,,0.172758989907045,,18704,,0,1,0
0.172758989907045,,0.172758989907045,,18705,,0,1,0
0.130727543012199,,0.130727543012199,,18706,,0,1,0
0.130727543012199,,0.130727543012199,,18707,,0,1,0
0.0941962318035512,,0.0941962318035512,,18708,,0,1,0
0.0941962318035512,,0.0941962318035512,,18709,,0,1,0
0.063390220712904,,0.063390220712904,,18710,,0,1,0
0.063390220712904,,0.063390220712904,,18711,,0,1,0
0.0385101145816691,,0.0385101145816691,,18712,,0,1,0
0.0385101145816691,,0.0385101145816691,,18713,,0,1,0
0.0197103176739032,,0.0197103176739032,,18714,,0,1,0
0.0197103176739032,,0.0197103176739032,,18715,,0,1,0
0.00711055307114627,,0.00711055307114627,,18716,,0,1,0
0.00711055573664268,,0.00711055573664268,,18717,,0,1,0
1.9968400572015,,1.9968400572015,,18718,,0,1,0
2,,2,,18719,,0,1,0
2,,2,,18720,,0,1,0
1.9968400572015,,1.9968400572015,,18721,,0,1,0
1.9968400572015,,1.9968400572015,,18722,,0,1,0
1.98738068480402,,1.98738068480402,,18723,,0,1,0
1.9873804471388,,1.9873804471388,,18724,,0,1,0
1.971680516932,,1.971680516932,,18725,,0,1,0
1.97168028020742,,1.97168028020742,,18726,,0,1,0
1.94983887389186,,1.94983887389186,,18727,,0,1,0
1.94983887389186,,1.94983887389186,,18728,,0,1,0
1.92199491405791,,1.92199491405791,,18729,,0,1,0
1.92199538150368,,1.92199538150368,,18730,,0,1,0
1.88832491519918,,1.88832491519918,,18731,,0,1,0
1.88832491519918,,1.88832491519918,,18732,,0,1,0
1.84903873215126,,1.84903873215126,,18733,,0,1,0
1.84903827366316,,1.84903827366316,,18734,,0,1,0
1.80438665117754,,1.80438665117754,,18735,,0,1,0
1.80438665117754,,1.80438665117754,,18736,,0,1,0
1.75464936467282,,1.75464936467282,,18737,,0,1,0
1.75464936467282,,1.75464936467282,,18738,,0,1,0
1.70014246733906,,1.70014246733906,,18739,,0,1,0
1.70014246733906,,1.70014246733906,,18740,,0,1,0
1.64121135455719,,1.64121135455719,,18741,,0,1,0
1.64121135455719,,1.64121135455719,,18742,,0,1,0
1.57822134660819,,1.57822134660819,,18743,,0,1,0
1.57822155839995,,1.57822155839995,,18744,,0,1,0
1.51158325697885,,1.51158325697885,,18745,,0,1,0
1.51158325697885,,1.51158325697885,,18746,,0,1,0
1.44170394243019,,1.44170394243019,,18747,,0,1,0
1.44170394243019,,1.44170394243019,,18748,,0,1,0
1.36903564091597,,1.36903564091597,,18749,,0,1,0
1.36903564091597,,1.36903564091597,,18750,,0,1,0
1.29403116246249,,1.29403116246249,,18751,,0,1,0
1.29403116246249,,1.29403116246249,,18752,,0,1,0
1.21716629228675,,1.21716629228675,,18753,,0,1,0
1.21716666427574,,1.21716666427574,,18754,,0,1,0
1.13892738449977,,1.13892738449977,,18755,,0,1,0
1.13892738449977,,1.13892738449977,,18756,,0,1,0
1.05981157730457,,1.05981157730457,,18757,,0,1,0
1.05981157730457,,1.05981157730457,,18758,,0,1,0
0.980315920537123,,0.980315920537123,,18759,,0,1,0
0.980316087457034,,0.980316087457034,,18760,,0,1,0
0.900942328252945,,0.900942328252945,,18761,,0,1,0
0.900942328252945,,0.900942328252945,,18762,,0,1,0
0.82219326272287,,0.82219326272287,,18763,,0,1,0
0.82219326272287,,0.82219326272287,,18764,,0,1,0
0.744568468201301,,0.744568468201301,,18765,,0,1,0
0.744568177258664,,0.744568177258664,,18766,,0,1,0
0.668555725283227,,0.668555725283227,,18767,,0,1,0
0.668555725283227,,0.668555725283227,,18768,,0,1,0
0.594642181989407,,0.594642181989407,,18769,,0,1,0
0.594642181989407,,0.594642181989407,,18770,,0,1,0
0.523285599704771,,0.523285599704771,,18771,,0,1,0
0.523285599704771,,0.523285599704771,,18772,,0,1,0
0.454943709247353,,0.454943709247353,,18773,,0,1,0
0.454943709247353,,0.454943709247353,,18774,,0,1,0
0.390048169867187,,0.390048169867187,,18775,,0,1,0
0.390048169867187,,0.390048169867187,,18776,,0,1,0
0.32901118255552,,0.32901118255552,,18777,,0,1,0
0.32901118255552,,0.32901118255552,,18778,,0,1,0
0.272214397478836,,0.272214397478836,,18779,,0,1,0
0.272214397478836,,0.272214397478836,,18780,,0,1,0
0.220018341721762,,0.220018341721762,,18781,,0,1,0
0.220018341721762,,0.220018341721762,,18782,,0,1,0
0.172758989907045,,0.172758989907045,,18783,,0,1,0
0.172758989907045,,0.172758989907045,,18784,,0,1,0
0.130727543012199,,0.130727543012199,,18785,,0,1,0
0.130727543012199,,0.130727543012199,,18786,,0,1,0
0.0941962318035512,,0.0941962318035512,,18787,,0,1,0
0.0941962318035512,,0.0941962318035512,,18788,,0,1,0
0.063390220712904,,0.063390220712904,,18789,,0,1,0
0.063390220712904,,0.063390220712904,,18790,,0,1,0
0.0385101145816691,,0.0385101145816691,,18791,,0,1,0
0.0385101145816691,,0.0385101145816691,,18792,,0,1,0
0.0197103176739032,,0.0197103176739032,,18793,,0,1,0
0.0197103176739032,,0.0197103176739032,,18794,,0,1,0
0.00711055307114627,,0.00711055307114627,,18795,,0,1,0
0.00711055573664268,,0.00711055573664268,,18796,,0,1,0
1.9936833268119,,1.9936833268119,,18797,,0,1,0
1.98423833007109,,1.98423833007109,,18798,,0,1,0
1.98423951745753,,1.98423951745753,,18799,,0,1,0
1.96856361345681,,1.96856361345681,,18800,,0,1,0
1.96856361345681,,1.96856361345681,,18801,,0,1,0
1.94675669587867,,1.94675669587867,,18802,,0,1,0
1.94675787199697,,1.94675787199697,,18803,,0,1,0
1.91895771753696,,1.91895771753696,,18804,,0,1,0
1.9189579510751,,1.9189579510751,,18805,,0,1,0
1.88534014455399,,1.88534014455399,,18806,,0,1,0
1.88533875565352,,1.88533875565352,,18807,,0,1,0
1.84611565101506,,1.84611565101506,,18808,,0,1,0
1.84611450570128,,1.84611450570128,,18809,,0,1,0
1.801534620045,,1.801534620045,,18810,,0,1,0
1.80153529888543,,1.80153529888543,,18811,,0,1,0
1.75187575757185,,1.75187575757185,,18812,,0,1,0
1.75187687327028,,1.75187687327028,,18813,,0,1,0
1.69745512810244,,1.69745512810244,,18814,,0,1,0
1.69745468880951,,1.69745468880951,,18815,,0,1,0
1.63861698592927,,1.63861698592927,,18816,,0,1,0
1.63861720173544,,1.63861720173544,,18817,,0,1,0
1.57572721408969,,1.57572721408969,,18818,,0,1,0
1.57572848383598,,1.57572848383598,,18819,,0,1,0
1.50919414558314,,1.50919414558314,,18820,,0,1,0
1.50919311004146,,1.50919311004146,,18821,,0,1,0
1.43942534083266,,1.43942534083266,,18822,,0,1,0
1.43942432951033,,1.43942432951033,,18823,,0,1,0
1.36687179804102,,1.36687179804102,,18824,,0,1,0
1.36687199514211,,1.36687199514211,,18825,,0,1,0
1.29198608961917,,1.29198608961917,,18826,,0,1,0
1.29198417336173,,1.29198417336173,,18827,,0,1,0
1.21524238226201,,1.21524238226201,,18828,,0,1,0
1.21524665675657,,1.21524665675657,,18829,,0,1,0
1.13712730327791,,1.13712730327791,,18830,,0,1,0
1.1371255055272,,1.1371255055272,,18831,,0,1,0
1.05813621043911,,1.05813621043911,,18832,,0,1,0
1.05813655727651,,1.05813655727651,,18833,,0,1,0
0.978766348223196,,0.978766348223196,,18834,,0,1,0
0.978768349679349,,0.978768349679349,,18835,,0,1,0
0.899518395493494,,0.899518395493494,,18836,,0,1,0
0.899516316882483,,0.899516316882483,,18837,,0,1,0
0.820894106149872,,0.820894106149872,,18838,,0,1,0
0.820895633606433,,0.820895633606433,,18839,,0,1,0
0.743391634086976,,0.743391634086976,,18840,,0,1,0
0.743390907305532,,0.743390907305532,,18841,,0,1,0
0.667499140585733,,0.667499140585733,,18842,,0,1,0
0.667499278322687,,0.667499278322687,,18843,,0,1,0
0.593702502729798,,0.593702502729798,,18844,,0,1,0
0.593701853229398,,0.593701853229398,,18845,,0,1,0
0.522458228179971,,0.522458228179971,,18846,,0,1,0
0.522458228179971,,0.522458228179971,,18847,,0,1,0
0.454224598594523,,0.454224598594523,,18848,,0,1,0
0.454224939459012,,0.454224939459012,,18849,,0,1,0
0.389431523799091,,0.389431523799091,,18850,,0,1,0
0.389431208181053,,0.389431208181053,,18851,,0,1,0
0.328491089170207,,0.328491089170207,,18852,,0,1,0
0.328490944233595,,0.328490944233595,,18853,,0,1,0
0.271784095959761,,0.271784095959761,,18854,,0,1,0
0.271784843021237,,0.271784843021237,,18855,,0,1,0
0.219670616008017,,0.219670616008017,,18856,,0,1,0
0.219670339454625,,0.219670339454625,,18857,,0,1,0
0.17248602665677,,0.17248602665677,,18858,,0,1,0
0.172486131681937,,0.172486131681937,,18859,,0,1,0
0.130520835279357,,0.130520835279357,,18860,,0,1,0
0.130520835279357,,0.130520835279357,,18861,,0,1,0
0.0940473259426651,,0.0940473259426651,,18862,,0,1,0
0.0940473259426651,,0.0940473259426651,,18863,,0,1,0
0.0632899924240111,,0.0632899924240111,,18864,,0,1,0
0.0632899924240111,,0.0632899924240111,,18865,,0,1,0
0.038449256585658,,0.038449256585658,,18866,,0,1,0
0.038449256585658,,0.038449256585658,,18867,,0,1,0
0.0196791644118665,,0.0196791644118665,,18868,,0,1,0
0.0196791584994039,,0.0196791584994039,,18869,,0,1,0
0.00709931445268142,,0.00709931445268142,,18870,,0,1,0
0.00709931445268142,,0.00709931445268142,,18871,,0,1,0
1.99368427897912,,1.99368427897912,,18872,,0,1,0
1.99683838959075,,1.99683838959075,,18873,,0,1,0
1.99683838959075,,1.99683838959075,,18874,,0,1,0
1.9936833268119,,1.9936833268119,,18875,,0,1,0
1.9936833268119,,1.9936833268119,,18876,,0,1,0
1.98423951745753,,1.98423951745753,,18877,,0,1,0
1.98423927998022,,1.98423927998022,,18878,,0,1,0
1.96856361345681,,1.96856361345681,,18879,,0,1,0
1.96856361345681,,1.96856361345681,,18880,,0,1,0
1.94675787199697,,1.94675787199697,,18881,,0,1,0
1.94675763677328,,1.94675763677328,,18882,,0,1,0
1.91895771753696,,1.91895771753696,,18883,,0,1,0
1.91895771753696,,1.91895771753696,,18884,,0,1,0
1.8853389871369,,1.8853389871369,,18885,,0,1,0
1.88533991307055,,1.88533991307055,,18886,,0,1,0
1.84611542195228,,1.84611542195228,,18887,,0,1,0
1.84611565101506,,1.84611565101506,,18888,,0,1,0
1.80153529888543,,1.80153529888543,,18889,,0,1,0
1.801534620045,,1.801534620045,,18890,,0,1,0
1.75187642699086,,1.75187642699086,,18891,,0,1,0
1.75187575757185,,1.75187575757185,,18892,,0,1,0
1.69745512810244,,1.69745512810244,,18893,,0,1,0
1.69745512810244,,1.69745512810244,,18894,,0,1,0
1.63861698592927,,1.63861698592927,,18895,,0,1,0
1.63861720173544,,1.63861720173544,,18896,,0,1,0
1.57572827221156,,1.57572827221156,,18897,,0,1,0
1.57572721408969,,1.57572721408969,,18898,,0,1,0
1.50919352425809,,1.50919352425809,,18899,,0,1,0
1.50919393847477,,1.50919393847477,,18900,,0,1,0
1.43942432951033,,1.43942432951033,,18901,,0,1,0
1.43942534083266,,1.43942534083266,,18902,,0,1,0
1.36687199514211,,1.36687199514211,,18903,,0,1,0
1.36687179804102,,1.36687179804102,,18904,,0,1,0
1.29198436498741,,1.29198436498741,,18905,,0,1,0
1.29198570636757,,1.29198570636757,,18906,,0,1,0
1.21524647090882,,1.21524647090882,,18907,,0,1,0
1.21524275395689,,1.21524275395689,,18908,,0,1,0
1.13712514597723,,1.13712514597723,,18909,,0,1,0
1.13712730327791,,1.13712730327791,,18910,,0,1,0
1.05813655727651,,1.05813655727651,,18911,,0,1,0
1.05813655727651,,1.05813655727651,,18912,,0,1,0
0.978768182891258,,0.978768182891258,,18913,,0,1,0
0.97876701537502,,0.97876701537502,,18914,,0,1,0
0.899516476775553,,0.899516476775553,,18915,,0,1,0
0.899518395493494,,0.899518395493494,,18916,,0,1,0
0.820895633606433,,0.820895633606433,,18917,,0,1,0
0.820894106149872,,0.820894106149872,,18918,,0,1,0
0.743390907305532,,0.743390907305532,,18919,,0,1,0
0.743391634086976,,0.743391634086976,,18920,,0,1,0
0.667499278322687,,0.667499278322687,,18921,,0,1,0
0.667499140585733,,0.667499140585733,,18922,,0,1,0
0.593701853229398,,0.593701853229398,,18923,,0,1,0
0.593702372829689,,0.593702372829689,,18924,,0,1,0
0.522458228179971,,0.522458228179971,,18925,,0,1,0
0.522458228179971,,0.522458228179971,,18926,,0,1,0
0.454224939459012,,0.454224939459012,,18927,,0,1,0
0.454224598594523,,0.454224598594523,,18928,,0,1,0
0.389431208181053,,0.389431208181053,,18929,,0,1,0
0.389431734211188,,0.389431734211188,,18930,,0,1,0
0.328490799297015,,0.328490799297015,,18931,,0,1,0
0.328491089170207,,0.328491089170207,,18932,,0,1,0
0.271784711186784,,0.271784711186784,,18933,,0,1,0
0.271784095959761,,0.271784095959761,,18934,,0,1,0
0.219670497485113,,0.219670497485113,,18935,,0,1,0
0.219670616008017,,0.219670616008017,,18936,,0,1,0
0.17248602665677,,0.17248602665677,,18937,,0,1,0
0.17248602665677,,0.17248602665677,,18938,,0,1,0
0.130520835279357,,0.130520835279357,,18939,,0,1,0
0.130520957092772,,0.130520957092772,,18940,,0,1,0
0.0940473259426651,,0.0940473259426651,,18941,,0,1,0
0.0940473259426651,,0.0940473259426651,,18942,,0,1,0
0.0632899924240111,,0.0632899924240111,,18943,,0,1,0
0.0632899924240111,,0.0632899924240111,,18944,,0,1,0
0.038449256585658,,0.038449256585658,,18945,,0,1,0
0.038449256585658,,0.038449256585658,,18946,,0,1,0
0.0196791584994039,,0.0196791584994039,,18947,,0,1,0
0.0196791644118665,,0.0196791644118665,,18948,,0,1,0
0.00709931445268142,,0.00709931445268142,,18949,,0,1,0
0.00709931445268142,,0.00709931445268142,,18950,,0,1,0
1.98423548034509,,1.98423548034509,,18951,,0,1,0
1.97483637059466,,1.97483637059466,,18952,,0,1,0
1.97483518602503,,1.97483518602503,,18953,,0,1,0
1.95923383204288,,1.95923383204288,,18954,,0,1,0
1.95923383204288,,1.95923383204288,,18955,,0,1,0
1.93753112568641,,1.93753112568641,,18956,,0,1,0
1.93753206434894,,1.93753206434894,,18957,,0,1,0
1.9098635665728,,1.9098635665728,,18958,,0,1,0
1.90986310060464,,1.90986310060464,,18959,,0,1,0
1.87640415421414,,1.87640415421414,,18960,,0,1,0
1.87640323047737,,1.87640323047737,,18961,,0,1,0
1.83736553750759,,1.83736553750759,,18962,,0,1,0
1.83736736566243,,1.83736736566243,,18963,,0,1,0
1.7929979305132,,1.7929979305132,,18964,,0,1,0
1.7929974790265,,1.7929974790265,,18965,,0,1,0
1.74357411002632,,1.74357411002632,,18966,,0,1,0
1.74357188392379,,1.74357188392379,,18967,,0,1,0
1.68941024624963,,1.68941024624963,,18968,,0,1,0
1.68941397138295,,1.68941397138295,,18969,,0,1,0
1.6308515753872,,1.6308515753872,,18970,,0,1,0
1.63084985303411,,1.63084985303411,,18971,,0,1,0
1.5682608730931,,1.5682608730931,,18972,,0,1,0
1.56825981748143,,1.56825981748143,,18973,,0,1,0
1.50204104122145,,1.50204104122145,,18974,,0,1,0
1.50204145445543,,1.50204145445543,,18975,,0,1,0
1.43260236636618,,1.43260236636618,,18976,,0,1,0
1.43260539313616,,1.43260539313616,,18977,,0,1,0
1.36039486371704,,1.36039486371704,,18978,,0,1,0
1.36039112768242,,1.36039112768242,,18979,,0,1,0
1.28586114830461,,1.28586114830461,,18980,,0,1,0
1.28586306001586,,1.28586306001586,,18981,,0,1,0
1.20948738414064,,1.20948738414064,,18982,,0,1,0
1.20948311978691,,1.20948311978691,,18983,,0,1,0
1.13173578082826,,1.13173578082826,,18984,,0,1,0
1.13174080259035,,1.13174080259035,,18985,,0,1,0
1.05312186762515,,1.05312186762515,,18986,,0,1,0
1.05312169461786,,1.05312169461786,,18987,,0,1,0
0.974129644241202,,0.974129644241202,,18988,,0,1,0
0.97412714835685,,0.97412714835685,,18989,,0,1,0
0.895253194588008,,0.895253194588008,,18990,,0,1,0
0.895253992156775,,0.895253992156775,,18991,,0,1,0
0.817004933100868,,0.817004933100868,,18992,,0,1,0
0.817004171184436,,0.817004171184436,,18993,,0,1,0
0.739867586392229,,0.739867586392229,,18994,,0,1,0
0.739868311449328,,0.739868311449328,,18995,,0,1,0
0.664336048852874,,0.664336048852874,,18996,,0,1,0
0.66433577403248,,0.66433577403248,,18997,,0,1,0
0.590888182423221,,0.590888182423221,,18998,,0,1,0
0.590888441606985,,0.590888441606985,,18999,,0,1,0
0.519982107858709,,0.519982107858709,,19000,,0,1,0
0.519982350994752,,0.519982350994752,,19001,,0,1,0
0.452072322940895,,0.452072322940895,,19002,,0,1,0
0.452071756181242,,0.452071756181242,,19003,,0,1,0
0.387585719563795,,0.387585719563795,,19004,,0,1,0
0.387585719563795,,0.387585719563795,,19005,,0,1,0
0.326934144976876,,0.326934144976876,,19006,,0,1,0
0.326934626952864,,0.326934626952864,,19007,,0,1,0
0.270496768025346,,0.270496768025346,,19008,,0,1,0
0.270496154257785,,0.270496154257785,,19009,,0,1,0
0.218629207091043,,0.218629207091043,,19010,,0,1,0
0.218629482988291,,0.218629482988291,,19011,,0,1,0
0.171668571495395,,0.171668571495395,,19012,,0,1,0
0.171668466719426,,0.171668466719426,,19013,,0,1,0
0.129902240261124,,0.129902240261124,,19014,,0,1,0
0.129902331404425,,0.129902331404425,,19015,,0,1,0
0.0936015729831579,,0.0936015729831579,,19016,,0,1,0
0.0936016632451313,,0.0936016632451313,,19017,,0,1,0
0.0629900689600267,,0.0629900689600267,,19018,,0,1,0
0.0629900689600267,,0.0629900689600267,,19019,,0,1,0
0.0382670620419252,,0.0382670620419252,,19020,,0,1,0
0.0382670043286737,,0.0382670043286737,,19021,,0,1,0
0.0195858849024138,,0.0195858849024138,,19022,,0,1,0
0.019585902597719,,0.019585902597719,,19023,,0,1,0
0.00706567052867826,,0.00706567052867826,,19024,,0,1,0
0.00706567052867826,,0.00706567052867826,,19025,,0,1,0
1.98423524286802,,1.98423524286802,,19026,,0,1,0
1.98737569383755,,1.98737569383755,,19027,,0,1,0
1.98737569383755,,1.98737569383755,,19028,,0,1,0
1.98423524286802,,1.98423524286802,,19029,,0,1,0
1.98423548034509,,1.98423548034509,,19030,,0,1,0
1.9748361336807,,1.9748361336807,,19031,,0,1,0
1.97483565985284,,1.97483565985284,,19032,,0,1,0
1.95923383204288,,1.95923383204288,,19033,,0,1,0
1.95923383204288,,1.95923383204288,,19034,,0,1,0
1.93753206434894,,1.93753206434894,,19035,,0,1,0
1.93753206434894,,1.93753206434894,,19036,,0,1,0
1.90986310060464,,1.90986310060464,,19037,,0,1,0
1.90986310060464,,1.90986310060464,,19038,,0,1,0
1.87640323047737,,1.87640323047737,,19039,,0,1,0
1.87640369234573,,1.87640369234573,,19040,,0,1,0
1.83736713714303,,1.83736713714303,,19041,,0,1,0
1.83736599454622,,1.83736599454622,,19042,,0,1,0
1.7929974790265,,1.7929974790265,,19043,,0,1,0
1.7929974790265,,1.7929974790265,,19044,,0,1,0
1.74357232914418,,1.74357232914418,,19045,,0,1,0
1.74357388741601,,1.74357388741601,,19046,,0,1,0
1.68941309488062,,1.68941309488062,,19047,,0,1,0
1.68941068450039,,1.68941068450039,,19048,,0,1,0
1.63085006832819,,1.63085006832819,,19049,,0,1,0
1.63085114479884,,1.63085114479884,,19050,,0,1,0
1.56826023972605,,1.56826023972605,,19051,,0,1,0
1.56826045084838,,1.56826045084838,,19052,,0,1,0
1.50204145445543,,1.50204145445543,,19053,,0,1,0
1.50204062798753,,1.50204062798753,,19054,,0,1,0
1.4326051913514,,1.4326051913514,,19055,,0,1,0
1.43260236636618,,1.43260236636618,,19056,,0,1,0
1.36039152094898,,1.36039152094898,,19057,,0,1,0
1.36039407718301,,1.36039407718301,,19058,,0,1,0
1.28586306001586,,1.28586306001586,,19059,,0,1,0
1.28586133947567,,1.28586133947567,,19060,,0,1,0
1.20948367600653,,1.20948367600653,,19061,,0,1,0
1.20948682792016,,1.20948682792016,,19062,,0,1,0
1.13173972649754,,1.13173972649754,,19063,,0,1,0
1.13173631887366,,1.13173631887366,,19064,,0,1,0
1.05312186762515,,1.05312186762515,,19065,,0,1,0
1.05312186762515,,1.05312186762515,,19066,,0,1,0
0.974127647533464,,0.974127647533464,,19067,,0,1,0
0.974129311456437,,0.974129311456437,,19068,,0,1,0
0.895253673129226,,0.895253673129226,,19069,,0,1,0
0.895253194588008,,0.895253194588008,,19070,,0,1,0
0.817004171184436,,0.817004171184436,,19071,,0,1,0
0.817004933100868,,0.817004933100868,,19072,,0,1,0
0.739868311449328,,0.739868311449328,,19073,,0,1,0
0.739867731403621,,0.739867731403621,,19074,,0,1,0
0.66433577403248,,0.66433577403248,,19075,,0,1,0
0.664336048852874,,0.664336048852874,,19076,,0,1,0
0.590888182423221,,0.590888182423221,,19077,,0,1,0
0.590888182423221,,0.590888182423221,,19078,,0,1,0
0.519982107858709,,0.519982107858709,,19079,,0,1,0
0.519982107858709,,0.519982107858709,,19080,,0,1,0
0.452071926209101,,0.452071926209101,,19081,,0,1,0
0.452072096236991,,0.452072096236991,,19082,,0,1,0
0.387585719563795,,0.387585719563795,,19083,,0,1,0
0.387585562129191,,0.387585562129191,,19084,,0,1,0
0.326934434162427,,0.326934434162427,,19085,,0,1,0
0.326934144976876,,0.326934144976876,,19086,,0,1,0
0.270496285779346,,0.270496285779346,,19087,,0,1,0
0.270496768025346,,0.270496768025346,,19088,,0,1,0
0.218629482988291,,0.218629482988291,,19089,,0,1,0
0.218629207091043,,0.218629207091043,,19090,,0,1,0
0.171668466719426,,0.171668466719426,,19091,,0,1,0
0.171668571495395,,0.171668571495395,,19092,,0,1,0
0.129902331404425,,0.129902331404425,,19093,,0,1,0
0.129902240261124,,0.129902240261124,,19094,,0,1,0
0.0936015729831579,,0.0936015729831579,,19095,,0,1,0
0.0936015729831579,,0.0936015729831579,,19096,,0,1,0
0.0629900689600267,,0.0629900689600267,,19097,,0,1,0
0.0629900689600267,,0.0629900689600267,,19098,,0,1,0
0.0382670043286737,,0.0382670043286737,,19099,,0,1,0
0.0382670620419252,,0.0382670620419252,,19100,,0,1,0
0.019585896699283,,0.019585896699283,,19101,,0,1,0
0.0195858937500654,,0.0195858937500654,,19102,,0,1,0
0.00706567052867826,,0.00706567052867826,,19103,,0,1,0
0.00706567052867826,,0.00706567052867826,,19104,,0,1,0
1.96855415197206,,1.96855415197206,,19105,,0,1,0
1.95922840459367,,1.95922840459367,,19106,,0,1,0
1.95922840459367,,1.95922840459367,,19107,,0,1,0
1.94375075831807,,1.94375075831807,,19108,,0,1,0
1.94375146344399,,1.94375146344399,,19109,,0,1,0
1.92221999577316,,1.92221999577316,,19110,,0,1,0
1.92221859335407,,1.92221859335407,,19111,,0,1,0
1.8947693461775,,1.8947693461775,,19112,,0,1,0
1.89476864999278,,1.89476864999278,,19113,,0,1,0
1.86157434034477,,1.86157434034477,,19114,,0,1,0
1.86157664054384,,1.86157664054384,,19115,,0,1,0
1.82284679443922,,1.82284679443922,,19116,,0,1,0
1.82284770489787,,1.82284770489787,,19117,,0,1,0
1.77882813402653,,1.77882813402653,,19118,,0,1,0
1.77882611038083,,1.77882611038083,,19119,,0,1,0
1.72979293127782,,1.72979293127782,,19120,,0,1,0
1.72979581375375,,1.72979581375375,,19121,,0,1,0
1.67606305380037,,1.67606305380037,,19122,,0,1,0
1.67605868864218,,1.67605868864218,,19123,,0,1,0
1.61796121887008,,1.61796121887008,,19124,,0,1,0
1.6179607899868,,1.6179607899868,,19125,,0,1,0
1.55586597691197,,1.55586597691197,,19126,,0,1,0
1.55586597691197,,1.55586597691197,,19127,,0,1,0
1.4901704747652,,1.4901704747652,,19128,,0,1,0
1.4901700631674,,1.4901700631674,,19129,,0,1,0
1.42128310932436,,1.42128310932436,,19130,,0,1,0
1.42128109946697,,1.42128109946697,,19131,,0,1,0
1.3496393128371,,1.3496393128371,,19132,,0,1,0
1.34964440506363,,1.34964440506363,,19133,,0,1,0
1.27570124714293,,1.27570124714293,,19134,,0,1,0
1.27569858134396,,1.27569858134396,,19135,,0,1,0
1.19992508962881,,1.19992508962881,,19136,,0,1,0
1.19992693635425,,1.19992693635425,,19137,,0,1,0
1.12279630442006,,1.12279630442006,,19138,,0,1,0
1.12279398211798,,1.12279398211798,,19139,,0,1,0
1.04479838974214,,1.04479838974214,,19140,,0,1,0
1.04480045761011,,1.04480045761011,,19141,,0,1,0
0.96642930672968,,0.96642930672968,,19142,,0,1,0
0.966427483662706,,0.966427483662706,,19143,,0,1,0
0.888178755338942,,0.888178755338942,,19144,,0,1,0
0.888179708632492,,0.888179708632492,,19145,,0,1,0
0.810547850841381,,0.810547850841381,,19146,,0,1,0
0.810547699061431,,0.810547699061431,,19147,,0,1,0
0.734021156975359,,0.734021156975359,,19148,,0,1,0
0.734021445850004,,0.734021445850004,,19149,,0,1,0
0.659085576768376,,0.659085576768376,,19150,,0,1,0
0.659084892437882,,0.659084892437882,,19151,,0,1,0
0.586218788619391,,0.586218788619391,,19152,,0,1,0
0.586219046777046,,0.586219046777046,,19153,,0,1,0
0.515872871723111,,0.515872871723111,,19154,,0,1,0
0.51587262954974,,0.51587262954974,,19155,,0,1,0
0.448499020200195,,0.448499020200195,,19156,,0,1,0
0.448499754070612,,0.448499754070612,,19157,,0,1,0
0.384522921289461,,0.384522921289461,,19158,,0,1,0
0.384522555396416,,0.384522555396416,,19159,,0,1,0
0.324350673283336,,0.324350673283336,,19160,,0,1,0
0.324350385242768,,0.324350385242768,,19161,,0,1,0
0.268358565714893,,0.268358565714893,,19162,,0,1,0
0.268358871383612,,0.268358871383612,,19163,,0,1,0
0.216901733038499,,0.216901733038499,,19164,,0,1,0
0.216901615264938,,0.216901615264938,,19165,,0,1,0
0.170311864118291,,0.170311864118291,,19166,,0,1,0
0.170312003266504,,0.170312003266504,,19167,,0,1,0
0.128875784803428,,0.128875784803428,,19168,,0,1,0
0.128875572977741,,0.128875572977741,,19169,,0,1,0
0.0928618863498802,,0.0928618863498802,,19170,,0,1,0
0.0928619634109791,,0.0928619634109791,,19171,,0,1,0
0.0624922957615865,,0.0624922957615865,,19172,,0,1,0
0.0624922957615865,,0.0624922957615865,,19173,,0,1,0
0.0379646178548225,,0.0379646178548225,,19174,,0,1,0
0.0379646178548225,,0.0379646178548225,,19175,,0,1,0
0.0194311132052462,,0.0194311132052462,,19176,,0,1,0
0.0194311132052462,,0.0194311132052462,,19177,,0,1,0
0.00700982959367391,,0.00700982959367391,,19178,,0,1,0
0.00700982959367391,,0.00700982959367391,,19179,,0,1,0
1.96855415197206,,1.96855415197206,,19180,,0,1,0
1.97166915416813,,1.97166915416813,,19181,,0,1,0
1.97166915416813,,1.97166915416813,,19182,,0,1,0
1.96855415197206,,1.96855415197206,,19183,,0,1,0
1.96855415197206,,1.96855415197206,,19184,,0,1,0
1.95922840459367,,1.95922840459367,,19185,,0,1,0
1.95922840459367,,1.95922840459367,,19186,,0,1,0
1.943751228402,,1.943751228402,,19187,,0,1,0
1.943751228402,,1.943751228402,,19188,,0,1,0
1.92221882709055,,1.92221882709055,,19189,,0,1,0
1.92221929456355,,1.92221929456355,,19190,,0,1,0
1.89476911411592,,1.89476911411592,,19191,,0,1,0
1.89476911411592,,1.89476911411592,,19192,,0,1,0
1.86157549044412,,1.86157549044412,,19193,,0,1,0
1.86157457036461,,1.86157457036461,,19194,,0,1,0
1.82284770489787,,1.82284770489787,,19195,,0,1,0
1.82284679443922,,1.82284679443922,,19196,,0,1,0
1.77882700977878,,1.77882700977878,,19197,,0,1,0
1.77882768432739,,1.77882768432739,,19198,,0,1,0
1.72979470510888,,1.72979470510888,,19199,,0,1,0
1.72979359646436,,1.72979359646436,,19200,,0,1,0
1.67605999818904,,1.67605999818904,,19201,,0,1,0
1.67606196251029,,1.67606196251029,,19202,,0,1,0
1.61796121887008,,1.61796121887008,,19203,,0,1,0
1.6179607899868,,1.6179607899868,,19204,,0,1,0
1.55586639748481,,1.55586639748481,,19205,,0,1,0
1.55586597691197,,1.55586597691197,,19206,,0,1,0
1.4901704747652,,1.4901704747652,,19207,,0,1,0
1.4901704747652,,1.4901704747652,,19208,,0,1,0
1.42128190340976,,1.42128190340976,,19209,,0,1,0
1.42128290833855,,1.42128290833855,,19210,,0,1,0
1.34964362164354,,1.34964362164354,,19211,,0,1,0
1.34964068382022,,1.34964068382022,,19212,,0,1,0
1.27569934300053,,1.27569934300053,,19213,,0,1,0
1.2757004854858,,1.2757004854858,,19214,,0,1,0
1.19992675168164,,1.19992675168164,,19215,,0,1,0
1.19992545897378,,1.19992545897378,,19216,,0,1,0
1.12279451803363,,1.12279451803363,,19217,,0,1,0
1.12279612578136,,1.12279612578136,,19218,,0,1,0
1.04480011296531,,1.04480011296531,,19219,,0,1,0
1.04479907903124,,1.04479907903124,,19220,,0,1,0
0.966428146595952,,0.966428146595952,,19221,,0,1,0
0.966428975262829,,0.966428975262829,,19222,,0,1,0
0.888179549750198,,0.888179549750198,,19223,,0,1,0
0.888178914221164,,0.888178914221164,,19224,,0,1,0
0.810547850841381,,0.810547850841381,,19225,,0,1,0
0.810547850841381,,0.810547850841381,,19226,,0,1,0
0.734021445850004,,0.734021445850004,,19227,,0,1,0
0.734021156975359,,0.734021156975359,,19228,,0,1,0
0.659085166170037,,0.659085166170037,,19229,,0,1,0
0.659085576768376,,0.659085576768376,,19230,,0,1,0
0.586219046777046,,0.586219046777046,,19231,,0,1,0
0.586218788619391,,0.586218788619391,,19232,,0,1,0
0.515872871723111,,0.515872871723111,,19233,,0,1,0
0.515872871723111,,0.515872871723111,,19234,,0,1,0
0.448499584715847,,0.448499584715847,,19235,,0,1,0
0.448499415361114,,0.448499415361114,,19236,,0,1,0
0.384522555396416,,0.384522555396416,,19237,,0,1,0
0.384522764478135,,0.384522764478135,,19238,,0,1,0
0.324350529263036,,0.324350529263036,,19239,,0,1,0
0.324350673283336,,0.324350673283336,,19240,,0,1,0
0.268358696715751,,0.268358696715751,,19241,,0,1,0
0.268358565714893,,0.268358565714893,,19242,,0,1,0
0.216901615264938,,0.216901615264938,,19243,,0,1,0
0.216901733038499,,0.216901733038499,,19244,,0,1,0
0.170312003266504,,0.170312003266504,,19245,,0,1,0
0.170311864118291,,0.170311864118291,,19246,,0,1,0
0.128875694020969,,0.128875694020969,,19247,,0,1,0
0.128875694020969,,0.128875694020969,,19248,,0,1,0
0.0928619634109791,,0.0928619634109791,,19249,,0,1,0
0.0928619634109791,,0.0928619634109791,,19250,,0,1,0
0.0624922957615865,,0.0624922957615865,,19251,,0,1,0
0.0624922957615865,,0.0624922957615865,,19252,,0,1,0
0.0379646178548225,,0.0379646178548225,,19253,,0,1,0
0.0379646178548225,,0.0379646178548225,,19254,,0,1,0
0.0194311132052462,,0.0194311132052462,,19255,,0,1,0
0.0194311132052462,,0.0194311132052462,,19256,,0,1,0
0.00700982959367391,,0.00700982959367391,,19257,,0,1,0
0.00700982959367391,,0.00700982959367391,,19258,,0,1,0
1.94673928936943,,1.94673928936943,,19259,,0,1,0
1.93751728044038,,1.93751728044038,,19260,,0,1,0
1.93751728044038,,1.93751728044038,,19261,,0,1,0
1.92221181500236,,1.92221181500236,,19262,,0,1,0
1.92221017885029,,1.92221017885029,,19263,,0,1,0
1.9009174599633,,1.9009174599633,,19264,,0,1,0
1.9009174599633,,1.9009174599633,,19265,,0,1,0
1.87377150444667,,1.87377150444667,,19266,,0,1,0
1.87377358139668,,1.87377358139668,,19267,,0,1,0
1.84094726466472,,1.84094726466472,,19268,,0,1,0
1.84094726466472,,1.84094726466472,,19269,,0,1,0
1.80264695849082,,1.80264695849082,,19270,,0,1,0
1.8026435632429,,1.8026435632429,,19271,,0,1,0
1.75911316484988,,1.75911316484988,,19272,,0,1,0
1.7591136120501,,1.7591136120501,,19273,,0,1,0
1.71062576027364,,1.71062576027364,,19274,,0,1,0
1.71062553977669,,1.71062553977669,,19275,,0,1,0
1.65748518717891,,1.65748518717891,,19276,,0,1,0
1.65748735763032,,1.65748735763032,,19277,,0,1,0
1.60003194905232,,1.60003194905232,,19278,,0,1,0
1.60003322855371,,1.60003322855371,,19279,,0,1,0
1.53862488992565,,1.53862488992565,,19280,,0,1,0
1.53862593551597,,1.53862593551597,,19281,,0,1,0
1.47365748418196,,1.47365748418196,,19282,,0,1,0
1.47365584693859,,1.47365584693859,,19283,,0,1,0
1.40553172031517,,1.40553172031517,,19284,,0,1,0
1.40553291952938,,1.40553291952938,,19285,,0,1,0
1.33468807928956,,1.33468807928956,,19286,,0,1,0
1.33468398918933,,1.33468398918933,,19287,,0,1,0
1.26156125590526,,1.26156125590526,,19288,,0,1,0
1.26156598981186,,1.26156598981186,,19289,,0,1,0
1.18663024571563,,1.18663024571563,,19290,,0,1,0
1.18662987842254,,1.18662987842254,,19291,,0,1,0
1.11035252481486,,1.11035252481486,,19292,,0,1,0
1.11035128129291,,1.11035128129291,,19293,,0,1,0
1.03322231778475,,1.03322231778475,,19294,,0,1,0
1.03321871912403,,1.03321871912403,,19295,,0,1,0
0.95571747326688,,0.95571747326688,,19296,,0,1,0
0.955723406522175,,0.955723406522175,,19297,,0,1,0
0.87833751718194,,0.87833751718194,,19298,,0,1,0
0.878335147190484,,0.878335147190484,,19299,,0,1,0
0.801565342427757,,0.801565342427757,,19300,,0,1,0
0.801565644300986,,0.801565644300986,,19301,,0,1,0
0.725887153123494,,0.725887153123494,,19302,,0,1,0
0.725887009488709,,0.725887009488709,,19303,,0,1,0
0.651781398394206,,0.651781398394206,,19304,,0,1,0
0.651782078922515,,0.651782078922515,,19305,,0,1,0
0.579722793445853,,0.579722793445853,,19306,,0,1,0
0.579722793445853,,0.579722793445853,,19307,,0,1,0
0.510156069499779,,0.510156069499779,,19308,,0,1,0
0.510156069499779,,0.510156069499779,,19309,,0,1,0
0.443529602067601,,0.443529602067601,,19310,,0,1,0
0.443528647723276,,0.443528647723276,,19311,,0,1,0
0.380261215888027,,0.380261215888027,,19312,,0,1,0
0.380262307468415,,0.380262307468415,,19313,,0,1,0
0.320756290444592,,0.320756290444592,,19314,,0,1,0
0.320756767845076,,0.320756767845076,,19315,,0,1,0
0.265385137930885,,0.265385137930885,,19316,,0,1,0
0.265384703687488,,0.265384703687488,,19317,,0,1,0
0.214498075358181,,0.214498075358181,,19318,,0,1,0
0.214497958239008,,0.214497958239008,,19319,,0,1,0
0.168424636500506,,0.168424636500506,,19320,,0,1,0
0.168424532719207,,0.168424532719207,,19321,,0,1,0
0.127447459041166,,0.127447459041166,,19322,,0,1,0
0.127447669689928,,0.127447669689928,,19323,,0,1,0
0.0918328665148067,,0.0918328665148067,,19324,,0,1,0
0.0918328665148067,,0.0918328665148067,,19325,,0,1,0
0.0617997511400876,,0.0617997511400876,,19326,,0,1,0
0.0617997511400876,,0.0617997511400876,,19327,,0,1,0
0.037543917459502,,0.037543917459502,,19328,,0,1,0
0.037543917459502,,0.037543917459502,,19329,,0,1,0
0.0192157861773633,,0.0192157861773633,,19330,,0,1,0
0.0192157774137058,,0.0192157774137058,,19331,,0,1,0
0.00693215184496901,,0.00693215184496901,,19332,,0,1,0
0.0069321500904054,,0.0069321500904054,,19333,,0,1,0
1.94673905414686,,1.94673905414686,,19334,,0,1,0
1.94981957033952,,1.94981957033952,,19335,,0,1,0
1.94981957033952,,1.94981957033952,,19336,,0,1,0
1.94673905414686,,1.94673905414686,,19337,,0,1,0
1.94673928936943,,1.94673928936943,,19338,,0,1,0
1.93751728044038,,1.93751728044038,,19339,,0,1,0
1.93751728044038,,1.93751728044038,,19340,,0,1,0
1.92221134753027,,1.92221134753027,,19341,,0,1,0
1.92221064632224,,1.92221064632224,,19342,,0,1,0
1.9009174599633,,1.9009174599633,,19343,,0,1,0
1.9009174599633,,1.9009174599633,,19344,,0,1,0
1.87377265830764,,1.87377265830764,,19345,,0,1,0
1.87377242753542,,1.87377242753542,,19346,,0,1,0
1.84094726466472,,1.84094726466472,,19347,,0,1,0
1.8409470359228,,1.8409470359228,,19348,,0,1,0
1.80264514769153,,1.80264514769153,,19349,,0,1,0
1.80264560039127,,1.80264560039127,,19350,,0,1,0
1.75911316484988,,1.75911316484988,,19351,,0,1,0
1.75911316484988,,1.75911316484988,,19352,,0,1,0
1.71062553977669,,1.71062553977669,,19353,,0,1,0
1.71062553977669,,1.71062553977669,,19354,,0,1,0
1.65748670649475,,1.65748670649475,,19355,,0,1,0
1.65748583831419,,1.65748583831419,,19356,,0,1,0
1.60003301530345,,1.60003301530345,,19357,,0,1,0
1.60003216230252,,1.60003216230252,,19358,,0,1,0
1.53862572639787,,1.53862572639787,,19359,,0,1,0
1.53862572639787,,1.53862572639787,,19360,,0,1,0
1.47365605159396,,1.47365605159396,,19361,,0,1,0
1.47365687021559,,1.47365687021559,,19362,,0,1,0
1.40553271966031,,1.40553271966031,,19363,,0,1,0
1.40553231992221,,1.40553231992221,,19364,,0,1,0
1.33468496302215,,1.33468496302215,,19365,,0,1,0
1.33468691068885,,1.33468691068885,,19366,,0,1,0
1.26156504302983,,1.26156504302983,,19367,,0,1,0
1.26156258139822,,1.26156258139822,,19368,,0,1,0
1.18663024571563,,1.18663024571563,,19369,,0,1,0
1.18662987842254,,1.18662987842254,,19370,,0,1,0
1.11035163658482,,1.11035163658482,,19371,,0,1,0
1.1103518142308,,1.1103518142308,,19372,,0,1,0
1.03321957594744,,1.03321957594744,,19373,,0,1,0
1.0332214609602,,1.0332214609602,,19374,,0,1,0
0.955721758393857,,0.955721758393857,,19375,,0,1,0
0.955718626953967,,0.955718626953967,,19376,,0,1,0
0.878335621188519,,0.878335621188519,,19377,,0,1,0
0.878337201182894,,0.878337201182894,,19378,,0,1,0
0.801565342427757,,0.801565342427757,,19379,,0,1,0
0.801565342427757,,0.801565342427757,,19380,,0,1,0
0.725887009488709,,0.725887009488709,,19381,,0,1,0
0.725887153123494,,0.725887153123494,,19382,,0,1,0
0.651781942816825,,0.651781942816825,,19383,,0,1,0
0.651781398394206,,0.651781398394206,,19384,,0,1,0
0.579722793445853,,0.579722793445853,,19385,,0,1,0
0.579722793445853,,0.579722793445853,,19386,,0,1,0
0.510156069499779,,0.510156069499779,,19387,,0,1,0
0.510156069499779,,0.510156069499779,,19388,,0,1,0
0.443528816136906,,0.443528816136906,,19389,,0,1,0
0.443529433653822,,0.443529433653822,,19390,,0,1,0
0.380261943608112,,0.380261943608112,,19391,,0,1,0
0.380261579747982,,0.380261579747982,,19392,,0,1,0
0.320756624624893,,0.320756624624893,,19393,,0,1,0
0.3207564336647,,0.3207564336647,,19394,,0,1,0
0.26538483396047,,0.26538483396047,,19395,,0,1,0
0.265385137930885,,0.265385137930885,,19396,,0,1,0
0.214498075358181,,0.214498075358181,,19397,,0,1,0
0.214498075358181,,0.214498075358181,,19398,,0,1,0
0.168424636500506,,0.168424636500506,,19399,,0,1,0
0.168424636500506,,0.168424636500506,,19400,,0,1,0
0.127447579411866,,0.127447579411866,,19401,,0,1,0
0.127447579411866,,0.127447579411866,,19402,,0,1,0
0.0918328665148067,,0.0918328665148067,,19403,,0,1,0
0.0918328665148067,,0.0918328665148067,,19404,,0,1,0
0.0617997511400876,,0.0617997511400876,,19405,,0,1,0
0.0617997511400876,,0.0617997511400876,,19406,,0,1,0
0.037543917459502,,0.037543917459502,,19407,,0,1,0
0.037543917459502,,0.037543917459502,,19408,,0,1,0
0.0192157832561439,,0.0192157832561439,,19409,,0,1,0
0.0192157861773633,,0.0192157861773633,,19410,,0,1,0
0.00693215184496901,,0.00693215184496901,,19411,,0,1,0
0.0069321500904054,,0.0069321500904054,,19412,,0,1,0
1.91892992659999,,1.91892992659999,,19413,,0,1,0
1.90983887033883,,1.90983887033883,,19414,,0,1,0
1.90983817139114,,1.90983817139114,,19415,,0,1,0
1.89475031717451,,1.89475031717451,,19416,,0,1,0
1.89475008511408,,1.89475008511408,,19417,,0,1,0
1.87376158125699,,1.87376158125699,,19418,,0,1,0
1.8737627351149,,1.8737627351149,,19419,,0,1,0
1.84700520896922,,1.84700520896922,,19420,,0,1,0
1.84700658367731,,1.84700658367731,,19421,,0,1,0
1.8146489313736,,1.8146489313736,,19422,,0,1,0
1.81464779586261,,1.81464779586261,,19423,,0,1,0
1.77689293055803,,1.77689293055803,,19424,,0,1,0
1.77689293055803,,1.77689293055803,,19425,,0,1,0
1.73398459022837,,1.73398459022837,,19426,,0,1,0
1.73398636620732,,1.73398636620732,,19427,,0,1,0
1.68618954416206,,1.68618954416206,,19428,,0,1,0
1.68618910632929,,1.68618910632929,,19429,,0,1,0
1.63380976608107,,1.63380976608107,,19430,,0,1,0
1.63380825765586,,1.63380825765586,,19431,,0,1,0
1.57717548044588,,1.57717548044588,,19432,,0,1,0
1.57717463355971,,1.57717463355971,,19433,,0,1,0
1.51664513746073,,1.51664513746073,,19434,,0,1,0
1.51664389174701,,1.51664389174701,,19435,,0,1,0
1.45260275708381,,1.45260275708381,,19436,,0,1,0
1.45260560172031,,1.45260560172031,,19437,,0,1,0
1.38545414501738,,1.38545414501738,,19438,,0,1,0
1.38545315283594,,1.38545315283594,,19439,,0,1,0
1.31561792714638,,1.31561792714638,,19440,,0,1,0
1.31561908736902,,1.31561908736902,,19441,,0,1,0
1.24354405692318,,1.24354405692318,,19442,,0,1,0
1.24354180093545,,1.24354180093545,,19443,,0,1,0
1.1696774787961,,1.1696774787961,,19444,,0,1,0
1.16967529083698,,1.16967529083698,,19445,,0,1,0
1.09448860261416,,1.09448860261416,,19446,,0,1,0
1.09449054271184,,1.09449054271184,,19447,,0,1,0
1.01845904989961,,1.01845904989961,,19448,,0,1,0
1.01846245262767,,1.01846245262767,,19449,,0,1,0
0.94207030359798,,0.94207030359798,,19450,,0,1,0
0.942065394661149,,0.942065394661149,,19451,,0,1,0
0.865786951060564,,0.865786951060564,,19452,,0,1,0
0.865790402130251,,0.865790402130251,,19453,,0,1,0
0.790114971259868,,0.790114971259868,,19454,,0,1,0
0.790114072132184,,0.790114072132184,,19455,,0,1,0
0.715517110544177,,0.715517110544177,,19456,,0,1,0
0.715517966175135,,0.715517966175135,,19457,,0,1,0
0.642470963504849,,0.642470963504849,,19458,,0,1,0
0.642470017595038,,0.642470017595038,,19459,,0,1,0
0.571441039217355,,0.571441039217355,,19460,,0,1,0
0.571441166658843,,0.571441166658843,,19461,,0,1,0
0.502867865337187,,0.502867865337187,,19462,,0,1,0
0.502868343540008,,0.502868343540008,,19463,,0,1,0
0.43719292481299,,0.43719292481299,,19464,,0,1,0
0.437193092019415,,0.437193092019415,,19465,,0,1,0
0.374829920772868,,0.374829920772868,,19466,,0,1,0
0.374829765950595,,0.374829765950595,,19467,,0,1,0
0.316174403525709,,0.316174403525709,,19468,,0,1,0
0.31617326597882,,0.31617326597882,,19469,,0,1,0
0.261593286597206,,0.261593286597206,,19470,,0,1,0
0.261593890179769,,0.261593890179769,,19471,,0,1,0
0.211433743836807,,0.211433743836807,,19472,,0,1,0
0.211433860116417,,0.211433860116417,,19473,,0,1,0
0.16601854270079,,0.16601854270079,,19474,,0,1,0
0.16601854270079,,0.16601854270079,,19475,,0,1,0
0.125626990666916,,0.125626990666916,,19476,,0,1,0
0.125626871159056,,0.125626871159056,,19477,,0,1,0
0.0905209553690884,,0.0905209553690884,,19478,,0,1,0
0.0905209553690884,,0.0905209553690884,,19479,,0,1,0
0.0609169059113572,,0.0609169059113572,,19480,,0,1,0
0.0609168330944994,,0.0609168330944994,,19481,,0,1,0
0.0370075615155341,,0.0370075615155341,,19482,,0,1,0
0.0370075615155341,,0.0370075615155341,,19483,,0,1,0
0.0189412618404018,,0.0189412618404018,,19484,,0,1,0
0.0189412908431886,,0.0189412908431886,,19485,,0,1,0
0.00683312255761151,,0.00683312255761151,,19486,,0,1,0
0.00683312255761151,,0.00683312255761151,,19487,,0,1,0
1.91892899245434,,1.91892899245434,,19488,,0,1,0
1.92196569880991,,1.92196569880991,,19489,,0,1,0
1.92196569880991,,1.92196569880991,,19490,,0,1,0
1.91892899245434,,1.91892899245434,,19491,,0,1,0
1.91892899245434,,1.91892899245434,,19492,,0,1,0
1.90983840437369,,1.90983840437369,,19493,,0,1,0
1.90983817139114,,1.90983817139114,,19494,,0,1,0
1.89475031717451,,1.89475031717451,,19495,,0,1,0
1.89475008511408,,1.89475008511408,,19496,,0,1,0
1.87376181202854,,1.87376181202854,,19497,,0,1,0
1.87376227357169,,1.87376227357169,,19498,,0,1,0
1.8470054380872,,1.8470054380872,,19499,,0,1,0
1.8470054380872,,1.8470054380872,,19500,,0,1,0
1.81464825006697,,1.81464825006697,,19501,,0,1,0
1.81464825006697,,1.81464825006697,,19502,,0,1,0
1.77689293055803,,1.77689293055803,,19503,,0,1,0
1.77689293055803,,1.77689293055803,,19504,,0,1,0
1.73398525622037,,1.73398525622037,,19505,,0,1,0
1.73398525622037,,1.73398525622037,,19506,,0,1,0
1.68618954416206,,1.68618954416206,,19507,,0,1,0
1.68618954416206,,1.68618954416206,,19508,,0,1,0
1.63380868863442,,1.63380868863442,,19509,,0,1,0
1.63380933510237,,1.63380933510237,,19510,,0,1,0
1.57717463355971,,1.57717463355971,,19511,,0,1,0
1.57717505700277,,1.57717505700277,,19512,,0,1,0
1.5166445146038,,1.5166445146038,,19513,,0,1,0
1.51664492984174,,1.51664492984174,,19514,,0,1,0
1.45260499215511,,1.45260499215511,,19515,,0,1,0
1.4526039762134,,1.4526039762134,,19516,,0,1,0
1.38545315283594,,1.38545315283594,,19517,,0,1,0
1.38545394658107,,1.38545394658107,,19518,,0,1,0
1.31561889399854,,1.31561889399854,,19519,,0,1,0
1.31561850725763,,1.31561850725763,,19520,,0,1,0
1.24354236493219,,1.24354236493219,,19521,,0,1,0
1.24354330492704,,1.24354330492704,,19522,,0,1,0
1.16967602015646,,1.16967602015646,,19523,,0,1,0
1.16967693180613,,1.16967693180613,,19524,,0,1,0
1.09448966084904,,1.09448966084904,,19525,,0,1,0
1.0944887789866,,1.0944887789866,,19526,,0,1,0
1.0184612616722,,1.0184612616722,,19527,,0,1,0
1.01846024085378,,1.01846024085378,,19528,,0,1,0
0.94206670370972,,0.94206670370972,,19529,,0,1,0
0.942068830915588,,0.942068830915588,,19530,,0,1,0
0.865789304061877,,0.865789304061877,,19531,,0,1,0
0.865788049127445,,0.865788049127445,,19532,,0,1,0
0.790114221986762,,0.790114221986762,,19533,,0,1,0
0.790114821405218,,0.790114821405218,,19534,,0,1,0
0.715517966175135,,0.715517966175135,,19535,,0,1,0
0.715517253149301,,0.715517253149301,,19536,,0,1,0
0.642470287854913,,0.642470287854913,,19537,,0,1,0
0.642470693244832,,0.642470693244832,,19538,,0,1,0
0.571441166658843,,0.571441166658843,,19539,,0,1,0
0.571441039217355,,0.571441039217355,,19540,,0,1,0
0.502868343540008,,0.502868343540008,,19541,,0,1,0
0.502868104438569,,0.502868104438569,,19542,,0,1,0
0.43719292481299,,0.43719292481299,,19543,,0,1,0
0.43719292481299,,0.43719292481299,,19544,,0,1,0
0.374829765950595,,0.374829765950595,,19545,,0,1,0
0.374829765950595,,0.374829765950595,,19546,,0,1,0
0.316173597763118,,0.316173597763118,,19547,,0,1,0
0.316173882149798,,0.316173882149798,,19548,,0,1,0
0.261593588388401,,0.261593588388401,,19549,,0,1,0
0.261593459049296,,0.261593459049296,,19550,,0,1,0
0.211433860116417,,0.211433860116417,,19551,,0,1,0
0.211433743836807,,0.211433743836807,,19552,,0,1,0
0.16601854270079,,0.16601854270079,,19553,,0,1,0
0.16601854270079,,0.16601854270079,,19554,,0,1,0
0.125626871159056,,0.125626871159056,,19555,,0,1,0
0.125626871159056,,0.125626871159056,,19556,,0,1,0
0.0905209553690884,,0.0905209553690884,,19557,,0,1,0
0.0905209553690884,,0.0905209553690884,,19558,,0,1,0
0.0609168330944994,,0.0609168330944994,,19559,,0,1,0
0.0609169059113572,,0.0609169059113572,,19560,,0,1,0
0.0370075615155341,,0.0370075615155341,,19561,,0,1,0
0.0370075615155341,,0.0370075615155341,,19562,,0,1,0
0.0189412734415139,,0.0189412734415139,,19563,,0,1,0
0.0189412792420712,,0.0189412792420712,,19564,,0,1,0
0.00683312255761151,,0.00683312255761151,,19565,,0,1,0
0.00683312255761151,,0.00683312255761151,,19566,,0,1,0
1.88529824628149,,1.88529824628149,,19567,,0,1,0
1.87636697398901,,1.87636697398901,,19568,,0,1,0
1.87636651212517,,1.87636651212517,,19569,,0,1,0
1.86154328779639,,1.86154328779639,,19570,,0,1,0
1.86154581799435,,1.86154581799435,,19571,,0,1,0
1.84092507676485,,1.84092507676485,,19572,,0,1,0
1.84092507676485,,1.84092507676485,,19573,,0,1,0
1.81463712207665,,1.81463712207665,,19574,,0,1,0
1.81463553236654,,1.81463553236654,,19575,,0,1,0
1.78284441329328,,1.78284441329328,,19576,,0,1,0
1.78284261246751,,1.78284261246751,,19577,,0,1,0
1.74575102762891,,1.74575102762891,,19578,,0,1,0
1.74575459161873,,1.74575459161873,,19579,,0,1,0
1.70359693744513,,1.70359693744513,,19580,,0,1,0
1.70359671740164,,1.70359671740164,,19581,,0,1,0
1.65663751754216,,1.65663751754216,,19582,,0,1,0
1.65663795152131,,1.65663795152131,,19583,,0,1,0
1.605175405512,,1.605175405512,,19584,,0,1,0
1.60517583269737,,1.60517583269737,,19585,,0,1,0
1.54953460933456,,1.54953460933456,,19586,,0,1,0
1.54953439947647,,1.54953439947647,,19587,,0,1,0
1.49006510758483,,1.49006510758483,,19588,,0,1,0
1.49006593075149,,1.49006593075149,,19589,,0,1,0
1.42714828610793,,1.42714828610793,,19590,,0,1,0
1.42714425810909,,1.42714425810909,,19591,,0,1,0
1.36117148035748,,1.36117148035748,,19592,,0,1,0
1.36117482408367,,1.36117482408367,,19593,,0,1,0
1.29256256436304,,1.29256256436304,,19594,,0,1,0
1.29256371437467,,1.29256371437467,,19595,,0,1,0
1.22174922427281,,1.22174922427281,,19596,,0,1,0
1.22174717448627,,1.22174717448627,,19597,,0,1,0
1.14917720587189,,1.14917720587189,,19598,,0,1,0
1.14917774804741,,1.14917774804741,,19599,,0,1,0
1.07530944113034,,1.07530944113034,,19600,,0,1,0
1.07530786774834,,1.07530786774834,,19601,,0,1,0
1.00061253754586,,1.00061253754586,,19602,,0,1,0
1.00061304346298,,1.00061304346298,,19603,,0,1,0
0.925555836745843,,0.925555836745843,,19604,,0,1,0
0.925556323318524,,0.925556323318524,,19605,,0,1,0
0.850616750425644,,0.850616750425644,,19606,,0,1,0
0.850616905911927,,0.850616905911927,,19607,,0,1,0
0.776267273350754,,0.776267273350754,,19608,,0,1,0
0.776268016029242,,0.776268016029242,,19609,,0,1,0
0.702978500041532,,0.702978500041532,,19610,,0,1,0
0.702976662491437,,0.702976662491437,,19611,,0,1,0
0.631210359023981,,0.631210359023981,,19612,,0,1,0
0.631212234193413,,0.631212234193413,,19613,,0,1,0
0.561426981113186,,0.561426981113186,,19614,,0,1,0
0.561424833677115,,0.561424833677115,,19615,,0,1,0
0.494054988367994,,0.494054988367994,,19616,,0,1,0
0.494055758608347,,0.494055758608347,,19617,,0,1,0
0.429530839347336,,0.429530839347336,,19618,,0,1,0
0.429531005082085,,0.429531005082085,,19619,,0,1,0
0.368260639657933,,0.368260639657933,,19620,,0,1,0
0.368260639657933,,0.368260639657933,,19621,,0,1,0
0.310632596157889,,0.310632596157889,,19622,,0,1,0
0.310632784080342,,0.310632784080342,,19623,,0,1,0
0.257009377242248,,0.257009377242248,,19624,,0,1,0
0.257009633643975,,0.257009633643975,,19625,,0,1,0
0.207728553034514,,0.207728553034514,,19626,,0,1,0
0.207728399359553,,0.207728399359553,,19627,,0,1,0
0.163109023668683,,0.163109023668683,,19628,,0,1,0
0.163109023668683,,0.163109023668683,,19629,,0,1,0
0.123425289015707,,0.123425289015707,,19630,,0,1,0
0.123425289015707,,0.123425289015707,,19631,,0,1,0
0.0889345868665754,,0.0889345868665754,,19632,,0,1,0
0.0889346748495417,,0.0889346748495417,,19633,,0,1,0
0.0598493543213618,,0.0598493543213618,,19634,,0,1,0
0.0598492821453718,,0.0598492821453718,,19635,,0,1,0
0.0363590121645547,,0.0363590121645547,,19636,,0,1,0
0.0363590121645547,,0.0363590121645547,,19637,,0,1,0
0.0186093304277685,,0.0186093304277685,,19638,,0,1,0
0.0186093304277685,,0.0186093304277685,,19639,,0,1,0
0.00671336861582728,,0.00671336861582728,,19640,,0,1,0
0.00671336861582728,,0.00671336861582728,,19641,,0,1,0
1.88529986664801,,1.88529986664801,,19642,,0,1,0
1.88828275211001,,1.88828275211001,,19643,,0,1,0
1.88828275211001,,1.88828275211001,,19644,,0,1,0
1.88529940368608,,1.88529940368608,,19645,,0,1,0
1.88529870924328,,1.88529870924328,,19646,,0,1,0
1.87636651212517,,1.87636651212517,,19647,,0,1,0
1.87636697398901,,1.87636697398901,,19648,,0,1,0
1.86154420786818,,1.86154420786818,,19649,,0,1,0
1.86154489792217,,1.86154489792217,,19650,,0,1,0
1.84092507676485,,1.84092507676485,,19651,,0,1,0
1.84092507676485,,1.84092507676485,,19652,,0,1,0
1.81463621367079,,1.81463621367079,,19653,,0,1,0
1.81463598656936,,1.81463598656936,,19654,,0,1,0
1.78284373798351,,1.78284373798351,,19655,,0,1,0
1.78284418819001,,1.78284418819001,,19656,,0,1,0
1.74575303237273,,1.74575303237273,,19657,,0,1,0
1.74575303237273,,1.74575303237273,,19658,,0,1,0
1.70359671740164,,1.70359671740164,,19659,,0,1,0
1.70359693744513,,1.70359693744513,,19660,,0,1,0
1.65663838550052,,1.65663838550052,,19661,,0,1,0
1.65663751754216,,1.65663751754216,,19662,,0,1,0
1.605175405512,,1.605175405512,,19663,,0,1,0
1.60517583269737,,1.60517583269737,,19664,,0,1,0
1.54953460933456,,1.54953460933456,,19665,,0,1,0
1.54953460933456,,1.54953460933456,,19666,,0,1,0
1.49006593075149,,1.49006593075149,,19667,,0,1,0
1.49006510758483,,1.49006510758483,,19668,,0,1,0
1.42714607070786,,1.42714607070786,,19669,,0,1,0
1.42714727910769,,1.42714727910769,,19670,,0,1,0
1.36117344725474,,1.36117344725474,,19671,,0,1,0
1.36117285718542,,1.36117285718542,,19672,,0,1,0
1.29256352270603,,1.29256352270603,,19673,,0,1,0
1.29256275603161,,1.29256275603161,,19674,,0,1,0
1.22174810620721,,1.22174810620721,,19675,,0,1,0
1.22174829255144,,1.22174829255144,,19676,,0,1,0
1.14917738659705,,1.14917738659705,,19677,,0,1,0
1.14917738659705,,1.14917738659705,,19678,,0,1,0
1.07530856702909,,1.07530856702909,,19679,,0,1,0
1.07530874184931,,1.07530874184931,,19680,,0,1,0
1.00061270618489,,1.00061270618489,,19681,,0,1,0
1.00061253754586,,1.00061253754586,,19682,,0,1,0
0.925555998936723,,0.925555998936723,,19683,,0,1,0
0.925555998936723,,0.925555998936723,,19684,,0,1,0
0.850616905911927,,0.850616905911927,,19685,,0,1,0
0.850616750425644,,0.850616750425644,,19686,,0,1,0
0.776267718957804,,0.776267718957804,,19687,,0,1,0
0.776267273350754,,0.776267273350754,,19688,,0,1,0
0.702977369241189,,0.702977369241189,,19689,,0,1,0
0.702977793291211,,0.702977793291211,,19690,,0,1,0
0.631211564489725,,0.631211564489725,,19691,,0,1,0
0.631210894786392,,0.631210894786392,,19692,,0,1,0
0.561425717915,,0.561425717915,,19693,,0,1,0
0.561426349513916,,0.561426349513916,,19694,,0,1,0
0.494055403112725,,0.494055403112725,,19695,,0,1,0
0.494055166115714,,0.494055166115714,,19696,,0,1,0
0.429531005082085,,0.429531005082085,,19697,,0,1,0
0.429530839347336,,0.429530839347336,,19698,,0,1,0
0.368260639657933,,0.368260639657933,,19699,,0,1,0
0.368260639657933,,0.368260639657933,,19700,,0,1,0
0.310632596157889,,0.310632596157889,,19701,,0,1,0
0.310632596157889,,0.310632596157889,,19702,,0,1,0
0.257009505443095,,0.257009505443095,,19703,,0,1,0
0.257009505443095,,0.257009505443095,,19704,,0,1,0
0.207728399359553,,0.207728399359553,,19705,,0,1,0
0.207728553034514,,0.207728553034514,,19706,,0,1,0
0.163109023668683,,0.163109023668683,,19707,,0,1,0
0.163109023668683,,0.163109023668683,,19708,,0,1,0
0.123425289015707,,0.123425289015707,,19709,,0,1,0
0.123425289015707,,0.123425289015707,,19710,,0,1,0
0.0889345868665754,,0.0889345868665754,,19711,,0,1,0
0.0889345868665754,,0.0889345868665754,,19712,,0,1,0
0.0598493543213618,,0.0598493543213618,,19713,,0,1,0
0.0598492821453718,,0.0598492821453718,,19714,,0,1,0
0.0363590121645547,,0.0363590121645547,,19715,,0,1,0
0.0363590121645547,,0.0363590121645547,,19716,,0,1,0
0.0186093304277685,,0.0186093304277685,,19717,,0,1,0
0.0186093246782636,,0.0186093246782636,,19718,,0,1,0
0.00671336861582728,,0.00671336861582728,,19719,,0,1,0
0.00671336861582728,,0.00671336861582728,,19720,,0,1,0
1.84606067635429,,1.84606067635429,,19721,,0,1,0
1.83731572063837,,1.83731572063837,,19722,,0,1,0
1.83731686321955,,1.83731686321955,,19723,,0,1,0
1.8228026374675,,1.8228026374675,,19724,,0,1,0
1.8228033203032,,1.8228033203032,,19725,,0,1,0
1.80261142172097,,1.80261142172097,,19726,,0,1,0
1.80260802650651,,1.80260802650651,,19727,,0,1,0
1.77686731174447,,1.77686731174447,,19728,,0,1,0
1.77686731174447,,1.77686731174447,,19729,,0,1,0
1.74573721720271,,1.74573721720271,,19730,,0,1,0
1.74574100392704,,1.74574100392704,,19731,,0,1,0
1.70942183829005,,1.70942183829005,,19732,,0,1,0
1.70942183829005,,1.70942183829005,,19733,,0,1,0
1.66814093960017,,1.66814093960017,,19734,,0,1,0
1.6681398508922,,1.6681398508922,,19735,,0,1,0
1.62215927502214,,1.62215927502214,,19736,,0,1,0
1.62215884558282,,1.62215884558282,,19737,,0,1,0
1.57176767375439,,1.57176767375439,,19738,,0,1,0
1.57176598288857,,1.57176598288857,,19739,,0,1,0
1.5172840483844,,1.5172840483844,,19740,,0,1,0
1.51728612501234,,1.51728612501234,,19741,,0,1,0
1.45905381483115,,1.45905381483115,,19742,,0,1,0
1.45905524030383,,1.45905524030383,,19743,,0,1,0
1.39744349917248,,1.39744349917248,,19744,,0,1,0
1.39744489422441,,1.39744489422441,,19745,,0,1,0
1.33284622098535,,1.33284622098535,,19746,,0,1,0
1.3328444692944,,1.3328444692944,,19747,,0,1,0
1.26566205934837,,1.26566205934837,,19748,,0,1,0
1.26566111103057,,1.26566111103057,,19749,,0,1,0
1.19631985562797,,1.19631985562797,,19750,,0,1,0
1.19631948683833,,1.19631948683833,,19751,,0,1,0
1.12526036815143,,1.12526036815143,,19752,,0,1,0
1.12526305067241,,1.12526305067241,,19753,,0,1,0
1.05292914631764,,1.05292914631764,,19754,,0,1,0
1.0529282813605,,1.0529282813605,,19755,,0,1,0
0.979788691468464,,0.979788691468464,,19756,,0,1,0
0.979788023968531,,0.979788023968531,,19757,,0,1,0
0.906293951538039,,0.906293951538039,,19758,,0,1,0
0.906294112032356,,0.906294112032356,,19759,,0,1,0
0.832913957113426,,0.832913957113426,,19760,,0,1,0
0.832911649218005,,0.832911649218005,,19761,,0,1,0
0.760111184144769,,0.760111184144769,,19762,,0,1,0
0.760112506981841,,0.760112506981841,,19763,,0,1,0
0.688346549678165,,0.688346549678165,,19764,,0,1,0
0.688346549678165,,0.688346549678165,,19765,,0,1,0
0.618075017721623,,0.618075017721623,,19766,,0,1,0
0.61807342724731,,0.61807342724731,,19767,,0,1,0
0.549740311221292,,0.549740311221292,,19768,,0,1,0
0.54974256119187,,0.54974256119187,,19769,,0,1,0
0.483773605159799,,0.483773605159799,,19770,,0,1,0
0.483773018864982,,0.483773018864982,,19771,,0,1,0
0.420591592150295,,0.420591592150295,,19772,,0,1,0
0.420591045480279,,0.420591045480279,,19773,,0,1,0
0.360596295357896,,0.360596295357896,,19774,,0,1,0
0.360596497830274,,0.360596497830274,,19775,,0,1,0
0.304167573887002,,0.304167573887002,,19776,,0,1,0
0.304168178246186,,0.304168178246186,,19777,,0,1,0
0.251660628441572,,0.251660628441572,,19778,,0,1,0
0.251659951856469,,0.251659951856469,,19779,,0,1,0
0.203404898639292,,0.203404898639292,,19780,,0,1,0
0.203405126740286,,0.203405126740286,,19781,,0,1,0
0.159714319321047,,0.159714319321047,,19782,,0,1,0
0.159714218258971,,0.159714218258971,,19783,,0,1,0
0.120856425412798,,0.120856425412798,,19784,,0,1,0
0.120856322848095,,0.120856322848095,,19785,,0,1,0
0.0870835809943959,,0.0870835809943959,,19786,,0,1,0
0.0870836680569482,,0.0870836680569482,,19787,,0,1,0
0.0586036814863817,,0.0586036814863817,,19788,,0,1,0
0.0586036814863817,,0.0586036814863817,,19789,,0,1,0
0.0356022728523198,,0.0356022728523198,,19790,,0,1,0
0.0356023285198788,,0.0356023285198788,,19791,,0,1,0
0.0182220389669557,,0.0182220389669557,,19792,,0,1,0
0.0182220190541931,,0.0182220190541931,,19793,,0,1,0
0.00657364600644209,,0.00657364600644209,,19794,,0,1,0
0.00657364600644209,,0.00657364600644209,,19795,,0,1,0
1.84606182165138,,1.84606182165138,,19796,,0,1,0
1.84898325550353,,1.84898325550353,,19797,,0,1,0
1.84898325550353,,1.84898325550353,,19798,,0,1,0
1.84606182165138,,1.84606182165138,,19799,,0,1,0
1.84606067635429,,1.84606067635429,,19800,,0,1,0
1.83731594915458,,1.83731594915458,,19801,,0,1,0
1.83731640618704,,1.83731640618704,,19802,,0,1,0
1.8228026374675,,1.8228026374675,,19803,,0,1,0
1.82280309269129,,1.82280309269129,,19804,,0,1,0
1.80261028998246,,1.80261028998246,,19805,,0,1,0
1.80260870554915,,1.80260870554915,,19806,,0,1,0
1.77686731174447,,1.77686731174447,,19807,,0,1,0
1.77686731174447,,1.77686731174447,,19808,,0,1,0
1.74573922193861,,1.74573922193861,,19809,,0,1,0
1.74573944468711,,1.74573944468711,,19810,,0,1,0
1.70942183829005,,1.70942183829005,,19811,,0,1,0
1.70942183829005,,1.70942183829005,,19812,,0,1,0
1.66814093960017,,1.66814093960017,,19813,,0,1,0
1.66814072185855,,1.66814072185855,,19814,,0,1,0
1.62215927502214,,1.62215927502214,,19815,,0,1,0
1.62215884558282,,1.62215884558282,,19816,,0,1,0
1.57176661696315,,1.57176661696315,,19817,,0,1,0
1.5717670396796,,1.5717670396796,,19818,,0,1,0
1.51728508669819,,1.51728508669819,,19819,,0,1,0
1.51728487903541,,1.51728487903541,,19820,,0,1,0
1.45905462938688,,1.45905462938688,,19821,,0,1,0
1.45905462938688,,1.45905462938688,,19822,,0,1,0
1.39744429634493,,1.39744429634493,,19823,,0,1,0
1.39744429634493,,1.39744429634493,,19824,,0,1,0
1.33284524782357,,1.33284524782357,,19825,,0,1,0
1.3328454424559,,1.3328454424559,,19826,,0,1,0
1.26566149035764,,1.26566149035764,,19827,,0,1,0
1.26566186968478,,1.26566186968478,,19828,,0,1,0
1.19631948683833,,1.19631948683833,,19829,,0,1,0
1.19631948683833,,1.19631948683833,,19830,,0,1,0
1.12526197766363,,1.12526197766363,,19831,,0,1,0
1.12526126232473,,1.12526126232473,,19832,,0,1,0
1.05292897332618,,1.05292897332618,,19833,,0,1,0
1.05292914631764,,1.05292914631764,,19834,,0,1,0
0.979788023968531,,0.979788023968531,,19835,,0,1,0
0.979788357718469,,0.979788357718469,,19836,,0,1,0
0.906294112032356,,0.906294112032356,,19837,,0,1,0
0.906293951538039,,0.906293951538039,,19838,,0,1,0
0.832912418516123,,0.832912418516123,,19839,,0,1,0
0.832913187814597,,0.832913187814597,,19840,,0,1,0
0.760111919054111,,0.760111919054111,,19841,,0,1,0
0.760111772072214,,0.760111772072214,,19842,,0,1,0
0.688346549678165,,0.688346549678165,,19843,,0,1,0
0.688346549678165,,0.688346549678165,,19844,,0,1,0
0.618074089944692,,0.618074089944692,,19845,,0,1,0
0.618074487563291,,0.618074487563291,,19846,,0,1,0
0.549741811201166,,0.549741811201166,,19847,,0,1,0
0.549741186209303,,0.549741186209303,,19848,,0,1,0
0.483773253382866,,0.483773253382866,,19849,,0,1,0
0.483773429271317,,0.483773429271317,,19850,,0,1,0
0.420591209481247,,0.420591209481247,,19851,,0,1,0
0.420591428149253,,0.420591428149253,,19852,,0,1,0
0.360596497830274,,0.360596497830274,,19853,,0,1,0
0.360596295357896,,0.360596295357896,,19854,,0,1,0
0.304167852821935,,0.304167852821935,,19855,,0,1,0
0.304167852821935,,0.304167852821935,,19856,,0,1,0
0.251660374722052,,0.251660374722052,,19857,,0,1,0
0.251660374722052,,0.251660374722052,,19858,,0,1,0
0.203405012689773,,0.203405012689773,,19859,,0,1,0
0.203405012689773,,0.203405012689773,,19860,,0,1,0
0.159714218258971,,0.159714218258971,,19861,,0,1,0
0.159714218258971,,0.159714218258971,,19862,,0,1,0
0.120856425412798,,0.120856425412798,,19863,,0,1,0
0.120856425412798,,0.120856425412798,,19864,,0,1,0
0.0870836680569482,,0.0870836680569482,,19865,,0,1,0
0.0870836680569482,,0.0870836680569482,,19866,,0,1,0
0.0586036814863817,,0.0586036814863817,,19867,,0,1,0
0.0586036814863817,,0.0586036814863817,,19868,,0,1,0
0.0356023285198788,,0.0356023285198788,,19869,,0,1,0
0.0356023285198788,,0.0356023285198788,,19870,,0,1,0
0.0182220389669557,,0.0182220389669557,,19871,,0,1,0
0.0182220247435527,,0.0182220247435527,,19872,,0,1,0
0.00657364600644209,,0.00657364600644209,,19873,,0,1,0
0.00657364600644209,,0.00657364600644209,,19874,,0,1,0
1.80146696292383,,1.80146696292383,,19875,,0,1,0
1.79293291701385,,1.79293291701385,,19876,,0,1,0
1.79293291701385,,1.79293291701385,,19877,,0,1,0
1.77876922392273,,1.77876922392273,,19878,,0,1,0
1.77876765000204,,1.77876765000204,,19879,,0,1,0
1.75906307878475,,1.75906307878475,,19880,,0,1,0
1.75906330238167,,1.75906330238167,,19881,,0,1,0
1.73394463094257,,1.73394463094257,,19882,,0,1,0
1.73394574091652,,1.73394574091652,,19883,,0,1,0
1.7035689920366,,1.7035689920366,,19884,,0,1,0
1.70356855195326,,1.70356855195326,,19885,,0,1,0
1.66812700416501,,1.66812700416501,,19886,,0,1,0
1.66812569772095,,1.66812569772095,,19887,,0,1,0
1.62784207577722,,1.62784207577722,,19888,,0,1,0
1.62784229087268,,1.62784229087268,,19889,,0,1,0
1.58297244095775,,1.58297244095775,,19890,,0,1,0
1.58296841086446,,1.58296841086446,,19891,,0,1,0
1.53379554953489,,1.53379554953489,,19892,,0,1,0
1.53380118685891,,1.53380118685891,,19893,,0,1,0
1.48063383099106,,1.48063383099106,,19894,,0,1,0
1.48062788195648,,1.48062788195648,,19895,,0,1,0
1.42380660035401,,1.42380660035401,,19896,,0,1,0
1.42380861199627,,1.42380861199627,,19897,,0,1,0
1.36368475969402,,1.36368475969402,,19898,,0,1,0
1.36368416908062,,1.36368416908062,,19899,,0,1,0
1.30064575041821,,1.30064575041821,,19900,,0,1,0
1.30064748082123,,1.30064748082123,,19901,,0,1,0
1.23508649657563,,1.23508649657563,,19902,,0,1,0
1.23508312412196,,1.23508312412196,,19903,,0,1,0
1.16741895424952,,1.16741895424952,,19904,,0,1,0
1.1674227794845,,1.1674227794845,,19905,,0,1,0
1.098079310961,,1.098079310961,,19906,,0,1,0
1.09807807433074,,1.09807807433074,,19907,,0,1,0
1.02749230040547,,1.02749230040547,,19908,,0,1,0
1.0274914459601,,1.0274914459601,,19909,,0,1,0
0.956118503875388,,0.956118503875388,,19910,,0,1,0
0.956117349946972,,0.956117349946972,,19911,,0,1,0
0.884399797961237,,0.884399797961237,,19912,,0,1,0
0.884402176120666,,0.884402176120666,,19913,,0,1,0
0.81279164685273,,0.81279164685273,,19914,,0,1,0
0.812791038893266,,0.812791038893266,,19915,,0,1,0
0.741750014914288,,0.741750014914288,,19916,,0,1,0
0.741749143740094,,0.741749143740094,,19917,,0,1,0
0.671717504631289,,0.671717504631289,,19918,,0,1,0
0.671719024518502,,0.671719024518502,,19919,,0,1,0
0.603143337680486,,0.603143337680486,,19920,,0,1,0
0.603142683036396,,0.603142683036396,,19921,,0,1,0
0.536461914224738,,0.536461914224738,,19922,,0,1,0
0.536461790745335,,0.536461790745335,,19923,,0,1,0
0.472086035894364,,0.472086035894364,,19924,,0,1,0
0.472085282974321,,0.472085282974321,,19925,,0,1,0
0.410430490929274,,0.410430490929274,,19926,,0,1,0
0.410432327020745,,0.410432327020745,,19927,,0,1,0
0.351885980380537,,0.351885980380537,,19928,,0,1,0
0.351884830312416,,0.351884830312416,,19929,,0,1,0
0.296820019049193,,0.296820019049193,,19930,,0,1,0
0.296820340518751,,0.296820340518751,,19931,,0,1,0
0.245580664002887,,0.245580664002887,,19932,,0,1,0
0.245580664002887,,0.245580664002887,,19933,,0,1,0
0.198491455383198,,0.198491455383198,,19934,,0,1,0
0.198491192499349,,0.198491192499349,,19935,,0,1,0
0.155855811246967,,0.155855811246967,,19936,,0,1,0
0.155856144026673,,0.155856144026673,,19937,,0,1,0
0.11793689300307,,0.11793689300307,,19938,,0,1,0
0.117936994321413,,0.117936994321413,,19939,,0,1,0
0.0849800613141554,,0.0849800613141554,,19940,,0,1,0
0.0849797295824612,,0.0849797295824612,,19941,,0,1,0
0.0571879276998115,,0.0571879276998115,,19942,,0,1,0
0.0571879982528074,,0.0571879982528074,,19943,,0,1,0
0.0347422185941082,,0.0347422185941082,,19944,,0,1,0
0.0347422185941082,,0.0347422185941082,,19945,,0,1,0
0.0177818191880396,,0.0177818191880396,,19946,,0,1,0
0.0177818191880396,,0.0177818191880396,,19947,,0,1,0
0.00641484049073171,,0.00641484049073171,,19948,,0,1,0
0.00641484977378595,,0.00641484977378595,,19949,,0,1,0
1.80146628409628,,1.80146628409628,,19950,,0,1,0
1.80431712888378,,1.80431712888378,,19951,,0,1,0
1.80431712888378,,1.80431712888378,,19952,,0,1,0
1.80146628409628,,1.80146628409628,,19953,,0,1,0
1.80146651037212,,1.80146651037212,,19954,,0,1,0
1.79293291701385,,1.79293291701385,,19955,,0,1,0
1.79293291701385,,1.79293291701385,,19956,,0,1,0
1.77876877423103,,1.77876877423103,,19957,,0,1,0
1.77876809969359,,1.77876809969359,,19958,,0,1,0
1.75906307878475,,1.75906307878475,,19959,,0,1,0
1.75906307878475,,1.75906307878475,,19960,,0,1,0
1.73394507493211,,1.73394507493211,,19961,,0,1,0
1.7339455189217,,1.7339455189217,,19962,,0,1,0
1.7035689920366,,1.7035689920366,,19963,,0,1,0
1.70356855195326,,1.70356855195326,,19964,,0,1,0
1.66812591546159,,1.66812591546159,,19965,,0,1,0
1.66812591546159,,1.66812591546159,,19966,,0,1,0
1.62784229087268,,1.62784229087268,,19967,,0,1,0
1.62784229087268,,1.62784229087268,,19968,,0,1,0
1.58297031985538,,1.58297031985538,,19969,,0,1,0
1.58297031985538,,1.58297031985538,,19970,,0,1,0
1.53379826380072,,1.53379826380072,,19971,,0,1,0
1.53379826380072,,1.53379826380072,,19972,,0,1,0
1.48063075390272,,1.48063075390272,,19973,,0,1,0
1.48063136932013,,1.48063136932013,,19974,,0,1,0
1.42380760617496,,1.42380760617496,,19975,,0,1,0
1.42380760617496,,1.42380760617496,,19976,,0,1,0
1.36368456282288,,1.36368456282288,,19977,,0,1,0
1.36368475969402,,1.36368475969402,,19978,,0,1,0
1.30064651948607,,1.30064651948607,,19979,,0,1,0
1.30064651948607,,1.30064651948607,,19980,,0,1,0
1.23508462298969,,1.23508462298969,,19981,,0,1,0
1.23508518506532,,1.23508518506532,,19982,,0,1,0
1.16742095794325,,1.16742095794325,,19983,,0,1,0
1.16742041148115,,1.16742041148115,,19984,,0,1,0
1.09807878097652,,1.09807878097652,,19985,,0,1,0
1.09807878097652,,1.09807878097652,,19986,,0,1,0
1.02749178773821,,1.02749178773821,,19987,,0,1,0
1.02749212951637,,1.02749212951637,,19988,,0,1,0
0.956118009334553,,0.956118009334553,,19989,,0,1,0
0.956118009334553,,0.956118009334553,,19990,,0,1,0
0.884401066312535,,0.884401066312535,,19991,,0,1,0
0.884400590680691,,0.884400590680691,,19992,,0,1,0
0.81279164685273,,0.81279164685273,,19993,,0,1,0
0.81279164685273,,0.81279164685273,,19994,,0,1,0
0.741749579327127,,0.741749579327127,,19995,,0,1,0
0.741749579327127,,0.741749579327127,,19996,,0,1,0
0.671718610003637,,0.671718610003637,,19997,,0,1,0
0.6717181954889,,0.6717181954889,,19998,,0,1,0
0.603142813965185,,0.603142813965185,,19999,,0,1,0
0.603143075822807,,0.603143075822807,,20000,,0,1,0
0.536461790745335,,0.536461790745335,,20001,,0,1,0
0.536461790745335,,0.536461790745335,,20002,,0,1,0
0.472085688392731,,0.472085688392731,,20003,,0,1,0
0.472085688392731,,0.472085688392731,,20004,,0,1,0
0.410431408974496,,0.410431408974496,,20005,,0,1,0
0.410431246966441,,0.410431246966441,,20006,,0,1,0
0.351885330341803,,0.351885330341803,,20007,,0,1,0
0.351885480350688,,0.351885480350688,,20008,,0,1,0
0.296820156821839,,0.296820156821839,,20009,,0,1,0
0.296820156821839,,0.296820156821839,,20010,,0,1,0
0.245580664002887,,0.245580664002887,,20011,,0,1,0
0.245580664002887,,0.245580664002887,,20012,,0,1,0
0.19849134271867,,0.19849134271867,,20013,,0,1,0
0.19849134271867,,0.19849134271867,,20014,,0,1,0
0.155855911080842,,0.155855911080842,,20015,,0,1,0
0.155856044192724,,0.155856044192724,,20016,,0,1,0
0.11793689300307,,0.11793689300307,,20017,,0,1,0
0.11793689300307,,0.11793689300307,,20018,,0,1,0
0.0849799753095799,,0.0849799753095799,,20019,,0,1,0
0.084979901591407,,0.084979901591407,,20020,,0,1,0
0.0571879276998115,,0.0571879276998115,,20021,,0,1,0
0.0571879982528074,,0.0571879982528074,,20022,,0,1,0
0.0347422185941082,,0.0347422185941082,,20023,,0,1,0
0.0347422185941082,,0.0347422185941082,,20024,,0,1,0
0.0177818191880396,,0.0177818191880396,,20025,,0,1,0
0.0177818191880396,,0.0177818191880396,,20026,,0,1,0
0.00641484217855925,,0.00641484217855925,,20027,,0,1,0
0.00641484724204322,,0.00641484724204322,,20028,,0,1,0
1.75179297373941,,1.75179297373941,,20029,,0,1,0
1.74349419383546,,1.74349419383546,,20030,,0,1,0
1.74349174517886,,1.74349174517886,,20031,,0,1,0
1.72971887464275,,1.72971887464275,,20032,,0,1,0
1.72972109188425,,1.72972109188425,,20033,,0,1,0
1.7105591708405,,1.7105591708405,,20034,,0,1,0
1.7105591708405,,1.7105591708405,,20035,,0,1,0
1.68613328311711,,1.68613328311711,,20036,,0,1,0
1.68613372094263,,1.68613372094263,,20037,,0,1,0
1.6565939029272,,1.6565939029272,,20038,,0,1,0
1.65659433690064,,1.65659433690064,,20039,,0,1,0
1.62212899968899,,1.62212899968899,,20040,,0,1,0
1.62212857025367,,1.62212857025367,,20041,,0,1,0
1.58295674483387,,1.58295674483387,,20042,,0,1,0
1.58295292686955,,1.58295292686955,,20043,,0,1,0
1.5393196584272,,1.5393196584272,,20044,,0,1,0
1.53932677005344,,1.53932677005344,,20045,,0,1,0
1.49150908557229,,1.49150908557229,,20046,,0,1,0
1.49150187938461,,1.49150187938461,,20047,,0,1,0
1.43980097051565,,1.43980097051565,,20048,,0,1,0
1.43980744383146,,1.43980744383146,,20049,,0,1,0
1.38455021660833,,1.38455021660833,,20050,,0,1,0
1.38454684429351,,1.38454684429351,,20051,,0,1,0
1.32608258939061,,1.32608258939061,,20052,,0,1,0
1.32608588973739,,1.32608588973739,,20053,,0,1,0
1.26478444841724,,1.26478444841724,,20054,,0,1,0
1.26478255243968,,1.26478255243968,,20055,,0,1,0
1.2010287613224,,1.2010287613224,,20056,,0,1,0
1.20103060889694,,1.20103060889694,,20057,,0,1,0
1.13523308300572,,1.13523308300572,,20058,,0,1,0
1.13522859237651,,1.13522859237651,,20059,,0,1,0
1.0677988610255,,1.0677988610255,,20060,,0,1,0
1.06779990627792,,1.06779990627792,,20061,,0,1,0
0.99915956568146,,0.99915956568146,,20062,,0,1,0
0.999162093431096,,0.999162093431096,,20063,,0,1,0
0.929755169500623,,0.929755169500623,,20064,,0,1,0
0.929753218800926,,0.929753218800926,,20065,,0,1,0
0.860015125655941,,0.860015125655941,,20066,,0,1,0
0.86001293685684,,0.86001293685684,,20067,,0,1,0
0.790378437706096,,0.790378437706096,,20068,,0,1,0
0.790380086382989,,0.790380086382989,,20069,,0,1,0
0.721296397547235,,0.721296397547235,,20070,,0,1,0
0.721296540727117,,0.721296540727117,,20071,,0,1,0
0.653196847910749,,0.653196847910749,,20072,,0,1,0
0.653196439150811,,0.653196439150811,,20073,,0,1,0
0.586511446806249,,0.586511446806249,,20074,,0,1,0
0.586512350583803,,0.586512350583803,,20075,,0,1,0
0.521669379508694,,0.521669379508694,,20076,,0,1,0
0.52166864891845,,0.52166864891845,,20077,,0,1,0
0.459068230177373,,0.459068230177373,,20078,,0,1,0
0.459070000676975,,0.459070000676975,,20079,,0,1,0
0.399115021198286,,0.399115021198286,,20080,,0,1,0
0.399113743127133,,0.399113743127133,,20081,,0,1,0
0.342181885695483,,0.342181885695483,,20082,,0,1,0
0.342182526708967,,0.342182526708967,,20083,,0,1,0
0.288636031733517,,0.288636031733517,,20084,,0,1,0
0.288634944854493,,0.288634944854493,,20085,,0,1,0
0.238808617297259,,0.238808617297259,,20086,,0,1,0
0.238809894272196,,0.238809894272196,,20087,,0,1,0
0.193018388131378,,0.193018388131378,,20088,,0,1,0
0.193017795596262,,0.193017795596262,,20089,,0,1,0
0.151558483615368,,0.151558483615368,,20090,,0,1,0
0.151558483615368,,0.151558483615368,,20091,,0,1,0
0.114684958253126,,0.114684958253126,,20092,,0,1,0
0.114684858341441,,0.114684858341441,,20093,,0,1,0
0.0826366493371484,,0.0826366493371484,,20094,,0,1,0
0.0826368189581856,,0.0826368189581856,,20095,,0,1,0
0.0556111938579296,,0.0556111938579296,,20096,,0,1,0
0.0556110547108872,,0.0556110547108872,,20097,,0,1,0
0.0337842464449172,,0.0337842464449172,,20098,,0,1,0
0.033784300672524,,0.033784300672524,,20099,,0,1,0
0.0172915213889536,,0.0172915213889536,,20100,,0,1,0
0.0172915213889536,,0.0172915213889536,,20101,,0,1,0
0.0062379646315294,,0.0062379646315294,,20102,,0,1,0
0.00623795547735684,,0.00623795547735684,,20103,,0,1,0
1.7517918580677,,1.7517918580677,,20104,,0,1,0
1.75456428222419,,1.75456428222419,,20105,,0,1,0
1.75456428222419,,1.75456428222419,,20106,,0,1,0
1.7517918580677,,1.7517918580677,,20107,,0,1,0
1.75179297373941,,1.75179297373941,,20108,,0,1,0
1.74349397123024,,1.74349397123024,,20109,,0,1,0
1.74349196778394,,1.74349196778394,,20110,,0,1,0
1.72971953981505,,1.72971953981505,,20111,,0,1,0
1.72972109188425,,1.72972109188425,,20112,,0,1,0
1.7105591708405,,1.7105591708405,,20113,,0,1,0
1.7105591708405,,1.7105591708405,,20114,,0,1,0
1.68613328311711,,1.68613328311711,,20115,,0,1,0
1.68613372094263,,1.68613372094263,,20116,,0,1,0
1.6565939029272,,1.6565939029272,,20117,,0,1,0
1.65659433690064,,1.65659433690064,,20118,,0,1,0
1.62212899968899,,1.62212899968899,,20119,,0,1,0
1.62212857025367,,1.62212857025367,,20120,,0,1,0
1.58295504796027,,1.58295504796027,,20121,,0,1,0
1.58295462374201,,1.58295462374201,,20122,,0,1,0
1.53932279590734,,1.53932279590734,,20123,,0,1,0
1.53932363256925,,1.53932363256925,,20124,,0,1,0
1.49150558542181,,1.49150558542181,,20125,,0,1,0
1.49150517363967,,1.49150517363967,,20126,,0,1,0
1.43980440946286,,1.43980440946286,,20127,,0,1,0
1.43980400488062,,1.43980400488062,,20128,,0,1,0
1.38454843126468,,1.38454843126468,,20129,,0,1,0
1.38454882800761,,1.38454882800761,,20130,,0,1,0
1.32608433663251,,1.32608433663251,,20131,,0,1,0
1.32608433663251,,1.32608433663251,,20132,,0,1,0
1.26478350042828,,1.26478350042828,,20133,,0,1,0
1.26478369002604,,1.26478369002604,,20134,,0,1,0
1.20102986986695,,1.20102986986695,,20135,,0,1,0
1.20102968510949,,1.20102968510949,,20136,,0,1,0
1.13523056825227,,1.13523056825227,,20137,,0,1,0
1.13523128675297,,1.13523128675297,,20138,,0,1,0
1.06779938365165,,1.06779938365165,,20139,,0,1,0
1.06779938365165,,1.06779938365165,,20140,,0,1,0
0.999161082330858,,0.999161082330858,,20141,,0,1,0
0.999160408264316,,0.999160408264316,,20142,,0,1,0
0.929753706475658,,0.929753706475658,,20143,,0,1,0
0.929754356708834,,0.929754356708834,,20144,,0,1,0
0.860014031256043,,0.860014031256043,,20145,,0,1,0
0.860014343941657,,0.860014343941657,,20146,,0,1,0
0.790379336984188,,0.790379336984188,,20147,,0,1,0
0.790379037224767,,0.790379037224767,,20148,,0,1,0
0.721296540727117,,0.721296540727117,,20149,,0,1,0
0.721296397547235,,0.721296397547235,,20150,,0,1,0
0.65319657540411,,0.65319657540411,,20151,,0,1,0
0.65319657540411,,0.65319657540411,,20152,,0,1,0
0.586511834139401,,0.586511834139401,,20153,,0,1,0
0.586511834139401,,0.586511834139401,,20154,,0,1,0
0.521669014213508,,0.521669014213508,,20155,,0,1,0
0.521669014213508,,0.521669014213508,,20156,,0,1,0
0.459069201096087,,0.459069201096087,,20157,,0,1,0
0.459068801305904,,0.459068801305904,,20158,,0,1,0
0.399114275656531,,0.399114275656531,,20159,,0,1,0
0.39911448866839,,0.39911448866839,,20160,,0,1,0
0.342182181547786,,0.342182181547786,,20161,,0,1,0
0.342182181547786,,0.342182181547786,,20162,,0,1,0
0.288635397720505,,0.288635397720505,,20163,,0,1,0
0.288635397720505,,0.288635397720505,,20164,,0,1,0
0.238809317573415,,0.238809317573415,,20165,,0,1,0
0.238809317573415,,0.238809317573415,,20166,,0,1,0
0.193018165930603,,0.193018165930603,,20167,,0,1,0
0.193018165930603,,0.193018165930603,,20168,,0,1,0
0.151558483615368,,0.151558483615368,,20169,,0,1,0
0.151558483615368,,0.151558483615368,,20170,,0,1,0
0.114684858341441,,0.114684858341441,,20171,,0,1,0
0.114684858341441,,0.114684858341441,,20172,,0,1,0
0.0826367341476453,,0.0826367341476453,,20173,,0,1,0
0.0826367341476453,,0.0826367341476453,,20174,,0,1,0
0.0556111242843866,,0.0556111242843866,,20175,,0,1,0
0.0556111242843866,,0.0556111242843866,,20176,,0,1,0
0.0337842464449172,,0.0337842464449172,,20177,,0,1,0
0.0337842464449172,,0.0337842464449172,,20178,,0,1,0
0.0172915213889536,,0.0172915213889536,,20179,,0,1,0
0.0172915213889536,,0.0172915213889536,,20180,,0,1,0
0.0062379646315294,,0.0062379646315294,,20181,,0,1,0
0.00623796047054104,,0.00623796047054104,,20182,,0,1,0
1.69735475114479,,1.69735475114479,,20183,,0,1,0
1.68931361334398,,1.68931361334398,,20184,,0,1,0
1.68931799572886,,1.68931799572886,,20185,,0,1,0
1.67597247793267,,1.67597247793267,,20186,,0,1,0
1.67596811289243,,1.67596811289243,,20187,,0,1,0
1.65740292811805,,1.65740292811805,,20188,,0,1,0
1.6574050985156,,1.6574050985156,,20189,,0,1,0
1.63373779342581,,1.63373779342581,,20190,,0,1,0
1.63373714697202,,1.63373714697202,,20191,,0,1,0
1.60511560012128,,1.60511560012128,,20192,,0,1,0
1.60511517294393,,1.60511517294393,,20193,,0,1,0
1.57172117527586,,1.57172117527586,,20194,,0,1,0
1.571719061725,,1.571719061725,,20195,,0,1,0
1.53376339610708,,1.53376339610708,,20196,,0,1,0
1.53376903337201,,1.53376903337201,,20197,,0,1,0
1.49149240842156,,1.49149240842156,,20198,,0,1,0
1.49148561405354,,1.49148561405354,,20199,,0,1,0
1.44515369823966,,1.44515369823966,,20200,,0,1,0
1.4451603862442,,1.4451603862442,,20201,,0,1,0
1.39506634659654,,1.39506634659654,,20202,,0,1,0
1.39506156763651,,1.39506156763651,,20203,,0,1,0
1.34152201874542,,1.34152201874542,,20204,,0,1,0
1.34152045662734,,1.34152045662734,,20205,,0,1,0
1.28487527704721,,1.28487527704721,,20206,,0,1,0
1.28487565924275,,1.28487565924275,,20207,,0,1,0
1.22547801947874,,1.22547801947874,,20208,,0,1,0
1.2254761531949,,1.2254761531949,,20209,,0,1,0
1.16370542614735,,1.16370542614735,,20210,,0,1,0
1.16370724478759,,1.16370724478759,,20211,,0,1,0
1.09995113008381,,1.09995113008381,,20212,,0,1,0
1.09995484313942,,1.09995484313942,,20213,,0,1,0
1.03461872812662,,1.03461872812662,,20214,,0,1,0
1.0346180422039,,1.0346180422039,,20215,,0,1,0
0.968112730791752,,0.968112730791752,,20216,,0,1,0
0.968112233158649,,0.968112233158649,,20217,,0,1,0
0.900861040052526,,0.900861040052526,,20218,,0,1,0
0.900862960203945,,0.900862960203945,,20219,,0,1,0
0.833289879015069,,0.833289879015069,,20220,,0,1,0
0.833289571226061,,0.833289571226061,,20221,,0,1,0
0.76581975993583,,0.76581975993583,,20222,,0,1,0
0.765819907468568,,0.765819907468568,,20223,,0,1,0
0.698882785935389,,0.698882785935389,,20224,,0,1,0
0.698881376558809,,0.698881376558809,,20225,,0,1,0
0.632898467718412,,0.632898467718412,,20226,,0,1,0
0.632898199479321,,0.632898199479321,,20227,,0,1,0
0.568286131492705,,0.568286131492705,,20228,,0,1,0
0.568287402385359,,0.568287402385359,,20229,,0,1,0
0.505458269383332,,0.505458269383332,,20230,,0,1,0
0.505458269383332,,0.505458269383332,,20231,,0,1,0
0.444804230050522,,0.444804230050522,,20232,,0,1,0
0.444802543495946,,0.444802543495946,,20233,,0,1,0
0.386711034555676,,0.386711034555676,,20234,,0,1,0
0.386712449868838,,0.386712449868838,,20235,,0,1,0
0.331549428919731,,0.331549428919731,,20236,,0,1,0
0.33154826404264,,0.33154826404264,,20237,,0,1,0
0.279665666182966,,0.279665666182966,,20238,,0,1,0
0.279666290266833,,0.279666290266833,,20239,,0,1,0
0.231388675352521,,0.231388675352521,,20240,,0,1,0
0.231388107685165,,0.231388107685165,,20241,,0,1,0
0.187019577102554,,0.187019577102554,,20242,,0,1,0
0.187020306172265,,0.187020306172265,,20243,,0,1,0
0.146848950784289,,0.146848950784289,,20244,,0,1,0
0.146848821575986,,0.146848821575986,,20245,,0,1,0
0.111121143167303,,0.111121143167303,,20246,,0,1,0
0.111121241514411,,0.111121241514411,,20247,,0,1,0
0.080068896338759,,0.080068896338759,,20248,,0,1,0
0.0800688128563536,,0.0800688128563536,,20249,,0,1,0
0.05388296017107,,0.05388296017107,,20250,,0,1,0
0.05388296017107,,0.05388296017107,,20251,,0,1,0
0.0327344194963715,,0.0327344194963715,,20252,,0,1,0
0.032734373743482,,0.032734373743482,,20253,,0,1,0
0.016754162539126,,0.016754162539126,,20254,,0,1,0
0.016754178905325,,0.016754178905325,,20255,,0,1,0
0.00604411853510856,,0.00604411853510856,,20256,,0,1,0
0.00604412508843355,,0.00604412508843355,,20257,,0,1,0
1.69735584934489,,1.69735584934489,,20258,,0,1,0
1.70004157132783,,1.70004157132783,,20259,,0,1,0
1.70004157132783,,1.70004157132783,,20260,,0,1,0
1.69735562970484,,1.69735562970484,,20261,,0,1,0
1.69735475114479,,1.69735475114479,,20262,,0,1,0
1.68931470893967,,1.68931470893967,,20263,,0,1,0
1.68931711925143,,1.68931711925143,,20264,,0,1,0
1.67597225968053,,1.67597225968053,,20265,,0,1,0
1.67596920415196,,1.67596920415196,,20266,,0,1,0
1.65740314515774,,1.65740314515774,,20267,,0,1,0
1.65740423035641,,1.65740423035641,,20268,,0,1,0
1.6337373624566,,1.6337373624566,,20269,,0,1,0
1.63373714697202,,1.63373714697202,,20270,,0,1,0
1.60511560012128,,1.60511560012128,,20271,,0,1,0
1.60511517294393,,1.60511517294393,,20272,,0,1,0
1.57172054121045,,1.57172054121045,,20273,,0,1,0
1.57172011850025,,1.57172011850025,,20274,,0,1,0
1.53376569276932,,1.53376569276932,,20275,,0,1,0
1.53376673670727,,1.53376673670727,,20276,,0,1,0
1.49148911418059,,1.49148911418059,,20277,,0,1,0
1.49148829062091,,1.49148829062091,,20278,,0,1,0
1.4451571435734,,1.4451571435734,,20279,,0,1,0
1.44515734624022,,1.44515734624022,,20280,,0,1,0
1.39506355886886,,1.39506355886886,,20281,,0,1,0
1.39506355886886,,1.39506355886886,,20282,,0,1,0
1.34152143295103,,1.34152143295103,,20283,,0,1,0
1.34152143295103,,1.34152143295103,,20284,,0,1,0
1.28487527704721,,1.28487527704721,,20285,,0,1,0
1.28487527704721,,1.28487527704721,,20286,,0,1,0
1.22547708633665,,1.22547708633665,,20287,,0,1,0
1.22547708633665,,1.22547708633665,,20288,,0,1,0
1.16370633546729,,1.16370633546729,,20289,,0,1,0
1.16370633546729,,1.16370633546729,,20290,,0,1,0
1.09995289820475,,1.09995289820475,,20291,,0,1,0
1.09995272139259,,1.09995272139259,,20292,,0,1,0
1.03461872812662,,1.03461872812662,,20293,,0,1,0
1.03461872812662,,1.03461872812662,,20294,,0,1,0
0.968112399036336,,0.968112399036336,,20295,,0,1,0
0.968112399036336,,0.968112399036336,,20296,,0,1,0
0.900862160140605,,0.900862160140605,,20297,,0,1,0
0.900862160140605,,0.900862160140605,,20298,,0,1,0
0.833289571226061,,0.833289571226061,,20299,,0,1,0
0.833289571226061,,0.833289571226061,,20300,,0,1,0
0.765819907468568,,0.765819907468568,,20301,,0,1,0
0.76581975993583,,0.76581975993583,,20302,,0,1,0
0.698882081246921,,0.698882081246921,,20303,,0,1,0
0.698882081246921,,0.698882081246921,,20304,,0,1,0
0.632898199479321,,0.632898199479321,,20305,,0,1,0
0.632898199479321,,0.632898199479321,,20306,,0,1,0
0.568286766938854,,0.568286766938854,,20307,,0,1,0
0.568286766938854,,0.568286766938854,,20308,,0,1,0
0.505458269383332,,0.505458269383332,,20309,,0,1,0
0.505458269383332,,0.505458269383332,,20310,,0,1,0
0.44480333055435,,0.44480333055435,,20311,,0,1,0
0.44480333055435,,0.44480333055435,,20312,,0,1,0
0.386711558745434,,0.386711558745434,,20313,,0,1,0
0.386711558745434,,0.386711558745434,,20314,,0,1,0
0.331548943554028,,0.331548943554028,,20315,,0,1,0
0.331548749407846,,0.331548749407846,,20316,,0,1,0
0.279665978224813,,0.279665978224813,,20317,,0,1,0
0.279665978224813,,0.279665978224813,,20318,,0,1,0
0.231388391518756,,0.231388391518756,,20319,,0,1,0
0.231388391518756,,0.231388391518756,,20320,,0,1,0
0.187019832276791,,0.187019832276791,,20321,,0,1,0
0.187019941637232,,0.187019941637232,,20322,,0,1,0
0.146848950784289,,0.146848950784289,,20323,,0,1,0
0.146848950784289,,0.146848950784289,,20324,,0,1,0
0.111121143167303,,0.111121143167303,,20325,,0,1,0
0.111121241514411,,0.111121241514411,,20326,,0,1,0
0.0800688128563536,,0.0800688128563536,,20327,,0,1,0
0.0800688128563536,,0.0800688128563536,,20328,,0,1,0
0.05388296017107,,0.05388296017107,,20329,,0,1,0
0.05388296017107,,0.05388296017107,,20330,,0,1,0
0.0327344194963715,,0.0327344194963715,,20331,,0,1,0
0.032734373743482,,0.032734373743482,,20332,,0,1,0
0.0167541679945248,,0.0167541679945248,,20333,,0,1,0
0.0167541734499245,,0.0167541734499245,,20334,,0,1,0
0.00604411853510856,,0.00604411853510856,,20335,,0,1,0
0.00604412508843355,,0.00604412508843355,,20336,,0,1,0
1.63850174746952,,1.63850174746952,,20337,,0,1,0
1.63074005490171,,1.63074005490171,,20338,,0,1,0
1.6307379020341,,1.6307379020341,,20339,,0,1,0
1.61785507199159,,1.61785507199159,,20340,,0,1,0
1.61785592973019,,1.61785592973019,,20341,,0,1,0
1.59993449519988,,1.59993449519988,,20342,,0,1,0
1.59993641439371,,1.59993641439371,,20343,,0,1,0
1.57708867579658,,1.57708867579658,,20344,,0,1,0
1.57708719378672,,1.57708719378672,,20345,,0,1,0
1.54945906133918,,1.54945906133918,,20346,,0,1,0
1.54945906133918,,1.54945906133918,,20347,,0,1,0
1.51722216552407,,1.51722216552407,,20348,,0,1,0
1.51722444976829,,1.51722444976829,,20349,,0,1,0
1.48058603391303,,1.48058603391303,,20350,,0,1,0
1.48058111065268,,1.48058111065268,,20351,,0,1,0
1.43976941330948,,1.43976941330948,,20352,,0,1,0
1.43977487510887,,1.43977487510887,,20353,,0,1,0
1.39505021763924,,1.39505021763924,,20354,,0,1,0
1.39504563782885,,1.39504563782885,,20355,,0,1,0
1.34668802697633,,1.34668802697633,,20356,,0,1,0
1.34668802697633,,1.34668802697633,,20357,,0,1,0
1.29500442400925,,1.29500442400925,,20358,,0,1,0
1.29500634250519,,1.29500634250519,,20359,,0,1,0
1.24032440367217,,1.24032440367217,,20360,,0,1,0
1.24032290162837,,1.24032290162837,,20361,,0,1,0
1.18298472731158,,1.18298472731158,,20362,,0,1,0
1.18298876132852,,1.18298876132852,,20363,,0,1,0
1.12335872950737,,1.12335872950737,,20364,,0,1,0
1.12335801477369,,1.12335801477369,,20365,,0,1,0
1.06181466396083,,1.06181466396083,,20366,,0,1,0
1.06181101584702,,1.06181101584702,,20367,,0,1,0
0.998742699261818,,0.998742699261818,,20368,,0,1,0
0.998745394965688,,0.998745394965688,,20369,,0,1,0
0.934544113393827,,0.934544113393827,,20370,,0,1,0
0.934542483629485,,0.934542483629485,,20371,,0,1,0
0.869624858884094,,0.869624858884094,,20372,,0,1,0
0.86962391560067,,0.86962391560067,,20373,,0,1,0
0.804394726420583,,0.804394726420583,,20374,,0,1,0
0.80439638965175,,0.80439638965175,,20375,,0,1,0
0.739265186759013,,0.739265186759013,,20376,,0,1,0
0.739263592284154,,0.739263592284154,,20377,,0,1,0
0.674647579577716,,0.674647579577716,,20378,,0,1,0
0.674649795139779,,0.674649795139779,,20379,,0,1,0
0.610953224942882,,0.610953224942882,,20380,,0,1,0
0.610953752038206,,0.610953752038206,,20381,,0,1,0
0.54858218814929,,0.54858218814929,,20382,,0,1,0
0.548580814618617,,0.548580814618617,,20383,,0,1,0
0.487931122721735,,0.487931122721735,,20384,,0,1,0
0.487931122721735,,0.487931122721735,,20385,,0,1,0
0.429379592098094,,0.429379592098094,,20386,,0,1,0
0.429380862508255,,0.429380862508255,,20387,,0,1,0
0.373303485216184,,0.373303485216184,,20388,,0,1,0
0.37330245517208,,0.37330245517208,,20389,,0,1,0
0.320052177648636,,0.320052177648636,,20390,,0,1,0
0.320052177648636,,0.320052177648636,,20391,,0,1,0
0.269968878542359,,0.269968878542359,,20392,,0,1,0
0.269969491711423,,0.269969491711423,,20393,,0,1,0
0.223365249682177,,0.223365249682177,,20394,,0,1,0
0.223365249682177,,0.223365249682177,,20395,,0,1,0
0.180535494801262,,0.180535494801262,,20396,,0,1,0
0.180535100826093,,0.180535100826093,,20397,,0,1,0
0.14175681210989,,0.14175681210989,,20398,,0,1,0
0.141757129480943,,0.141757129480943,,20399,,0,1,0
0.107268134847802,,0.107268134847802,,20400,,0,1,0
0.10726803822082,,0.10726803822082,,20401,,0,1,0
0.0772924255425966,,0.0772924255425966,,20402,,0,1,0
0.0772922732156585,,0.0772922732156585,,20403,,0,1,0
0.0520145407146018,,0.0520145407146018,,20404,,0,1,0
0.0520146752869426,,0.0520146752869426,,20405,,0,1,0
0.0315993676408159,,0.0315993676408159,,20406,,0,1,0
0.0315993676408159,,0.0315993676408159,,20407,,0,1,0
0.0161732492582805,,0.0161732492582805,,20408,,0,1,0
0.0161732331783231,,0.0161732331783231,,20409,,0,1,0
0.00583454250908322,,0.00583454250908322,,20410,,0,1,0
0.00583454492359772,,0.00583454492359772,,20411,,0,1,0
1.63850174746952,,1.63850174746952,,20412,,0,1,0
1.64109429715104,,1.64109429715104,,20413,,0,1,0
1.64109429715104,,1.64109429715104,,20414,,0,1,0
1.63850174746952,,1.63850174746952,,20415,,0,1,0
1.63850174746952,,1.63850174746952,,20416,,0,1,0
1.63074005490171,,1.63074005490171,,20417,,0,1,0
1.6307381173208,,1.6307381173208,,20418,,0,1,0
1.61785550086086,,1.61785550086086,,20419,,0,1,0
1.61785550086086,,1.61785550086086,,20420,,0,1,0
1.5999349216873,,1.5999349216873,,20421,,0,1,0
1.59993556141853,,1.59993556141853,,20422,,0,1,0
1.57708825236512,,1.57708825236512,,20423,,0,1,0
1.57708804064941,,1.57708804064941,,20424,,0,1,0
1.54945906133918,,1.54945906133918,,20425,,0,1,0
1.54945906133918,,1.54945906133918,,20426,,0,1,0
1.51722278849959,,1.51722278849959,,20427,,0,1,0
1.51722341147525,,1.51722341147525,,20428,,0,1,0
1.48058418768944,,1.48058418768944,,20429,,0,1,0
1.48058316201016,,1.48058316201016,,20430,,0,1,0
1.4397718407746,,1.4397718407746,,20431,,0,1,0
1.439772852219,,1.439772852219,,20432,,0,1,0
1.39504822641641,,1.39504822641641,,20433,,0,1,0
1.39504762904983,,1.39504762904983,,20434,,0,1,0
1.34668802697633,,1.34668802697633,,20435,,0,1,0
1.34668802697633,,1.34668802697633,,20436,,0,1,0
1.29500499955788,,1.29500499955788,,20437,,0,1,0
1.29500538325704,,1.29500538325704,,20438,,0,1,0
1.24032384040564,,1.24032384040564,,20439,,0,1,0
1.24032384040564,,1.24032384040564,,20440,,0,1,0
1.1829869276836,,1.1829869276836,,20441,,0,1,0
1.1829869276836,,1.1829869276836,,20442,,0,1,0
1.12335872950737,,1.12335872950737,,20443,,0,1,0
1.12335872950737,,1.12335872950737,,20444,,0,1,0
1.06181275304329,,1.06181275304329,,20445,,0,1,0
1.061812926763,,1.061812926763,,20446,,0,1,0
0.998744047113298,,0.998744047113298,,20447,,0,1,0
0.998743710150343,,0.998743710150343,,20448,,0,1,0
0.934543298511478,,0.934543298511478,,20449,,0,1,0
0.934543298511478,,0.934543298511478,,20450,,0,1,0
0.869624701670155,,0.869624701670155,,20451,,0,1,0
0.869624387242318,,0.869624387242318,,20452,,0,1,0
0.804395482434536,,0.804395482434536,,20453,,0,1,0
0.804395482434536,,0.804395482434536,,20454,,0,1,0
0.7392644619975,,0.7392644619975,,20455,,0,1,0
0.7392644619975,,0.7392644619975,,20456,,0,1,0
0.674648410413063,,0.674648410413063,,20457,,0,1,0
0.674648410413063,,0.674648410413063,,20458,,0,1,0
0.610953488490516,,0.610953488490516,,20459,,0,1,0
0.610953488490516,,0.610953488490516,,20460,,0,1,0
0.548581563816953,,0.548581563816953,,20461,,0,1,0
0.548581563816953,,0.548581563816953,,20462,,0,1,0
0.487931299364419,,0.487931299364419,,20463,,0,1,0
0.487931122721735,,0.487931122721735,,20464,,0,1,0
0.429380144450107,,0.429380144450107,,20465,,0,1,0
0.42938031015578,,0.42938031015578,,20466,,0,1,0
0.373302970193954,,0.373302970193954,,20467,,0,1,0
0.373302970193954,,0.373302970193954,,20468,,0,1,0
0.320052177648636,,0.320052177648636,,20469,,0,1,0
0.320052177648636,,0.320052177648636,,20470,,0,1,0
0.269969185126804,,0.269969185126804,,20471,,0,1,0
0.269969185126804,,0.269969185126804,,20472,,0,1,0
0.223365249682177,,0.223365249682177,,20473,,0,1,0
0.223365249682177,,0.223365249682177,,20474,,0,1,0
0.180535351537515,,0.180535351537515,,20475,,0,1,0
0.180535244089741,,0.180535244089741,,20476,,0,1,0
0.141756939058268,,0.141756939058268,,20477,,0,1,0
0.141756939058268,,0.141756939058268,,20478,,0,1,0
0.107268134847802,,0.107268134847802,,20479,,0,1,0
0.10726803822082,,0.10726803822082,,20480,,0,1,0
0.0772924255425966,,0.0772924255425966,,20481,,0,1,0
0.0772923435203805,,0.0772923435203805,,20482,,0,1,0
0.0520145407146018,,0.0520145407146018,,20483,,0,1,0
0.0520146752869426,,0.0520146752869426,,20484,,0,1,0
0.0315993676408159,,0.0315993676408159,,20485,,0,1,0
0.0315993676408159,,0.0315993676408159,,20486,,0,1,0
0.0161732492582805,,0.0161732492582805,,20487,,0,1,0
0.016173238538308,,0.016173238538308,,20488,,0,1,0
0.00583454250908322,,0.00583454250908322,,20489,,0,1,0
0.00583454250908322,,0.00583454250908322,,20490,,0,1,0
1.57559791427093,,1.57559791427093,,20491,,0,1,0
1.56813378000177,,1.56813378000177,,20492,,0,1,0
1.56813293554663,,1.56813293554663,,20493,,0,1,0
1.55574506458027,,1.55574506458027,,20494,,0,1,0
1.55574527485851,,1.55574527485851,,20495,,0,1,0
1.53851238648333,,1.53851238648333,,20496,,0,1,0
1.53851343203542,,1.53851343203542,,20497,,0,1,0
1.51654236779883,,1.51654236779883,,20498,,0,1,0
1.51654029167992,,1.51654029167992,,20499,,0,1,0
1.48997291435791,,1.48997291435791,,20500,,0,1,0
1.48997497221132,,1.48997497221132,,20501,,0,1,0
1.45897643307333,,1.45897643307333,,20502,,0,1,0
1.45897704397391,,1.45897704397391,,20503,,0,1,0
1.42374283203071,,1.42374283203071,,20504,,0,1,0
1.42374504478773,,1.42374504478773,,20505,,0,1,0
1.38450161599761,,1.38450161599761,,20506,,0,1,0
1.38449923558144,,1.38449923558144,,20507,,0,1,0
1.34149058129396,,1.34149058129396,,20508,,0,1,0
1.34148882393177,,1.34148882393177,,20509,,0,1,0
1.2949885005478,,1.2949885005478,,20510,,0,1,0
1.29498926794128,,1.29498926794128,,20511,,0,1,0
1.24529042892573,,1.24529042892573,,20512,,0,1,0
1.24529136958103,,1.24529136958103,,20513,,0,1,0
1.19270771000999,,1.19270771000999,,20514,,0,1,0
1.19270899882406,,1.19270899882406,,20515,,0,1,0
1.13757318933211,,1.13757318933211,,20516,,0,1,0
1.13757229028036,,1.13757229028036,,20517,,0,1,0
1.08023153174521,,1.08023153174521,,20518,,0,1,0
1.08023065564569,,1.08023065564569,,20519,,0,1,0
1.02104846622257,,1.02104846622257,,20520,,0,1,0
1.02105221397898,,1.02105221397898,,20521,,0,1,0
0.96040437178101,,0.96040437178101,,20522,,0,1,0
0.960399084875576,,0.960399084875576,,20523,,0,1,0
0.89866444853488,,0.89866444853488,,20524,,0,1,0
0.898666046708918,,0.898666046708918,,20525,,0,1,0
0.836239256430417,,0.836239256430417,,20526,,0,1,0
0.836240489763895,,0.836240489763895,,20527,,0,1,0
0.773515419720816,,0.773515419720816,,20528,,0,1,0
0.773515419720816,,0.773515419720816,,20529,,0,1,0
0.710884121485861,,0.710884121485861,,20530,,0,1,0
0.710883552915249,,0.710883552915249,,20531,,0,1,0
0.648749369019022,,0.648749369019022,,20532,,0,1,0
0.648749097441687,,0.648749097441687,,20533,,0,1,0
0.587498269811995,,0.587498269811995,,20534,,0,1,0
0.587499174349546,,0.587499174349546,,20535,,0,1,0
0.527521290913747,,0.527521290913747,,20536,,0,1,0
0.527520433791125,,0.527520433791125,,20537,,0,1,0
0.46919953716804,,0.46919953716804,,20538,,0,1,0
0.469199941345437,,0.469199941345437,,20539,,0,1,0
0.4128963795514,,0.4128963795514,,20540,,0,1,0
0.412896758703774,,0.412896758703774,,20541,,0,1,0
0.358971668997386,,0.358971668997386,,20542,,0,1,0
0.358971668997386,,0.358971668997386,,20543,,0,1,0
0.30776562625441,,0.30776562625441,,20544,,0,1,0
0.307766421231037,,0.307766421231037,,20545,,0,1,0
0.259605643353808,,0.259605643353808,,20546,,0,1,0
0.259604956171671,,0.259604956171671,,20547,,0,1,0
0.214790191923997,,0.214790191923997,,20548,,0,1,0
0.21478964499609,,0.21478964499609,,20549,,0,1,0
0.173604250519823,,0.173604250519823,,20550,,0,1,0
0.173604496371668,,0.173604496371668,,20551,,0,1,0
0.136314885570245,,0.136314885570245,,20552,,0,1,0
0.136314978936099,,0.136314978936099,,20553,,0,1,0
0.103149997459129,,0.103149997459129,,20554,,0,1,0
0.103149916241392,,0.103149916241392,,20555,,0,1,0
0.0743250991991502,,0.0743250991991502,,20556,,0,1,0
0.0743250991991502,,0.0743250991991502,,20557,,0,1,0
0.0500177846042948,,0.0500177846042948,,20558,,0,1,0
0.0500177846042948,,0.0500177846042948,,20559,,0,1,0
0.0303862530027078,,0.0303862530027078,,20560,,0,1,0
0.0303862530027078,,0.0303862530027078,,20561,,0,1,0
0.0155523465604657,,0.0155523465604657,,20562,,0,1,0
0.0155523360482808,,0.0155523360482808,,20563,,0,1,0
0.00561055093802709,,0.00561055093802709,,20564,,0,1,0
0.00561054857031398,,0.00561054857031398,,20565,,0,1,0
1.57559643296168,,1.57559643296168,,20566,,0,1,0
1.57809025023284,,1.57809025023284,,20567,,0,1,0
1.57809025023284,,1.57809025023284,,20568,,0,1,0
1.57559643296168,,1.57559643296168,,20569,,0,1,0
1.57559791427093,,1.57559791427093,,20570,,0,1,0
1.56813378000177,,1.56813378000177,,20571,,0,1,0
1.56813293554663,,1.56813293554663,,20572,,0,1,0
1.55574527485851,,1.55574527485851,,20573,,0,1,0
1.55574527485851,,1.55574527485851,,20574,,0,1,0
1.53851259559372,,1.53851259559372,,20575,,0,1,0
1.53851301381454,,1.53851301381454,,20576,,0,1,0
1.51654216018687,,1.51654216018687,,20577,,0,1,0
1.51654112212731,,1.51654112212731,,20578,,0,1,0
1.48997394328444,,1.48997394328444,,20579,,0,1,0
1.48997476642592,,1.48997476642592,,20580,,0,1,0
1.45897643307333,,1.45897643307333,,20581,,0,1,0
1.45897643307333,,1.45897643307333,,20582,,0,1,0
1.42374383782914,,1.42374383782914,,20583,,0,1,0
1.42374403898887,,1.42374403898887,,20584,,0,1,0
1.38450062415729,,1.38450062415729,,20585,,0,1,0
1.38449983068529,,1.38449983068529,,20586,,0,1,0
1.34148980024396,,1.34148980024396,,20587,,0,1,0
1.34148960498149,,1.34148960498149,,20588,,0,1,0
1.29498888424451,,1.29498888424451,,20589,,0,1,0
1.29498926794128,,1.29498926794128,,20590,,0,1,0
1.24529061705676,,1.24529061705676,,20591,,0,1,0
1.24529061705676,,1.24529061705676,,20592,,0,1,0
1.19270826235879,,1.19270826235879,,20593,,0,1,0
1.19270826235879,,1.19270826235879,,20594,,0,1,0
1.13757247009068,,1.13757247009068,,20595,,0,1,0
1.13757247009068,,1.13757247009068,,20596,,0,1,0
1.08023135652527,,1.08023135652527,,20597,,0,1,0
1.08023135652527,,1.08023135652527,,20598,,0,1,0
1.02105016974736,,1.02105016974736,,20599,,0,1,0
1.02105051045249,,1.02105051045249,,20600,,0,1,0
0.960401893542276,,0.960401893542276,,20601,,0,1,0
0.960401893542276,,0.960401893542276,,20602,,0,1,0
0.898665087804325,,0.898665087804325,,20603,,0,1,0
0.898665087804325,,0.898665087804325,,20604,,0,1,0
0.836240027263734,,0.836240027263734,,20605,,0,1,0
0.836239718930365,,0.836239718930365,,20606,,0,1,0
0.773515419720816,,0.773515419720816,,20607,,0,1,0
0.773515419720816,,0.773515419720816,,20608,,0,1,0
0.710883837200527,,0.710883837200527,,20609,,0,1,0
0.710883837200527,,0.710883837200527,,20610,,0,1,0
0.648749097441687,,0.648749097441687,,20611,,0,1,0
0.648749369019022,,0.648749369019022,,20612,,0,1,0
0.58749878669051,,0.58749878669051,,20613,,0,1,0
0.58749878669051,,0.58749878669051,,20614,,0,1,0
0.527520801129306,,0.527520801129306,,20615,,0,1,0
0.527520801129306,,0.527520801129306,,20616,,0,1,0
0.469199710386903,,0.469199710386903,,20617,,0,1,0
0.469199941345437,,0.469199941345437,,20618,,0,1,0
0.412896542045253,,0.412896542045253,,20619,,0,1,0
0.412896542045253,,0.412896542045253,,20620,,0,1,0
0.358971668997386,,0.358971668997386,,20621,,0,1,0
0.358971668997386,,0.358971668997386,,20622,,0,1,0
0.307765953597603,,0.307765953597603,,20623,,0,1,0
0.307766093887595,,0.307766093887595,,20624,,0,1,0
0.2596053856604,,0.2596053856604,,20625,,0,1,0
0.259605213864866,,0.259605213864866,,20626,,0,1,0
0.214789918459957,,0.214789918459957,,20627,,0,1,0
0.214789918459957,,0.214789918459957,,20628,,0,1,0
0.173604355884878,,0.173604355884878,,20629,,0,1,0
0.173604496371668,,0.173604496371668,,20630,,0,1,0
0.136314885570245,,0.136314885570245,,20631,,0,1,0
0.136314978936099,,0.136314978936099,,20632,,0,1,0
0.103149997459129,,0.103149997459129,,20633,,0,1,0
0.103149997459129,,0.103149997459129,,20634,,0,1,0
0.0743250991991502,,0.0743250991991502,,20635,,0,1,0
0.0743250991991502,,0.0743250991991502,,20636,,0,1,0
0.0500177846042948,,0.0500177846042948,,20637,,0,1,0
0.0500177846042948,,0.0500177846042948,,20638,,0,1,0
0.0303862530027078,,0.0303862530027078,,20639,,0,1,0
0.0303862530027078,,0.0303862530027078,,20640,,0,1,0
0.0155523413043728,,0.0155523413043728,,20641,,0,1,0
0.0155523386763267,,0.0155523386763267,,20642,,0,1,0
0.00561055093802709,,0.00561055093802709,,20643,,0,1,0
0.00561054857031398,,0.00561054857031398,,20644,,0,1,0
1.50904834481128,,1.50904834481128,,20645,,0,1,0
1.50189930532094,,1.50189930532094,,20646,,0,1,0
1.50190075157187,,1.50190075157187,,20647,,0,1,0
1.49003588531577,,1.49003588531577,,20648,,0,1,0
1.49003485636786,,1.49003485636786,,20649,,0,1,0
1.47353019122341,,1.47353019122341,,20650,,0,1,0
1.47352712152542,,1.47352712152542,,20651,,0,1,0
1.45248430076555,,1.45248430076555,,20652,,0,1,0
1.45248836436713,,1.45248836436713,,20653,,0,1,0
1.42704255302218,,1.42704255302218,,20654,,0,1,0
1.4270381223879,,1.4270381223879,,20655,,0,1,0
1.39735023156572,,1.39735023156572,,20656,,0,1,0
1.39735063013862,,1.39735063013862,,20657,,0,1,0
1.36360561863765,,1.36360561863765,,20658,,0,1,0
1.36360522490679,,1.36360522490679,,20659,,0,1,0
1.32601852464904,,1.32601852464904,,20660,,0,1,0
1.32602143664918,,1.32602143664918,,20661,,0,1,0
1.28482750305268,,1.28482750305268,,20662,,0,1,0
1.28482750305268,,1.28482750305268,,20663,,0,1,0
1.24029173442472,,1.24029173442472,,20664,,0,1,0
1.24029117116561,,1.24029117116561,,20665,,0,1,0
1.1926918760654,,1.1926918760654,,20666,,0,1,0
1.1926927966407,,1.1926927966407,,20667,,0,1,0
1.14233072146024,,1.14233072146024,,20668,,0,1,0
1.14233090164624,,1.14233090164624,,20669,,0,1,0
1.08952336591933,,1.08952336591933,,20670,,0,1,0
1.08952055037043,,1.08952055037043,,20671,,0,1,0
1.03460312344112,,1.03460312344112,,20672,,0,1,0
1.03460518119511,,1.03460518119511,,20673,,0,1,0
0.977923583531101,,0.977923583531101,,20674,,0,1,0
0.977920749359356,,0.977920749359356,,20675,,0,1,0
0.919833693841731,,0.919833693841731,,20676,,0,1,0
0.919835634107535,,0.919835634107535,,20677,,0,1,0
0.860708176924341,,0.860708176924341,,20678,,0,1,0
0.860708489736119,,0.860708489736119,,20679,,0,1,0
0.800919313063588,,0.800919313063588,,20680,,0,1,0
0.800919765690942,,0.800919765690942,,20681,,0,1,0
0.740843979940564,,0.740843979940564,,20682,,0,1,0
0.740842383764011,,0.740842383764011,,20683,,0,1,0
0.680856923504621,,0.680856923504621,,20684,,0,1,0
0.680856784396333,,0.680856784396333,,20685,,0,1,0
0.621346968117109,,0.621346968117109,,20686,,0,1,0
0.621346968117109,,0.621346968117109,,20687,,0,1,0
0.5626838087029,,0.5626838087029,,20688,,0,1,0
0.562682923474831,,0.562682923474831,,20689,,0,1,0
0.505238473344384,,0.505238473344384,,20690,,0,1,0
0.505240510492769,,0.505240510492769,,20691,,0,1,0
0.449382130887621,,0.449382130887621,,20692,,0,1,0
0.449381565816822,,0.449381565816822,,20693,,0,1,0
0.395456601088682,,0.395456601088682,,20694,,0,1,0
0.39545554092183,,0.39545554092183,,20695,,0,1,0
0.343808684445435,,0.343808684445435,,20696,,0,1,0
0.343808387890824,,0.343808387890824,,20697,,0,1,0
0.294765813530631,,0.294765813530631,,20698,,0,1,0
0.294766088120817,,0.294766088120817,,20699,,0,1,0
0.248639114457383,,0.248639114457383,,20700,,0,1,0
0.248639702905422,,0.248639702905422,,20701,,0,1,0
0.205717497156586,,0.205717497156586,,20702,,0,1,0
0.205717497156586,,0.205717497156586,,20703,,0,1,0
0.16627159573561,,0.16627159573561,,20704,,0,1,0
0.166271836339327,,0.166271836339327,,20705,,0,1,0
0.13055722956512,,0.13055722956512,,20706,,0,1,0
0.130557016362063,,0.130557016362063,,20707,,0,1,0
0.0987930523199925,,0.0987930523199925,,20708,,0,1,0
0.0987929728360371,,0.0987929728360371,,20709,,0,1,0
0.0711857165427543,,0.0711857165427543,,20710,,0,1,0
0.0711858739735942,,0.0711858739735942,,20711,,0,1,0
0.047905154546271,,0.047905154546271,,20712,,0,1,0
0.0479050899728013,,0.0479050899728013,,20713,,0,1,0
0.0291027604946255,,0.0291027604946255,,20714,,0,1,0
0.0291028072300002,,0.0291028072300002,,20715,,0,1,0
0.014895434200093,,0.014895434200093,,20716,,0,1,0
0.014895434200093,,0.014895434200093,,20717,,0,1,0
0.00537357235364422,,0.00537357235364422,,20718,,0,1,0
0.00537357080886425,,0.00537357080886425,,20719,,0,1,0
1.50904938030329,,1.50904938030329,,20720,,0,1,0
1.51143734084577,,1.51143734084577,,20721,,0,1,0
1.51143734084577,,1.51143734084577,,20722,,0,1,0
1.50904938030329,,1.50904938030329,,20723,,0,1,0
1.50904834481128,,1.50904834481128,,20724,,0,1,0
1.50189951192817,,1.50189951192817,,20725,,0,1,0
1.50190033835725,,1.50190033835725,,20726,,0,1,0
1.49003588531577,,1.49003588531577,,20727,,0,1,0
1.49003485636786,,1.49003485636786,,20728,,0,1,0
1.47352937263697,,1.47352937263697,,20729,,0,1,0
1.47352732617185,,1.47352732617185,,20730,,0,1,0
1.45248551984543,,1.45248551984543,,20731,,0,1,0
1.45248734846621,,1.45248734846621,,20732,,0,1,0
1.42704134466669,,1.42704134466669,,20733,,0,1,0
1.42703953213442,,1.42703953213442,,20734,,0,1,0
1.39735023156572,,1.39735023156572,,20735,,0,1,0
1.39735063013862,,1.39735063013862,,20736,,0,1,0
1.36360561863765,,1.36360561863765,,20737,,0,1,0
1.36360561863765,,1.36360561863765,,20738,,0,1,0
1.3260194953154,,1.3260194953154,,20739,,0,1,0
1.32602046598211,,1.32602046598211,,20740,,0,1,0
1.28482750305268,,1.28482750305268,,20741,,0,1,0
1.28482750305268,,1.28482750305268,,20742,,0,1,0
1.24029135891863,,1.24029135891863,,20743,,0,1,0
1.24029117116561,,1.24029117116561,,20744,,0,1,0
1.19269224429548,,1.19269224429548,,20745,,0,1,0
1.19269261252561,,1.19269261252561,,20746,,0,1,0
1.14233072146024,,1.14233072146024,,20747,,0,1,0
1.14233072146024,,1.14233072146024,,20748,,0,1,0
1.08952213411624,,1.08952213411624,,20749,,0,1,0
1.08952178217262,,1.08952178217262,,20750,,0,1,0
1.03460398083837,,1.03460398083837,,20751,,0,1,0
1.03460432379737,,1.03460432379737,,20752,,0,1,0
0.977922083086725,,0.977922083086725,,20753,,0,1,0
0.977922083086725,,0.977922083086725,,20754,,0,1,0
0.919834502285568,,0.919834502285568,,20755,,0,1,0
0.919834825663202,,0.919834825663202,,20756,,0,1,0
0.860708176924341,,0.860708176924341,,20757,,0,1,0
0.860708489736119,,0.860708489736119,,20758,,0,1,0
0.800919463939358,,0.800919463939358,,20759,,0,1,0
0.800919463939358,,0.800919463939358,,20760,,0,1,0
0.740843254405554,,0.740843254405554,,20761,,0,1,0
0.740843254405554,,0.740843254405554,,20762,,0,1,0
0.680856784396333,,0.680856784396333,,20763,,0,1,0
0.680856784396333,,0.680856784396333,,20764,,0,1,0
0.621346968117109,,0.621346968117109,,20765,,0,1,0
0.621346968117109,,0.621346968117109,,20766,,0,1,0
0.562683302858204,,0.562683302858204,,20767,,0,1,0
0.562683302858204,,0.562683302858204,,20768,,0,1,0
0.505239312169692,,0.505239312169692,,20769,,0,1,0
0.505239432001936,,0.505239432001936,,20770,,0,1,0
0.449381961366344,,0.449381961366344,,20771,,0,1,0
0.449381961366344,,0.449381961366344,,20772,,0,1,0
0.395456230030122,,0.395456230030122,,20773,,0,1,0
0.395455858971737,,0.395455858971737,,20774,,0,1,0
0.343808536168114,,0.343808536168114,,20775,,0,1,0
0.343808536168114,,0.343808536168114,,20776,,0,1,0
0.294765813530631,,0.294765813530631,,20777,,0,1,0
0.294765950825708,,0.294765950825708,,20778,,0,1,0
0.248639408681315,,0.248639408681315,,20779,,0,1,0
0.248639576809355,,0.248639576809355,,20780,,0,1,0
0.205717497156586,,0.205717497156586,,20781,,0,1,0
0.205717497156586,,0.205717497156586,,20782,,0,1,0
0.166271733223427,,0.166271733223427,,20783,,0,1,0
0.166271836339327,,0.166271836339327,,20784,,0,1,0
0.13055722956512,,0.13055722956512,,20785,,0,1,0
0.13055713819236,,0.13055713819236,,20786,,0,1,0
0.0987930523199925,,0.0987930523199925,,20787,,0,1,0
0.0987929728360371,,0.0987929728360371,,20788,,0,1,0
0.0711857165427543,,0.0711857165427543,,20789,,0,1,0
0.0711857952581525,,0.0711857952581525,,20790,,0,1,0
0.047905154546271,,0.047905154546271,,20791,,0,1,0
0.0479050899728013,,0.0479050899728013,,20792,,0,1,0
0.0291027604946255,,0.0291027604946255,,20793,,0,1,0
0.0291028072300002,,0.0291028072300002,,20794,,0,1,0
0.014895431628148,,0.014895431628148,,20795,,0,1,0
0.014895434200093,,0.014895434200093,,20796,,0,1,0
0.00537357235364422,,0.00537357235364422,,20797,,0,1,0
0.00537357080886425,,0.00537357080886425,,20798,,0,1,0
1.43926616307044,,1.43926616307044,,20799,,0,1,0
1.43244780356326,,1.43244780356326,,20800,,0,1,0
1.43244982130071,,1.43244982130071,,20801,,0,1,0
1.42113317786488,,1.42113317786488,,20802,,0,1,0
1.42113217298902,,1.42113217298902,,20803,,0,1,0
1.40538981691236,,1.40538981691236,,20804,,0,1,0
1.4053918155021,,1.4053918155021,,20805,,0,1,0
1.38532278328405,,1.38532278328405,,20806,,0,1,0
1.38532099744236,,1.38532099744236,,20807,,0,1,0
1.36105130563102,,1.36105130563102,,20808,,0,1,0
1.36105405916602,,1.36105405916602,,20809,,0,1,0
1.33273800757195,,1.33273800757195,,20810,,0,1,0
1.33273683982527,,1.33273683982527,,20811,,0,1,0
1.30055231036443,,1.30055231036443,,20812,,0,1,0
1.30055327166477,,1.30055327166477,,20813,,0,1,0
1.26470519776695,,1.26470519776695,,20814,,0,1,0
1.26470424980769,,1.26470424980769,,20815,,0,1,0
1.22541549974375,,1.22541549974375,,20816,,0,1,0
1.22541512649639,,1.22541512649639,,20817,,0,1,0
1.18293833661114,,1.18293833661114,,20818,,0,1,0
1.18294108702256,,1.18294108702256,,20819,,0,1,0
1.137542441964,,1.137542441964,,20820,,0,1,0
1.13754208234812,,1.13754208234812,,20821,,0,1,0
1.08950858432821,,1.08950858432821,,20822,,0,1,0
1.08950506491653,,1.08950506491653,,20823,,0,1,0
1.03913994409738,,1.03913994409738,,20824,,0,1,0
1.03914303748929,,1.03914303748929,,20825,,0,1,0
0.986764424106703,,0.986764424106703,,20826,,0,1,0
0.98676023741109,,0.98676023741109,,20827,,0,1,0
0.932700129861701,,0.932700129861701,,20828,,0,1,0
0.932703223361393,,0.932703223361393,,20829,,0,1,0
0.877301345991278,,0.877301345991278,,20830,,0,1,0
0.877303556681063,,0.877303556681063,,20831,,0,1,0
0.820909380779433,,0.820909380779433,,20832,,0,1,0
0.820906631335625,,0.820906631335625,,20833,,0,1,0
0.763883585440233,,0.763883585440233,,20834,,0,1,0
0.763882554017783,,0.763882554017783,,20835,,0,1,0
0.706584146790767,,0.706584146790767,,20836,,0,1,0
0.706584855351622,,0.706584855351622,,20837,,0,1,0
0.649373060473415,,0.649373060473415,,20838,,0,1,0
0.64937319632736,,0.64937319632736,,20839,,0,1,0
0.592615087641157,,0.592615087641157,,20840,,0,1,0
0.592615996109203,,0.592615996109203,,20841,,0,1,0
0.536664563070303,,0.536664563070303,,20842,,0,1,0
0.536664933578557,,0.536664933578557,,20843,,0,1,0
0.481877278471503,,0.481877278471503,,20844,,0,1,0
0.481877044413624,,0.481877044413624,,20845,,0,1,0
0.42860168101879,,0.42860168101879,,20846,,0,1,0
0.428600577316985,,0.428600577316985,,20847,,0,1,0
0.377169208302355,,0.377169208302355,,20848,,0,1,0
0.377169208302355,,0.377169208302355,,20849,,0,1,0
0.327910536523632,,0.327910536523632,,20850,,0,1,0
0.327911019218796,,0.327911019218796,,20851,,0,1,0
0.281136151750916,,0.281136151750916,,20852,,0,1,0
0.281135883584371,,0.281135883584371,,20853,,0,1,0
0.237142283109948,,0.237142283109948,,20854,,0,1,0
0.237141708428242,,0.237141708428242,,20855,,0,1,0
0.196204531135329,,0.196204531135329,,20856,,0,1,0
0.196205277893576,,0.196205277893576,,20857,,0,1,0
0.158583254448574,,0.158583254448574,,20858,,0,1,0
0.158583053041427,,0.158583053041427,,20859,,0,1,0
0.124519958922109,,0.124519958922109,,20860,,0,1,0
0.124519958922109,,0.124519958922109,,20861,,0,1,0
0.0942247049019489,,0.0942247049019489,,20862,,0,1,0
0.0942249636504204,,0.0942249636504204,,20863,,0,1,0
0.067894135135806,,0.067894135135806,,20864,,0,1,0
0.0678939923699478,,0.0678939923699478,,20865,,0,1,0
0.0456899261088535,,0.0456899261088535,,20866,,0,1,0
0.0456899261088535,,0.0456899261088535,,20867,,0,1,0
0.027757024552555,,0.027757024552555,,20868,,0,1,0
0.0277569789105474,,0.0277569789105474,,20869,,0,1,0
0.014206633366685,,0.014206633366685,,20870,,0,1,0
0.0142066710433318,,0.0142066710433318,,20871,,0,1,0
0.00512509708825004,,0.00512509708825004,,20872,,0,1,0
0.00512509708825004,,0.00512509708825004,,20873,,0,1,0
1.43926717433721,,1.43926717433721,,20874,,0,1,0
1.44154504355232,,1.44154504355232,,20875,,0,1,0
1.44154504355232,,1.44154504355232,,20876,,0,1,0
1.43926717433721,,1.43926717433721,,20877,,0,1,0
1.43926616307044,,1.43926616307044,,20878,,0,1,0
1.43244800533694,,1.43244800533694,,20879,,0,1,0
1.43244941775311,,1.43244941775311,,20880,,0,1,0
1.42113317786488,,1.42113317786488,,20881,,0,1,0
1.42113217298902,,1.42113217298902,,20882,,0,1,0
1.4053902166302,,1.4053902166302,,20883,,0,1,0
1.40539141578404,,1.40539141578404,,20884,,0,1,0
1.38532278328405,,1.38532278328405,,20885,,0,1,0
1.38532139429597,,1.38532139429597,,20886,,0,1,0
1.36105209235502,,1.36105209235502,,20887,,0,1,0
1.36105327244145,,1.36105327244145,,20888,,0,1,0
1.33273781294747,,1.33273781294747,,20889,,0,1,0
1.33273703444968,,1.33273703444968,,20890,,0,1,0
1.30055250262447,,1.30055250262447,,20891,,0,1,0
1.30055288714459,,1.30055288714459,,20892,,0,1,0
1.26470443939952,,1.26470443939952,,20893,,0,1,0
1.26470443939952,,1.26470443939952,,20894,,0,1,0
1.22541549974375,,1.22541549974375,,20895,,0,1,0
1.22541512649639,,1.22541512649639,,20896,,0,1,0
1.18293943677532,,1.18293943677532,,20897,,0,1,0
1.18294017021839,,1.18294017021839,,20898,,0,1,0
1.137542441964,,1.137542441964,,20899,,0,1,0
1.13754208234812,,1.13754208234812,,20900,,0,1,0
1.08950700059225,,1.08950700059225,,20901,,0,1,0
1.08950612073944,,1.08950612073944,,20902,,0,1,0
1.0391409752275,,1.0391409752275,,20903,,0,1,0
1.03914166264787,,1.03914166264787,,20904,,0,1,0
0.986762749427392,,0.986762749427392,,20905,,0,1,0
0.986761912088269,,0.986761912088269,,20906,,0,1,0
0.932701595203021,,0.932701595203021,,20907,,0,1,0
0.932701758018794,,0.932701758018794,,20908,,0,1,0
0.877302451335822,,0.877302451335822,,20909,,0,1,0
0.877302451335822,,0.877302451335822,,20910,,0,1,0
0.820908158803839,,0.820908158803839,,20911,,0,1,0
0.820907853310082,,0.820907853310082,,20912,,0,1,0
0.763883143401955,,0.763883143401955,,20913,,0,1,0
0.763883143401955,,0.763883143401955,,20914,,0,1,0
0.706584713639423,,0.706584713639423,,20915,,0,1,0
0.706584713639423,,0.706584713639423,,20916,,0,1,0
0.649373060473415,,0.649373060473415,,20917,,0,1,0
0.64937319632736,,0.64937319632736,,20918,,0,1,0
0.592615606765669,,0.592615606765669,,20919,,0,1,0
0.592615606765669,,0.592615606765669,,20920,,0,1,0
0.536664810075791,,0.536664810075791,,20921,,0,1,0
0.536664810075791,,0.536664810075791,,20922,,0,1,0
0.481877044413624,,0.481877044413624,,20923,,0,1,0
0.481877044413624,,0.481877044413624,,20924,,0,1,0
0.42860112916771,,0.42860112916771,,20925,,0,1,0
0.428600963612455,,0.428600963612455,,20926,,0,1,0
0.377169208302355,,0.377169208302355,,20927,,0,1,0
0.377169208302355,,0.377169208302355,,20928,,0,1,0
0.327910681332144,,0.327910681332144,,20929,,0,1,0
0.327910874410209,,0.327910874410209,,20930,,0,1,0
0.281136017667627,,0.281136017667627,,20931,,0,1,0
0.281136017667627,,0.281136017667627,,20932,,0,1,0
0.237141995769008,,0.237141995769008,,20933,,0,1,0
0.237141872622944,,0.237141872622944,,20934,,0,1,0
0.196204904514275,,0.196204904514275,,20935,,0,1,0
0.196205016528028,,0.196205016528028,,20936,,0,1,0
0.158583153744985,,0.158583153744985,,20937,,0,1,0
0.158583153744985,,0.158583153744985,,20938,,0,1,0
0.124519958922109,,0.124519958922109,,20939,,0,1,0
0.124519958922109,,0.124519958922109,,20940,,0,1,0
0.0942247954638735,,0.0942247954638735,,20941,,0,1,0
0.0942247954638735,,0.0942247954638735,,20942,,0,1,0
0.067894135135806,,0.067894135135806,,20943,,0,1,0
0.0678940582618637,,0.0678940582618637,,20944,,0,1,0
0.0456899261088535,,0.0456899261088535,,20945,,0,1,0
0.0456899261088535,,0.0456899261088535,,20946,,0,1,0
0.027757024552555,,0.027757024552555,,20947,,0,1,0
0.027757024552555,,0.027757024552555,,20948,,0,1,0
0.0142066409020104,,0.0142066409020104,,20949,,0,1,0
0.014206666019776,,0.014206666019776,,20950,,0,1,0
0.00512509708825004,,0.00512509708825004,,20951,,0,1,0
0.00512509708825004,,0.00512509708825004,,20952,,0,1,0
1.36670249346207,,1.36670249346207,,20953,,0,1,0
1.36022792696647,,1.36022792696647,,20954,,0,1,0
1.36022517426727,,1.36022517426727,,20955,,0,1,0
1.34947930430486,,1.34947930430486,,20956,,0,1,0
1.34948322116913,,1.34948322116913,,20957,,0,1,0
1.33453460744222,,1.33453460744222,,20958,,0,1,0
1.33453032282183,,1.33453032282183,,20959,,0,1,0
1.31547348342469,,1.31547348342469,,20960,,0,1,0
1.31547541702322,,1.31547541702322,,20961,,0,1,0
1.29242935814461,,1.29242935814461,,20962,,0,1,0
1.29243031643821,,1.29243031643821,,20963,,0,1,0
1.26554181548517,,1.26554181548517,,20964,,0,1,0
1.26554086721242,,1.26554086721242,,20965,,0,1,0
1.23497970444487,,1.23497970444487,,20966,,0,1,0
1.23497745623911,,1.23497745623911,,20967,,0,1,0
1.20093730815896,,1.20093730815896,,20968,,0,1,0
1.20093915566315,,1.20093915566315,,20969,,0,1,0
1.16363104497908,,1.16363104497908,,20970,,0,1,0
1.16363068126282,,1.16363068126282,,20971,,0,1,0
1.12329636984868,,1.12329636984868,,20972,,0,1,0
1.12329779927706,,1.12329779927706,,20973,,0,1,0
1.08018772720477,,1.08018772720477,,20974,,0,1,0
1.08018509896058,,1.08018509896058,,20975,,0,1,0
1.03457328623825,,1.03457328623825,,20976,,0,1,0
1.03457757316622,,1.03457757316622,,20977,,0,1,0
0.986751194178879,,0.986751194178879,,20978,,0,1,0
0.986747174977864,,0.986747174977864,,20979,,0,1,0
0.937009289789785,,0.937009289789785,,20980,,0,1,0
0.937012064044218,,0.937012064044218,,20981,,0,1,0
0.885677805712959,,0.885677805712959,,20982,,0,1,0
0.885677171079607,,0.885677171079607,,20983,,0,1,0
0.833069978257761,,0.833069978257761,,20984,,0,1,0
0.833066285280786,,0.833066285280786,,20985,,0,1,0
0.77951616985618,,0.77951616985618,,20986,,0,1,0
0.77951989101485,,0.77951989101485,,20987,,0,1,0
0.725369872787979,,0.725369872787979,,20988,,0,1,0
0.72536915487013,,0.72536915487013,,20989,,0,1,0
0.670960400169413,,0.670960400169413,,20990,,0,1,0
0.670959709701606,,0.670959709701606,,20991,,0,1,0
0.616632504002268,,0.616632504002268,,20992,,0,1,0
0.616634225006585,,0.616634225006585,,20993,,0,1,0
0.562737176595675,,0.562737176595675,,20994,,0,1,0
0.562735153122304,,0.562735153122304,,20995,,0,1,0
0.509605926368017,,0.509605926368017,,20996,,0,1,0
0.509605444972301,,0.509605444972301,,20997,,0,1,0
0.457580448831452,,0.457580448831452,,20998,,0,1,0
0.457581361155308,,0.457581361155308,,20999,,0,1,0
0.40699127817547,,0.40699127817547,,21000,,0,1,0
0.406991815934605,,0.406991815934605,,21001,,0,1,0
0.35815331568827,,0.35815331568827,,21002,,0,1,0
0.358153820151763,,0.358153820151763,,21003,,0,1,0
0.311378390579087,,0.311378390579087,,21004,,0,1,0
0.311377779098779,,0.311377779098779,,21005,,0,1,0
0.266961387366438,,0.266961387366438,,21006,,0,1,0
0.266961997110544,,0.266961997110544,,21007,,0,1,0
0.225185858669825,,0.225185858669825,,21008,,0,1,0
0.225185858669825,,0.225185858669825,,21009,,0,1,0
0.186312866798916,,0.186312866798916,,21010,,0,1,0
0.186312502953998,,0.186312502953998,,21011,,0,1,0
0.150587411598524,,0.150587411598524,,21012,,0,1,0
0.150587640573299,,0.150587640573299,,21013,,0,1,0
0.118241898882319,,0.118241898882319,,21014,,0,1,0
0.118241898882319,,0.118241898882319,,21015,,0,1,0
0.0894741474706695,,0.0894741474706695,,21016,,0,1,0
0.0894739709718877,,0.0894739709718877,,21017,,0,1,0
0.0644708022835023,,0.0644708022835023,,21018,,0,1,0
0.0644708771943669,,0.0644708771943669,,21019,,0,1,0
0.0433862688832147,,0.0433862688832147,,21020,,0,1,0
0.0433862688832147,,0.0433862688832147,,21021,,0,1,0
0.0263575764736572,,0.0263575764736572,,21022,,0,1,0
0.0263575764736572,,0.0263575764736572,,21023,,0,1,0
0.0134903727373504,,0.0134903727373504,,21024,,0,1,0
0.0134903727373504,,0.0134903727373504,,21025,,0,1,0
0.00486669047856439,,0.00486669047856439,,21026,,0,1,0
0.00486669635903517,,0.00486669635903517,,21027,,0,1,0
1.36670150801792,,1.36670150801792,,21028,,0,1,0
1.36886422992859,,1.36886422992859,,21029,,0,1,0
1.36886422992859,,1.36886422992859,,21030,,0,1,0
1.36670150801792,,1.36670150801792,,21031,,0,1,0
1.36670170510672,,1.36670170510672,,21032,,0,1,0
1.36022753372356,,1.36022753372356,,21033,,0,1,0
1.36022556750984,,1.36022556750984,,21034,,0,1,0
1.34948008767726,,1.34948008767726,,21035,,0,1,0
1.34948263363913,,1.34948263363913,,21036,,0,1,0
1.33453382841981,,1.33453382841981,,21037,,0,1,0
1.33453090708784,,1.33453090708784,,21038,,0,1,0
1.31547387014428,,1.31547387014428,,21039,,0,1,0
1.31547483694351,,1.31547483694351,,21040,,0,1,0
1.29242974146201,,1.29242974146201,,21041,,0,1,0
1.29243031643821,,1.29243031643821,,21042,,0,1,0
1.26554162583059,,1.26554162583059,,21043,,0,1,0
1.26554124652148,,1.26554124652148,,21044,,0,1,0
1.23497895504272,,1.23497895504272,,21045,,0,1,0
1.23497801829036,,1.23497801829036,,21046,,0,1,0
1.20093786241006,,1.20093786241006,,21047,,0,1,0
1.2009384166613,,1.2009384166613,,21048,,0,1,0
1.16363104497908,,1.16363104497908,,21049,,0,1,0
1.16363068126282,,1.16363068126282,,21050,,0,1,0
1.12329690588422,,1.12329690588422,,21051,,0,1,0
1.12329762059846,,1.12329762059846,,21052,,0,1,0
1.08018685112302,,1.08018685112302,,21053,,0,1,0
1.08018597504162,,1.08018597504162,,21054,,0,1,0
1.03457465805423,,1.03457465805423,,21055,,0,1,0
1.03457585839396,,1.03457585839396,,21056,,0,1,0
0.986749519510795,,0.986749519510795,,21057,,0,1,0
0.986749017110647,,0.986749017110647,,21058,,0,1,0
0.937010758512208,,0.937010758512208,,21059,,0,1,0
0.93701092170366,,0.93701092170366,,21060,,0,1,0
0.885677488396254,,0.885677488396254,,21061,,0,1,0
0.885677171079607,,0.885677171079607,,21062,,0,1,0
0.833068593390436,,0.833068593390436,,21063,,0,1,0
0.833067824020198,,0.833067824020198,,21064,,0,1,0
0.779517658318582,,0.779517658318582,,21065,,0,1,0
0.779518402550316,,0.779518402550316,,21066,,0,1,0
0.725369585620797,,0.725369585620797,,21067,,0,1,0
0.725369442037227,,0.725369442037227,,21068,,0,1,0
0.670959847795139,,0.670959847795139,,21069,,0,1,0
0.670959847795139,,0.670959847795139,,21070,,0,1,0
0.616633298311655,,0.616633298311655,,21071,,0,1,0
0.616633563081564,,0.616633563081564,,21072,,0,1,0
0.562736417792735,,0.562736417792735,,21073,,0,1,0
0.562735911924392,,0.562735911924392,,21074,,0,1,0
0.509605926368017,,0.509605926368017,,21075,,0,1,0
0.509605685670131,,0.509605685670131,,21076,,0,1,0
0.457580790952791,,0.457580790952791,,21077,,0,1,0
0.457581019033755,,0.457581019033755,,21078,,0,1,0
0.406991439503173,,0.406991439503173,,21079,,0,1,0
0.406991600830908,,0.406991600830908,,21080,,0,1,0
0.358153467027281,,0.358153467027281,,21081,,0,1,0
0.358153668812678,,0.358153668812678,,21082,,0,1,0
0.311378249468193,,0.311378249468193,,21083,,0,1,0
0.311378061320385,,0.311378061320385,,21084,,0,1,0
0.266961692238404,,0.266961692238404,,21085,,0,1,0
0.266961822897871,,0.266961822897871,,21086,,0,1,0
0.225185858669825,,0.225185858669825,,21087,,0,1,0
0.225185858669825,,0.225185858669825,,21088,,0,1,0
0.186312757645403,,0.186312757645403,,21089,,0,1,0
0.186312648491922,,0.186312648491922,,21090,,0,1,0
0.150587411598524,,0.150587411598524,,21091,,0,1,0
0.150587542441231,,0.150587542441231,,21092,,0,1,0
0.118241898882319,,0.118241898882319,,21093,,0,1,0
0.118241898882319,,0.118241898882319,,21094,,0,1,0
0.0894740592212568,,0.0894740592212568,,21095,,0,1,0
0.0894739709718877,,0.0894739709718877,,21096,,0,1,0
0.0644708771943669,,0.0644708771943669,,21097,,0,1,0
0.0644708771943669,,0.0644708771943669,,21098,,0,1,0
0.0433862688832147,,0.0433862688832147,,21099,,0,1,0
0.0433862688832147,,0.0433862688832147,,21100,,0,1,0
0.0263575764736572,,0.0263575764736572,,21101,,0,1,0
0.0263575764736572,,0.0263575764736572,,21102,,0,1,0
0.0134903727373504,,0.0134903727373504,,21103,,0,1,0
0.0134903727373504,,0.0134903727373504,,21104,,0,1,0
0.00486669047856439,,0.00486669047856439,,21105,,0,1,0
0.00486669488891714,,0.00486669488891714,,21106,,0,1,0
1.29180462634395,,1.29180462634395,,21107,,0,1,0
1.2856850857909,,1.2856850857909,,21108,,0,1,0
1.28568699737127,,1.28568699737127,,21109,,0,1,0
1.27553007041917,,1.27553007041917,,21110,,0,1,0
1.27552778560176,,1.27552778560176,,21111,,0,1,0
1.26139803623846,,1.26139803623846,,21112,,0,1,0
1.26140371655995,,1.26140371655995,,21113,,0,1,0
1.24339046643116,,1.24339046643116,,21114,,0,1,0
1.24338821058274,,1.24338821058274,,21115,,0,1,0
1.22160555703442,,1.22160555703442,,21116,,0,1,0
1.22160332103522,,1.22160332103522,,21117,,0,1,0
1.19618801695313,,1.19618801695313,,21118,,0,1,0
1.19618838572251,,1.19618838572251,,21119,,0,1,0
1.16730128579707,,1.16730128579707,,21120,,0,1,0
1.16730547512933,,1.16730547512933,,21121,,0,1,0
1.13512998039835,,1.13512998039835,,21122,,0,1,0
1.13512423265558,,1.13512423265558,,21123,,0,1,0
1.09986254904386,,1.09986254904386,,21124,,0,1,0
1.09986608514476,,1.09986608514476,,21125,,0,1,0
1.06174135544759,,1.06174135544759,,21126,,0,1,0
1.06173805488687,,1.06173805488687,,21127,,0,1,0
1.02099071757291,,1.02099071757291,,21128,,0,1,0
1.02099480591917,,1.02099480591917,,21129,,0,1,0
0.977882071661298,,0.977882071661298,,21130,,0,1,0
0.977877903851557,,0.977877903851557,,21131,,0,1,0
0.932672939848267,,0.932672939848267,,21132,,0,1,0
0.932675382048842,,0.932675382048842,,21133,,0,1,0
0.885663050546334,,0.885663050546334,,21134,,0,1,0
0.885663843831736,,0.885663843831736,,21135,,0,1,0
0.837141991368327,,0.837141991368327,,21136,,0,1,0
0.837140140371531,,0.837140140371531,,21137,,0,1,0
0.787415401638583,,0.787415401638583,,21138,,0,1,0
0.787417944814031,,0.787417944814031,,21139,,0,1,0
0.73680261634707,,0.73680261634707,,21140,,0,1,0
0.736799866846127,,0.736799866846127,,21141,,0,1,0
0.685617991775899,,0.685617991775899,,21142,,0,1,0
0.685617991775899,,0.685617991775899,,21143,,0,1,0
0.634190429502787,,0.634190429502787,,21144,,0,1,0
0.634190966528429,,0.634190966528429,,21145,,0,1,0
0.582841543744507,,0.582841543744507,,21146,,0,1,0
0.582841543744507,,0.582841543744507,,21147,,0,1,0
0.531897370493908,,0.531897370493908,,21148,,0,1,0
0.531897985258929,,0.531897985258929,,21149,,0,1,0
0.481679753843567,,0.481679753843567,,21150,,0,1,0
0.481680572878675,,0.481680572878675,,21151,,0,1,0
0.432506383158653,,0.432506383158653,,21152,,0,1,0
0.432504664646432,,0.432504664646432,,21153,,0,1,0
0.384688009078291,,0.384688009078291,,21154,,0,1,0
0.384688688740262,,0.384688688740262,,21155,,0,1,0
0.338526436691843,,0.338526436691843,,21156,,0,1,0
0.33852589720121,,0.33852589720121,,21157,,0,1,0
0.294314011448591,,0.294314011448591,,21158,,0,1,0
0.294314788857976,,0.294314788857976,,21159,,0,1,0
0.252332248814968,,0.252332248814968,,21160,,0,1,0
0.252331656013512,,0.252331656013512,,21161,,0,1,0
0.212845128724171,,0.212845128724171,,21162,,0,1,0
0.212845750948889,,0.212845750948889,,21163,,0,1,0
0.176102741048403,,0.176102741048403,,21164,,0,1,0
0.17610259955439,,0.17610259955439,,21165,,0,1,0
0.142335333522745,,0.142335333522745,,21166,,0,1,0
0.142335015505097,,0.142335015505097,,21167,,0,1,0
0.111761980832974,,0.111761980832974,,21168,,0,1,0
0.111762164003537,,0.111762164003537,,21169,,0,1,0
0.0845708537932683,,0.0845708537932683,,21170,,0,1,0
0.0845709273338073,,0.0845709273338073,,21171,,0,1,0
0.0609379205943998,,0.0609379205943998,,21172,,0,1,0
0.0609379934238601,,0.0609379934238601,,21173,,0,1,0
0.0410087558843348,,0.0410087558843348,,21174,,0,1,0
0.0410086961393734,,0.0410086961393734,,21175,,0,1,0
0.0249131829839655,,0.0249131829839655,,21176,,0,1,0
0.0249131829839655,,0.0249131829839655,,21177,,0,1,0
0.0127511036476347,,0.0127511036476347,,21178,,0,1,0
0.0127511036476347,,0.0127511036476347,,21179,,0,1,0
0.00459999484134291,,0.00459999484134291,,21180,,0,1,0
0.00459999341207465,,0.00459999341207465,,21181,,0,1,0
1.29180730891836,,1.29180730891836,,21182,,0,1,0
1.29385166502516,,1.29385166502516,,21183,,0,1,0
1.29385166502516,,1.29385166502516,,21184,,0,1,0
1.29180730891836,,1.29180730891836,,21185,,0,1,0
1.29180462634395,,1.29180462634395,,21186,,0,1,0
1.2856850857909,,1.2856850857909,,21187,,0,1,0
1.28568661505508,,1.28568661505508,,21188,,0,1,0
1.27552968961613,,1.27552968961613,,21189,,0,1,0
1.27552816640452,,1.27552816640452,,21190,,0,1,0
1.26139898295782,,1.26139898295782,,21191,,0,1,0
1.26140314852723,,1.26140314852723,,21192,,0,1,0
1.24338971448146,,1.24338971448146,,21193,,0,1,0
1.24338839857003,,1.24338839857003,,21194,,0,1,0
1.22160481170113,,1.22160481170113,,21195,,0,1,0
1.22160369370161,,1.22160369370161,,21196,,0,1,0
1.19618801695313,,1.19618801695313,,21197,,0,1,0
1.19618838572251,,1.19618838572251,,21198,,0,1,0
1.16730237866563,,1.16730237866563,,21199,,0,1,0
1.16730438225932,,1.16730438225932,,21200,,0,1,0
1.13512818422717,,1.13512818422717,,21201,,0,1,0
1.13512602882363,,1.13512602882363,,21202,,0,1,0
1.09986378667853,,1.09986378667853,,21203,,0,1,0
1.0998648475088,,1.0998648475088,,21204,,0,1,0
1.06174013945094,,1.06174013945094,,21205,,0,1,0
1.06173927088233,,1.06173927088233,,21206,,0,1,0
1.0209922507018,,1.0209922507018,,21207,,0,1,0
1.02099327278837,,1.02099327278837,,21208,,0,1,0
0.977880737961215,,0.977880737961215,,21209,,0,1,0
0.977879904399124,,0.977879904399124,,21210,,0,1,0
0.932673916728113,,0.932673916728113,,21211,,0,1,0
0.932674567981628,,0.932674567981628,,21212,,0,1,0
0.885663367860452,,0.885663367860452,,21213,,0,1,0
0.885663685174627,,0.885663685174627,,21214,,0,1,0
0.837141374369168,,0.837141374369168,,21215,,0,1,0
0.837140911619947,,0.837140911619947,,21216,,0,1,0
0.787416299229449,,0.787416299229449,,21217,,0,1,0
0.787416897623643,,0.787416897623643,,21218,,0,1,0
0.736801313951247,,0.736801313951247,,21219,,0,1,0
0.736800879819562,,0.736800879819562,,21220,,0,1,0
0.685617991775899,,0.685617991775899,,21221,,0,1,0
0.685617991775899,,0.685617991775899,,21222,,0,1,0
0.63419069801558,,0.63419069801558,,21223,,0,1,0
0.634190966528429,,0.634190966528429,,21224,,0,1,0
0.582841543744507,,0.582841543744507,,21225,,0,1,0
0.582841543744507,,0.582841543744507,,21226,,0,1,0
0.531897493446884,,0.531897493446884,,21227,,0,1,0
0.531897493446884,,0.531897493446884,,21228,,0,1,0
0.481679929351031,,0.481679929351031,,21229,,0,1,0
0.481680163361034,,0.481680163361034,,21230,,0,1,0
0.432505828799499,,0.432505828799499,,21231,,0,1,0
0.43250521900484,,0.43250521900484,,21232,,0,1,0
0.384688165923308,,0.384688165923308,,21233,,0,1,0
0.384688322768357,,0.384688322768357,,21234,,0,1,0
0.338526240513382,,0.338526240513382,,21235,,0,1,0
0.338526093379572,,0.338526093379572,,21236,,0,1,0
0.294314331558214,,0.294314331558214,,21237,,0,1,0
0.294314514478076,,0.294314514478076,,21238,,0,1,0
0.252332079443052,,0.252332079443052,,21239,,0,1,0
0.252331825385285,,0.252331825385285,,21240,,0,1,0
0.212845362058333,,0.212845362058333,,21241,,0,1,0
0.212845517614513,,0.212845517614513,,21242,,0,1,0
0.176102741048403,,0.176102741048403,,21243,,0,1,0
0.17610259955439,,0.17610259955439,,21244,,0,1,0
0.142335238117413,,0.142335238117413,,21245,,0,1,0
0.142335015505097,,0.142335015505097,,21246,,0,1,0
0.111762065373215,,0.111762065373215,,21247,,0,1,0
0.111762164003537,,0.111762164003537,,21248,,0,1,0
0.0845708537932683,,0.0845708537932683,,21249,,0,1,0
0.0845708537932683,,0.0845708537932683,,21250,,0,1,0
0.0609379205943998,,0.0609379205943998,,21251,,0,1,0
0.0609379934238601,,0.0609379934238601,,21252,,0,1,0
0.0410087558843348,,0.0410087558843348,,21253,,0,1,0
0.0410087558843348,,0.0410087558843348,,21254,,0,1,0
0.0249131829839655,,0.0249131829839655,,21255,,0,1,0
0.0249131829839655,,0.0249131829839655,,21256,,0,1,0
0.0127511036476347,,0.0127511036476347,,21257,,0,1,0
0.0127511036476347,,0.0127511036476347,,21258,,0,1,0
0.00459999484134291,,0.00459999484134291,,21259,,0,1,0
0.00459999341207465,,0.00459999341207465,,21260,,0,1,0
1.21505802860727,,1.21505802860727,,21261,,0,1,0
1.20930198439886,,1.20930198439886,,21262,,0,1,0
1.20929809115663,,1.20929809115663,,21263,,0,1,0
1.19974485606375,,1.19974485606375,,21264,,0,1,0
1.19974762594439,,1.19974762594439,,21265,,0,1,0
1.18645762422491,,1.18645762422491,,21266,,0,1,0
1.18645670605907,,1.18645670605907,,21267,,0,1,0
1.16951356985755,,1.16951356985755,,21268,,0,1,0
1.16951138205173,,1.16951138205173,,21269,,0,1,0
1.14902305248706,,1.14902305248706,,21270,,0,1,0
1.14902467890491,,1.14902467890491,,21271,,0,1,0
1.12511962970218,,1.12511962970218,,21272,,0,1,0
1.1251214179373,,1.1251214179373,,21273,,0,1,0
1.09795105844575,,1.09795105844575,,21274,,0,1,0
1.09794823202839,,1.09794823202839,,21275,,0,1,0
1.06768371218348,,1.06768371218348,,21276,,0,1,0
1.06768562837664,,1.06768562837664,,21277,,0,1,0
1.03451910023438,,1.03451910023438,,21278,,0,1,0
1.0345185858171,,1.0345185858171,,21279,,0,1,0
0.998658123400567,,0.998658123400567,,21280,,0,1,0
0.998660650515831,,0.998660650515831,,21281,,0,1,0
0.960334817095038,,0.960334817095038,,21282,,0,1,0
0.960329695590644,,0.960329695590644,,21283,,0,1,0
0.919778882178235,,0.919778882178235,,21284,,0,1,0
0.919781307438548,,0.919781307438548,,21285,,0,1,0
0.877261869856916,,0.877261869856916,,21286,,0,1,0
0.87726502791498,,0.87726502791498,,21287,,0,1,0
0.833045204693946,,0.833045204693946,,21288,,0,1,0
0.833041511771881,,0.833041511771881,,21289,,0,1,0
0.787403284211969,,0.787403284211969,,21290,,0,1,0
0.787404331393304,,0.787404331393304,,21291,,0,1,0
0.740634024934714,,0.740634024934714,,21292,,0,1,0
0.740633154416123,,0.740633154416123,,21293,,0,1,0
0.693024213390636,,0.693024213390636,,21294,,0,1,0
0.69302631857866,,0.69302631857866,,21295,,0,1,0
0.644884486057691,,0.644884486057691,,21296,,0,1,0
0.64488313222239,,0.64488313222239,,21297,,0,1,0
0.596511790541008,,0.596511790541008,,21298,,0,1,0
0.596512832198137,,0.596512832198137,,21299,,0,1,0
0.548213768976098,,0.548213768976098,,21300,,0,1,0
0.548214268274478,,0.548214268274478,,21301,,0,1,0
0.500296636696021,,0.500296636696021,,21302,,0,1,0
0.500296875185342,,0.500296875185342,,21303,,0,1,0
0.453062540605645,,0.453062540605645,,21304,,0,1,0
0.453061746273706,,0.453061746273706,,21305,,0,1,0
0.406808837011454,,0.406808837011454,,21306,,0,1,0
0.406809374650045,,0.406809374650045,,21307,,0,1,0
0.361833499065717,,0.361833499065717,,21308,,0,1,0
0.361833853999743,,0.361833853999743,,21309,,0,1,0
0.318413968864384,,0.318413968864384,,21310,,0,1,0
0.318414444518567,,0.318414444518567,,21311,,0,1,0
0.276829302493129,,0.276829302493129,,21312,,0,1,0
0.276828282426436,,0.276828282426436,,21313,,0,1,0
0.237340261332408,,0.237340261332408,,21314,,0,1,0
0.237340097069039,,0.237340097069039,,21315,,0,1,0
0.200199805114501,,0.200199805114501,,21316,,0,1,0
0.200199805114501,,0.200199805114501,,21317,,0,1,0
0.165639821926122,,0.165639821926122,,21318,,0,1,0
0.165639959152488,,0.165639959152488,,21319,,0,1,0
0.133878687918612,,0.133878687918612,,21320,,0,1,0
0.133878996344679,,0.133878996344679,,21321,,0,1,0
0.105122315428774,,0.105122315428774,,21322,,0,1,0
0.105122042127109,,0.105122042127109,,21323,,0,1,0
0.0795462456610996,,0.0795462456610996,,21324,,0,1,0
0.0795464001931308,,0.0795464001931308,,21325,,0,1,0
0.0573174656794055,,0.0573174656794055,,21326,,0,1,0
0.0573174656794055,,0.0573174656794055,,21327,,0,1,0
0.0385723119933741,,0.0385723119933741,,21328,,0,1,0
0.0385722540503952,,0.0385722540503952,,21329,,0,1,0
0.0234330085090005,,0.0234330085090005,,21330,,0,1,0
0.0234330504455489,,0.0234330504455489,,21331,,0,1,0
0.0119935359638834,,0.0119935359638834,,21332,,0,1,0
0.0119935175010415,,0.0119935175010415,,21333,,0,1,0
0.00432669491049076,,0.00432669491049076,,21334,,0,1,0
0.00432669698973046,,0.00432669698973046,,21335,,0,1,0
1.21505505527583,,1.21505505527583,,21336,,0,1,0
1.21697788716961,,1.21697788716961,,21337,,0,1,0
1.21697788716961,,1.21697788716961,,21338,,0,1,0
1.21505505527583,,1.21505505527583,,21339,,0,1,0
1.21505802860727,,1.21505802860727,,21340,,0,1,0
1.20930198439886,,1.20930198439886,,21341,,0,1,0
1.20929827654897,,1.20929827654897,,21342,,0,1,0
1.19974504072236,,1.19974504072236,,21343,,0,1,0
1.19974688730924,,1.19974688730924,,21344,,0,1,0
1.18645762422491,,1.18645762422491,,21345,,0,1,0
1.18645707332536,,1.18645707332536,,21346,,0,1,0
1.1695132052231,,1.1695132052231,,21347,,0,1,0
1.16951192900299,,1.16951192900299,,21348,,0,1,0
1.14902377533929,,1.14902377533929,,21349,,0,1,0
1.14902467890491,,1.14902467890491,,21350,,0,1,0
1.12511998734909,,1.12511998734909,,21351,,0,1,0
1.12512123911372,,1.12512123911372,,21352,,0,1,0
1.09795035184107,,1.09795035184107,,21353,,0,1,0
1.09794911528343,,1.09794911528343,,21354,,0,1,0
1.06768458318016,,1.06768458318016,,21355,,0,1,0
1.06768545417719,,1.06768545417719,,21356,,0,1,0
1.03451910023438,,1.03451910023438,,21357,,0,1,0
1.03451910023438,,1.03451910023438,,21358,,0,1,0
0.998658965771966,,0.998658965771966,,21359,,0,1,0
0.998659808143721,,0.998659808143721,,21360,,0,1,0
0.960332999785464,,0.960332999785464,,21361,,0,1,0
0.960331347687344,,0.960331347687344,,21362,,0,1,0
0.919779690597984,,0.919779690597984,,21363,,0,1,0
0.919780337334039,,0.919780337334039,,21364,,0,1,0
0.877262975176592,,0.877262975176592,,21365,,0,1,0
0.877264080496964,,0.877264080496964,,21366,,0,1,0
0.833043819847212,,0.833043819847212,,21367,,0,1,0
0.833042896616696,,0.833042896616696,,21368,,0,1,0
0.787403882601218,,0.787403882601218,,21369,,0,1,0
0.787403882601218,,0.787403882601218,,21370,,0,1,0
0.740633879848247,,0.740633879848247,,21371,,0,1,0
0.74063329950252,,0.74063329950252,,21372,,0,1,0
0.693024915119622,,0.693024915119622,,21373,,0,1,0
0.693025616848963,,0.693025616848963,,21374,,0,1,0
0.644884079906952,,0.644884079906952,,21375,,0,1,0
0.64488367375634,,0.64488367375634,,21376,,0,1,0
0.596512181162325,,0.596512181162325,,21377,,0,1,0
0.596512181162325,,0.596512181162325,,21378,,0,1,0
0.548213768976098,,0.548213768976098,,21379,,0,1,0
0.548214018625259,,0.548214018625259,,21380,,0,1,0
0.500296636696021,,0.500296636696021,,21381,,0,1,0
0.500296875185342,,0.500296875185342,,21382,,0,1,0
0.453062313653591,,0.453062313653591,,21383,,0,1,0
0.453061973225617,,0.453061973225617,,21384,,0,1,0
0.40680921335843,,0.40680921335843,,21385,,0,1,0
0.40680921335843,,0.40680921335843,,21386,,0,1,0
0.361833651180278,,0.361833651180278,,21387,,0,1,0
0.361833651180278,,0.361833651180278,,21388,,0,1,0
0.318414111560601,,0.318414111560601,,21389,,0,1,0
0.318414301822274,,0.318414301822274,,21390,,0,1,0
0.276828992037849,,0.276828992037849,,21391,,0,1,0
0.276828548530609,,0.276828548530609,,21392,,0,1,0
0.237340261332408,,0.237340261332408,,21393,,0,1,0
0.237340097069039,,0.237340097069039,,21394,,0,1,0
0.200199805114501,,0.200199805114501,,21395,,0,1,0
0.200199805114501,,0.200199805114501,,21396,,0,1,0
0.165639821926122,,0.165639821926122,,21397,,0,1,0
0.165639821926122,,0.165639821926122,,21398,,0,1,0
0.133878811288996,,0.133878811288996,,21399,,0,1,0
0.133878903816822,,0.133878903816822,,21400,,0,1,0
0.105122219773151,,0.105122219773151,,21401,,0,1,0
0.105122124117571,,0.105122124117571,,21402,,0,1,0
0.0795463288706362,,0.0795463288706362,,21403,,0,1,0
0.0795464001931308,,0.0795464001931308,,21404,,0,1,0
0.0573174656794055,,0.0573174656794055,,21405,,0,1,0
0.0573174656794055,,0.0573174656794055,,21406,,0,1,0
0.0385722540503952,,0.0385722540503952,,21407,,0,1,0
0.0385722540503952,,0.0385722540503952,,21408,,0,1,0
0.0234330085090005,,0.0234330085090005,,21409,,0,1,0
0.0234330085090005,,0.0234330085090005,,21410,,0,1,0
0.0119935313481716,,0.0119935313481716,,21411,,0,1,0
0.011993519808896,,0.011993519808896,,21412,,0,1,0
0.00432669491049076,,0.00432669491049076,,21413,,0,1,0
0.00432669698973046,,0.00432669698973046,,21414,,0,1,0
1.13693495201063,,1.13693495201063,,21415,,0,1,0
1.13154854879384,,1.13154854879384,,21416,,0,1,0
1.1315528528046,,1.1315528528046,,21417,,0,1,0
1.12261410032377,,1.12261410032377,,21418,,0,1,0
1.12261124233808,,1.12261124233808,,21419,,0,1,0
1.11017612929982,,1.11017612929982,,21420,,0,1,0
1.11017399771765,,1.11017399771765,,21421,,0,1,0
1.09431982069808,,1.09431982069808,,21422,,0,1,0
1.09432334787769,,1.09432334787769,,21423,,0,1,0
1.07515210862812,,1.07515210862812,,21424,,0,1,0
1.07514931170999,,1.07514931170999,,21425,,0,1,0
1.05278228168721,,1.05278228168721,,21426,,0,1,0
1.05278228168721,,1.05278228168721,,21427,,0,1,0
1.02735815683338,,1.02735815683338,,21428,,0,1,0
1.02735815683338,,1.02735815683338,,21429,,0,1,0
0.999040091029315,,0.999040091029315,,21430,,0,1,0
0.999043124147903,,0.999043124147903,,21431,,0,1,0
0.968008064778132,,0.968008064778132,,21432,,0,1,0
0.968007235434534,,0.968007235434534,,21433,,0,1,0
0.934453337684893,,0.934453337684893,,21434,,0,1,0
0.934451056126029,,0.934451056126029,,21435,,0,1,0
0.898588696715599,,0.898588696715599,,21436,,0,1,0
0.898590454633023,,0.898590454633023,,21437,,0,1,0
0.860646866913221,,0.860646866913221,,21438,,0,1,0
0.860646241312118,,0.860646241312118,,21439,,0,1,0
0.820861724405184,,0.820861724405184,,21440,,0,1,0
0.820858211329778,,0.820858211329778,,21441,,0,1,0
0.779481191398823,,0.779481191398823,,21442,,0,1,0
0.779484763630826,,0.779484763630826,,21443,,0,1,0
0.736780041649077,,0.736780041649077,,21444,,0,1,0
0.736780041649077,,0.736780041649077,,21445,,0,1,0
0.693016213705306,,0.693016213705306,,21446,,0,1,0
0.693016915430242,,0.693016915430242,,21447,,0,1,0
0.648469674487451,,0.648469674487451,,21448,,0,1,0
0.648468045375587,,0.648468045375587,,21449,,0,1,0
0.603421462620652,,0.603421462620652,,21450,,0,1,0
0.603423165089339,,0.603423165089339,,21451,,0,1,0
0.558161447833704,,0.558161447833704,,21452,,0,1,0
0.558161447833704,,0.558161447833704,,21453,,0,1,0
0.512967623527516,,0.512967623527516,,21454,,0,1,0
0.512966174585472,,0.512966174585472,,21455,,0,1,0
0.468130289693363,,0.468130289693363,,21456,,0,1,0
0.468130520388542,,0.468130520388542,,21457,,0,1,0
0.423932835271062,,0.423932835271062,,21458,,0,1,0
0.423933548759869,,0.423933548759869,,21459,,0,1,0
0.380654286071149,,0.380654286071149,,21460,,0,1,0
0.380654494098536,,0.380654494098536,,21461,,0,1,0
0.338570333051964,,0.338570333051964,,21462,,0,1,0
0.338569352096629,,0.338569352096629,,21463,,0,1,0
0.297941535328398,,0.297941535328398,,21464,,0,1,0
0.297942271503082,,0.297942271503082,,21465,,0,1,0
0.259030232389394,,0.259030232389394,,21466,,0,1,0
0.259029674672952,,0.259029674672952,,21467,,0,1,0
0.22208059766718,,0.22208059766718,,21468,,0,1,0
0.222080875733626,,0.222080875733626,,21469,,0,1,0
0.187328319327662,,0.187328319327662,,21470,,0,1,0
0.18732842877826,,0.18732842877826,,21471,,0,1,0
0.154990291942802,,0.154990291942802,,21472,,0,1,0
0.154990192386551,,0.154990192386551,,21473,,0,1,0
0.12527113939136,,0.12527113939136,,21474,,0,1,0
0.12527113939136,,0.12527113939136,,21475,,0,1,0
0.0983633401095969,,0.0983633401095969,,21476,,0,1,0
0.0983634194205334,,0.0983634194205334,,21477,,0,1,0
0.0744320092629498,,0.0744320092629498,,21478,,0,1,0
0.0744319287727695,,0.0744319287727695,,21479,,0,1,0
0.0536322489845813,,0.0536322489845813,,21480,,0,1,0
0.053632317309054,,0.053632317309054,,21481,,0,1,0
0.0360923189550704,,0.0360923189550704,,21482,,0,1,0
0.0360923750044368,,0.0360923750044368,,21483,,0,1,0
0.0219264418986943,,0.0219264418986943,,21484,,0,1,0
0.0219264418986943,,0.0219264418986943,,21485,,0,1,0
0.0112224357495916,,0.0112224357495916,,21486,,0,1,0
0.0112224290522899,,0.0112224290522899,,21487,,0,1,0
0.00404852390032506,,0.00404852390032506,,21488,,0,1,0
0.00404851317345145,,0.00404851317345145,,21489,,0,1,0
1.13693639009058,,1.13693639009058,,21490,,0,1,0
1.13873542074607,,1.13873542074607,,21491,,0,1,0
1.13873542074607,,1.13873542074607,,21492,,0,1,0
1.1369360305705,,1.1369360305705,,21493,,0,1,0
1.13693495201063,,1.13693495201063,,21494,,0,1,0
1.13154890746109,,1.13154890746109,,21495,,0,1,0
1.1315521354689,,1.1315521354689,,21496,,0,1,0
1.12261356445118,,1.12261356445118,,21497,,0,1,0
1.12261142096208,,1.12261142096208,,21498,,0,1,0
1.1101754187722,,1.1101754187722,,21499,,0,1,0
1.1101743529812,,1.1101743529812,,21500,,0,1,0
1.09432052613354,,1.09432052613354,,21501,,0,1,0
1.09432281880039,,1.09432281880039,,21502,,0,1,0
1.07515123459081,,1.07515123459081,,21503,,0,1,0
1.07514983613186,,1.07514983613186,,21504,,0,1,0
1.05278228168721,,1.05278228168721,,21505,,0,1,0
1.05278228168721,,1.05278228168721,,21506,,0,1,0
1.02735815683338,,1.02735815683338,,21507,,0,1,0
1.02735815683338,,1.02735815683338,,21508,,0,1,0
0.999040933561794,,0.999040933561794,,21509,,0,1,0
0.9990422816145,,0.9990422816145,,21510,,0,1,0
0.968007898909384,,0.968007898909384,,21511,,0,1,0
0.968007567171931,,0.968007567171931,,21512,,0,1,0
0.934452522842122,,0.934452522842122,,21513,,0,1,0
0.934451707999706,,0.934451707999706,,21514,,0,1,0
0.898589176147453,,0.898589176147453,,21515,,0,1,0
0.898589655579435,,0.898589655579435,,21516,,0,1,0
0.860646866913221,,0.860646866913221,,21517,,0,1,0
0.860646241312118,,0.860646241312118,,21518,,0,1,0
0.820860502465059,,0.820860502465059,,21519,,0,1,0
0.820859433268197,,0.820859433268197,,21520,,0,1,0
0.779482530984865,,0.779482530984865,,21521,,0,1,0
0.779483572885916,,0.779483572885916,,21522,,0,1,0
0.736780041649077,,0.736780041649077,,21523,,0,1,0
0.736780041649077,,0.736780041649077,,21524,,0,1,0
0.693016494395238,,0.693016494395238,,21525,,0,1,0
0.693016634740225,,0.693016634740225,,21526,,0,1,0
0.648468995690592,,0.648468995690592,,21527,,0,1,0
0.648468452653361,,0.648468452653361,,21528,,0,1,0
0.603422117416017,,0.603422117416017,,21529,,0,1,0
0.603422510293406,,0.603422510293406,,21530,,0,1,0
0.558161447833704,,0.558161447833704,,21531,,0,1,0
0.558161447833704,,0.558161447833704,,21532,,0,1,0
0.512967261291813,,0.512967261291813,,21533,,0,1,0
0.512966778311075,,0.512966778311075,,21534,,0,1,0
0.468130289693363,,0.468130289693363,,21535,,0,1,0
0.468130520388542,,0.468130520388542,,21536,,0,1,0
0.423933164573514,,0.423933164573514,,21537,,0,1,0
0.423933384108553,,0.423933384108553,,21538,,0,1,0
0.380654494098536,,0.380654494098536,,21539,,0,1,0
0.380654494098536,,0.380654494098536,,21540,,0,1,0
0.338570038765214,,0.338570038765214,,21541,,0,1,0
0.338569695430834,,0.338569695430834,,21542,,0,1,0
0.297941995437469,,0.297941995437469,,21543,,0,1,0
0.29794213347026,,0.29794213347026,,21544,,0,1,0
0.259030103685546,,0.259030103685546,,21545,,0,1,0
0.259029974981731,,0.259029974981731,,21546,,0,1,0
0.222080716838493,,0.222080716838493,,21547,,0,1,0
0.222080716838493,,0.222080716838493,,21548,,0,1,0
0.187328319327662,,0.187328319327662,,21549,,0,1,0
0.18732842877826,,0.18732842877826,,21550,,0,1,0
0.154990291942802,,0.154990291942802,,21551,,0,1,0
0.154990192386551,,0.154990192386551,,21552,,0,1,0
0.12527113939136,,0.12527113939136,,21553,,0,1,0
0.12527113939136,,0.12527113939136,,21554,,0,1,0
0.0983633401095969,,0.0983633401095969,,21555,,0,1,0
0.0983634194205334,,0.0983634194205334,,21556,,0,1,0
0.0744320092629498,,0.0744320092629498,,21557,,0,1,0
0.0744319287727695,,0.0744319287727695,,21558,,0,1,0
0.0536322489845813,,0.0536322489845813,,21559,,0,1,0
0.053632317309054,,0.053632317309054,,21560,,0,1,0
0.0360923189550704,,0.0360923189550704,,21561,,0,1,0
0.0360923750044368,,0.0360923750044368,,21562,,0,1,0
0.0219264418986943,,0.0219264418986943,,21563,,0,1,0
0.0219264418986943,,0.0219264418986943,,21564,,0,1,0
0.0112224357495916,,0.0112224357495916,,21565,,0,1,0
0.0112224290522899,,0.0112224290522899,,21566,,0,1,0
0.00404852390032506,,0.00404852390032506,,21567,,0,1,0
0.00404851317345145,,0.00404851317345145,,21568,,0,1,0
1.05793956278888,,1.05793956278888,,21569,,0,1,0
1.05292776238639,,1.05292776238639,,21570,,0,1,0
1.05292914631764,,1.05292914631764,,21571,,0,1,0
1.04461073924342,,1.04461073924342,,21572,,0,1,0
1.04461435768872,,1.04461435768872,,21573,,0,1,0
1.03304239242587,,1.03304239242587,,21574,,0,1,0
1.03303759463077,,1.03303759463077,,21575,,0,1,0
1.01828636891526,,1.01828636891526,,21576,,0,1,0
1.01828841037832,,1.01828841037832,,21577,,0,1,0
1.0004484585071,,1.0004484585071,,21578,,0,1,0
1.00045031338507,,1.00045031338507,,21579,,0,1,0
0.979636674229852,,0.979636674229852,,21580,,0,1,0
0.979637174816112,,0.979637174816112,,21581,,0,1,0
0.955979378097283,,0.955979378097283,,21582,,0,1,0
0.955977564913447,,0.955977564913447,,21583,,0,1,0
0.929628053182114,,0.929628053182114,,21584,,0,1,0
0.929625289880398,,0.929625289880398,,21585,,0,1,0
0.900747274733504,,0.900747274733504,,21586,,0,1,0
0.900748874758506,,0.900748874758506,,21587,,0,1,0
0.869524873688079,,0.869524873688079,,21588,,0,1,0
0.869523930458882,,0.869523930458882,,21589,,0,1,0
0.836154158616864,,0.836154158616864,,21590,,0,1,0
0.83615570020541,,0.83615570020541,,21591,,0,1,0
0.800847648679117,,0.800847648679117,,21592,,0,1,0
0.800847648679117,,0.800847648679117,,21593,,0,1,0
0.763826268877096,,0.763826268877096,,21594,,0,1,0
0.763825974195953,,0.763825974195953,,21595,,0,1,0
0.725325362553122,,0.725325362553122,,21596,,0,1,0
0.72532507539475,,0.72532507539475,,21597,,0,1,0
0.685587421069506,,0.685587421069506,,21598,,0,1,0
0.685587002297439,,0.685587002297439,,21599,,0,1,0
0.644864584821853,,0.644864584821853,,21600,,0,1,0
0.644864043295918,,0.644864043295918,,21601,,0,1,0
0.603411509774851,,0.603411509774851,,21602,,0,1,0
0.60341347414581,,0.60341347414581,,21603,,0,1,0
0.561496838185072,,0.561496838185072,,21604,,0,1,0
0.561496206546508,,0.561496206546508,,21605,,0,1,0
0.519379669840426,,0.519379669840426,,21606,,0,1,0
0.519379791337997,,0.519379791337997,,21607,,0,1,0
0.477325878469578,,0.477325878469578,,21608,,0,1,0
0.477325878469578,,0.477325878469578,,21609,,0,1,0
0.43560529479983,,0.43560529479983,,21610,,0,1,0
0.435604738458226,,0.435604738458226,,21611,,0,1,0
0.394478195275328,,0.394478195275328,,21612,,0,1,0
0.394478407046408,,0.394478407046408,,21613,,0,1,0
0.354206231716603,,0.354206231716603,,21614,,0,1,0
0.35420537886816,,0.35420537886816,,21615,,0,1,0
0.315045259598678,,0.315045259598678,,21616,,0,1,0
0.315045732730043,,0.315045732730043,,21617,,0,1,0
0.277240808665688,,0.277240808665688,,21618,,0,1,0
0.277240054142995,,0.277240054142995,,21619,,0,1,0
0.241031953110282,,0.241031953110282,,21620,,0,1,0
0.241033194631727,,0.241033194631727,,21621,,0,1,0
0.2066509636488,,0.2066509636488,,21622,,0,1,0
0.206650580459284,,0.206650580459284,,21623,,0,1,0
0.174312779188186,,0.174312779188186,,21624,,0,1,0
0.174312286482648,,0.174312286482648,,21625,,0,1,0
0.144221247430155,,0.144221247430155,,21626,,0,1,0
0.144221439500855,,0.144221439500855,,21627,,0,1,0
0.116567233564384,,0.116567233564384,,21628,,0,1,0
0.116567420631253,,0.116567420631253,,21629,,0,1,0
0.0915290897742764,,0.0915290897742764,,21630,,0,1,0
0.0915290897742764,,0.0915290897742764,,21631,,0,1,0
0.0692603903958116,,0.0692603903958116,,21632,,0,1,0
0.0692603903958116,,0.0692603903958116,,21633,,0,1,0
0.0499058852580632,,0.0499058852580632,,21634,,0,1,0
0.0499058852580632,,0.0499058852580632,,21635,,0,1,0
0.0335845974246323,,0.0335845974246323,,21636,,0,1,0
0.0335845433575361,,0.0335845433575361,,21637,,0,1,0
0.0204029285219455,,0.0204029285219455,,21638,,0,1,0
0.0204029285219455,,0.0204029285219455,,21639,,0,1,0
0.010442657664994,,0.010442657664994,,21640,,0,1,0
0.010442657664994,,0.010442657664994,,21641,,0,1,0
0.00376721908289257,,0.00376721908289257,,21642,,0,1,0
0.00376722749024297,,0.00376722749024297,,21643,,0,1,0
1.05794025639927,,1.05794025639927,,21644,,0,1,0
1.05961442695116,,1.05961442695116,,21645,,0,1,0
1.05961442695116,,1.05961442695116,,21646,,0,1,0
1.05794025639927,,1.05794025639927,,21647,,0,1,0
1.05793956278888,,1.05793956278888,,21648,,0,1,0
1.05292810836912,,1.05292810836912,,21649,,0,1,0
1.05292914631764,,1.05292914631764,,21650,,0,1,0
1.04461142847061,,1.04461142847061,,21651,,0,1,0
1.04461366846056,,1.04461366846056,,21652,,0,1,0
1.03304187837586,,1.03304187837586,,21653,,0,1,0
1.03303845137908,,1.03303845137908,,21654,,0,1,0
1.01828670915896,,1.01828670915896,,21655,,0,1,0
1.01828807013433,,1.01828807013433,,21656,,0,1,0
1.0004486271323,,1.0004486271323,,21657,,0,1,0
1.00045014475973,,1.00045014475973,,21658,,0,1,0
0.979636841091924,,0.979636841091924,,21659,,0,1,0
0.979637174816112,,0.979637174816112,,21660,,0,1,0
0.955978883592429,,0.955978883592429,,21661,,0,1,0
0.95597772974827,,0.95597772974827,,21662,,0,1,0
0.929627402993106,,0.929627402993106,,21663,,0,1,0
0.929626102615771,,0.929626102615771,,21664,,0,1,0
0.900747434735941,,0.900747434735941,,21665,,0,1,0
0.900748234748335,,0.900748234748335,,21666,,0,1,0
0.869524716483177,,0.869524716483177,,21667,,0,1,0
0.869524087663713,,0.869524087663713,,21668,,0,1,0
0.83615446693446,,0.83615446693446,,21669,,0,1,0
0.836155237728697,,0.836155237728697,,21670,,0,1,0
0.800847648679117,,0.800847648679117,,21671,,0,1,0
0.800847648679117,,0.800847648679117,,21672,,0,1,0
0.763825974195953,,0.763825974195953,,21673,,0,1,0
0.763825974195953,,0.763825974195953,,21674,,0,1,0
0.725325362553122,,0.725325362553122,,21675,,0,1,0
0.72532507539475,,0.72532507539475,,21676,,0,1,0
0.685587421069506,,0.685587421069506,,21677,,0,1,0
0.685587281478803,,0.685587281478803,,21678,,0,1,0
0.644864584821853,,0.644864584821853,,21679,,0,1,0
0.644864314058857,,0.644864314058857,,21680,,0,1,0
0.603412164564816,,0.603412164564816,,21681,,0,1,0
0.603412819355135,,0.603412819355135,,21682,,0,1,0
0.56149671185733,,0.56149671185733,,21683,,0,1,0
0.561496459201891,,0.561496459201891,,21684,,0,1,0
0.519379669840426,,0.519379669840426,,21685,,0,1,0
0.519379791337997,,0.519379791337997,,21686,,0,1,0
0.477325878469578,,0.477325878469578,,21687,,0,1,0
0.477325878469578,,0.477325878469578,,21688,,0,1,0
0.435605072263145,,0.435605072263145,,21689,,0,1,0
0.435604738458226,,0.435604738458226,,21690,,0,1,0
0.394478195275328,,0.394478195275328,,21691,,0,1,0
0.394478195275328,,0.394478195275328,,21692,,0,1,0
0.35420588054359,,0.35420588054359,,21693,,0,1,0
0.354205730040924,,0.354205730040924,,21694,,0,1,0
0.315045543477455,,0.315045543477455,,21695,,0,1,0
0.315045543477455,,0.315045543477455,,21696,,0,1,0
0.277240631130844,,0.277240631130844,,21697,,0,1,0
0.277240364828685,,0.277240364828685,,21698,,0,1,0
0.241032201414315,,0.241032201414315,,21699,,0,1,0
0.24103278079089,,0.24103278079089,,21700,,0,1,0
0.206650810372951,,0.206650810372951,,21701,,0,1,0
0.206650580459284,,0.206650580459284,,21702,,0,1,0
0.174312638415104,,0.174312638415104,,21703,,0,1,0
0.174312427255588,,0.174312427255588,,21704,,0,1,0
0.144221343465489,,0.144221343465489,,21705,,0,1,0
0.144221343465489,,0.144221343465489,,21706,,0,1,0
0.116567233564384,,0.116567233564384,,21707,,0,1,0
0.116567334292679,,0.116567334292679,,21708,,0,1,0
0.0915290897742764,,0.0915290897742764,,21709,,0,1,0
0.0915290897742764,,0.0915290897742764,,21710,,0,1,0
0.0692603903958116,,0.0692603903958116,,21711,,0,1,0
0.0692603903958116,,0.0692603903958116,,21712,,0,1,0
0.0499058852580632,,0.0499058852580632,,21713,,0,1,0
0.0499058852580632,,0.0499058852580632,,21714,,0,1,0
0.0335845974246323,,0.0335845974246323,,21715,,0,1,0
0.0335845974246323,,0.0335845974246323,,21716,,0,1,0
0.0204029285219455,,0.0204029285219455,,21717,,0,1,0
0.0204029285219455,,0.0204029285219455,,21718,,0,1,0
0.010442657664994,,0.010442657664994,,21719,,0,1,0
0.010442657664994,,0.010442657664994,,21720,,0,1,0
0.00376721908289257,,0.00376721908289257,,21721,,0,1,0
0.00376722619680384,,0.00376722619680384,,21722,,0,1,0
0.978571382845985,,0.978571382845985,,21723,,0,1,0
0.9739359731185,,0.9739359731185,,21724,,0,1,0
0.973932312853123,,0.973932312853123,,21725,,0,1,0
0.966238722671278,,0.966238722671278,,21726,,0,1,0
0.966236568350219,,0.966236568350219,,21727,,0,1,0
0.955532892301683,,0.955532892301683,,21728,,0,1,0
0.9555383305931,,0.9555383305931,,21729,,0,1,0
0.941893426313555,,0.941893426313555,,21730,,0,1,0
0.941888517837583,,0.941888517837583,,21731,,0,1,0
0.925388138980708,,0.925388138980708,,21732,,0,1,0
0.925388625509306,,0.925388625509306,,21733,,0,1,0
0.906136673938882,,0.906136673938882,,21734,,0,1,0
0.906136352978145,,0.906136352978145,,21735,,0,1,0
0.884253150974594,,0.884253150974594,,21736,,0,1,0
0.884256163060655,,0.884256163060655,,21737,,0,1,0
0.859882083000258,,0.859882083000258,,21738,,0,1,0
0.859881770338689,,0.859881770338689,,21739,,0,1,0
0.833170615030959,,0.833170615030959,,21740,,0,1,0
0.833171076681538,,0.833171076681538,,21741,,0,1,0
0.804289643937814,,0.804289643937814,,21742,,0,1,0
0.8042899463236,,0.8042899463236,,21743,,0,1,0
0.773423938509154,,0.773423938509154,,21744,,0,1,0
0.773422752402553,,0.773422752402553,,21745,,0,1,0
0.740763883020918,,0.740763883020918,,21746,,0,1,0
0.740763883020918,,0.740763883020918,,21747,,0,1,0
0.706519952651547,,0.706519952651547,,21748,,0,1,0
0.706519952651547,,0.706519952651547,,21749,,0,1,0
0.670907787540386,,0.670907787540386,,21750,,0,1,0
0.670907235187769,,0.670907235187769,,21751,,0,1,0
0.634151092992852,,0.634151092992852,,21752,,0,1,0
0.634150555984093,,0.634150555984093,,21753,,0,1,0
0.596483145326381,,0.596483145326381,,21754,,0,1,0
0.596483666142326,,0.596483666142326,,21755,,0,1,0
0.558141799496987,,0.558141799496987,,21756,,0,1,0
0.558140917848959,,0.558140917848959,,21757,,0,1,0
0.519368978109817,,0.519368978109817,,21758,,0,1,0
0.519371286542338,,0.519371286542338,,21759,,0,1,0
0.480413657154772,,0.480413657154772,,21760,,0,1,0
0.480412079666344,,0.480412079666344,,21761,,0,1,0
0.441513739193285,,0.441513739193285,,21762,,0,1,0
0.441513515152467,,0.441513515152467,,21763,,0,1,0
0.402922970805044,,0.402922970805044,,21764,,0,1,0
0.402923826908655,,0.402923826908655,,21765,,0,1,0
0.364882643111786,,0.364882643111786,,21766,,0,1,0
0.364881777505566,,0.364881777505566,,21767,,0,1,0
0.327631019179535,,0.327631019179535,,21768,,0,1,0
0.327631694664781,,0.327631694664781,,21769,,0,1,0
0.291409496685446,,0.291409496685446,,21770,,0,1,0
0.291408859633641,,0.291408859633641,,21771,,0,1,0
0.256440139226648,,0.256440139226648,,21772,,0,1,0
0.256440438030554,,0.256440438030554,,21773,,0,1,0
0.222949051806099,,0.222949051806099,,21774,,0,1,0
0.22294968862832,,0.22294968862832,,21775,,0,1,0
0.191146720725202,,0.191146720725202,,21776,,0,1,0
0.191145836242656,,0.191145836242656,,21777,,0,1,0
0.161234423227599,,0.161234423227599,,21778,,0,1,0
0.161234998632153,,0.161234998632153,,21779,,0,1,0
0.133401424010488,,0.133401424010488,,21780,,0,1,0
0.133401300860259,,0.133401300860259,,21781,,0,1,0
0.107821885417481,,0.107821885417481,,21782,,0,1,0
0.107821705504815,,0.107821705504815,,21783,,0,1,0
0.0846620073069322,,0.0846620073069322,,21784,,0,1,0
0.0846622525742586,,0.0846622525742586,,21785,,0,1,0
0.0640642406305165,,0.0640642406305165,,21786,,0,1,0
0.0640643153048086,,0.0640643153048086,,21787,,0,1,0
0.0461618030599671,,0.0461618030599671,,21788,,0,1,0
0.0461616853401541,,0.0461616853401541,,21789,,0,1,0
0.0310649230235739,,0.0310649230235739,,21790,,0,1,0
0.0310649230235739,,0.0310649230235739,,21791,,0,1,0
0.0188722141669206,,0.0188722141669206,,21792,,0,1,0
0.0188722373268195,,0.0188722373268195,,21793,,0,1,0
0.00965921773290124,,0.00965921773290124,,21794,,0,1,0
0.00965924258640449,,0.00965924258640449,,21795,,0,1,0
0.0034845989189827,,0.0034845989189827,,21796,,0,1,0
0.00348459394308612,,0.00348459394308612,,21797,,0,1,0
0.978567547109499,,0.978567547109499,,21798,,0,1,0
0.980116127593142,,0.980116127593142,,21799,,0,1,0
0.980116127593142,,0.980116127593142,,21800,,0,1,0
0.978567547109499,,0.978567547109499,,21801,,0,1,0
0.978571382845985,,0.978571382845985,,21802,,0,1,0
0.973935307615193,,0.973935307615193,,21803,,0,1,0
0.973932645604236,,0.973932645604236,,21804,,0,1,0
0.966238556954188,,0.966238556954188,,21805,,0,1,0
0.966236899784072,,0.966236899784072,,21806,,0,1,0
0.955533716284236,,0.955533716284236,,21807,,0,1,0
0.955537506608557,,0.955537506608557,,21808,,0,1,0
0.941892608233339,,0.941892608233339,,21809,,0,1,0
0.941889335916024,,0.941889335916024,,21810,,0,1,0
0.925388138980708,,0.925388138980708,,21811,,0,1,0
0.925388463333093,,0.925388463333093,,21812,,0,1,0
0.906136673938882,,0.906136673938882,,21813,,0,1,0
0.906136352978145,,0.906136352978145,,21814,,0,1,0
0.884253626566789,,0.884253626566789,,21815,,0,1,0
0.884255370405931,,0.884255370405931,,21816,,0,1,0
0.859882083000258,,0.859882083000258,,21817,,0,1,0
0.859881770338689,,0.859881770338689,,21818,,0,1,0
0.833170922797997,,0.833170922797997,,21819,,0,1,0
0.833171076681538,,0.833171076681538,,21820,,0,1,0
0.8042899463236,,0.8042899463236,,21821,,0,1,0
0.8042899463236,,0.8042899463236,,21822,,0,1,0
0.773423493719072,,0.773423493719072,,21823,,0,1,0
0.773422900665828,,0.773422900665828,,21824,,0,1,0
0.740763883020918,,0.740763883020918,,21825,,0,1,0
0.740763883020918,,0.740763883020918,,21826,,0,1,0
0.706519952651547,,0.706519952651547,,21827,,0,1,0
0.706519952651547,,0.706519952651547,,21828,,0,1,0
0.670907787540386,,0.670907787540386,,21829,,0,1,0
0.670907235187769,,0.670907235187769,,21830,,0,1,0
0.634150824488444,,0.634150824488444,,21831,,0,1,0
0.634150555984093,,0.634150555984093,,21832,,0,1,0
0.596483405734325,,0.596483405734325,,21833,,0,1,0
0.596483666142326,,0.596483666142326,,21834,,0,1,0
0.558141295698029,,0.558141295698029,,21835,,0,1,0
0.558141169748325,,0.558141169748325,,21836,,0,1,0
0.51936982858436,,0.51936982858436,,21837,,0,1,0
0.519370436066602,,0.519370436066602,,21838,,0,1,0
0.480413072899497,,0.480413072899497,,21839,,0,1,0
0.480412663921015,,0.480412663921015,,21840,,0,1,0
0.441513739193285,,0.441513739193285,,21841,,0,1,0
0.441513515152467,,0.441513515152467,,21842,,0,1,0
0.402923131324401,,0.402923131324401,,21843,,0,1,0
0.402923505869694,,0.402923505869694,,21844,,0,1,0
0.364882490357672,,0.364882490357672,,21845,,0,1,0
0.36488193025953,,0.36488193025953,,21846,,0,1,0
0.327631212175248,,0.327631212175248,,21847,,0,1,0
0.327631501668925,,0.327631501668925,,21848,,0,1,0
0.291409314670574,,0.291409314670574,,21849,,0,1,0
0.291408996144684,,0.291408996144684,,21850,,0,1,0
0.256440267285443,,0.256440267285443,,21851,,0,1,0
0.256440267285443,,0.256440267285443,,21852,,0,1,0
0.222949290614325,,0.222949290614325,,21853,,0,1,0
0.222949449819881,,0.222949449819881,,21854,,0,1,0
0.191146462750915,,0.191146462750915,,21855,,0,1,0
0.191146094216521,,0.191146094216521,,21856,,0,1,0
0.161234660158762,,0.161234660158762,,21857,,0,1,0
0.161234863242754,,0.161234863242754,,21858,,0,1,0
0.133401424010488,,0.133401424010488,,21859,,0,1,0
0.133401300860259,,0.133401300860259,,21860,,0,1,0
0.107821885417481,,0.107821885417481,,21861,,0,1,0
0.107821788541412,,0.107821788541412,,21862,,0,1,0
0.084662093150456,,0.084662093150456,,21863,,0,1,0
0.0846621789940234,,0.0846621789940234,,21864,,0,1,0
0.0640642406305165,,0.0640642406305165,,21865,,0,1,0
0.0640642406305165,,0.0640642406305165,,21866,,0,1,0
0.0461617396723568,,0.0461617396723568,,21867,,0,1,0
0.0461616853401541,,0.0461616853401541,,21868,,0,1,0
0.0310649230235739,,0.0310649230235739,,21869,,0,1,0
0.0310649230235739,,0.0310649230235739,,21870,,0,1,0
0.018872219956894,,0.018872219956894,,21871,,0,1,0
0.0188722373268195,,0.0188722373268195,,21872,,0,1,0
0.00965922187514956,,0.00965922187514956,,21873,,0,1,0
0.009659240515278,,0.009659240515278,,21874,,0,1,0
0.0034845989189827,,0.0034845989189827,,21875,,0,1,0
0.00348459394308612,,0.00348459394308612,,21876,,0,1,0
0.899321737549378,,0.899321737549378,,21877,,0,1,0
0.895060990875329,,0.895060990875329,,21878,,0,1,0
0.895062107351833,,0.895062107351833,,21879,,0,1,0
0.887991125352421,,0.887991125352421,,21880,,0,1,0
0.887992872873042,,0.887992872873042,,21881,,0,1,0
0.878156459044199,,0.878156459044199,,21882,,0,1,0
0.878154405263132,,0.878154405263132,,21883,,0,1,0
0.865614249494683,,0.865614249494683,,21884,,0,1,0
0.865618170774162,,0.865618170774162,,21885,,0,1,0
0.850453497669264,,0.850453497669264,,21886,,0,1,0
0.850451010129404,,0.850451010129404,,21887,,0,1,0
0.832758412116874,,0.832758412116874,,21888,,0,1,0
0.832756258282188,,0.832756258282188,,21889,,0,1,0
0.812646199031242,,0.812646199031242,,21890,,0,1,0
0.812647718794899,,0.812647718794899,,21891,,0,1,0
0.790247298461743,,0.790247298461743,,21892,,0,1,0
0.790246698993037,,0.790246698993037,,21893,,0,1,0
0.765698640353094,,0.765698640353094,,21894,,0,1,0
0.76570070564938,,0.76570070564938,,21895,,0,1,0
0.739157491094325,,0.739157491094325,,21896,,0,1,0
0.739156041677241,,0.739156041677241,,21897,,0,1,0
0.710789599744778,,0.710789599744778,,21898,,0,1,0
0.710788178413175,,0.710788178413175,,21899,,0,1,0
0.68077485208417,,0.68077485208417,,21900,,0,1,0
0.680777216784698,,0.680777216784698,,21901,,0,1,0
0.649305814515174,,0.649305814515174,,21902,,0,1,0
0.649305542821395,,0.649305542821395,,21903,,0,1,0
0.616577168374334,,0.616577168374334,,21904,,0,1,0
0.616576506479937,,0.616576506479937,,21905,,0,1,0
0.582797012159773,,0.582797012159773,,21906,,0,1,0
0.582797398264468,,0.582797398264468,,21907,,0,1,0
0.548180316502567,,0.548180316502567,,21908,,0,1,0
0.548181190248222,,0.548181190248222,,21909,,0,1,0
0.512943474760618,,0.512943474760618,,21910,,0,1,0
0.512941422141644,,0.512941422141644,,21911,,0,1,0
0.477310795080799,,0.477310795080799,,21912,,0,1,0
0.477310212715354,,0.477310212715354,,21913,,0,1,0
0.44150735405225,,0.44150735405225,,21914,,0,1,0
0.44150735405225,,0.44150735405225,,21915,,0,1,0
0.405759077173407,,0.405759077173407,,21916,,0,1,0
0.405759775201277,,0.405759775201277,,21917,,0,1,0
0.37029416985108,,0.37029416985108,,21918,,0,1,0
0.370293810791537,,0.370293810791537,,21919,,0,1,0
0.33533315463945,,0.33533315463945,,21920,,0,1,0
0.335333349890512,,0.335333349890512,,21921,,0,1,0
0.301099349903255,,0.301099349903255,,21922,,0,1,0
0.301099627427776,,0.301099627427776,,21923,,0,1,0
0.267810563571674,,0.267810563571674,,21924,,0,1,0
0.267811872243458,,0.267811872243458,,21925,,0,1,0
0.235674647354649,,0.235674647354649,,21926,,0,1,0
0.235673788003952,,0.235673788003952,,21927,,0,1,0
0.204894987818108,,0.204894987818108,,21928,,0,1,0
0.204893843145165,,0.204893843145165,,21929,,0,1,0
0.17566643176724,,0.17566643176724,,21930,,0,1,0
0.175667279680169,,0.175667279680169,,21931,,0,1,0
0.148177944626021,,0.148177944626021,,21932,,0,1,0
0.148178074417736,,0.148178074417736,,21933,,0,1,0
0.122598345399469,,0.122598345399469,,21934,,0,1,0
0.122598552001996,,0.122598552001996,,21935,,0,1,0
0.0990904796594809,,0.0990904796594809,,21936,,0,1,0
0.0990903071852429,,0.0990903071852429,,21937,,0,1,0
0.0778061261578262,,0.0778061261578262,,21938,,0,1,0
0.0778060556198241,,0.0778060556198241,,21939,,0,1,0
0.0588761622982621,,0.0588761622982621,,21940,,0,1,0
0.0588761622982621,,0.0588761622982621,,21941,,0,1,0
0.0424234779987249,,0.0424234779987249,,21942,,0,1,0
0.0424234172319586,,0.0424234172319586,,21943,,0,1,0
0.0285492204648242,,0.0285492204648242,,21944,,0,1,0
0.0285492204648242,,0.0285492204648242,,21945,,0,1,0
0.0173439264529023,,0.0173439264529023,,21946,,0,1,0
0.0173439542058422,,0.0173439542058422,,21947,,0,1,0
0.00887700862214225,,0.00887700862214225,,21948,,0,1,0
0.00887698082525745,,0.00887698082525745,,21949,,0,1,0
0.00320239581588691,,0.00320239581588691,,21950,,0,1,0
0.00320240356739554,,0.00320240356739554,,21951,,0,1,0
0.899323975811519,,0.899323975811519,,21952,,0,1,0
0.900746954728675,,0.900746954728675,,21953,,0,1,0
0.900746954728675,,0.900746954728675,,21954,,0,1,0
0.899323975811519,,0.899323975811519,,21955,,0,1,0
0.899321737549378,,0.899321737549378,,21956,,0,1,0
0.895061309868545,,0.895061309868545,,21957,,0,1,0
0.895062107351833,,0.895062107351833,,21958,,0,1,0
0.887991284217861,,0.887991284217861,,21959,,0,1,0
0.887992872873042,,0.887992872873042,,21960,,0,1,0
0.878156301060955,,0.878156301060955,,21961,,0,1,0
0.878154721229294,,0.878154721229294,,21962,,0,1,0
0.865614876898803,,0.865614876898803,,21963,,0,1,0
0.865617700220156,,0.865617700220156,,21964,,0,1,0
0.850452875783958,,0.850452875783958,,21965,,0,1,0
0.850451632014028,,0.850451632014028,,21966,,0,1,0
0.832758412116874,,0.832758412116874,,21967,,0,1,0
0.832756873663243,,0.832756873663243,,21968,,0,1,0
0.81264650298386,,0.81264650298386,,21969,,0,1,0
0.81264756681847,,0.81264756681847,,21970,,0,1,0
0.790247298461743,,0.790247298461743,,21971,,0,1,0
0.790246698993037,,0.790246698993037,,21972,,0,1,0
0.765699230437463,,0.765699230437463,,21973,,0,1,0
0.765700115564442,,0.765700115564442,,21974,,0,1,0
0.739157346152552,,0.739157346152552,,21975,,0,1,0
0.739156621443904,,0.739156621443904,,21976,,0,1,0
0.710789457611554,,0.710789457611554,,21977,,0,1,0
0.710788746945646,,0.710788746945646,,21978,,0,1,0
0.680775269383965,,0.680775269383965,,21979,,0,1,0
0.680776521284116,,0.680776521284116,,21980,,0,1,0
0.649305814515174,,0.649305814515174,,21981,,0,1,0
0.649305542821395,,0.649305542821395,,21982,,0,1,0
0.616576903616533,,0.616576903616533,,21983,,0,1,0
0.616576638858788,,0.616576638858788,,21984,,0,1,0
0.582797269562889,,0.582797269562889,,21985,,0,1,0
0.582797269562889,,0.582797269562889,,21986,,0,1,0
0.548180690964905,,0.548180690964905,,21987,,0,1,0
0.548181190248222,,0.548181190248222,,21988,,0,1,0
0.512942871048729,,0.512942871048729,,21989,,0,1,0
0.512942025852681,,0.512942025852681,,21990,,0,1,0
0.477310620371128,,0.477310620371128,,21991,,0,1,0
0.477310445661489,,0.477310445661489,,21992,,0,1,0
0.44150735405225,,0.44150735405225,,21993,,0,1,0
0.44150735405225,,0.44150735405225,,21994,,0,1,0
0.405759238256708,,0.405759238256708,,21995,,0,1,0
0.405759614117869,,0.405759614117869,,21996,,0,1,0
0.37029416985108,,0.37029416985108,,21997,,0,1,0
0.370293964674177,,0.370293964674177,,21998,,0,1,0
0.33533315463945,,0.33533315463945,,21999,,0,1,0
0.335333349890512,,0.335333349890512,,22000,,0,1,0
0.3010994886655,,0.3010994886655,,22001,,0,1,0
0.301099627427776,,0.301099627427776,,22002,,0,1,0
0.267810868928137,,0.267810868928137,,22003,,0,1,0
0.267811436019175,,0.267811436019175,,22004,,0,1,0
0.235674360904243,,0.235674360904243,,22005,,0,1,0
0.235673951689678,,0.235673951689678,,22006,,0,1,0
0.204894606260105,,0.204894606260105,,22007,,0,1,0
0.204894072079497,,0.204894072079497,,22008,,0,1,0
0.175666679074967,,0.175666679074967,,22009,,0,1,0
0.17566703237202,,0.17566703237202,,22010,,0,1,0
0.148177944626021,,0.148177944626021,,22011,,0,1,0
0.148178074417736,,0.148178074417736,,22012,,0,1,0
0.122598448700711,,0.122598448700711,,22013,,0,1,0
0.122598448700711,,0.122598448700711,,22014,,0,1,0
0.0990904796594809,,0.0990904796594809,,22015,,0,1,0
0.0990903071852429,,0.0990903071852429,,22016,,0,1,0
0.0778061261578262,,0.0778061261578262,,22017,,0,1,0
0.0778060556198241,,0.0778060556198241,,22018,,0,1,0
0.0588761622982621,,0.0588761622982621,,22019,,0,1,0
0.0588761622982621,,0.0588761622982621,,22020,,0,1,0
0.0424234779987249,,0.0424234779987249,,22021,,0,1,0
0.0424234172319586,,0.0424234172319586,,22022,,0,1,0
0.0285492204648242,,0.0285492204648242,,22023,,0,1,0
0.0285492204648242,,0.0285492204648242,,22024,,0,1,0
0.0173439320034885,,0.0173439320034885,,22025,,0,1,0
0.0173439514305472,,0.0173439514305472,,22026,,0,1,0
0.00887700663664903,,0.00887700663664903,,22027,,0,1,0
0.00887698082525745,,0.00887698082525745,,22028,,0,1,0
0.00320239581588691,,0.00320239581588691,,22029,,0,1,0
0.00320240356739554,,0.00320240356739554,,22030,,0,1,0
0.820702879815151,,0.820702879815151,,22031,,0,1,0
0.816814769781793,,0.816814769781793,,22032,,0,1,0
0.81681614107265,,0.81681614107265,,22033,,0,1,0
0.810363600444937,,0.810363600444937,,22034,,0,1,0
0.810361324005953,,0.810361324005953,,22035,,0,1,0
0.801384530578567,,0.801384530578567,,22036,,0,1,0
0.801386794373798,,0.801386794373798,,22037,,0,1,0
0.789942797639931,,0.789942797639931,,22038,,0,1,0
0.789940250390401,,0.789940250390401,,22039,,0,1,0
0.776101219361891,,0.776101219361891,,22040,,0,1,0
0.77610626904243,,0.77610626904243,,22041,,0,1,0
0.759959359493479,,0.759959359493479,,22042,,0,1,0
0.759956567120135,,0.759956567120135,,22043,,0,1,0
0.7416054070043,,0.7416054070043,,22044,,0,1,0
0.741604826278063,,0.741604826278063,,22045,,0,1,0
0.721162816908993,,0.721162816908993,,22046,,0,1,0
0.721164678076207,,0.721164678076207,,22047,,0,1,0
0.698762430296888,,0.698762430296888,,22048,,0,1,0
0.698756511434517,,0.698756511434517,,22049,,0,1,0
0.674535144580268,,0.674535144580268,,22050,,0,1,0
0.674541790723488,,0.674541790723488,,22051,,0,1,0
0.64865350575139,,0.64865350575139,,22052,,0,1,0
0.648652012187114,,0.648652012187114,,22053,,0,1,0
0.621263117377858,,0.621263117377858,,22054,,0,1,0
0.621259795357332,,0.621259795357332,,22055,,0,1,0
0.592540465858093,,0.592540465858093,,22056,,0,1,0
0.592542152907363,,0.592542152907363,,22057,,0,1,0
0.562674450612832,,0.562674450612832,,22058,,0,1,0
0.562673818312255,,0.562673818312255,,22059,,0,1,0
0.531847575707054,,0.531847575707054,,22060,,0,1,0
0.531848436337896,,0.531848436337896,,22061,,0,1,0
0.500257882936531,,0.500257882936531,,22062,,0,1,0
0.500256809776857,,0.500256809776857,,22063,,0,1,0
0.468099550069256,,0.468099550069256,,22064,,0,1,0
0.46810202996398,,0.46810202996398,,22065,,0,1,0
0.435585099827229,,0.435585099827229,,22066,,0,1,0
0.435584154068637,,0.435584154068637,,22067,,0,1,0
0.402911306483958,,0.402911306483958,,22068,,0,1,0
0.402912002058004,,0.402912002058004,,22069,,0,1,0
0.370288630094651,,0.370288630094651,,22070,,0,1,0
0.370287091280774,,0.370287091280774,,22071,,0,1,0
0.337922378559597,,0.337922378559597,,22072,,0,1,0
0.337922231557075,,0.337922231557075,,22073,,0,1,0
0.306017904481564,,0.306017904481564,,22074,,0,1,0
0.306018883719348,,0.306018883719348,,22075,,0,1,0
0.274777372275709,,0.274777372275709,,22076,,0,1,0
0.274777372275709,,0.274777372275709,,22077,,0,1,0
0.244398795094527,,0.244398795094527,,22078,,0,1,0
0.244398670078461,,0.244398670078461,,22079,,0,1,0
0.215070662286536,,0.215070662286536,,22080,,0,1,0
0.215070545011146,,0.215070545011146,,22081,,0,1,0
0.186982287082175,,0.186982287082175,,22082,,0,1,0
0.186982141282941,,0.186982141282941,,22083,,0,1,0
0.16031002842263,,0.16031002842263,,22084,,0,1,0
0.16030989342214,,0.16030989342214,,22085,,0,1,0
0.135223701848178,,0.135223701848178,,22086,,0,1,0
0.135224135808373,,0.135224135808373,,22087,,0,1,0
0.111880579946164,,0.111880579946164,,22088,,0,1,0
0.111880481263604,,0.111880481263604,,22089,,0,1,0
0.0904276248895997,,0.0904276248895997,,22090,,0,1,0
0.0904275361712199,,0.0904275361712199,,22091,,0,1,0
0.0710040450614717,,0.0710040450614717,,22092,,0,1,0
0.0710041910605881,,0.0710041910605881,,22093,,0,1,0
0.0537291084240383,,0.0537291084240383,,22094,,0,1,0
0.0537289814213193,,0.0537289814213193,,22095,,0,1,0
0.0387146517460342,,0.0387146517460342,,22096,,0,1,0
0.0387147595529047,,0.0387147595529047,,22097,,0,1,0
0.0260534148609236,,0.0260534148609236,,22098,,0,1,0
0.0260534590801331,,0.0260534590801331,,22099,,0,1,0
0.0158277099560201,,0.0158277099560201,,22100,,0,1,0
0.0158277099560201,,0.0158277099560201,,22101,,0,1,0
0.00810096558027429,,0.00810096558027429,,22102,,0,1,0
0.00810095799339117,,0.00810095799339117,,22103,,0,1,0
0.00292244347688334,,0.00292244347688334,,22104,,0,1,0
0.00292244632493777,,0.00292244632493777,,22105,,0,1,0
0.820703337998594,,0.820703337998594,,22106,,0,1,0
0.822002190817905,,0.822002190817905,,22107,,0,1,0
0.822002190817905,,0.822002190817905,,22108,,0,1,0
0.820703337998594,,0.820703337998594,,22109,,0,1,0
0.820702879815151,,0.820702879815151,,22110,,0,1,0
0.816814769781793,,0.816814769781793,,22111,,0,1,0
0.81681614107265,,0.81681614107265,,22112,,0,1,0
0.810363600444937,,0.810363600444937,,22113,,0,1,0
0.810361475768453,,0.810361475768453,,22114,,0,1,0
0.801384832417746,,0.801384832417746,,22115,,0,1,0
0.801386643454016,,0.801386643454016,,22116,,0,1,0
0.789942497963303,,0.789942497963303,,22117,,0,1,0
0.789940849742862,,0.789940849742862,,22118,,0,1,0
0.77610196196094,,0.77610196196094,,22119,,0,1,0
0.77610552644132,,0.77610552644132,,22120,,0,1,0
0.75995877162498,,0.75995877162498,,22121,,0,1,0
0.759957154987781,,0.759957154987781,,22122,,0,1,0
0.741605116641153,,0.741605116641153,,22123,,0,1,0
0.741604826278063,,0.741604826278063,,22124,,0,1,0
0.721162960075617,,0.721162960075617,,22125,,0,1,0
0.721163962242379,,0.721163962242379,,22126,,0,1,0
0.698761021041669,,0.698761021041669,,22127,,0,1,0
0.698757920685189,,0.698757920685189,,22128,,0,1,0
0.674536667651864,,0.674536667651864,,22129,,0,1,0
0.674540129184614,,0.674540129184614,,22130,,0,1,0
0.648653234194121,,0.648653234194121,,22131,,0,1,0
0.648652283744127,,0.648652283744127,,22132,,0,1,0
0.621262187211215,,0.621262187211215,,22133,,0,1,0
0.621260592641448,,0.621260592641448,,22134,,0,1,0
0.592541114722913,,0.592541114722913,,22135,,0,1,0
0.592542023134257,,0.592542023134257,,22136,,0,1,0
0.562674450612832,,0.562674450612832,,22137,,0,1,0
0.562673944772342,,0.562673944772342,,22138,,0,1,0
0.531848067496021,,0.531848067496021,,22139,,0,1,0
0.531848067496021,,0.531848067496021,,22140,,0,1,0
0.500257405976534,,0.500257405976534,,22141,,0,1,0
0.500257048256685,,0.500257048256685,,22142,,0,1,0
0.468100299804178,,0.468100299804178,,22143,,0,1,0
0.468101049539699,,0.468101049539699,,22144,,0,1,0
0.435584766029962,,0.435584766029962,,22145,,0,1,0
0.435584376599978,,0.435584376599978,,22146,,0,1,0
0.402911467000992,,0.402911467000992,,22147,,0,1,0
0.402911841540863,,0.402911841540863,,22148,,0,1,0
0.37028832233162,,0.37028832233162,,22149,,0,1,0
0.370287604218378,,0.370287604218378,,22150,,0,1,0
0.337922378559597,,0.337922378559597,,22151,,0,1,0
0.337922378559597,,0.337922378559597,,22152,,0,1,0
0.306018230893985,,0.306018230893985,,22153,,0,1,0
0.306018557306579,,0.306018557306579,,22154,,0,1,0
0.274777372275709,,0.274777372275709,,22155,,0,1,0
0.274777372275709,,0.274777372275709,,22156,,0,1,0
0.244398795094527,,0.244398795094527,,22157,,0,1,0
0.244398670078461,,0.244398670078461,,22158,,0,1,0
0.215070662286536,,0.215070662286536,,22159,,0,1,0
0.215070545011146,,0.215070545011146,,22160,,0,1,0
0.186982287082175,,0.186982287082175,,22161,,0,1,0
0.186982141282941,,0.186982141282941,,22162,,0,1,0
0.16031002842263,,0.16031002842263,,22163,,0,1,0
0.16030989342214,,0.16030989342214,,22164,,0,1,0
0.135223825836734,,0.135223825836734,,22165,,0,1,0
0.135224011819675,,0.135224011819675,,22166,,0,1,0
0.111880579946164,,0.111880579946164,,22167,,0,1,0
0.111880481263604,,0.111880481263604,,22168,,0,1,0
0.0904276248895997,,0.0904276248895997,,22169,,0,1,0
0.0904275361712199,,0.0904275361712199,,22170,,0,1,0
0.0710041124456606,,0.0710041124456606,,22171,,0,1,0
0.0710041910605881,,0.0710041910605881,,22172,,0,1,0
0.0537291084240383,,0.0537291084240383,,22173,,0,1,0
0.0537290400379402,,0.0537290400379402,,22174,,0,1,0
0.0387146517460342,,0.0387146517460342,,22175,,0,1,0
0.0387147015030327,,0.0387147015030327,,22176,,0,1,0
0.0260534148609236,,0.0260534148609236,,22177,,0,1,0
0.0260534590801331,,0.0260534590801331,,22178,,0,1,0
0.0158277099560201,,0.0158277099560201,,22179,,0,1,0
0.0158277099560201,,0.0158277099560201,,22180,,0,1,0
0.00810096178683228,,0.00810096178683228,,22181,,0,1,0
0.00810095799339117,,0.00810095799339117,,22182,,0,1,0
0.00292244347688334,,0.00292244347688334,,22183,,0,1,0
0.00292244632493777,,0.00292244632493777,,22184,,0,1,0
0.743208496398921,,0.743208496398921,,22185,,0,1,0
0.739687783201084,,0.739687783201084,,22186,,0,1,0
0.739687058232448,,0.739687058232448,,22187,,0,1,0
0.733843365416085,,0.733843365416085,,22188,,0,1,0
0.733843076576484,,0.733843076576484,,22189,,0,1,0
0.725714227132926,,0.725714227132926,,22190,,0,1,0
0.725712934574354,,0.725712934574354,,22191,,0,1,0
0.715349844518443,,0.715349844518443,,22192,,0,1,0
0.715352553701514,,0.715352553701514,,22193,,0,1,0
0.70282033817719,,0.70282033817719,,22194,,0,1,0
0.702816522159033,,0.702816522159033,,22195,,0,1,0
0.688194378095098,,0.688194378095098,,22196,,0,1,0
0.688195776654375,,0.688195776654375,,22197,,0,1,0
0.671577267892481,,0.671577267892481,,22198,,0,1,0
0.671578096835113,,0.671578096835113,,22199,,0,1,0
0.6530665962174,,0.6530665962174,,22200,,0,1,0
0.653063871425275,,0.653063871425275,,22201,,0,1,0
0.632776558909541,,0.632776558909541,,22202,,0,1,0
0.632782191401049,,0.632782191401049,,22203,,0,1,0
0.610847546923488,,0.610847546923488,,22204,,0,1,0
0.610841881153192,,0.610841881153192,,22205,,0,1,0
0.587399033349875,,0.587399033349875,,22206,,0,1,0
0.587403943290219,,0.587403943290219,,22207,,0,1,0
0.56259933579031,,0.56259933579031,,22208,,0,1,0
0.56259933579031,,0.56259933579031,,22209,,0,1,0
0.536592069416209,,0.536592069416209,,22210,,0,1,0
0.536590217001987,,0.536590217001987,,22211,,0,1,0
0.509542865465285,,0.509542865465285,,22212,,0,1,0
0.509542745123781,,0.509542745123781,,22213,,0,1,0
0.481627571042241,,0.481627571042241,,22214,,0,1,0
0.481627161547131,,0.481627161547131,,22215,,0,1,0
0.453019307265452,,0.453019307265452,,22216,,0,1,0
0.453020441972429,,0.453020441972429,,22217,,0,1,0
0.42389985079015,,0.42389985079015,,22218,,0,1,0
0.423898753158937,,0.423898753158937,,22219,,0,1,0
0.394452465512048,,0.394452465512048,,22220,,0,1,0
0.39445299492259,,0.39445299492259,,22221,,0,1,0
0.36486538209931,,0.36486538209931,,22222,,0,1,0
0.36486538209931,,0.36486538209931,,22223,,0,1,0
0.335322171858765,,0.335322171858765,,22224,,0,1,0
0.335322025422904,,0.335322025422904,,22225,,0,1,0
0.306013381355941,,0.306013381355941,,22226,,0,1,0
0.306014313956426,,0.306014313956426,,22227,,0,1,0
0.277122538673213,,0.277122538673213,,22228,,0,1,0
0.27712209493089,,0.27712209493089,,22229,,0,1,0
0.248830985406194,,0.248830985406194,,22230,,0,1,0
0.248830270587435,,0.248830270587435,,22231,,0,1,0
0.221320420018587,,0.221320420018587,,22232,,0,1,0
0.22132081657597,,0.22132081657597,,22233,,0,1,0
0.19476214133465,,0.19476214133465,,22234,,0,1,0
0.194762401737394,,0.194762401737394,,22235,,0,1,0
0.169326281273818,,0.169326281273818,,22236,,0,1,0
0.169326974999429,,0.169326974999429,,22237,,0,1,0
0.14517308222964,,0.14517308222964,,22238,,0,1,0
0.145173403402168,,0.145173403402168,,22239,,0,1,0
0.122455978643707,,0.122455978643707,,22240,,0,1,0
0.122455285453615,,0.122455285453615,,22241,,0,1,0
0.101316162125866,,0.101316162125866,,22242,,0,1,0
0.101315974309987,,0.101315974309987,,22243,,0,1,0
0.0818888543704195,,0.0818888543704195,,22244,,0,1,0
0.0818890232222462,,0.0818890232222462,,22245,,0,1,0
0.0642996377499756,,0.0642996377499756,,22246,,0,1,0
0.0642993491922899,,0.0642993491922899,,22247,,0,1,0
0.0486555918486449,,0.0486555918486449,,22248,,0,1,0
0.0486557777839653,,0.0486557777839653,,22249,,0,1,0
0.0350590970590758,,0.0350590970590758,,22250,,0,1,0
0.0350591523003492,,0.0350591523003492,,22251,,0,1,0
0.0235933503694695,,0.0235933503694695,,22252,,0,1,0
0.0235933082897266,,0.0235933082897266,,22253,,0,1,0
0.0143331657091199,,0.0143331657091199,,22254,,0,1,0
0.0143330975899386,,0.0143330975899386,,22255,,0,1,0
0.00733598901085067,,0.00733598901085067,,22256,,0,1,0
0.00733601337765499,,0.00733601337765499,,22257,,0,1,0
0.00264648792347003,,0.00264648792347003,,22258,,0,1,0
0.00264648629731756,,0.00264648629731756,,22259,,0,1,0
0.743207043015445,,0.743207043015445,,22260,,0,1,0
0.744383294709252,,0.744383294709252,,22261,,0,1,0
0.744383294709252,,0.744383294709252,,22262,,0,1,0
0.743207043015445,,0.743207043015445,,22263,,0,1,0
0.743208496398921,,0.743208496398921,,22264,,0,1,0
0.739687493213587,,0.739687493213587,,22265,,0,1,0
0.739687058232448,,0.739687058232448,,22266,,0,1,0
0.733843076576484,,0.733843076576484,,22267,,0,1,0
0.733843076576484,,0.733843076576484,,22268,,0,1,0
0.725714227132926,,0.725714227132926,,22269,,0,1,0
0.725713221809492,,0.725713221809492,,22270,,0,1,0
0.715350129695366,,0.715350129695366,,22271,,0,1,0
0.715351983346757,,0.715351983346757,,22272,,0,1,0
0.702819631506379,,0.702819631506379,,22273,,0,1,0
0.702817087494402,,0.702817087494402,,22274,,0,1,0
0.688194657806839,,0.688194657806839,,22275,,0,1,0
0.688195636798383,,0.688195636798383,,22276,,0,1,0
0.671577406049551,,0.671577406049551,,22277,,0,1,0
0.671577958677972,,0.671577958677972,,22278,,0,1,0
0.653065915018836,,0.653065915018836,,22279,,0,1,0
0.653064280143731,,0.653064280143731,,22280,,0,1,0
0.63277736354965,,0.63277736354965,,22281,,0,1,0
0.632780716222278,,0.632780716222278,,22282,,0,1,0
0.610846229300144,,0.610846229300144,,22283,,0,1,0
0.610843198771846,,0.610843198771846,,22284,,0,1,0
0.587400067019821,,0.587400067019821,,22285,,0,1,0
0.587402651198666,,0.587402651198666,,22286,,0,1,0
0.56259933579031,,0.56259933579031,,22287,,0,1,0
0.56259933579031,,0.56259933579031,,22288,,0,1,0
0.536591698933108,,0.536591698933108,,22289,,0,1,0
0.536590587484575,,0.536590587484575,,22290,,0,1,0
0.509542865465285,,0.509542865465285,,22291,,0,1,0
0.509542745123781,,0.509542745123781,,22292,,0,1,0
0.481627337045014,,0.481627337045014,,22293,,0,1,0
0.481627161547131,,0.481627161547131,,22294,,0,1,0
0.453019477471408,,0.453019477471408,,22295,,0,1,0
0.453020044824825,,0.453020044824825,,22296,,0,1,0
0.423899466619064,,0.423899466619064,,22297,,0,1,0
0.423898917803529,,0.423898917803529,,22298,,0,1,0
0.394452624335173,,0.394452624335173,,22299,,0,1,0
0.39445283609939,,0.39445283609939,,22300,,0,1,0
0.36486538209931,,0.36486538209931,,22301,,0,1,0
0.36486538209931,,0.36486538209931,,22302,,0,1,0
0.335322171858765,,0.335322171858765,,22303,,0,1,0
0.335322025422904,,0.335322025422904,,22304,,0,1,0
0.306013521245923,,0.306013521245923,,22305,,0,1,0
0.306014034176131,,0.306014034176131,,22306,,0,1,0
0.277122405550479,,0.277122405550479,,22307,,0,1,0
0.277122272427777,,0.277122272427777,,22308,,0,1,0
0.248830859261632,,0.248830859261632,,22309,,0,1,0
0.248830396731847,,0.248830396731847,,22310,,0,1,0
0.221320578641498,,0.221320578641498,,22311,,0,1,0
0.22132081657597,,0.22132081657597,,22312,,0,1,0
0.19476214133465,,0.19476214133465,,22313,,0,1,0
0.194762401737394,,0.194762401737394,,22314,,0,1,0
0.169326489391352,,0.169326489391352,,22315,,0,1,0
0.169326836254193,,0.169326836254193,,22316,,0,1,0
0.145173210698609,,0.145173210698609,,22317,,0,1,0
0.145173307050372,,0.145173307050372,,22318,,0,1,0
0.122455786910081,,0.122455786910081,,22319,,0,1,0
0.122455388694569,,0.122455388694569,,22320,,0,1,0
0.101316068217905,,0.101316068217905,,22321,,0,1,0
0.101315974309987,,0.101315974309987,,22322,,0,1,0
0.0818888543704195,,0.0818888543704195,,22323,,0,1,0
0.0818889387963111,,0.0818889387963111,,22324,,0,1,0
0.0642995629386616,,0.0642995629386616,,22325,,0,1,0
0.0642994133161641,,0.0642994133161641,,22326,,0,1,0
0.0486555918486449,,0.0486555918486449,,22327,,0,1,0
0.0486557127065628,,0.0486557127065628,,22328,,0,1,0
0.0350590970590758,,0.0350590970590758,,22329,,0,1,0
0.0350591523003492,,0.0350591523003492,,22330,,0,1,0
0.0235933503694695,,0.0235933503694695,,22331,,0,1,0
0.0235933082897266,,0.0235933082897266,,22332,,0,1,0
0.014333158140314,,0.014333158140314,,22333,,0,1,0
0.014333107681659,,0.014333107681659,,22334,,0,1,0
0.00733599171827137,,0.00733599171827137,,22335,,0,1,0
0.00733601067023029,,0.00733601067023029,,22336,,0,1,0
0.00264648792347003,,0.00264648792347003,,22337,,0,1,0
0.00264648629731756,,0.00264648629731756,,22338,,0,1,0
0.667323950685386,,0.667323950685386,,22339,,0,1,0
0.664162511090474,,0.664162511090474,,22340,,0,1,0
0.664161824129337,,0.664161824129337,,22341,,0,1,0
0.658915326293055,,0.658915326293055,,22342,,0,1,0
0.658917515870172,,0.658917515870172,,22343,,0,1,0
0.651618490140216,,0.651618490140216,,22344,,0,1,0
0.651618490140216,,0.651618490140216,,22345,,0,1,0
0.642313411558575,,0.642313411558575,,22346,,0,1,0
0.64231111463193,,0.64231111463193,,22347,,0,1,0
0.63105847955012,,0.63105847955012,,22348,,0,1,0
0.631058747399067,,0.631058747399067,,22349,,0,1,0
0.617930027890907,,0.617930027890907,,22350,,0,1,0
0.617932943423767,,0.617932943423767,,22351,,0,1,0
0.603010583128771,,0.603010583128771,,22352,,0,1,0
0.603008619413714,,0.603008619413714,,22353,,0,1,0
0.586386861279607,,0.586386861279607,,22354,,0,1,0
0.586388023156026,,0.586388023156026,,22355,,0,1,0
0.568173154814559,,0.568173154814559,,22356,,0,1,0
0.568169850828781,,0.568169850828781,,22357,,0,1,0
0.548474808211957,,0.548474808211957,,22358,,0,1,0
0.548478803556243,,0.548478803556243,,22359,,0,1,0
0.527429582742116,,0.527429582742116,,22360,,0,1,0
0.527425052638542,,0.527425052638542,,22361,,0,1,0
0.505154234863568,,0.505154234863568,,22362,,0,1,0
0.50515447450789,,0.50515447450789,,22363,,0,1,0
0.481802265831705,,0.481802265831705,,22364,,0,1,0
0.481805425372686,,0.481805425372686,,22365,,0,1,0
0.457518812057465,,0.457518812057465,,22366,,0,1,0
0.457520351500806,,0.457520351500806,,22367,,0,1,0
0.432454662979298,,0.432454662979298,,22368,,0,1,0
0.432453554327639,,0.432453554327639,,22369,,0,1,0
0.406767009818061,,0.406767009818061,,22370,,0,1,0
0.406766095880259,,0.406766095880259,,22371,,0,1,0
0.380618714223857,,0.380618714223857,,22372,,0,1,0
0.38061798616247,,0.38061798616247,,22373,,0,1,0
0.354178589916218,,0.354178589916218,,22374,,0,1,0
0.35417843941935,,0.35417843941935,,22375,,0,1,0
0.327611768142733,,0.327611768142733,,22376,,0,1,0
0.327611768142733,,0.327611768142733,,22377,,0,1,0
0.301085057563341,,0.301085057563341,,22378,,0,1,0
0.301087231457247,,0.301087231457247,,22379,,0,1,0
0.274770567659788,,0.274770567659788,,22380,,0,1,0
0.27477039091764,,0.27477039091764,,22381,,0,1,0
0.248828420473062,,0.248828420473062,,22382,,0,1,0
0.248826738556874,,0.248826738556874,,22383,,0,1,0
0.2234243340746,,0.2234243340746,,22384,,0,1,0
0.223425688764564,,0.223425688764564,,22385,,0,1,0
0.198724288570958,,0.198724288570958,,22386,,0,1,0
0.198723499457516,,0.198723499457516,,22387,,0,1,0
0.174876749379253,,0.174876749379253,,22388,,0,1,0
0.174876996130486,,0.174876996130486,,22389,,0,1,0
0.152038074008816,,0.152038074008816,,22390,,0,1,0
0.152037318049231,,0.152037318049231,,22391,,0,1,0
0.130349834877286,,0.130349834877286,,22392,,0,1,0
0.130350352245445,,0.130350352245445,,22393,,0,1,0
0.109952273166272,,0.109952273166272,,22394,,0,1,0
0.109951979681064,,0.109951979681064,,22395,,0,1,0
0.090971256695394,,0.090971256695394,,22396,,0,1,0
0.0909715109375147,,0.0909715109375147,,22397,,0,1,0
0.0735279228186276,,0.0735279228186276,,22398,,0,1,0
0.0735278428187769,,0.0735278428187769,,22399,,0,1,0
0.0577343290049441,,0.0577343290049441,,22400,,0,1,0
0.0577346024351226,,0.0577346024351226,,22401,,0,1,0
0.0436879612775276,,0.0436879612775276,,22402,,0,1,0
0.0436877322336042,,0.0436877322336042,,22403,,0,1,0
0.0314794205770568,,0.0314794205770568,,22404,,0,1,0
0.0314793158868287,,0.0314793158868287,,22405,,0,1,0
0.0211842719890893,,0.0211842719890893,,22406,,0,1,0
0.0211843517363253,,0.0211843517363253,,22407,,0,1,0
0.0128696764533763,,0.0128696764533763,,22408,,0,1,0
0.0128697481734595,,0.0128697481734595,,22409,,0,1,0
0.00658701312688237,,0.00658701312688237,,22410,,0,1,0
0.00658698319617848,,0.00658698319617848,,22411,,0,1,0
0.0023762733677658,,0.0023762733677658,,22412,,0,1,0
0.00237627747683533,,0.00237627747683533,,22413,,0,1,0
0.667325603312861,,0.667325603312861,,22414,,0,1,0
0.66838136156975,,0.66838136156975,,22415,,0,1,0
0.66838136156975,,0.66838136156975,,22416,,0,1,0
0.667325603312861,,0.667325603312861,,22417,,0,1,0
0.667323950685386,,0.667323950685386,,22418,,0,1,0
0.664162511090474,,0.664162511090474,,22419,,0,1,0
0.664161961521536,,0.664161961521536,,22420,,0,1,0
0.658915326293055,,0.658915326293055,,22421,,0,1,0
0.658917515870172,,0.658917515870172,,22422,,0,1,0
0.651618490140216,,0.651618490140216,,22423,,0,1,0
0.651618490140216,,0.651618490140216,,22424,,0,1,0
0.642313141331698,,0.642313141331698,,22425,,0,1,0
0.642311384858381,,0.642311384858381,,22426,,0,1,0
0.631058747399067,,0.631058747399067,,22427,,0,1,0
0.631058747399067,,0.631058747399067,,22428,,0,1,0
0.617930425463165,,0.617930425463165,,22429,,0,1,0
0.617932413326372,,0.617932413326372,,22430,,0,1,0
0.603010190385504,,0.603010190385504,,22431,,0,1,0
0.60300914307075,,0.60300914307075,,22432,,0,1,0
0.586387377668984,,0.586387377668984,,22433,,0,1,0
0.586388023156026,,0.586388023156026,,22434,,0,1,0
0.568172265278982,,0.568172265278982,,22435,,0,1,0
0.568170486209915,,0.568170486209915,,22436,,0,1,0
0.548475557337902,,0.548475557337902,,22437,,0,1,0
0.548477679864192,,0.548477679864192,,22438,,0,1,0
0.52742835838788,,0.52742835838788,,22439,,0,1,0
0.527426154553837,,0.527426154553837,,22440,,0,1,0
0.505154234863568,,0.505154234863568,,22441,,0,1,0
0.50515447450789,,0.50515447450789,,22442,,0,1,0
0.481803026460994,,0.481803026460994,,22443,,0,1,0
0.481804606231437,,0.481804606231437,,22444,,0,1,0
0.457519211172157,,0.457519211172157,,22445,,0,1,0
0.457519952385617,,0.457519952385617,,22446,,0,1,0
0.432454441248852,,0.432454441248852,,22447,,0,1,0
0.432453886922987,,0.432453886922987,,22448,,0,1,0
0.406766848534845,,0.406766848534845,,22449,,0,1,0
0.406766257163326,,0.406766257163326,,22450,,0,1,0
0.380618506206247,,0.380618506206247,,22451,,0,1,0
0.380618194179938,,0.380618194179938,,22452,,0,1,0
0.354178589916218,,0.354178589916218,,22453,,0,1,0
0.35417843941935,,0.35417843941935,,22454,,0,1,0
0.327611768142733,,0.327611768142733,,22455,,0,1,0
0.327611768142733,,0.327611768142733,,22456,,0,1,0
0.30108565885236,,0.30108565885236,,22457,,0,1,0
0.301086583913561,,0.301086583913561,,22458,,0,1,0
0.274770567659788,,0.274770567659788,,22459,,0,1,0
0.27477039091764,,0.27477039091764,,22460,,0,1,0
0.248827999993482,,0.248827999993482,,22461,,0,1,0
0.248827159035388,,0.248827159035388,,22462,,0,1,0
0.223424612981022,,0.223424612981022,,22463,,0,1,0
0.223425250482068,,0.223425250482068,,22464,,0,1,0
0.198724138263515,,0.198724138263515,,22465,,0,1,0
0.198723649764718,,0.198723649764718,,22466,,0,1,0
0.174876749379253,,0.174876749379253,,22467,,0,1,0
0.174876996130486,,0.174876996130486,,22468,,0,1,0
0.152037843933961,,0.152037843933961,,22469,,0,1,0
0.152037416652549,,0.152037416652549,,22470,,0,1,0
0.13035004791111,,0.13035004791111,,22471,,0,1,0
0.130350260945107,,0.130350260945107,,22472,,0,1,0
0.109952175337826,,0.109952175337826,,22473,,0,1,0
0.109952077509423,,0.109952077509423,,22474,,0,1,0
0.0909713456800958,,0.0909713456800958,,22475,,0,1,0
0.0909715109375147,,0.0909715109375147,,22476,,0,1,0
0.0735279228186276,,0.0735279228186276,,22477,,0,1,0
0.0735278428187769,,0.0735278428187769,,22478,,0,1,0
0.0577343998941875,,0.0577343998941875,,22479,,0,1,0
0.0577345315457549,,0.0577345315457549,,22480,,0,1,0
0.0436879612775276,,0.0436879612775276,,22481,,0,1,0
0.0436877850898409,,0.0436877850898409,,22482,,0,1,0
0.0314794205770568,,0.0314794205770568,,22483,,0,1,0
0.0314793158868287,,0.0314793158868287,,22484,,0,1,0
0.0211842719890893,,0.0211842719890893,,22485,,0,1,0
0.0211843118626885,,0.0211843118626885,,22486,,0,1,0
0.0128696788440426,,0.0128696788440426,,22487,,0,1,0
0.0128697386107702,,0.0128697386107702,,22488,,0,1,0
0.00658701312688237,,0.00658701312688237,,22489,,0,1,0
0.00658698576166472,,0.00658698576166472,,22490,,0,1,0
0.0023762733677658,,0.0023762733677658,,22491,,0,1,0
0.00237627747683533,,0.00237627747683533,,22492,,0,1,0
0.593535462932124,,0.593535462932124,,22493,,0,1,0
0.590723871358996,,0.590723871358996,,22494,,0,1,0
0.590723223489931,,0.590723223489931,,22495,,0,1,0
0.586056676838808,,0.586056676838808,,22496,,0,1,0
0.586056418716908,,0.586056418716908,,22497,,0,1,0
0.579564534335653,,0.579564534335653,,22498,,0,1,0
0.57956697287662,,0.57956697287662,,22499,,0,1,0
0.571290285888864,,0.571290285888864,,22500,,0,1,0
0.571290540738232,,0.571290540738232,,22501,,0,1,0
0.561281975244128,,0.561281975244128,,22502,,0,1,0
0.561282227851308,,0.561282227851308,,22503,,0,1,0
0.549605196429638,,0.549605196429638,,22504,,0,1,0
0.549603196705448,,0.549603196705448,,22505,,0,1,0
0.536330787105335,,0.536330787105335,,22506,,0,1,0
0.536332021749224,,0.536332021749224,,22507,,0,1,0
0.521548108534375,,0.521548108534375,,22508,,0,1,0
0.521548108534375,,0.521548108534375,,22509,,0,1,0
0.505346807402994,,0.505346807402994,,22510,,0,1,0
0.505346447868106,,0.505346447868106,,22511,,0,1,0
0.487829793972196,,0.487829793972196,,22512,,0,1,0
0.487828380978613,,0.487828380978613,,22513,,0,1,0
0.469106176853984,,0.469106176853984,,22514,,0,1,0
0.469105599515451,,0.469105599515451,,22515,,0,1,0
0.449297374237922,,0.449297374237922,,22516,,0,1,0
0.449299125794456,,0.449299125794456,,22517,,0,1,0
0.428529281191459,,0.428529281191459,,22518,,0,1,0
0.428527846500579,,0.428527846500579,,22519,,0,1,0
0.406927556233427,,0.406927556233427,,22520,,0,1,0
0.406925781769731,,0.406925781769731,,22521,,0,1,0
0.384632017450492,,0.384632017450492,,22522,,0,1,0
0.384632749340909,,0.384632749340909,,22523,,0,1,0
0.361786395794697,,0.361786395794697,,22524,,0,1,0
0.361787561931237,,0.361787561931237,,22525,,0,1,0
0.338531046902062,,0.338531046902062,,22526,,0,1,0
0.338532518252357,,0.338532518252357,,22527,,0,1,0
0.31501602076972,,0.31501602076972,,22528,,0,1,0
0.31501602076972,,0.31501602076972,,22529,,0,1,0
0.291387018278677,,0.291387018278677,,22530,,0,1,0
0.291386881772782,,0.291386881772782,,22531,,0,1,0
0.26779372561329,,0.26779372561329,,22532,,0,1,0
0.267793289403786,,0.267793289403786,,22533,,0,1,0
0.244386752026912,,0.244386752026912,,22534,,0,1,0
0.244386210304201,,0.244386210304201,,22535,,0,1,0
0.221312726875668,,0.221312726875668,,22536,,0,1,0
0.221313916528205,,0.221313916528205,,22537,,0,1,0
0.198720380595915,,0.198720380595915,,22538,,0,1,0
0.198719591490233,,0.198719591490233,,22539,,0,1,0
0.176749714332944,,0.176749714332944,,22540,,0,1,0
0.176749359948831,,0.176749359948831,,22541,,0,1,0
0.155539631546064,,0.155539631546064,,22542,,0,1,0
0.155539731278623,,0.155539731278623,,22543,,0,1,0
0.135225995645671,,0.135225995645671,,22544,,0,1,0
0.135226615594279,,0.135226615594279,,22545,,0,1,0
0.11593721158949,,0.11593721158949,,22546,,0,1,0
0.115936623206867,,0.115936623206867,,22547,,0,1,0
0.0977941187703664,,0.0977941187703664,,22548,,0,1,0
0.0977942110316765,,0.0977942110316765,,22549,,0,1,0
0.0809122625250343,,0.0809122625250343,,22550,,0,1,0
0.0809124303669932,,0.0809124303669932,,22551,,0,1,0
0.0653975348391374,,0.0653975348391374,,22552,,0,1,0
0.0653979659674082,,0.0653979659674082,,22553,,0,1,0
0.0513507031552867,,0.0513507031552867,,22554,,0,1,0
0.0513505121401008,,0.0513505121401008,,22555,,0,1,0
0.0388571373335229,,0.0388571373335229,,22556,,0,1,0
0.0388573034952384,,0.0388573034952384,,22557,,0,1,0
0.027998770255283,,0.027998770255283,,22558,,0,1,0
0.0279986785746545,,0.0279986785746545,,22559,,0,1,0
0.0188419823601925,,0.0188419823601925,,22560,,0,1,0
0.0188420199648793,,0.0188420199648793,,22561,,0,1,0
0.0114467014656229,,0.0114467014656229,,22562,,0,1,0
0.0114466157898417,,0.0114466157898417,,22563,,0,1,0
0.00585862875559784,,0.00585862875559784,,22564,,0,1,0
0.00585864569206065,,0.00585864569206065,,22565,,0,1,0
0.00211352326890471,,0.00211352326890471,,22566,,0,1,0
0.00211352714414662,,0.00211352714414662,,22567,,0,1,0
0.593535462932124,,0.593535462932124,,22568,,0,1,0
0.594474490105775,,0.594474490105775,,22569,,0,1,0
0.594474490105775,,0.594474490105775,,22570,,0,1,0
0.593535462932124,,0.593535462932124,,22571,,0,1,0
0.593535462932124,,0.593535462932124,,22572,,0,1,0
0.590723612211328,,0.590723612211328,,22573,,0,1,0
0.590723223489931,,0.590723223489931,,22574,,0,1,0
0.586056676838808,,0.586056676838808,,22575,,0,1,0
0.586056418716908,,0.586056418716908,,22576,,0,1,0
0.579564791023934,,0.579564791023934,,22577,,0,1,0
0.579566716187855,,0.579566716187855,,22578,,0,1,0
0.571290285888864,,0.571290285888864,,22579,,0,1,0
0.571290540738232,,0.571290540738232,,22580,,0,1,0
0.561281975244128,,0.561281975244128,,22581,,0,1,0
0.561282227851308,,0.561282227851308,,22582,,0,1,0
0.549604821481076,,0.549604821481076,,22583,,0,1,0
0.549603571653456,,0.549603571653456,,22584,,0,1,0
0.536331034033999,,0.536331034033999,,22585,,0,1,0
0.536331898284772,,0.536331898284772,,22586,,0,1,0
0.521548352036262,,0.521548352036262,,22587,,0,1,0
0.521548108534375,,0.521548108534375,,22588,,0,1,0
0.505346567713055,,0.505346567713055,,22589,,0,1,0
0.505346447868106,,0.505346447868106,,22590,,0,1,0
0.487829381848856,,0.487829381848856,,22591,,0,1,0
0.487828616477401,,0.487828616477401,,22592,,0,1,0
0.469105945918528,,0.469105945918528,,22593,,0,1,0
0.469105599515451,,0.469105599515451,,22594,,0,1,0
0.449297769750389,,0.449297769750389,,22595,,0,1,0
0.449298730281392,,0.449298730281392,,22596,,0,1,0
0.428528950108735,,0.428528950108735,,22597,,0,1,0
0.428528177582876,,0.428528177582876,,22598,,0,1,0
0.406927233603376,,0.406927233603376,,22599,,0,1,0
0.406926104399206,,0.406926104399206,,22600,,0,1,0
0.384632226561969,,0.384632226561969,,22601,,0,1,0
0.384632383395614,,0.384632383395614,,22602,,0,1,0
0.361786700004048,,0.361786700004048,,22603,,0,1,0
0.361787409826364,,0.361787409826364,,22604,,0,1,0
0.338531341171866,,0.338531341171866,,22605,,0,1,0
0.338532027801904,,0.338532027801904,,22606,,0,1,0
0.31501602076972,,0.31501602076972,,22607,,0,1,0
0.31501602076972,,0.31501602076972,,22608,,0,1,0
0.291387018278677,,0.291387018278677,,22609,,0,1,0
0.291386881772782,,0.291386881772782,,22610,,0,1,0
0.267793594750401,,0.267793594750401,,22611,,0,1,0
0.267793420266599,,0.267793420266599,,22612,,0,1,0
0.244386627013926,,0.244386627013926,,22613,,0,1,0
0.244386335317081,,0.244386335317081,,22614,,0,1,0
0.22131296480592,,0.22131296480592,,22615,,0,1,0
0.221313638942327,,0.221313638942327,,22616,,0,1,0
0.19872023028995,,0.19872023028995,,22617,,0,1,0
0.198719854525287,,0.198719854525287,,22618,,0,1,0
0.176749608017673,,0.176749608017673,,22619,,0,1,0
0.176749501702433,,0.176749501702433,,22620,,0,1,0
0.155539631546064,,0.155539631546064,,22621,,0,1,0
0.155539731278623,,0.155539731278623,,22622,,0,1,0
0.135226119635279,,0.135226119635279,,22623,,0,1,0
0.135226429609547,,0.135226429609547,,22624,,0,1,0
0.115937111133814,,0.115937111133814,,22625,,0,1,0
0.115936723662331,,0.115936723662331,,22626,,0,1,0
0.0977941187703664,,0.0977941187703664,,22627,,0,1,0
0.0977941187703664,,0.0977941187703664,,22628,,0,1,0
0.0809122625250343,,0.0809122625250343,,22629,,0,1,0
0.080912346445992,,0.080912346445992,,22630,,0,1,0
0.0653975995082874,,0.0653975995082874,,22631,,0,1,0
0.0653978905198582,,0.0653978905198582,,22632,,0,1,0
0.0513506362999312,,0.0513506362999312,,22633,,0,1,0
0.0513505121401008,,0.0513505121401008,,22634,,0,1,0
0.0388571373335229,,0.0388571373335229,,22635,,0,1,0
0.0388572453385976,,0.0388572453385976,,22636,,0,1,0
0.027998770255283,,0.027998770255283,,22637,,0,1,0
0.02799872441495,,0.02799872441495,,22638,,0,1,0
0.0188419823601925,,0.0188419823601925,,22639,,0,1,0
0.0188420170722098,,0.0188420170722098,,22640,,0,1,0
0.0114466992109929,,0.0114466992109929,,22641,,0,1,0
0.0114466248083299,,0.0114466248083299,,22642,,0,1,0
0.00585862875559784,,0.00585862875559784,,22643,,0,1,0
0.00585864407906314,,0.00585864407906314,,22644,,0,1,0
0.00211352326890471,,0.00211352326890471,,22645,,0,1,0
0.00211352714414662,,0.00211352714414662,,22646,,0,1,0
0.522306648927497,,0.522306648927497,,22647,,0,1,0
0.519832103757636,,0.519832103757636,,22648,,0,1,0
0.519832468409113,,0.519832468409113,,22649,,0,1,0
0.515726004010986,,0.515726004010986,,22650,,0,1,0
0.515724309039911,,0.515724309039911,,22651,,0,1,0
0.510011583050307,,0.510011583050307,,22652,,0,1,0
0.510011462653466,,0.510011462653466,,22653,,0,1,0
0.502728359374032,,0.502728359374032,,22654,,0,1,0
0.50272752263573,,0.50272752263573,,22655,,0,1,0
0.493920383275936,,0.493920383275936,,22656,,0,1,0
0.493921390376222,,0.493921390376222,,22657,,0,1,0
0.483645566805906,,0.483645566805906,,22658,,0,1,0
0.483646915106874,,0.483646915106874,,22659,,0,1,0
0.471967313613114,,0.471967313613114,,22660,,0,1,0
0.471965170957889,,0.471965170957889,,22661,,0,1,0
0.458955953208971,,0.458955953208971,,22662,,0,1,0
0.458957666386091,,0.458957666386091,,22663,,0,1,0
0.444700119408736,,0.444700119408736,,22664,,0,1,0
0.444698433051549,,0.444698433051549,,22665,,0,1,0
0.429284151005113,,0.429284151005113,,22666,,0,1,0
0.429285807878045,,0.429285807878045,,22667,,0,1,0
0.412809883195912,,0.412809883195912,,22668,,0,1,0
0.412811345488551,,0.412811345488551,,22669,,0,1,0
0.395380272707627,,0.395380272707627,,22670,,0,1,0
0.395379212643093,,0.395379212643093,,22671,,0,1,0
0.377101809093602,,0.377101809093602,,22672,,0,1,0
0.377102016148001,,0.377102016148001,,22673,,0,1,0
0.358093589721904,,0.358093589721904,,22674,,0,1,0
0.358095405640711,,0.358095405640711,,22675,,0,1,0
0.338476707270985,,0.338476707270985,,22676,,0,1,0
0.338476707270985,,0.338476707270985,,22677,,0,1,0
0.318372302936673,,0.318372302936673,,22678,,0,1,0
0.318370876069622,,0.318370876069622,,22679,,0,1,0
0.297905693923584,,0.297905693923584,,22680,,0,1,0
0.297904911786027,,0.297904911786027,,22681,,0,1,0
0.277210850465368,,0.277210850465368,,22682,,0,1,0
0.277211161134694,,0.277211161134694,,22683,,0,1,0
0.256417814798626,,0.256417814798626,,22684,,0,1,0
0.256417217217349,,0.256417217217349,,22685,,0,1,0
0.235655537401984,,0.235655537401984,,22686,,0,1,0
0.235655250963191,,0.235655250963191,,22687,,0,1,0
0.21505780127602,,0.21505780127602,,22688,,0,1,0
0.215058973996607,,0.215058973996607,,22689,,0,1,0
0.194754403732532,,0.194754403732532,,22690,,0,1,0
0.194754292133625,,0.194754292133625,,22691,,0,1,0
0.174872025889217,,0.174872025889217,,22692,,0,1,0
0.174871074148946,,0.174871074148946,,22693,,0,1,0
0.155537836365484,,0.155537836365484,,22694,,0,1,0
0.155538069073494,,0.155538069073494,,22695,,0,1,0
0.136873629060574,,0.136873629060574,,22696,,0,1,0
0.13687394091739,,0.13687394091739,,22697,,0,1,0
0.118998031213103,,0.118998031213103,,22698,,0,1,0
0.1189974496532,,0.1189974496532,,22699,,0,1,0
0.102023042227164,,0.102023042227164,,22700,,0,1,0
0.102023674948926,,0.102023674948926,,22701,,0,1,0
0.0860582220996164,,0.0860582220996164,,22702,,0,1,0
0.0860581479152405,,0.0860581479152405,,22703,,0,1,0
0.0712022477314389,,0.0712022477314389,,22704,,0,1,0
0.0712021690069449,,0.0712021690069449,,22705,,0,1,0
0.0575492844868326,,0.0575492844868326,,22706,,0,1,0
0.0575492137113276,,0.0575492137113276,,22707,,0,1,0
0.0451878196679911,,0.0451878196679911,,22708,,0,1,0
0.0451878196679911,,0.0451878196679911,,22709,,0,1,0
0.0341937906124361,,0.0341937906124361,,22710,,0,1,0
0.0341937438507856,,0.0341937438507856,,22711,,0,1,0
0.0246384479091017,,0.0246384479091017,,22712,,0,1,0
0.0246386265316705,,0.0246386265316705,,22713,,0,1,0
0.0165807771890486,,0.0165807771890486,,22714,,0,1,0
0.0165806930691588,,0.0165806930691588,,22715,,0,1,0
0.0100729230987611,,0.0100729230987611,,22716,,0,1,0
0.0100729632840323,,0.0100729632840323,,22717,,0,1,0
0.00515555945705526,,0.00515555945705526,,22718,,0,1,0
0.005155565509532,,0.005155565509532,,22719,,0,1,0
0.00185988517384695,,0.00185988517384695,,22720,,0,1,0
0.00185987903931276,,0.00185987903931276,,22721,,0,1,0
0.522305186855306,,0.522305186855306,,22722,,0,1,0
0.523131949497333,,0.523131949497333,,22723,,0,1,0
0.523131949497333,,0.523131949497333,,22724,,0,1,0
0.522305308694577,,0.522305308694577,,22725,,0,1,0
0.522306405248656,,0.522306405248656,,22726,,0,1,0
0.519832103757636,,0.519832103757636,,22727,,0,1,0
0.519832468409113,,0.519832468409113,,22728,,0,1,0
0.515726004010986,,0.515726004010986,,22729,,0,1,0
0.515724551178465,,0.515724551178465,,22730,,0,1,0
0.510011583050307,,0.510011583050307,,22731,,0,1,0
0.510011583050307,,0.510011583050307,,22732,,0,1,0
0.502728359374032,,0.502728359374032,,22733,,0,1,0
0.502727761703746,,0.502727761703746,,22734,,0,1,0
0.493920383275936,,0.493920383275936,,22735,,0,1,0
0.493921212652568,,0.493921212652568,,22736,,0,1,0
0.483645742671143,,0.483645742671143,,22737,,0,1,0
0.483646739241424,,0.483646739241424,,22738,,0,1,0
0.471966966155179,,0.471966966155179,,22739,,0,1,0
0.47196557632472,,0.47196557632472,,22740,,0,1,0
0.458956124526539,,0.458956124526539,,22741,,0,1,0
0.458957323750411,,0.458957323750411,,22742,,0,1,0
0.444699950772874,,0.444699950772874,,22743,,0,1,0
0.444698826534607,,0.444698826534607,,22744,,0,1,0
0.429284537608511,,0.429284537608511,,22745,,0,1,0
0.429285421274075,,0.429285421274075,,22746,,0,1,0
0.41281026230857,,0.41281026230857,,22747,,0,1,0
0.412811128852441,,0.412811128852441,,22748,,0,1,0
0.395380113697856,,0.395380113697856,,22749,,0,1,0
0.395379424655886,,0.395379424655886,,22750,,0,1,0
0.377101809093602,,0.377101809093602,,22751,,0,1,0
0.377102016148001,,0.377102016148001,,22752,,0,1,0
0.358093892374718,,0.358093892374718,,22753,,0,1,0
0.358094901218358,,0.358094901218358,,22754,,0,1,0
0.338476707270985,,0.338476707270985,,22755,,0,1,0
0.338476707270985,,0.338476707270985,,22756,,0,1,0
0.318372017563007,,0.318372017563007,,22757,,0,1,0
0.318371018756183,,0.318371018756183,,22758,,0,1,0
0.297905555899234,,0.297905555899234,,22759,,0,1,0
0.297905095818301,,0.297905095818301,,22760,,0,1,0
0.277211027990676,,0.277211027990676,,22761,,0,1,0
0.277211161134694,,0.277211161134694,,22762,,0,1,0
0.256417644061047,,0.256417644061047,,22763,,0,1,0
0.256417345270421,,0.256417345270421,,22764,,0,1,0
0.235655537401984,,0.235655537401984,,22765,,0,1,0
0.23565541464248,,0.23565541464248,,22766,,0,1,0
0.215058074910537,,0.215058074910537,,22767,,0,1,0
0.215058739452234,,0.215058739452234,,22768,,0,1,0
0.194754403732532,,0.194754403732532,,22769,,0,1,0
0.194754292133625,,0.194754292133625,,22770,,0,1,0
0.17487177914149,,0.17487177914149,,22771,,0,1,0
0.17487128564656,,0.17487128564656,,22772,,0,1,0
0.155537969341468,,0.155537969341468,,22773,,0,1,0
0.155537969341468,,0.155537969341468,,22774,,0,1,0
0.136873629060574,,0.136873629060574,,22775,,0,1,0
0.136873816174621,,0.136873816174621,,22776,,0,1,0
0.118997929440017,,0.118997929440017,,22777,,0,1,0
0.118997536887095,,0.118997536887095,,22778,,0,1,0
0.102023136462195,,0.102023136462195,,22779,,0,1,0
0.102023486478409,,0.102023486478409,,22780,,0,1,0
0.0860582220996164,,0.0860582220996164,,22781,,0,1,0
0.0860582220996164,,0.0860582220996164,,22782,,0,1,0
0.0712022477314389,,0.0712022477314389,,22783,,0,1,0
0.0712021690069449,,0.0712021690069449,,22784,,0,1,0
0.0575492844868326,,0.0575492844868326,,22785,,0,1,0
0.0575492137113276,,0.0575492137113276,,22786,,0,1,0
0.0451878196679911,,0.0451878196679911,,22787,,0,1,0
0.0451878196679911,,0.0451878196679911,,22788,,0,1,0
0.0341937906124361,,0.0341937906124361,,22789,,0,1,0
0.0341937438507856,,0.0341937438507856,,22790,,0,1,0
0.0246384479091017,,0.0246384479091017,,22791,,0,1,0
0.0246385802220535,,0.0246385802220535,,22792,,0,1,0
0.0165807663348573,,0.0165807663348573,,22793,,0,1,0
0.0165807012097839,,0.0165807012097839,,22794,,0,1,0
0.0100729230987611,,0.0100729230987611,,22795,,0,1,0
0.010072959054,,0.010072959054,,22796,,0,1,0
0.00515555945705526,,0.00515555945705526,,22797,,0,1,0
0.00515556323985281,,0.00515556323985281,,22798,,0,1,0
0.00185988517384695,,0.00185988517384695,,22799,,0,1,0
0.00185987903931276,,0.00185987903931276,,22800,,0,1,0
0.454086786200181,,0.454086786200181,,22801,,0,1,0
0.451935574136833,,0.451935574136833,,22802,,0,1,0
0.451935574136833,,0.451935574136833,,22803,,0,1,0
0.448365465782928,,0.448365465782928,,22804,,0,1,0
0.448366820419352,,0.448366820419352,,22805,,0,1,0
0.443399989054065,,0.443399989054065,,22806,,0,1,0
0.44339774386777,,0.44339774386777,,22807,,0,1,0
0.437065912903948,,0.437065912903948,,22808,,0,1,0
0.437066693087518,,0.437066693087518,,22809,,0,1,0
0.429409806274991,,0.429409806274991,,22810,,0,1,0
0.42940941961519,,0.42940941961519,,22811,,0,1,0
0.420475870031398,,0.420475870031398,,22812,,0,1,0
0.420474558204463,,0.420474558204463,,22813,,0,1,0
0.41032049494288,,0.41032049494288,,22814,,0,1,0
0.410323032730277,,0.410323032730277,,22815,,0,1,0
0.399012835218748,,0.399012835218748,,22816,,0,1,0
0.399009427469885,,0.399009427469885,,22817,,0,1,0
0.386614484862038,,0.386614484862038,,22818,,0,1,0
0.386616948249419,,0.386616948249419,,22819,,0,1,0
0.373215679059713,,0.373215679059713,,22820,,0,1,0
0.373213773703363,,0.373213773703363,,22821,,0,1,0
0.35889051376649,,0.35889051376649,,22822,,0,1,0
0.35889152373165,,0.35889152373165,,22823,,0,1,0
0.34373692195939,,0.34373692195939,,22824,,0,1,0
0.34373870110403,,0.34373870110403,,22825,,0,1,0
0.32784851315107,,0.32784851315107,,22826,,0,1,0
0.327847354793692,,0.327847354793692,,22827,,0,1,0
0.311322183936769,,0.311322183936769,,22828,,0,1,0
0.311321102185047,,0.311321102185047,,22829,,0,1,0
0.294265219631784,,0.294265219631784,,22830,,0,1,0
0.294264762370533,,0.294264762370533,,22831,,0,1,0
0.276786150878941,,0.276786150878941,,22832,,0,1,0
0.276785263933455,,0.276785263933455,,22833,,0,1,0
0.258993381493866,,0.258993381493866,,22834,,0,1,0
0.258995140324531,,0.258995140324531,,22835,,0,1,0
0.241003605907288,,0.241003605907288,,22836,,0,1,0
0.241003605907288,,0.241003605907288,,22837,,0,1,0
0.222926087012532,,0.222926087012532,,22838,,0,1,0
0.222926604403868,,0.222926604403868,,22839,,0,1,0
0.204876406356009,,0.204876406356009,,22840,,0,1,0
0.204876826051191,,0.204876826051191,,22841,,0,1,0
0.186969566312889,,0.186969566312889,,22842,,0,1,0
0.186967962578997,,0.186967962578997,,22843,,0,1,0
0.169315806189843,,0.169315806189843,,22844,,0,1,0
0.169316846746604,,0.169316846746604,,22845,,0,1,0
0.152031007503417,,0.152031007503417,,22846,,0,1,0
0.152031796314482,,0.152031796314482,,22847,,0,1,0
0.135223608856798,,0.135223608856798,,22848,,0,1,0
0.135222988915082,,0.135222988915082,,22849,,0,1,0
0.118996475543547,,0.118996475543547,,22850,,0,1,0
0.118996853555775,,0.118996853555775,,22851,,0,1,0
0.103455629342079,,0.103455629342079,,22852,,0,1,0
0.103455724236419,,0.103455724236419,,22853,,0,1,0
0.0886983965653916,,0.0886983965653916,,22854,,0,1,0
0.0886978066087067,,0.0886978066087067,,22855,,0,1,0
0.0748177914504211,,0.0748177914504211,,22856,,0,1,0
0.0748177914504211,,0.0748177914504211,,22857,,0,1,0
0.0619022322966178,,0.0619022322966178,,22858,,0,1,0
0.061902515424423,,0.061902515424423,,22859,,0,1,0
0.0500328390553268,,0.0500328390553268,,22860,,0,1,0
0.0500327730634353,,0.0500327730634353,,22861,,0,1,0
0.0392858970998238,,0.0392858970998238,,22862,,0,1,0
0.0392859472225671,,0.0392859472225671,,22863,,0,1,0
0.0297278522475618,,0.0297278522475618,,22864,,0,1,0
0.0297279503502708,,0.0297279503502708,,22865,,0,1,0
0.0214205678603197,,0.0214205678603197,,22866,,0,1,0
0.0214204444902055,,0.0214204444902055,,22867,,0,1,0
0.0144150734430771,,0.0144150734430771,,22868,,0,1,0
0.0144150886238857,,0.0144150886238857,,22869,,0,1,0
0.00875730053358403,,0.00875730053358403,,22870,,0,1,0
0.00875728278504839,,0.00875728278504839,,22871,,0,1,0
0.00448216637570598,,0.00448216637570598,,22872,,0,1,0
0.00448218330585393,,0.00448218330585393,,22873,,0,1,0
0.0016169596053936,,0.0016169596053936,,22874,,0,1,0
0.00161695282625946,,0.00161695282625946,,22875,,0,1,0
0.454086558991735,,0.454086558991735,,22876,,0,1,0
0.454805219327746,,0.454805219327746,,22877,,0,1,0
0.454805219327746,,0.454805219327746,,22878,,0,1,0
0.454086558991735,,0.454086558991735,,22879,,0,1,0
0.454086786200181,,0.454086786200181,,22880,,0,1,0
0.451935574136833,,0.451935574136833,,22881,,0,1,0
0.451935574136833,,0.451935574136833,,22882,,0,1,0
0.448365465782928,,0.448365465782928,,22883,,0,1,0
0.448366594646473,,0.448366594646473,,22884,,0,1,0
0.443399989054065,,0.443399989054065,,22885,,0,1,0
0.443397912256545,,0.443397912256545,,22886,,0,1,0
0.437065912903948,,0.437065912903948,,22887,,0,1,0
0.437066693087518,,0.437066693087518,,22888,,0,1,0
0.429409806274991,,0.429409806274991,,22889,,0,1,0
0.429409585326512,,0.429409585326512,,22890,,0,1,0
0.420475870031398,,0.420475870031398,,22891,,0,1,0
0.420474940820441,,0.420474940820441,,22892,,0,1,0
0.410320872910718,,0.410320872910718,,22893,,0,1,0
0.410322870743613,,0.410322870743613,,22894,,0,1,0
0.399012462495508,,0.399012462495508,,22895,,0,1,0
0.399009959929685,,0.399009959929685,,22896,,0,1,0
0.386614851749023,,0.386614851749023,,22897,,0,1,0
0.386616581361439,,0.386616581361439,,22898,,0,1,0
0.373215318586517,,0.373215318586517,,22899,,0,1,0
0.373214134175813,,0.373214134175813,,22900,,0,1,0
0.358890715759408,,0.358890715759408,,22901,,0,1,0
0.358891372236785,,0.358891372236785,,22902,,0,1,0
0.343737218483177,,0.343737218483177,,22903,,0,1,0
0.343738404579604,,0.343738404579604,,22904,,0,1,0
0.327848175296623,,0.327848175296623,,22905,,0,1,0
0.327847547853112,,0.327847547853112,,22906,,0,1,0
0.311321901740486,,0.311321901740486,,22907,,0,1,0
0.311321243282991,,0.311321243282991,,22908,,0,1,0
0.294265082453371,,0.294265082453371,,22909,,0,1,0
0.294264945274991,,0.294264945274991,,22910,,0,1,0
0.276785840447859,,0.276785840447859,,22911,,0,1,0
0.276785574364213,,0.276785574364213,,22912,,0,1,0
0.258993853374678,,0.258993853374678,,22913,,0,1,0
0.258994711340891,,0.258994711340891,,22914,,0,1,0
0.241003605907288,,0.241003605907288,,22915,,0,1,0
0.241003605907288,,0.241003605907288,,22916,,0,1,0
0.222926087012532,,0.222926087012532,,22917,,0,1,0
0.222926485005814,,0.222926485005814,,22918,,0,1,0
0.204876558972389,,0.204876558972389,,22919,,0,1,0
0.204876673434711,,0.204876673434711,,22920,,0,1,0
0.186969165378772,,0.186969165378772,,22921,,0,1,0
0.186968327063369,,0.186968327063369,,22922,,0,1,0
0.169316014300939,,0.169316014300939,,22923,,0,1,0
0.16931660394974,,0.16931660394974,,22924,,0,1,0
0.152031138971786,,0.152031138971786,,22925,,0,1,0
0.152031664845829,,0.152031664845829,,22926,,0,1,0
0.13522351586545,,0.13522351586545,,22927,,0,1,0
0.135223081906249,,0.135223081906249,,22928,,0,1,0
0.118996562777085,,0.118996562777085,,22929,,0,1,0
0.118996766322131,,0.118996766322131,,22930,,0,1,0
0.103455629342079,,0.103455629342079,,22931,,0,1,0
0.103455724236419,,0.103455724236419,,22932,,0,1,0
0.088698321251663,,0.088698321251663,,22933,,0,1,0
0.0886978944744716,,0.0886978944744716,,22934,,0,1,0
0.0748177914504211,,0.0748177914504211,,22935,,0,1,0
0.0748177914504211,,0.0748177914504211,,22936,,0,1,0
0.0619023057000607,,0.0619023057000607,,22937,,0,1,0
0.061902452507077,,0.061902452507077,,22938,,0,1,0
0.0500327730634353,,0.0500327730634353,,22939,,0,1,0
0.0500327730634353,,0.0500327730634353,,22940,,0,1,0
0.0392858970998238,,0.0392858970998238,,22941,,0,1,0
0.0392859472225671,,0.0392859472225671,,22942,,0,1,0
0.0297278522475618,,0.0297278522475618,,22943,,0,1,0
0.0297278994821792,,0.0297278994821792,,22944,,0,1,0
0.0214205678603197,,0.0214205678603197,,22945,,0,1,0
0.0214204444902055,,0.0214204444902055,,22946,,0,1,0
0.0144150734430771,,0.0144150734430771,,22947,,0,1,0
0.0144150886238857,,0.0144150886238857,,22948,,0,1,0
0.00875730053358403,,0.00875730053358403,,22949,,0,1,0
0.00875728475710702,,0.00875728475710702,,22950,,0,1,0
0.00448216849197272,,0.00448216849197272,,22951,,0,1,0
0.00448218118958368,,0.00448218118958368,,22952,,0,1,0
0.0016169596053936,,0.0016169596053936,,22953,,0,1,0
0.00161695282625946,,0.00161695282625946,,22954,,0,1,0
0.38930854765522,,0.38930854765522,,22955,,0,1,0
0.387464242035252,,0.387464242035252,,22956,,0,1,0
0.387464399445214,,0.387464399445214,,22957,,0,1,0
0.384403492591623,,0.384403492591623,,22958,,0,1,0
0.384403649378628,,0.384403649378628,,22959,,0,1,0
0.380145413307702,,0.380145413307702,,22960,,0,1,0
0.380144737671147,,0.380144737671147,,22961,,0,1,0
0.374716341426053,,0.374716341426053,,22962,,0,1,0
0.374718095814844,,0.374718095814844,,22963,,0,1,0
0.368153021202033,,0.368153021202033,,22964,,0,1,0
0.368152714327785,,0.368152714327785,,22965,,0,1,0
0.360493547960461,,0.360493547960461,,22966,,0,1,0
0.360492687576091,,0.360492687576091,,22967,,0,1,0
0.35178753135523,,0.35178753135523,,22968,,0,1,0
0.351787831331338,,0.351787831331338,,22969,,0,1,0
0.342090522761744,,0.342090522761744,,22970,,0,1,0
0.342093382290869,,0.342093382290869,,22971,,0,1,0
0.331466339487337,,0.331466339487337,,22972,,0,1,0
0.331465562999698,,0.331465562999698,,22973,,0,1,0
0.319975834349073,,0.319975834349073,,22974,,0,1,0
0.319974880711477,,0.319974880711477,,22975,,0,1,0
0.307695157994317,,0.307695157994317,,22976,,0,1,0
0.307695485300032,,0.307695485300032,,22977,,0,1,0
0.294702981506534,,0.294702981506534,,22978,,0,1,0
0.294700235904388,,0.294700235904388,,22979,,0,1,0
0.281077068812595,,0.281077068812595,,22980,,0,1,0
0.281078409506337,,0.281078409506337,,22981,,0,1,0
0.266910258445352,,0.266910258445352,,22982,,0,1,0
0.266909953602756,,0.266909953602756,,22983,,0,1,0
0.252287197888863,,0.252287197888863,,22984,,0,1,0
0.252288341048718,,0.252288341048718,,22985,,0,1,0
0.23730248225448,,0.23730248225448,,22986,,0,1,0
0.237302646504832,,0.237302646504832,,22987,,0,1,0
0.222049018396222,,0.222049018396222,,22988,,0,1,0
0.222049415605811,,0.222049415605811,,22989,,0,1,0
0.206624447772656,,0.206624447772656,,22990,,0,1,0
0.206624447772656,,0.206624447772656,,22991,,0,1,0
0.19112567796612,,0.19112567796612,,22992,,0,1,0
0.191125051491925,,0.191125051491925,,22993,,0,1,0
0.175650074514182,,0.175650074514182,,22994,,0,1,0
0.175649862546139,,0.175649862546139,,22995,,0,1,0
0.160297001137197,,0.160297001137197,,22996,,0,1,0
0.160297237378593,,0.160297237378593,,22997,,0,1,0
0.145163286638182,,0.145163286638182,,22998,,0,1,0
0.145162965476844,,0.145162965476844,,22999,,0,1,0
0.13034332221298,,0.13034332221298,,23000,,0,1,0
0.130343200482486,,0.130343200482486,,23001,,0,1,0
0.115932777230406,,0.115932777230406,,23002,,0,1,0
0.115932676776652,,0.115932676776652,,23003,,0,1,0
0.102021049839536,,0.102021049839536,,23004,,0,1,0
0.102020686365513,,0.102020686365513,,23005,,0,1,0
0.088696639253389,,0.088696639253389,,23006,,0,1,0
0.0886968024316275,,0.0886968024316275,,23007,,0,1,0
0.0760446131110482,,0.0760446131110482,,23008,,0,1,0
0.076044926918712,,0.076044926918712,,23009,,0,1,0
0.0641448822003636,,0.0641448822003636,,23010,,0,1,0
0.0641446687112439,,0.0641446687112439,,23011,,0,1,0
0.0530716456735054,,0.0530716456735054,,23012,,0,1,0
0.0530717816064414,,0.0530717816064414,,23013,,0,1,0
0.0428953260482641,,0.0428953260482641,,23014,,0,1,0
0.0428953784229553,,0.0428953784229553,,23015,,0,1,0
0.0336815942532827,,0.0336815942532827,,23016,,0,1,0
0.0336814395530656,,0.0336814395530656,,23017,,0,1,0
0.0254869035792781,,0.0254869035792781,,23018,,0,1,0
0.0254869506793841,,0.0254869506793841,,23019,,0,1,0
0.0183647219279798,,0.0183647219279798,,23020,,0,1,0
0.0183647818997597,,0.0183647818997597,,23021,,0,1,0
0.0123587395000168,,0.0123587395000168,,23022,,0,1,0
0.0123586668755,,0.0123586668755,,23023,,0,1,0
0.00750800627187134,,0.00750800627187134,,23024,,0,1,0
0.00750807200750828,,0.00750807200750828,,23025,,0,1,0
0.00384279157499637,,0.00384279157499637,,23026,,0,1,0
0.00384276740761635,,0.00384276740761635,,23027,,0,1,0
0.00138628923679285,,0.00138628923679285,,23028,,0,1,0
0.00138629551379843,,0.00138629551379843,,23029,,0,1,0
0.389309389171048,,0.389309389171048,,23030,,0,1,0
0.389925412208855,,0.389925412208855,,23031,,0,1,0
0.389925412208855,,0.389925412208855,,23032,,0,1,0
0.389309389171048,,0.389309389171048,,23033,,0,1,0
0.38930854765522,,0.38930854765522,,23034,,0,1,0
0.387464242035252,,0.387464242035252,,23035,,0,1,0
0.387464399445214,,0.387464399445214,,23036,,0,1,0
0.384403492591623,,0.384403492591623,,23037,,0,1,0
0.384403649378628,,0.384403649378628,,23038,,0,1,0
0.380145413307702,,0.380145413307702,,23039,,0,1,0
0.380144893587222,,0.380144893587222,,23040,,0,1,0
0.374716496224899,,0.374716496224899,,23041,,0,1,0
0.374717734616816,,0.374717734616816,,23042,,0,1,0
0.368153021202033,,0.368153021202033,,23043,,0,1,0
0.368152714327785,,0.368152714327785,,23044,,0,1,0
0.360493547960461,,0.360493547960461,,23045,,0,1,0
0.360492687576091,,0.360492687576091,,23046,,0,1,0
0.35178753135523,,0.35178753135523,,23047,,0,1,0
0.351787831331338,,0.351787831331338,,23048,,0,1,0
0.342090867876694,,0.342090867876694,,23049,,0,1,0
0.342092839965462,,0.342092839965462,,23050,,0,1,0
0.331466339487337,,0.331466339487337,,23051,,0,1,0
0.331465708591061,,0.331465708591061,,23052,,0,1,0
0.319975691303343,,0.319975691303343,,23053,,0,1,0
0.319975023757026,,0.319975023757026,,23054,,0,1,0
0.307695157994317,,0.307695157994317,,23055,,0,1,0
0.307695485300032,,0.307695485300032,,23056,,0,1,0
0.294702661185624,,0.294702661185624,,23057,,0,1,0
0.294700693503858,,0.294700693503858,,23058,,0,1,0
0.281077381640849,,0.281077381640849,,23059,,0,1,0
0.281078275436819,,0.281078275436819,,23060,,0,1,0
0.266910258445352,,0.266910258445352,,23061,,0,1,0
0.266910084249561,,0.266910084249561,,23062,,0,1,0
0.252287324906497,,0.252287324906497,,23063,,0,1,0
0.252288044673692,,0.252288044673692,,23064,,0,1,0
0.23730248225448,,0.23730248225448,,23065,,0,1,0
0.237302646504832,,0.237302646504832,,23066,,0,1,0
0.222049018396222,,0.222049018396222,,23067,,0,1,0
0.222049415605811,,0.222049415605811,,23068,,0,1,0
0.206624447772656,,0.206624447772656,,23069,,0,1,0
0.206624447772656,,0.206624447772656,,23070,,0,1,0
0.191125567411776,,0.191125567411776,,23071,,0,1,0
0.191125198897526,,0.191125198897526,,23072,,0,1,0
0.175649968530145,,0.175649968530145,,23073,,0,1,0
0.175649862546139,,0.175649862546139,,23074,,0,1,0
0.160297001137197,,0.160297001137197,,23075,,0,1,0
0.160297237378593,,0.160297237378593,,23076,,0,1,0
0.145163158173604,,0.145163158173604,,23077,,0,1,0
0.145163061825208,,0.145163061825208,,23078,,0,1,0
0.13034332221298,,0.13034332221298,,23079,,0,1,0
0.130343200482486,,0.130343200482486,,23080,,0,1,0
0.115932777230406,,0.115932777230406,,23081,,0,1,0
0.115932777230406,,0.115932777230406,,23082,,0,1,0
0.102020955605468,,0.102020955605468,,23083,,0,1,0
0.102020780599457,,0.102020780599457,,23084,,0,1,0
0.088696639253389,,0.088696639253389,,23085,,0,1,0
0.0886968024316275,,0.0886968024316275,,23086,,0,1,0
0.0760446131110482,,0.0760446131110482,,23087,,0,1,0
0.0760448571836196,,0.0760448571836196,,23088,,0,1,0
0.0641448074791313,,0.0641448074791313,,23089,,0,1,0
0.0641447327579425,,0.0641447327579425,,23090,,0,1,0
0.0530717136399517,,0.0530717136399517,,23091,,0,1,0
0.0530717816064414,,0.0530717816064414,,23092,,0,1,0
0.0428953260482641,,0.0428953260482641,,23093,,0,1,0
0.0428953260482641,,0.0428953260482641,,23094,,0,1,0
0.0336815942532827,,0.0336815942532827,,23095,,0,1,0
0.0336814936981011,,0.0336814936981011,,23096,,0,1,0
0.0254869035792781,,0.0254869035792781,,23097,,0,1,0
0.0254869506793841,,0.0254869506793841,,23098,,0,1,0
0.0183647276395736,,0.0183647276395736,,23099,,0,1,0
0.0183647733323565,,0.0183647733323565,,23100,,0,1,0
0.0123587348145576,,0.0123587348145576,,23101,,0,1,0
0.0123586739036697,,0.0123586739036697,,23102,,0,1,0
0.00750801083683683,,0.00750801083683683,,23103,,0,1,0
0.00750806744252419,,0.00750806744252419,,23104,,0,1,0
0.00384279157499637,,0.00384279157499637,,23105,,0,1,0
0.00384276740761635,,0.00384276740761635,,23106,,0,1,0
0.00138628923679285,,0.00138628923679285,,23107,,0,1,0
0.00138629551379843,,0.00138629551379843,,23108,,0,1,0
0.328382347387775,,0.328382347387775,,23109,,0,1,0
0.326826769584132,,0.326826769584132,,23110,,0,1,0
0.326826576825498,,0.326826576825498,,23111,,0,1,0
0.324244682991209,,0.324244682991209,,23112,,0,1,0
0.32424242704554,,0.32424242704554,,23113,,0,1,0
0.320650745920704,,0.320650745920704,,23114,,0,1,0
0.320654564506116,,0.320654564506116,,23115,,0,1,0
0.316075444601838,,0.316075444601838,,23116,,0,1,0
0.316072269452235,,0.316072269452235,,23117,,0,1,0
0.310535212995092,,0.310535212995092,,23118,,0,1,0
0.310536293380581,,0.310536293380581,,23119,,0,1,0
0.304075532343974,,0.304075532343974,,23120,,0,1,0
0.304077252184499,,0.304077252184499,,23121,,0,1,0
0.296734192905406,,0.296734192905406,,23122,,0,1,0
0.29673143785759,,0.29673143785759,,23123,,0,1,0
0.288552438596533,,0.288552438596533,,23124,,0,1,0
0.288552438596533,,0.288552438596533,,23125,,0,1,0
0.279588641749926,,0.279588641749926,,23126,,0,1,0
0.279588641749926,,0.279588641749926,,23127,,0,1,0
0.269897054984769,,0.269897054984769,,23128,,0,1,0
0.269898237368416,,0.269898237368416,,23129,,0,1,0
0.25954023628117,,0.25954023628117,,23130,,0,1,0
0.25954036511169,,0.25954036511169,,23131,,0,1,0
0.248580903575446,,0.248580903575446,,23132,,0,1,0
0.248581029656634,,0.248581029656634,,23133,,0,1,0
0.23708994888193,,0.23708994888193,,23134,,0,1,0
0.237090195147125,,0.237090195147125,,23135,,0,1,0
0.225139140483471,,0.225139140483471,,23136,,0,1,0
0.225139820422315,,0.225139820422315,,23137,,0,1,0
0.212805424890121,,0.212805424890121,,23138,,0,1,0
0.212803363969487,,0.212803363969487,,23139,,0,1,0
0.200163373007058,,0.200163373007058,,23140,,0,1,0
0.200165145506988,,0.200165145506988,,23141,,0,1,0
0.187298440510306,,0.187298440510306,,23142,,0,1,0
0.187296835366569,,0.187296835366569,,23143,,0,1,0
0.174286209276147,,0.174286209276147,,23144,,0,1,0
0.174286314847949,,0.174286314847949,,23145,,0,1,0
0.16121306629077,,0.16121306629077,,23146,,0,1,0
0.161213743192576,,0.161213743192576,,23147,,0,1,0
0.148160520604323,,0.148160520604323,,23148,,0,1,0
0.148160325928304,,0.148160325928304,,23149,,0,1,0
0.135210311418676,,0.135210311418676,,23150,,0,1,0
0.13521071436174,,0.13521071436174,,23151,,0,1,0
0.122445094310864,,0.122445094310864,,23152,,0,1,0
0.122444696112737,,0.122444696112737,,23153,,0,1,0
0.109944391128114,,0.109944391128114,,23154,,0,1,0
0.109944013803586,,0.109944013803586,,23155,,0,1,0
0.0977888994871208,,0.0977888994871208,,23156,,0,1,0
0.0977891762637957,,0.0977891762637957,,23157,,0,1,0
0.0860545747389918,,0.0860545747389918,,23158,,0,1,0
0.0860549951088179,,0.0860549951088179,,23159,,0,1,0
0.0748160967910256,,0.0748160967910256,,23160,,0,1,0
0.0748159353958937,,0.0748159353958937,,23161,,0,1,0
0.0641438040839422,,0.0641438040839422,,23162,,0,1,0
0.0641437293633378,,0.0641437293633378,,23163,,0,1,0
0.0541060275856537,,0.0541060275856537,,23164,,0,1,0
0.0541060864075877,,0.0541060864075877,,23165,,0,1,0
0.0447660086490558,,0.0447660086490558,,23166,,0,1,0
0.0447656430355221,,0.0447656430355221,,23167,,0,1,0
0.0361819012903948,,0.0361819012903948,,23168,,0,1,0
0.0361821658512174,,0.0361821658512174,,23169,,0,1,0
0.0284103205714854,,0.0284103205714854,,23170,,0,1,0
0.0284102708434819,,0.0284102708434819,,23171,,0,1,0
0.0214982133350521,,0.0214982133350521,,23172,,0,1,0
0.0214981299093947,,0.0214981299093947,,23173,,0,1,0
0.0154905491084794,,0.0154905491084794,,23174,,0,1,0
0.0154906199247052,,0.0154906199247052,,23175,,0,1,0
0.0104245396981395,,0.0104245396981395,,23176,,0,1,0
0.0104245977916905,,0.0104245977916905,,23177,,0,1,0
0.00633303992851467,,0.00633303992851467,,23178,,0,1,0
0.00633300806495599,,0.00633300806495599,,23179,,0,1,0
0.00324137138313432,,0.00324137138313432,,23180,,0,1,0
0.00324137798189561,,0.00324137798189561,,23181,,0,1,0
0.00116933711601108,,0.00116933711601108,,23182,,0,1,0
0.00116933891755625,,0.00116933891755625,,23183,,0,1,0
0.328382202475154,,0.328382202475154,,23184,,0,1,0
0.328901871291414,,0.328901871291414,,23185,,0,1,0
0.328901871291414,,0.328901871291414,,23186,,0,1,0
0.328382202475154,,0.328382202475154,,23187,,0,1,0
0.328382347387775,,0.328382347387775,,23188,,0,1,0
0.326826769584132,,0.326826769584132,,23189,,0,1,0
0.326826576825498,,0.326826576825498,,23190,,0,1,0
0.324244538994442,,0.324244538994442,,23191,,0,1,0
0.324242619040611,,0.324242619040611,,23192,,0,1,0
0.320651032313821,,0.320651032313821,,23193,,0,1,0
0.320654230378985,,0.320654230378985,,23194,,0,1,0
0.316075160259432,,0.316075160259432,,23195,,0,1,0
0.316072601183537,,0.316072601183537,,23196,,0,1,0
0.310535353914831,,0.310535353914831,,23197,,0,1,0
0.310536152460628,,0.310536152460628,,23198,,0,1,0
0.304075857718836,,0.304075857718836,,23199,,0,1,0
0.304077066255559,,0.304077066255559,,23200,,0,1,0
0.296733871482502,,0.296733871482502,,23201,,0,1,0
0.296731713361796,,0.296731713361796,,23202,,0,1,0
0.288552438596533,,0.288552438596533,,23203,,0,1,0
0.288552438596533,,0.288552438596533,,23204,,0,1,0
0.279588641749926,,0.279588641749926,,23205,,0,1,0
0.279588641749926,,0.279588641749926,,23206,,0,1,0
0.269897186360602,,0.269897186360602,,23207,,0,1,0
0.269898062200305,,0.269898062200305,,23208,,0,1,0
0.25954023628117,,0.25954023628117,,23209,,0,1,0
0.25954036511169,,0.25954036511169,,23210,,0,1,0
0.248580903575446,,0.248580903575446,,23211,,0,1,0
0.248581029656634,,0.248581029656634,,23212,,0,1,0
0.23708994888193,,0.23708994888193,,23213,,0,1,0
0.237090195147125,,0.237090195147125,,23214,,0,1,0
0.225139300468989,,0.225139300468989,,23215,,0,1,0
0.225139540447373,,0.225139540447373,,23216,,0,1,0
0.212805036036407,,0.212805036036407,,23217,,0,1,0
0.212803752821673,,0.212803752821673,,23218,,0,1,0
0.200163636995912,,0.200163636995912,,23219,,0,1,0
0.200164768378686,,0.200164768378686,,23220,,0,1,0
0.187298185146069,,0.187298185146069,,23221,,0,1,0
0.18729720017136,,0.18729720017136,,23222,,0,1,0
0.174286209276147,,0.174286209276147,,23223,,0,1,0
0.174286314847949,,0.174286314847949,,23224,,0,1,0
0.161213167825951,,0.161213167825951,,23225,,0,1,0
0.161213641657215,,0.161213641657215,,23226,,0,1,0
0.148160423266297,,0.148160423266297,,23227,,0,1,0
0.148160423266297,,0.148160423266297,,23228,,0,1,0
0.135210311418676,,0.135210311418676,,23229,,0,1,0
0.135210621374826,,0.135210621374826,,23230,,0,1,0
0.122445094310864,,0.122445094310864,,23231,,0,1,0
0.122444799349227,,0.122444799349227,,23232,,0,1,0
0.109944293303174,,0.109944293303174,,23233,,0,1,0
0.109944111628402,,0.109944111628402,,23234,,0,1,0
0.0977888994871208,,0.0977888994871208,,23235,,0,1,0
0.0977890840048605,,0.0977890840048605,,23236,,0,1,0
0.0860546612856368,,0.0860546612856368,,23237,,0,1,0
0.0860549951088179,,0.0860549951088179,,23238,,0,1,0
0.0748160160934379,,0.0748160160934379,,23239,,0,1,0
0.0748159353958937,,0.0748159353958937,,23240,,0,1,0
0.0641438040839422,,0.0641438040839422,,23241,,0,1,0
0.0641437293633378,,0.0641437293633378,,23242,,0,1,0
0.0541060275856537,,0.0541060275856537,,23243,,0,1,0
0.0541060864075877,,0.0541060864075877,,23244,,0,1,0
0.0447659462271273,,0.0447659462271273,,23245,,0,1,0
0.0447656430355221,,0.0447656430355221,,23246,,0,1,0
0.0361819493922906,,0.0361819493922906,,23247,,0,1,0
0.0361821177491777,,0.0361821177491777,,23248,,0,1,0
0.0284103205714854,,0.0284103205714854,,23249,,0,1,0
0.0284103205714854,,0.0284103205714854,,23250,,0,1,0
0.0214981731671228,,0.0214981731671228,,23251,,0,1,0
0.0214981299093947,,0.0214981299093947,,23252,,0,1,0
0.0154905543541202,,0.0154905543541202,,23253,,0,1,0
0.0154906120562277,,0.0154906120562277,,23254,,0,1,0
0.0104245440013599,,0.0104245440013599,,23255,,0,1,0
0.0104245891852283,,0.0104245891852283,,23256,,0,1,0
0.00633303992851467,,0.00633303992851467,,23257,,0,1,0
0.00633301058049718,,0.00633301058049718,,23258,,0,1,0
0.00324137138313432,,0.00324137138313432,,23259,,0,1,0
0.00324137798189561,,0.00324137798189561,,23260,,0,1,0
0.00116933711601108,,0.00116933711601108,,23261,,0,1,0
0.00116933891755625,,0.00116933891755625,,23262,,0,1,0
0.271691951604176,,0.271691951604176,,23263,,0,1,0
0.270404973671361,,0.270404973671361,,23264,,0,1,0
0.270402913518383,,0.270402913518383,,23265,,0,1,0
0.268266698321186,,0.268266698321186,,23266,,0,1,0
0.268269186916889,,0.268269186916889,,23267,,0,1,0
0.265297558228655,,0.265297558228655,,23268,,0,1,0
0.265294519033946,,0.265294519033946,,23269,,0,1,0
0.261505946919415,,0.261505946919415,,23270,,0,1,0
0.26150896433535,,0.26150896433535,,23271,,0,1,0
0.2569276343462,,0.2569276343462,,23272,,0,1,0
0.256927207078236,,0.256927207078236,,23273,,0,1,0
0.251582023796004,,0.251582023796004,,23274,,0,1,0
0.251580755397818,,0.251580755397818,,23275,,0,1,0
0.245505395428161,,0.245505395428161,,23276,,0,1,0
0.245505938389885,,0.245505938389885,,23277,,0,1,0
0.238738841986674,,0.238738841986674,,23278,,0,1,0
0.238739665720715,,0.238739665720715,,23279,,0,1,0
0.231323236003094,,0.231323236003094,,23280,,0,1,0
0.231321857578537,,0.231321857578537,,23281,,0,1,0
0.223303623784091,,0.223303623784091,,23282,,0,1,0
0.223304978108054,,0.223304978108054,,23283,,0,1,0
0.214734877599271,,0.214734877599271,,23284,,0,1,0
0.214732651112463,,0.214732651112463,,23285,,0,1,0
0.205665428024135,,0.205665428024135,,23286,,0,1,0
0.205666307257275,,0.205666307257275,,23287,,0,1,0
0.196159056236667,,0.196159056236667,,23288,,0,1,0
0.196158682901348,,0.196158682901348,,23289,,0,1,0
0.186270990581654,,0.186270990581654,,23290,,0,1,0
0.186271863712768,,0.186271863712768,,23291,,0,1,0
0.176066520436457,,0.176066520436457,,23292,,0,1,0
0.176067723014171,,0.176067723014171,,23293,,0,1,0
0.165609805024935,,0.165609805024935,,23294,,0,1,0
0.16560853579877,,0.16560853579877,,23295,,0,1,0
0.154963114273359,,0.154963114273359,,23296,,0,1,0
0.154962351076506,,0.154962351076506,,23297,,0,1,0
0.144197911791821,,0.144197911791821,,23298,,0,1,0
0.144198135856188,,0.144198135856188,,23299,,0,1,0
0.133381874623304,,0.133381874623304,,23300,,0,1,0
0.133382213261912,,0.133382213261912,,23301,,0,1,0
0.122582304720453,,0.122582304720453,,23302,,0,1,0
0.1225824965531,,0.1225824965531,,23303,,0,1,0
0.111868089899492,,0.111868089899492,,23304,,0,1,0
0.111868287253725,,0.111868287253725,,23305,,0,1,0
0.101306436175365,,0.101306436175365,,23306,,0,1,0
0.101305899584789,,0.101305899584789,,23307,,0,1,0
0.0909636677316712,,0.0909636677316712,,23308,,0,1,0
0.0909646083900544,,0.0909646083900544,,23309,,0,1,0
0.0809076829044741,,0.0809076829044741,,23310,,0,1,0
0.0809078387533053,,0.0809078387533053,,23311,,0,1,0
0.0711990762934041,,0.0711990762934041,,23312,,0,1,0
0.0711980978852882,,0.0711980978852882,,23313,,0,1,0
0.0618995583437254,,0.0618995583437254,,23314,,0,1,0
0.0618996317455829,,0.0618996317455829,,23315,,0,1,0
0.0530699562358277,,0.0530699562358277,,23316,,0,1,0
0.0530702183881875,,0.0530702183881875,,23317,,0,1,0
0.0447654022664494,,0.0447654022664494,,23318,,0,1,0
0.0447659462271273,,0.0447659462271273,,23319,,0,1,0
0.0370380941916881,,0.0370380941916881,,23320,,0,1,0
0.0370377616299327,,0.0370377616299327,,23321,,0,1,0
0.0299359128222321,,0.0299359128222321,,23322,,0,1,0
0.0299358654226466,,0.0299358654226466,,23323,,0,1,0
0.0235057150176772,,0.0235057150176772,,23324,,0,1,0
0.0235057602501247,,0.0235057602501247,,23325,,0,1,0
0.0177869199020724,,0.0177869199020724,,23326,,0,1,0
0.0177869339546365,,0.0177869339546365,,23327,,0,1,0
0.0128164532094398,,0.0128164532094398,,23328,,0,1,0
0.0128164031094187,,0.0128164031094187,,23329,,0,1,0
0.00862491344480532,,0.00862491344480532,,23330,,0,1,0
0.00862488995965016,,0.00862488995965016,,23331,,0,1,0
0.00523970181113945,,0.00523970181113945,,23332,,0,1,0
0.00523967969262573,,0.00523967969262573,,23333,,0,1,0
0.00268178065999172,,0.00268178065999172,,23334,,0,1,0
0.00268179975788929,,0.00268179975788929,,23335,,0,1,0
0.00096746685468891,,0.00096746685468891,,23336,,0,1,0
0.000967465052145844,,0.000967465052145844,,23337,,0,1,0
0.271691512231229,,0.271691512231229,,23338,,0,1,0
0.272121608565429,,0.272121608565429,,23339,,0,1,0
0.272121608565429,,0.272121608565429,,23340,,0,1,0
0.271691512231229,,0.271691512231229,,23341,,0,1,0
0.271691951604176,,0.271691951604176,,23342,,0,1,0
0.270404798338888,,0.270404798338888,,23343,,0,1,0
0.270402913518383,,0.270402913518383,,23344,,0,1,0
0.26826682929962,,0.26826682929962,,23345,,0,1,0
0.26826905593788,,0.26826905593788,,23346,,0,1,0
0.265297427977096,,0.265297427977096,,23347,,0,1,0
0.26529464928479,,0.26529464928479,,23348,,0,1,0
0.261506076236884,,0.261506076236884,,23349,,0,1,0
0.261508835017167,,0.261508835017167,,23350,,0,1,0
0.2569276343462,,0.2569276343462,,23351,,0,1,0
0.256927207078236,,0.256927207078236,,23352,,0,1,0
0.251582023796004,,0.251582023796004,,23353,,0,1,0
0.251580924517391,,0.251580924517391,,23354,,0,1,0
0.245505395428161,,0.245505395428161,,23355,,0,1,0
0.245505813090972,,0.245505813090972,,23356,,0,1,0
0.238738841986674,,0.238738841986674,,23357,,0,1,0
0.238739542160518,,0.238739542160518,,23358,,0,1,0
0.231323114377233,,0.231323114377233,,23359,,0,1,0
0.231322019745919,,0.231322019745919,,23360,,0,1,0
0.223303743283099,,0.223303743283099,,23361,,0,1,0
0.223304699276314,,0.223304699276314,,23362,,0,1,0
0.214734604170445,,0.214734604170445,,23363,,0,1,0
0.214732885478952,,0.214732885478952,,23364,,0,1,0
0.205665542706612,,0.205665542706612,,23365,,0,1,0
0.205666192574585,,0.205666192574585,,23366,,0,1,0
0.196158906902497,,0.196158906902497,,23367,,0,1,0
0.196158682901348,,0.196158682901348,,23368,,0,1,0
0.186271136103365,,0.186271136103365,,23369,,0,1,0
0.186271754571267,,0.186271754571267,,23370,,0,1,0
0.176066661915975,,0.176066661915975,,23371,,0,1,0
0.176067475424306,,0.176067475424306,,23372,,0,1,0
0.165609667811061,,0.165609667811061,,23373,,0,1,0
0.165608741618898,,0.165608741618898,,23374,,0,1,0
0.154963014725837,,0.154963014725837,,23375,,0,1,0
0.154962450623815,,0.154962450623815,,23376,,0,1,0
0.144198039828581,,0.144198039828581,,23377,,0,1,0
0.144198039828581,,0.144198039828581,,23378,,0,1,0
0.133381997764566,,0.133381997764566,,23379,,0,1,0
0.133382213261912,,0.133382213261912,,23380,,0,1,0
0.122582408014937,,0.122582408014937,,23381,,0,1,0
0.1225824965531,,0.1225824965531,,23382,,0,1,0
0.111868188576587,,0.111868188576587,,23383,,0,1,0
0.111868287253725,,0.111868287253725,,23384,,0,1,0
0.101306342271912,,0.101306342271912,,23385,,0,1,0
0.101305993488037,,0.101305993488037,,23386,,0,1,0
0.0909638329821161,,0.0909638329821161,,23387,,0,1,0
0.0909644304272845,,0.0909644304272845,,23388,,0,1,0
0.0809076829044741,,0.0809076829044741,,23389,,0,1,0
0.0809078387533053,,0.0809078387533053,,23390,,0,1,0
0.071198930094063,,0.071198930094063,,23391,,0,1,0
0.0711982440837748,,0.0711982440837748,,23392,,0,1,0
0.0618996317455829,,0.0618996317455829,,23393,,0,1,0
0.0618996317455829,,0.0618996317455829,,23394,,0,1,0
0.0530699562358277,,0.0530699562358277,,23395,,0,1,0
0.0530701504226987,,0.0530701504226987,,23396,,0,1,0
0.0447654646879987,,0.0447654646879987,,23397,,0,1,0
0.0447658213834008,,0.0447658213834008,,23398,,0,1,0
0.0370380374127461,,0.0370380374127461,,23399,,0,1,0
0.0370378184086633,,0.0370378184086633,,23400,,0,1,0
0.0299359128222321,,0.0299359128222321,,23401,,0,1,0
0.0299358654226466,,0.0299358654226466,,23402,,0,1,0
0.0235057150176772,,0.0235057150176772,,23403,,0,1,0
0.0235057602501247,,0.0235057602501247,,23404,,0,1,0
0.0177869199020724,,0.0177869199020724,,23405,,0,1,0
0.0177869339546365,,0.0177869339546365,,23406,,0,1,0
0.0128164460522879,,0.0128164460522879,,23407,,0,1,0
0.0128164054951317,,0.0128164054951317,,23408,,0,1,0
0.00862491148770783,,0.00862491148770783,,23409,,0,1,0
0.00862489387384047,,0.00862489387384047,,23410,,0,1,0
0.00523970181113945,,0.00523970181113945,,23411,,0,1,0
0.00523967969262573,,0.00523967969262573,,23412,,0,1,0
0.00268178229695171,,0.00268178229695171,,23413,,0,1,0
0.00268179812092398,,0.00268179812092398,,23414,,0,1,0
0.00096746685468891,,0.00096746685468891,,23415,,0,1,0
0.000967465052145844,,0.000967465052145844,,23416,,0,1,0
0.219594135875269,,0.219594135875269,,23417,,0,1,0
0.218553696617763,,0.218553696617763,,23418,,0,1,0
0.218556336899638,,0.218556336899638,,23419,,0,1,0
0.216829975607753,,0.216829975607753,,23420,,0,1,0
0.216827463527681,,0.216827463527681,,23421,,0,1,0
0.214425662772129,,0.214425662772129,,23422,,0,1,0
0.214427107000718,,0.214427107000718,,23423,,0,1,0
0.211365183195101,,0.211365183195101,,23424,,0,1,0
0.211364136849738,,0.211364136849738,,23425,,0,1,0
0.207661364079373,,0.207661364079373,,23426,,0,1,0
0.207662017092957,,0.207662017092957,,23427,,0,1,0
0.203341757599292,,0.203341757599292,,23428,,0,1,0
0.203340959370742,,0.203340959370742,,23429,,0,1,0
0.198430470994772,,0.198430470994772,,23430,,0,1,0
0.198429982857052,,0.198429982857052,,23431,,0,1,0
0.192960509152387,,0.192960509152387,,23432,,0,1,0
0.192959250205151,,0.192959250205151,,23433,,0,1,0
0.186965010268681,,0.186965010268681,,23434,,0,1,0
0.186966869128014,,0.186966869128014,,23435,,0,1,0
0.180486072181452,,0.180486072181452,,23436,,0,1,0
0.180484639742645,,0.180484639742645,,23437,,0,1,0
0.173557822763655,,0.173557822763655,,23438,,0,1,0
0.173559578617251,,0.173559578617251,,23439,,0,1,0
0.166230798737274,,0.166230798737274,,23440,,0,1,0
0.166230798737274,,0.166230798737274,,23441,,0,1,0
0.158546331942633,,0.158546331942633,,23442,,0,1,0
0.158545761355818,,0.158545761355818,,23443,,0,1,0
0.150554277512931,,0.150554277512931,,23444,,0,1,0
0.150553950442401,,0.150553950442401,,23445,,0,1,0
0.142305695804403,,0.142305695804403,,23446,,0,1,0
0.142305155230902,,0.142305155230902,,23447,,0,1,0
0.133852503841013,,0.133852503841013,,23448,,0,1,0
0.133853459869473,,0.133853459869473,,23449,,0,1,0
0.125249122403959,,0.125249122403959,,23450,,0,1,0
0.125249331228083,,0.125249331228083,,23451,,0,1,0
0.116548988071104,,0.116548988071104,,23452,,0,1,0
0.116548498858293,,0.116548498858293,,23453,,0,1,0
0.107806371961516,,0.107806371961516,,23454,,0,1,0
0.107806371961516,,0.107806371961516,,23455,,0,1,0
0.0990773853115616,,0.0990773853115616,,23456,,0,1,0
0.0990777435040973,,0.0990777435040973,,23457,,0,1,0
0.0904177647417743,,0.0904177647417743,,23458,,0,1,0
0.0904172451345002,,0.0904172451345002,,23459,,0,1,0
0.081880604964621,,0.081880604964621,,23460,,0,1,0
0.0818818954144263,,0.0818818954144263,,23461,,0,1,0
0.0735225514967159,,0.0735225514967159,,23462,,0,1,0
0.0735217858136128,,0.0735217858136128,,23463,,0,1,0
0.0653934823028539,,0.0653934823028539,,23464,,0,1,0
0.0653937733052641,,0.0653937733052641,,23465,,0,1,0
0.0575464332794984,,0.0575464332794984,,23466,,0,1,0
0.0575463625057466,,0.0575463625057466,,23467,,0,1,0
0.0500308121813759,,0.0500308121813759,,23468,,0,1,0
0.0500309441626161,,0.0500309441626161,,23469,,0,1,0
0.0428942698321482,,0.0428942698321482,,23470,,0,1,0
0.0428937984671691,,0.0428937984671691,,23471,,0,1,0
0.0361815725949626,,0.0361815725949626,,23472,,0,1,0
0.0361814683747714,,0.0361814683747714,,23473,,0,1,0
0.029935522688299,,0.029935522688299,,23474,,0,1,0
0.0299356685324624,,0.0299356685324624,,23475,,0,1,0
0.0241956005188797,,0.0241956005188797,,23476,,0,1,0
0.024195554627497,,0.024195554627497,,23477,,0,1,0
0.0189984200626907,,0.0189984200626907,,23478,,0,1,0
0.0189985275349037,,0.0189985275349037,,23479,,0,1,0
0.0143762645706862,,0.0143762645706862,,23480,,0,1,0
0.0143762948914135,,0.0143762948914135,,23481,,0,1,0
0.0103588944713877,,0.0103588944713877,,23482,,0,1,0
0.0103588215474741,,0.0103588215474741,,23483,,0,1,0
0.00697106286340368,,0.00697106286340368,,23484,,0,1,0
0.00697110773024434,,0.00697110773024434,,23485,,0,1,0
0.00423501106325078,,0.00423501106325078,,23486,,0,1,0
0.00423502546290466,,0.00423502546290466,,23487,,0,1,0
0.00216757778732923,,0.00216757778732923,,23488,,0,1,0
0.00216756061775028,,0.00216756061775028,,23489,,0,1,0
0.000781953290465182,,0.000781953290465182,,23490,,0,1,0
0.000781954911000256,,0.000781954911000256,,23491,,0,1,0
0.219596110917799,,0.219596110917799,,23492,,0,1,0
0.21994350095598,,0.21994350095598,,23493,,0,1,0
0.21994350095598,,0.21994350095598,,23494,,0,1,0
0.219596110917799,,0.219596110917799,,23495,,0,1,0
0.219594135875269,,0.219594135875269,,23496,,0,1,0
0.218553854246084,,0.218553854246084,,23497,,0,1,0
0.218556336899638,,0.218556336899638,,23498,,0,1,0
0.216829818602323,,0.216829818602323,,23499,,0,1,0
0.216827581281109,,0.216827581281109,,23500,,0,1,0
0.214425662772129,,0.214425662772129,,23501,,0,1,0
0.214427107000718,,0.214427107000718,,23502,,0,1,0
0.211365066934377,,0.211365066934377,,23503,,0,1,0
0.211364291863703,,0.211364291863703,,23504,,0,1,0
0.207661364079373,,0.207661364079373,,23505,,0,1,0
0.207662017092957,,0.207662017092957,,23506,,0,1,0
0.203341605555638,,0.203341605555638,,23507,,0,1,0
0.203340959370742,,0.203340959370742,,23508,,0,1,0
0.198430358347553,,0.198430358347553,,23509,,0,1,0
0.198429982857052,,0.198429982857052,,23510,,0,1,0
0.192960361040734,,0.192960361040734,,23511,,0,1,0
0.192959398316377,,0.192959398316377,,23512,,0,1,0
0.186965265405689,,0.186965265405689,,23513,,0,1,0
0.186966613989911,,0.186966613989911,,23514,,0,1,0
0.180485857315269,,0.180485857315269,,23515,,0,1,0
0.180484782986269,,0.180484782986269,,23516,,0,1,0
0.173558068582624,,0.173558068582624,,23517,,0,1,0
0.173559332797213,,0.173559332797213,,23518,,0,1,0
0.166230798737274,,0.166230798737274,,23519,,0,1,0
0.166230798737274,,0.166230798737274,,23520,,0,1,0
0.158546331942633,,0.158546331942633,,23521,,0,1,0
0.158545862047534,,0.158545862047534,,23522,,0,1,0
0.150554179391735,,0.150554179391735,,23523,,0,1,0
0.150554048563523,,0.150554048563523,,23524,,0,1,0
0.142305568610546,,0.142305568610546,,23525,,0,1,0
0.142305250626151,,0.142305250626151,,23526,,0,1,0
0.133852719718108,,0.133852719718108,,23527,,0,1,0
0.13385333651077,,0.13385333651077,,23528,,0,1,0
0.125249122403959,,0.125249122403959,,23529,,0,1,0
0.125249331228083,,0.125249331228083,,23530,,0,1,0
0.116548887350735,,0.116548887350735,,23531,,0,1,0
0.116548599578494,,0.116548599578494,,23532,,0,1,0
0.107806371961516,,0.107806371961516,,23533,,0,1,0
0.107806371961516,,0.107806371961516,,23534,,0,1,0
0.0990774781762309,,0.0990774781762309,,23535,,0,1,0
0.0990777435040973,,0.0990777435040973,,23536,,0,1,0
0.0904176760282316,,0.0904176760282316,,23537,,0,1,0
0.0904173338478316,,0.0904173338478316,,23538,,0,1,0
0.0818808461694194,,0.0818808461694194,,23539,,0,1,0
0.0818817386302624,,0.0818817386302624,,23540,,0,1,0
0.0735224714997873,,0.0735224714997873,,23541,,0,1,0
0.0735219343786793,,0.0735219343786793,,23542,,0,1,0
0.0653934823028539,,0.0653934823028539,,23543,,0,1,0
0.0653936978601326,,0.0653936978601326,,23544,,0,1,0
0.0575464332794984,,0.0575464332794984,,23545,,0,1,0
0.0575463625057466,,0.0575463625057466,,23546,,0,1,0
0.0500308121813759,,0.0500308121813759,,23547,,0,1,0
0.0500309441626161,,0.0500309441626161,,23548,,0,1,0
0.0428942087291344,,0.0428942087291344,,23549,,0,1,0
0.0428938595698907,,0.0428938595698907,,23550,,0,1,0
0.0361815725949626,,0.0361815725949626,,23551,,0,1,0
0.0361814683747714,,0.0361814683747714,,23552,,0,1,0
0.029935522688299,,0.029935522688299,,23553,,0,1,0
0.0299356685324624,,0.0299356685324624,,23554,,0,1,0
0.0241956005188797,,0.0241956005188797,,23555,,0,1,0
0.024195554627497,,0.024195554627497,,23556,,0,1,0
0.0189984229673411,,0.0189984229673411,,23557,,0,1,0
0.0189985159162714,,0.0189985159162714,,23558,,0,1,0
0.0143762645706862,,0.0143762645706862,,23559,,0,1,0
0.0143762898379567,,0.0143762898379567,,23560,,0,1,0
0.0103588858920904,,0.0103588858920904,,23561,,0,1,0
0.0103588301267448,,0.0103588301267448,,23562,,0,1,0
0.00697106286340368,,0.00697106286340368,,23563,,0,1,0
0.00697110333152809,,0.00697110333152809,,23564,,0,1,0
0.00423501243464533,,0.00423501243464533,,23565,,0,1,0
0.00423502546290466,,0.00423502546290466,,23566,,0,1,0
0.00216757778732923,,0.00216757778732923,,23567,,0,1,0
0.00216756061775028,,0.00216756061775028,,23568,,0,1,0
0.000781953290465182,,0.000781953290465182,,23569,,0,1,0
0.000781954911000256,,0.000781954911000256,,23570,,0,1,0
0.17242259729781,,0.17242259729781,,23571,,0,1,0
0.171605886254371,,0.171605886254371,,23572,,0,1,0
0.171605432308304,,0.171605432308304,,23573,,0,1,0
0.17024967055872,,0.17024967055872,,23574,,0,1,0
0.170251653064042,,0.170251653064042,,23575,,0,1,0
0.168365693871893,,0.168365693871893,,23576,,0,1,0
0.168364863767694,,0.168364863767694,,23577,,0,1,0
0.165960572083357,,0.165960572083357,,23578,,0,1,0
0.165960572083357,,0.165960572083357,,23579,,0,1,0
0.163053163082516,,0.163053163082516,,23580,,0,1,0
0.163051665428846,,0.163051665428846,,23581,,0,1,0
0.159659514682049,,0.159659514682049,,23582,,0,1,0
0.159660424086105,,0.159660424086105,,23583,,0,1,0
0.155804800319864,,0.155804800319864,,23584,,0,1,0
0.155804800319864,,0.155804800319864,,23585,,0,1,0
0.151510247980042,,0.151510247980042,,23586,,0,1,0
0.151511133871482,,0.151511133871482,,23587,,0,1,0
0.146804506481686,,0.146804506481686,,23588,,0,1,0
0.146805572291031,,0.146805572291031,,23589,,0,1,0
0.141716572338851,,0.141716572338851,,23590,,0,1,0
0.141716572338851,,0.141716572338851,,23591,,0,1,0
0.136277821852396,,0.136277821852396,,23592,,0,1,0
0.136276048148433,,0.136276048148433,,23593,,0,1,0
0.130521870695192,,0.130521870695192,,23594,,0,1,0
0.130521779334806,,0.130521779334806,,23595,,0,1,0
0.124488118890316,,0.124488118890316,,23596,,0,1,0
0.124488327079075,,0.124488327079075,,23597,,0,1,0
0.118213407852075,,0.118213407852075,,23598,,0,1,0
0.118213697672331,,0.118213697672331,,23599,,0,1,0
0.111737113300081,,0.111737113300081,,23600,,0,1,0
0.111736732911716,,0.111736732911716,,23601,,0,1,0
0.105100028844796,,0.105100028844796,,23602,,0,1,0
0.105099209027781,,0.105099209027781,,23603,,0,1,0
0.0983432886871753,,0.0983432886871753,,23604,,0,1,0
0.0983441742375075,,0.0983441742375075,,23605,,0,1,0
0.0915125779575914,,0.0915125779575914,,23606,,0,1,0
0.0915126672066506,,0.0915126672066506,,23607,,0,1,0
0.0846484323144541,,0.0846484323144541,,23608,,0,1,0
0.0846483464778562,,0.0846483464778562,,23609,,0,1,0
0.077794534841928,,0.077794534841928,,23610,,0,1,0
0.077794617130174,,0.077794617130174,,23611,,0,1,0
0.0709948474197475,,0.0709948474197475,,23612,,0,1,0
0.070995453839318,,0.070995453839318,,23613,,0,1,0
0.0642926056766857,,0.0642926056766857,,23614,,0,1,0
0.0642917400529091,,0.0642917400529091,,23615,,0,1,0
0.0577282124398337,,0.0577282124398337,,23616,,0,1,0
0.0577280807954712,,0.0577280807954712,,23617,,0,1,0
0.0513458323790243,,0.0513458323790243,,23618,,0,1,0
0.0513456413728979,,0.0513456413728979,,23619,,0,1,0
0.0451841464150893,,0.0451841464150893,,23620,,0,1,0
0.0451846302008367,,0.0451846302008367,,23621,,0,1,0
0.0392834244175195,,0.0392834244175195,,23622,,0,1,0
0.0392834828922162,,0.0392834828922162,,23623,,0,1,0
0.0336798306918684,,0.0336798306918684,,23624,,0,1,0
0.0336801400852682,,0.0336801400852682,,23625,,0,1,0
0.0284096527990703,,0.0284096527990703,,23626,,0,1,0
0.0284095071688945,,0.0284095071688945,,23627,,0,1,0
0.0235052400796053,,0.0235052400796053,,23628,,0,1,0
0.0235054113152278,,0.0235054113152278,,23629,,0,1,0
0.0189983154954239,,0.0189983154954239,,23630,,0,1,0
0.0189981034571273,,0.0189981034571273,,23631,,0,1,0
0.0149173938390885,,0.0149173938390885,,23632,,0,1,0
0.01491738096989,,0.01491738096989,,23633,,0,1,0
0.0112880443757675,,0.0112880443757675,,23634,,0,1,0
0.0112880690042348,,0.0112880690042348,,23635,,0,1,0
0.00813365623993711,,0.00813365623993711,,23636,,0,1,0
0.00813365433939284,,0.00813365433939284,,23637,,0,1,0
0.00547362031965218,,0.00547362031965218,,23638,,0,1,0
0.00547365773798461,,0.00547365773798461,,23639,,0,1,0
0.00332529559896935,,0.00332529559896935,,23640,,0,1,0
0.00332529256095271,,0.00332529256095271,,23641,,0,1,0
0.00170195634343975,,0.00170195634343975,,23642,,0,1,0
0.00170195286592414,,0.00170195286592414,,23643,,0,1,0
0.000613984948051101,,0.000613984948051101,,23644,,0,1,0
0.000613983512077643,,0.000613983512077643,,23645,,0,1,0
0.172422247278526,,0.172422247278526,,23646,,0,1,0
0.172695160077893,,0.172695160077893,,23647,,0,1,0
0.172695160077893,,0.172695160077893,,23648,,0,1,0
0.172422247278526,,0.172422247278526,,23649,,0,1,0
0.17242259729781,,0.17242259729781,,23650,,0,1,0
0.171605886254371,,0.171605886254371,,23651,,0,1,0
0.171605432308304,,0.171605432308304,,23652,,0,1,0
0.170249774900817,,0.170249774900817,,23653,,0,1,0
0.170251513940485,,0.170251513940485,,23654,,0,1,0
0.168365693871893,,0.168365693871893,,23655,,0,1,0
0.168364863767694,,0.168364863767694,,23656,,0,1,0
0.165960572083357,,0.165960572083357,,23657,,0,1,0
0.165960572083357,,0.165960572083357,,23658,,0,1,0
0.163053060969547,,0.163053060969547,,23659,,0,1,0
0.163051801578895,,0.163051801578895,,23660,,0,1,0
0.159659514682049,,0.159659514682049,,23661,,0,1,0
0.159660424086105,,0.159660424086105,,23662,,0,1,0
0.155804800319864,,0.155804800319864,,23663,,0,1,0
0.155804800319864,,0.155804800319864,,23664,,0,1,0
0.151510247980042,,0.151510247980042,,23665,,0,1,0
0.151511035438972,,0.151511035438972,,23666,,0,1,0
0.146804603373285,,0.146804603373285,,23667,,0,1,0
0.146805378507226,,0.146805378507226,,23668,,0,1,0
0.141716572338851,,0.141716572338851,,23669,,0,1,0
0.141716572338851,,0.141716572338851,,23670,,0,1,0
0.13627760402848,,0.13627760402848,,23671,,0,1,0
0.13627623485357,,0.13627623485357,,23672,,0,1,0
0.130521870695192,,0.130521870695192,,23673,,0,1,0
0.130521779334806,,0.130521779334806,,23674,,0,1,0
0.124488118890316,,0.124488118890316,,23675,,0,1,0
0.124488222984674,,0.124488222984674,,23676,,0,1,0
0.118213407852075,,0.118213407852075,,23677,,0,1,0
0.118213697672331,,0.118213697672331,,23678,,0,1,0
0.111737014680813,,0.111737014680813,,23679,,0,1,0
0.111736831530859,,0.111736831530859,,23680,,0,1,0
0.105099933199313,,0.105099933199313,,23681,,0,1,0
0.105099291009339,,0.105099291009339,,23682,,0,1,0
0.0983434605100624,,0.0983434605100624,,23683,,0,1,0
0.098344081717137,,0.098344081717137,,23684,,0,1,0
0.0915125779575914,,0.0915125779575914,,23685,,0,1,0
0.0915126672066506,,0.0915126672066506,,23686,,0,1,0
0.0846484323144541,,0.0846484323144541,,23687,,0,1,0
0.0846483464778562,,0.0846483464778562,,23688,,0,1,0
0.077794534841928,,0.077794534841928,,23689,,0,1,0
0.077794617130174,,0.077794617130174,,23690,,0,1,0
0.0709949260295457,,0.0709949260295457,,23691,,0,1,0
0.0709953752292276,,0.0709953752292276,,23692,,0,1,0
0.0642924667490203,,0.0642924667490203,,23693,,0,1,0
0.0642918148596721,,0.0642918148596721,,23694,,0,1,0
0.0577282124398337,,0.0577282124398337,,23695,,0,1,0
0.0577280807954712,,0.0577280807954712,,23696,,0,1,0
0.0513458323790243,,0.0513458323790243,,23697,,0,1,0
0.0513456413728979,,0.0513456413728979,,23698,,0,1,0
0.0451842091279104,,0.0451842091279104,,23699,,0,1,0
0.0451845674877234,,0.0451845674877234,,23700,,0,1,0
0.0392834244175195,,0.0392834244175195,,23701,,0,1,0
0.0392834828922162,,0.0392834828922162,,23702,,0,1,0
0.0336798848356108,,0.0336798848356108,,23703,,0,1,0
0.0336801400852682,,0.0336801400852682,,23704,,0,1,0
0.0284096527990703,,0.0284096527990703,,23705,,0,1,0
0.0284095071688945,,0.0284095071688945,,23706,,0,1,0
0.023505282080738,,0.023505282080738,,23707,,0,1,0
0.0235054113152278,,0.0235054113152278,,23708,,0,1,0
0.0189982951629332,,0.0189982951629332,,23709,,0,1,0
0.0189981208848878,,0.0189981208848878,,23710,,0,1,0
0.0149173938390885,,0.0149173938390885,,23711,,0,1,0
0.01491738096989,,0.01491738096989,,23712,,0,1,0
0.0112880443757675,,0.0112880443757675,,23713,,0,1,0
0.0112880667652822,,0.0112880667652822,,23714,,0,1,0
0.00813365623993711,,0.00813365623993711,,23715,,0,1,0
0.00813365433939284,,0.00813365433939284,,23716,,0,1,0
0.00547362187874681,,0.00547362187874681,,23717,,0,1,0
0.00547365539933509,,0.00547365539933509,,23718,,0,1,0
0.00332529559896935,,0.00332529559896935,,23719,,0,1,0
0.00332529438376253,,0.00332529438376253,,23720,,0,1,0
0.00170195634343975,,0.00170195634343975,,23721,,0,1,0
0.00170195286592414,,0.00170195286592414,,23722,,0,1,0
0.000613984948051101,,0.000613984948051101,,23723,,0,1,0
0.000613983512077643,,0.000613983512077643,,23724,,0,1,0
0.130474458952932,,0.130474458952932,,23725,,0,1,0
0.129856368857986,,0.129856368857986,,23726,,0,1,0
0.129856277730811,,0.129856277730811,,23727,,0,1,0
0.128830397562796,,0.128830397562796,,23728,,0,1,0
0.128829399133366,,0.128829399133366,,23729,,0,1,0
0.127402324036099,,0.127402324036099,,23730,,0,1,0
0.127402745259191,,0.127402745259191,,23731,,0,1,0
0.125583374074267,,0.125583374074267,,23732,,0,1,0
0.125582388307295,,0.125582388307295,,23733,,0,1,0
0.123382263613438,,0.123382263613438,,23734,,0,1,0
0.123382367244418,,0.123382367244418,,23735,,0,1,0
0.120815520201534,,0.120815520201534,,23736,,0,1,0
0.120816897270089,,0.120816897270089,,23737,,0,1,0
0.117899118768289,,0.117899118768289,,23738,,0,1,0
0.117899408203023,,0.117899408203023,,23739,,0,1,0
0.114649720674096,,0.114649720674096,,23740,,0,1,0
0.114649335359904,,0.114649335359904,,23741,,0,1,0
0.111087960528153,,0.111087960528153,,23742,,0,1,0
0.111085502231731,,0.111085502231731,,23743,,0,1,0
0.107234966742312,,0.107234966742312,,23744,,0,1,0
0.107235256578697,,0.107235256578697,,23745,,0,1,0
0.103119664858813,,0.103119664858813,,23746,,0,1,0
0.103121843892895,,0.103121843892895,,23747,,0,1,0
0.0987673674195517,,0.0987673674195517,,23748,,0,1,0
0.0987662150551571,,0.0987662150551571,,23749,,0,1,0
0.0942005652324269,,0.0942005652324269,,23750,,0,1,0
0.0942014319301632,,0.0942014319301632,,23751,,0,1,0
0.0894530823099697,,0.0894530823099697,,23752,,0,1,0
0.0894529940709461,,0.0894529940709461,,23753,,0,1,0
0.0845520897440761,,0.0845520897440761,,23754,,0,1,0
0.0845519304240288,,0.0845519304240288,,23755,,0,1,0
0.0795298185736333,,0.0795298185736333,,23756,,0,1,0
0.0795295689710613,,0.0795295689710613,,23757,,0,1,0
0.0744174297517941,,0.0744174297517941,,23758,,0,1,0
0.0744182000845512,,0.0744182000845512,,23759,,0,1,0
0.0692485557997284,,0.0692485557997284,,23760,,0,1,0
0.0692481121606829,,0.0692481121606829,,23761,,0,1,0
0.0640539359956165,,0.0640539359956165,,23762,,0,1,0
0.0640541493336926,,0.0640541493336926,,23763,,0,1,0
0.0588677255859,,0.0588677255859,,23764,,0,1,0
0.0588671120304003,,0.0588671120304003,,23765,,0,1,0
0.0537218304334748,,0.0537218304334748,,23766,,0,1,0
0.0537215666766304,,0.0537215666766304,,23767,,0,1,0
0.048649539847951,,0.048649539847951,,23768,,0,1,0
0.0486496606983522,,0.0486496606983522,,23769,,0,1,0
0.0436830017299101,,0.0436830017299101,,23770,,0,1,0
0.0436832924238684,,0.0436832924238684,,23771,,0,1,0
0.0388537892506591,,0.0388537892506591,,23772,,0,1,0
0.0388539055588115,,0.0388539055588115,,23773,,0,1,0
0.0341914915358115,,0.0341914915358115,,23774,,0,1,0
0.0341913902223485,,0.0341913902223485,,23775,,0,1,0
0.0297259992267983,,0.0297259992267983,,23776,,0,1,0
0.0297260464599436,,0.0297260464599436,,23777,,0,1,0
0.0254857765540066,,0.0254857765540066,,23778,,0,1,0
0.0254855511519426,,0.0254855511519426,,23779,,0,1,0
0.0214974254325205,,0.0214974254325205,,23780,,0,1,0
0.0214974686895398,,0.0214974686895398,,23781,,0,1,0
0.0177864308762992,,0.0177864308762992,,23782,,0,1,0
0.0177865039486886,,0.0177865039486886,,23783,,0,1,0
0.0143759613651722,,0.0143759613651722,,23784,,0,1,0
0.0143760877004144,,0.0143760877004144,,23785,,0,1,0
0.0112881563235629,,0.0112881563235629,,23786,,0,1,0
0.0112880622873774,,0.0112880622873774,,23787,,0,1,0
0.00854173477553566,,0.00854173477553566,,23788,,0,1,0
0.00854169971809471,,0.00854169971809471,,23789,,0,1,0
0.00615475374897489,,0.00615475374897489,,23790,,0,1,0
0.00615486947753052,,0.00615486947753052,,23791,,0,1,0
0.0041419725849208,,0.0041419725849208,,23792,,0,1,0
0.00414188171688482,,0.00414188171688482,,23793,,0,1,0
0.00251623195623354,,0.00251623195623354,,23794,,0,1,0
0.00251621609996391,,0.00251621609996391,,23795,,0,1,0
0.00128785339723992,,0.00128785339723992,,23796,,0,1,0
0.00128787154742661,,0.00128787154742661,,23797,,0,1,0
0.000464603010054382,,0.000464603010054382,,23798,,0,1,0
0.000464603010054382,,0.000464603010054382,,23799,,0,1,0
0.130473332381742,,0.130473332381742,,23800,,0,1,0
0.130679911094818,,0.130679911094818,,23801,,0,1,0
0.130679911094818,,0.130679911094818,,23802,,0,1,0
0.130473332381742,,0.130473332381742,,23803,,0,1,0
0.130474458952932,,0.130474458952932,,23804,,0,1,0
0.129856368857986,,0.129856368857986,,23805,,0,1,0
0.129856277730811,,0.129856277730811,,23806,,0,1,0
0.128830397562796,,0.128830397562796,,23807,,0,1,0
0.128829399133366,,0.128829399133366,,23808,,0,1,0
0.127402324036099,,0.127402324036099,,23809,,0,1,0
0.127402745259191,,0.127402745259191,,23810,,0,1,0
0.125583374074267,,0.125583374074267,,23811,,0,1,0
0.125582388307295,,0.125582388307295,,23812,,0,1,0
0.123382263613438,,0.123382263613438,,23813,,0,1,0
0.123382367244418,,0.123382367244418,,23814,,0,1,0
0.120815622748922,,0.120815622748922,,23815,,0,1,0
0.12081679472216,,0.12081679472216,,23816,,0,1,0
0.117899118768289,,0.117899118768289,,23817,,0,1,0
0.117899408203023,,0.117899408203023,,23818,,0,1,0
0.114649620777762,,0.114649620777762,,23819,,0,1,0
0.114649420985224,,0.114649420985224,,23820,,0,1,0
0.111087763863438,,0.111087763863438,,23821,,0,1,0
0.111085698894444,,0.111085698894444,,23822,,0,1,0
0.107234966742312,,0.107234966742312,,23823,,0,1,0
0.107235159966525,,0.107235159966525,,23824,,0,1,0
0.10311984080481,,0.10311984080481,,23825,,0,1,0
0.103121654410756,,0.103121654410756,,23826,,0,1,0
0.0987671952267437,,0.0987671952267437,,23827,,0,1,0
0.0987663077738827,,0.0987663077738827,,23828,,0,1,0
0.0942006557827502,,0.0942006557827502,,23829,,0,1,0
0.094201354315278,,0.094201354315278,,23830,,0,1,0
0.0894530823099697,,0.0894530823099697,,23831,,0,1,0
0.0894530823099697,,0.0894530823099697,,23832,,0,1,0
0.0845520897440761,,0.0845520897440761,,23833,,0,1,0
0.0845519304240288,,0.0845519304240288,,23834,,0,1,0
0.0795298185736333,,0.0795298185736333,,23835,,0,1,0
0.0795295689710613,,0.0795295689710613,,23836,,0,1,0
0.0744175792190322,,0.0744175792190322,,23837,,0,1,0
0.0744181196018379,,0.0744181196018379,,23838,,0,1,0
0.0692485557997284,,0.0692485557997284,,23839,,0,1,0
0.0692481121606829,,0.0692481121606829,,23840,,0,1,0
0.0640539359956165,,0.0640539359956165,,23841,,0,1,0
0.0640540746653255,,0.0640540746653255,,23842,,0,1,0
0.0588676540042603,,0.0588676540042603,,23843,,0,1,0
0.0588671733858064,,0.0588671733858064,,23844,,0,1,0
0.0537218304334748,,0.0537218304334748,,23845,,0,1,0
0.0537215666766304,,0.0537215666766304,,23846,,0,1,0
0.048649539847951,,0.048649539847951,,23847,,0,1,0
0.0486496606983522,,0.0486496606983522,,23848,,0,1,0
0.0436830545832851,,0.0436830545832851,,23849,,0,1,0
0.0436832924238684,,0.0436832924238684,,23850,,0,1,0
0.0388537892506591,,0.0388537892506591,,23851,,0,1,0
0.0388539055588115,,0.0388539055588115,,23852,,0,1,0
0.0341914915358115,,0.0341914915358115,,23853,,0,1,0
0.0341914369823897,,0.0341914369823897,,23854,,0,1,0
0.0297259992267983,,0.0297259992267983,,23855,,0,1,0
0.0297260464599436,,0.0297260464599436,,23856,,0,1,0
0.0254857294549855,,0.0254857294549855,,23857,,0,1,0
0.0254855948865935,,0.0254855948865935,,23858,,0,1,0
0.0214974254325205,,0.0214974254325205,,23859,,0,1,0
0.0214974686895398,,0.0214974686895398,,23860,,0,1,0
0.0177864449286701,,0.0177864449286701,,23861,,0,1,0
0.0177864955172514,,0.0177864955172514,,23862,,0,1,0
0.0143759714719711,,0.0143759714719711,,23863,,0,1,0
0.0143760775935746,,0.0143760775935746,,23864,,0,1,0
0.0112881540846016,,0.0112881540846016,,23865,,0,1,0
0.0112880712431878,,0.0112880712431878,,23866,,0,1,0
0.00854173088026089,,0.00854173088026089,,23867,,0,1,0
0.00854170166572843,,0.00854170166572843,,23868,,0,1,0
0.00615475788211886,,0.00615475788211886,,23869,,0,1,0
0.00615486286444089,,0.00615486286444089,,23870,,0,1,0
0.00414197055055088,,0.00414197055055088,,23871,,0,1,0
0.00414188714181421,,0.00414188714181421,,23872,,0,1,0
0.00251623195623354,,0.00251623195623354,,23873,,0,1,0
0.00251621609996391,,0.00251621609996391,,23874,,0,1,0
0.00128785434255899,,0.00128785434255899,,23875,,0,1,0
0.00128787060210123,,0.00128787060210123,,23876,,0,1,0
0.000464603010054382,,0.000464603010054382,,23877,,0,1,0
0.000464603010054382,,0.000464603010054382,,23878,,0,1,0
0.0940105443306654,,0.0940105443306654,,23879,,0,1,0
0.0935652396268876,,0.0935652396268876,,23880,,0,1,0
0.0935641180208862,,0.0935641180208862,,23881,,0,1,0
0.0928249135545229,,0.0928249135545229,,23882,,0,1,0
0.092825337306579,,0.092825337306579,,23883,,0,1,0
0.0917970441144473,,0.0917970441144473,,23884,,0,1,0
0.0917975549016998,,0.0917975549016998,,23885,,0,1,0
0.0904865815368265,,0.0904865815368265,,23886,,0,1,0
0.0904869999175233,,0.0904869999175233,,23887,,0,1,0
0.0889017848224545,,0.0889017848224545,,23888,,0,1,0
0.0889031294616487,,0.0889031294616487,,23889,,0,1,0
0.0870536216235678,,0.0870536216235678,,23890,,0,1,0
0.0870515324948258,,0.0870515324948258,,23891,,0,1,0
0.0849493972987432,,0.0849493972987432,,23892,,0,1,0
0.084950220339064,,0.084950220339064,,23893,,0,1,0
0.0826086884775368,,0.0826086884775368,,23894,,0,1,0
0.0826076345861932,,0.0826076345861932,,23895,,0,1,0
0.0800415283677296,,0.0800415283677296,,23896,,0,1,0
0.080043841644839,,0.080043841644839,,23897,,0,1,0
0.0772691564135357,,0.0772691564135357,,23898,,0,1,0
0.077269074403667,,0.077269074403667,,23899,,0,1,0
0.0743037401930242,,0.0743037401930242,,23900,,0,1,0
0.0743013505650869,,0.0743013505650869,,23901,,0,1,0
0.0711639140531322,,0.0711639140531322,,23902,,0,1,0
0.0711648922263426,,0.0711648922263426,,23903,,0,1,0
0.0678751925160999,,0.0678751925160999,,23904,,0,1,0
0.0678754889889182,,0.0678754889889182,,23905,,0,1,0
0.0644541410483228,,0.0644541410483228,,23906,,0,1,0
0.0644529961356359,,0.0644529961356359,,23907,,0,1,0
0.0609218575597925,,0.0609218575597925,,23908,,0,1,0
0.060923397188974,,0.060923397188974,,23909,,0,1,0
0.0573045305101232,,0.0573045305101232,,23910,,0,1,0
0.057304187475582,,0.057304187475582,,23911,,0,1,0
0.0536207906101649,,0.0536207906101649,,23912,,0,1,0
0.0536195413895197,,0.0536195413895197,,23913,,0,1,0
0.0498947662334008,,0.0498947662334008,,23914,,0,1,0
0.0498954534868972,,0.0498954534868972,,23915,,0,1,0
0.0461528748909683,,0.0461528748909683,,23916,,0,1,0
0.0461531736899605,,0.0461531736899605,,23917,,0,1,0
0.0424161342161828,,0.0424161342161828,,23918,,0,1,0
0.0424160213734197,,0.0424160213734197,,23919,,0,1,0
0.0387086396774023,,0.0387086396774023,,23920,,0,1,0
0.0387089133200402,,0.0387089133200402,,23921,,0,1,0
0.0350542281063899,,0.0350542281063899,,23922,,0,1,0
0.0350543859277548,,0.0350543859277548,,23923,,0,1,0
0.0314757041805653,,0.0314757041805653,,23924,,0,1,0
0.0314755546319785,,0.0314755546319785,,23925,,0,1,0
0.0279956955099553,,0.0279956955099553,,23926,,0,1,0
0.0279955544706417,,0.0279955544706417,,23927,,0,1,0
0.0246360961056667,,0.0246360961056667,,23928,,0,1,0
0.0246363607192955,,0.0246363607192955,,23929,,0,1,0
0.0214188283745216,,0.0214188283745216,,23930,,0,1,0
0.0214185816446673,,0.0214185816446673,,23931,,0,1,0
0.0183633254699362,,0.0183633254699362,,23932,,0,1,0
0.0183635624928159,,0.0183635624928159,,23933,,0,1,0
0.0154899039014329,,0.0154899039014329,,23934,,0,1,0
0.0154899668478703,,0.0154899668478703,,23935,,0,1,0
0.0128159879987249,,0.0128159879987249,,23936,,0,1,0
0.0128158901862642,,0.0128158901862642,,23937,,0,1,0
0.0103584655108762,,0.0103584655108762,,23938,,0,1,0
0.0103583003634472,,0.0103583003634472,,23939,,0,1,0
0.00813337686231108,,0.00813337686231108,,23940,,0,1,0
0.00813343577828196,,0.00813343577828196,,23941,,0,1,0
0.00615460247686064,,0.00615460247686064,,23942,,0,1,0
0.00615462066248099,,0.00615462066248099,,23943,,0,1,0
0.00443473858853061,,0.00443473858853061,,23944,,0,1,0
0.00443464807226637,,0.00443464807226637,,23945,,0,1,0
0.00298433583218152,,0.00298433583218152,,23946,,0,1,0
0.00298440087656049,,0.00298440087656049,,23947,,0,1,0
0.00181304963406421,,0.00181304963406421,,23948,,0,1,0
0.00181306892616723,,0.00181306892616723,,23949,,0,1,0
0.000927968164574251,,0.000927968164574251,,23950,,0,1,0
0.000927952757822377,,0.000927952757822377,,23951,,0,1,0
0.000334761964689777,,0.000334761964689777,,23952,,0,1,0
0.000334762976811627,,0.000334762976811627,,23953,,0,1,0
0.0940108932439916,,0.0940108932439916,,23954,,0,1,0
0.0941596797407347,,0.0941596797407347,,23955,,0,1,0
0.0941596797407347,,0.0941596797407347,,23956,,0,1,0
0.0940108932439916,,0.0940108932439916,,23957,,0,1,0
0.0940105443306654,,0.0940105443306654,,23958,,0,1,0
0.0935651493824778,,0.0935651493824778,,23959,,0,1,0
0.0935641180208862,,0.0935641180208862,,23960,,0,1,0
0.0928249906002794,,0.0928249906002794,,23961,,0,1,0
0.092825337306579,,0.092825337306579,,23962,,0,1,0
0.0917970441144473,,0.0917970441144473,,23963,,0,1,0
0.0917975549016998,,0.0917975549016998,,23964,,0,1,0
0.0904865815368265,,0.0904865815368265,,23965,,0,1,0
0.0904869999175233,,0.0904869999175233,,23966,,0,1,0
0.0889017848224545,,0.0889017848224545,,23967,,0,1,0
0.0889031294616487,,0.0889031294616487,,23968,,0,1,0
0.0870535345760364,,0.0870535345760364,,23969,,0,1,0
0.0870516195413562,,0.0870516195413562,,23970,,0,1,0
0.084949471003684,,0.084949471003684,,23971,,0,1,0
0.084950220339064,,0.084950220339064,,23972,,0,1,0
0.0826086036814329,,0.0826086036814329,,23973,,0,1,0
0.082607707268139,,0.082607707268139,,23974,,0,1,0
0.0800416833800992,,0.0800416833800992,,23975,,0,1,0
0.0800436866303795,,0.0800436866303795,,23976,,0,1,0
0.0772691564135357,,0.0772691564135357,,23977,,0,1,0
0.077269074403667,,0.077269074403667,,23978,,0,1,0
0.0743035793514761,,0.0743035793514761,,23979,,0,1,0
0.0743015803353342,,0.0743015803353342,,23980,,0,1,0
0.071164060216518,,0.071164060216518,,23981,,0,1,0
0.0711648135225023,,0.0711648135225023,,23982,,0,1,0
0.0678751925160999,,0.0678751925160999,,23983,,0,1,0
0.0678754889889182,,0.0678754889889182,,23984,,0,1,0
0.0644540019462387,,0.0644540019462387,,23985,,0,1,0
0.0644530603360782,,0.0644530603360782,,23986,,0,1,0
0.0609220031995577,,0.0609220031995577,,23987,,0,1,0
0.0609232619504962,,0.0609232619504962,,23988,,0,1,0
0.0573045305101232,,0.0573045305101232,,23989,,0,1,0
0.0573042581002565,,0.0573042581002565,,23990,,0,1,0
0.0536207222930347,,0.0536207222930347,,23991,,0,1,0
0.0536196097058976,,0.0536196097058976,,23992,,0,1,0
0.049894822719811,,0.049894822719811,,23993,,0,1,0
0.0498953970001299,,0.0498953970001299,,23994,,0,1,0
0.0461529292179859,,0.0461529292179859,,23995,,0,1,0
0.0461531103082753,,0.0461531103082753,,23996,,0,1,0
0.0424161342161828,,0.0424161342161828,,23997,,0,1,0
0.0424160213734197,,0.0424160213734197,,23998,,0,1,0
0.0387086396774023,,0.0387086396774023,,23999,,0,1,0
0.0387088635667614,,0.0387088635667614,,24000,,0,1,0
0.0350542754527621,,0.0350542754527621,,24001,,0,1,0
0.0350543859277548,,0.0350543859277548,,24002,,0,1,0
0.0314757041805653,,0.0314757041805653,,24003,,0,1,0
0.0314755546319785,,0.0314755546319785,,24004,,0,1,0
0.0279956955099553,,0.0279956955099553,,24005,,0,1,0
0.0279955544706417,,0.0279955544706417,,24006,,0,1,0
0.0246361391052847,,0.0246361391052847,,24007,,0,1,0
0.0246363177194842,,0.0246363177194842,,24008,,0,1,0
0.0214187882808236,,0.0214187882808236,,24009,,0,1,0
0.0214185816446673,,0.0214185816446673,,24010,,0,1,0
0.018363342604069,,0.018363342604069,,24011,,0,1,0
0.0183635453585805,,0.0183635453585805,,24012,,0,1,0
0.0154899039014329,,0.0154899039014329,,24013,,0,1,0
0.0154899668478703,,0.0154899668478703,,24014,,0,1,0
0.0128159784560293,,0.0128159784560293,,24015,,0,1,0
0.0128158949575951,,0.0128158949575951,,24016,,0,1,0
0.0103584569317565,,0.0103584569317565,,24017,,0,1,0
0.010358308942502,,0.010358308942502,,24018,,0,1,0
0.00813338066333502,,0.00813338066333502,,24019,,0,1,0
0.00813343197724514,,0.00813343197724514,,24020,,0,1,0
0.00615460495671638,,0.00615460495671638,,24021,,0,1,0
0.00615461818262208,,0.00615461818262208,,24022,,0,1,0
0.004434732975092,,0.004434732975092,,24023,,0,1,0
0.0044346515806315,,0.0044346515806315,,24024,,0,1,0
0.00298433755901428,,0.00298433755901428,,24025,,0,1,0
0.00298439799847564,,0.00298439799847564,,24026,,0,1,0
0.00181305075569529,,0.00181305075569529,,24027,,0,1,0
0.00181306758020323,,0.00181306758020323,,24028,,0,1,0
0.000927967362136101,,0.000927967362136101,,24029,,0,1,0
0.000927952757822377,,0.000927952757822377,,24030,,0,1,0
0.000334761964689777,,0.000334761964689777,,24031,,0,1,0
0.000334762976811627,,0.000334762976811627,,24032,,0,1,0
0.0632657984751899,,0.0632657984751899,,24033,,0,1,0
0.0629661439293021,,0.0629661439293021,,24034,,0,1,0
0.0629675611121816,,0.0629675611121816,,24035,,0,1,0
0.0624701719883731,,0.0624701719883731,,24036,,0,1,0
0.0624702351935742,,0.0624702351935742,,24037,,0,1,0
0.0617782321890274,,0.0617782321890274,,24038,,0,1,0
0.0617773208069257,,0.0617773208069257,,24039,,0,1,0
0.0608951252091927,,0.0608951252091927,,24040,,0,1,0
0.060894709187842,,0.060894709187842,,24041,,0,1,0
0.0598279715103804,,0.0598279715103804,,24042,,0,1,0
0.059827765330223,,0.059827765330223,,24043,,0,1,0
0.058583001845776,,0.058583001845776,,24044,,0,1,0
0.0585839607617378,,0.0585839607617378,,24045,,0,1,0
0.0571692629218394,,0.0571692629218394,,24046,,0,1,0
0.0571691923804014,,0.0571691923804014,,24047,,0,1,0
0.0555933148890557,,0.0555933148890557,,24048,,0,1,0
0.0555936527639855,,0.0555936527639855,,24049,,0,1,0
0.0538668089502607,,0.0538668089502607,,24050,,0,1,0
0.0538650384306689,,0.0538650384306689,,24051,,0,1,0
0.0519979031473032,,0.0519979031473032,,24052,,0,1,0
0.0519989315043929,,0.0519989315043929,,24053,,0,1,0
0.050003175374691,,0.050003175374691,,24054,,0,1,0
0.0500036183328629,,0.0500036183328629,,24055,,0,1,0
0.0478922130477781,,0.0478922130477781,,24056,,0,1,0
0.0478925912135981,,0.0478925912135981,,24057,,0,1,0
0.0456786836009582,,0.0456786836009582,,24058,,0,1,0
0.0456778909122275,,0.0456778909122275,,24059,,0,1,0
0.0433754363680205,,0.0433754363680205,,24060,,0,1,0
0.0433758489268872,,0.0433758489268872,,24061,,0,1,0
0.0409994788666683,,0.0409994788666683,,24062,,0,1,0
0.0409983865178294,,0.0409983865178294,,24063,,0,1,0
0.0385631409893255,,0.0385631409893255,,24064,,0,1,0
0.0385645314685452,,0.0385645314685452,,24065,,0,1,0
0.036085497271479,,0.036085497271479,,24066,,0,1,0
0.0360853371458063,,0.0360853371458063,,24067,,0,1,0
0.0335787429833094,,0.0335787429833094,,24068,,0,1,0
0.0335782718697164,,0.0335782718697164,,24069,,0,1,0
0.0310596898763453,,0.0310596898763453,,24070,,0,1,0
0.0310600389867095,,0.0310600389867095,,24071,,0,1,0
0.028545061748818,,0.028545061748818,,24072,,0,1,0
0.0285450154634437,,0.0285450154634437,,24073,,0,1,0
0.0260500815208619,,0.0260500815208619,,24074,,0,1,0
0.026049806019643,,0.026049806019643,,24075,,0,1,0
0.0235903951679828,,0.0235903951679828,,24076,,0,1,0
0.0235903530908753,,0.0235903530908753,,24077,,0,1,0
0.021182005390033,,0.021182005390033,,24078,,0,1,0
0.0211821710102146,,0.0211821710102146,,24079,,0,1,0
0.0188403075433503,,0.0188403075433503,,24080,,0,1,0
0.018840359609074,,0.018840359609074,,24081,,0,1,0
0.0165795425475679,,0.0165795425475679,,24082,,0,1,0
0.0165792332160248,,0.0165792332160248,,24083,,0,1,0
0.0144139753857885,,0.0144139753857885,,24084,,0,1,0
0.0144140057462573,,0.0144140057462573,,24085,,0,1,0
0.0123579289288013,,0.0123579289288013,,24086,,0,1,0
0.012357889103733,,0.012357889103733,,24087,,0,1,0
0.0104240491368306,,0.0104240491368306,,24088,,0,1,0
0.0104240878649353,,0.0104240878649353,,24089,,0,1,0
0.00862461009734539,,0.00862461009734539,,24090,,0,1,0
0.00862455138554996,,0.00862455138554996,,24091,,0,1,0
0.00697080774097605,,0.00697080774097605,,24092,,0,1,0
0.00697094058000236,,0.00697094058000236,,24093,,0,1,0
0.00547360550826426,,0.00547360550826426,,24094,,0,1,0
0.00547357588554853,,0.00547357588554853,,24095,,0,1,0
0.00414187968253721,,0.00414187968253721,,24096,,0,1,0
0.00414187222326692,,0.00414187222326692,,24097,,0,1,0
0.00298444116989416,,0.00298444116989416,,24098,,0,1,0
0.00298449182475669,,0.00298449182475669,,24099,,0,1,0
0.00200844108432688,,0.00200844108432688,,24100,,0,1,0
0.00200841464068538,,0.00200841464068538,,24101,,0,1,0
0.00122013058376397,,0.00122013058376397,,24102,,0,1,0
0.00122012966363608,,0.00122012966363608,,24103,,0,1,0
0.000624488868221536,,0.000624488868221536,,24104,,0,1,0
0.000624490974703858,,0.000624490974703858,,24105,,0,1,0
0.00022528723513167,,0.00022528723513167,,24106,,0,1,0
0.000225285969921179,,0.000225285969921179,,24107,,0,1,0
0.0632662967263471,,0.0632662967263471,,24108,,0,1,0
0.0633664319917404,,0.0633664319917404,,24109,,0,1,0
0.0633664319917404,,0.0633664319917404,,24110,,0,1,0
0.0632662967263471,,0.0632662967263471,,24111,,0,1,0
0.0632657984751899,,0.0632657984751899,,24112,,0,1,0
0.0629661439293021,,0.0629661439293021,,24113,,0,1,0
0.0629675611121816,,0.0629675611121816,,24114,,0,1,0
0.0624701719883731,,0.0624701719883731,,24115,,0,1,0
0.0624702351935742,,0.0624702351935742,,24116,,0,1,0
0.0617782321890274,,0.0617782321890274,,24117,,0,1,0
0.0617773941362714,,0.0617773941362714,,24118,,0,1,0
0.0608951252091927,,0.0608951252091927,,24119,,0,1,0
0.060894709187842,,0.060894709187842,,24120,,0,1,0
0.0598279715103804,,0.0598279715103804,,24121,,0,1,0
0.059827765330223,,0.059827765330223,,24122,,0,1,0
0.058583073254141,,0.058583073254141,,24123,,0,1,0
0.0585838893528319,,0.0585838893528319,,24124,,0,1,0
0.0571691923804014,,0.0571691923804014,,24125,,0,1,0
0.0571691923804014,,0.0571691923804014,,24126,,0,1,0
0.0555933148890557,,0.0555933148890557,,24127,,0,1,0
0.0555936527639855,,0.0555936527639855,,24128,,0,1,0
0.0538666817849003,,0.0538666817849003,,24129,,0,1,0
0.0538651069032614,,0.0538651069032614,,24130,,0,1,0
0.0519979608119177,,0.0519979608119177,,24131,,0,1,0
0.0519988642283846,,0.0519988642283846,,24132,,0,1,0
0.050003175374691,,0.050003175374691,,24133,,0,1,0
0.0500036183328629,,0.0500036183328629,,24134,,0,1,0
0.0478922130477781,,0.0478922130477781,,24135,,0,1,0
0.0478925912135981,,0.0478925912135981,,24136,,0,1,0
0.045678620545921,,0.045678620545921,,24137,,0,1,0
0.0456779539667611,,0.0456779539667611,,24138,,0,1,0
0.0433754890350007,,0.0433754890350007,,24139,,0,1,0
0.0433757874818252,,0.0433757874818252,,24140,,0,1,0
0.0409994191284651,,0.0409994191284651,,24141,,0,1,0
0.0409984462552804,,0.0409984462552804,,24142,,0,1,0
0.0385632568616363,,0.0385632568616363,,24143,,0,1,0
0.0385644238710441,,0.0385644238710441,,24144,,0,1,0
0.036085497271479,,0.036085497271479,,24145,,0,1,0
0.0360853931897513,,0.0360853931897513,,24146,,0,1,0
0.033578688920926,,0.033578688920926,,24147,,0,1,0
0.0335783259317641,,0.0335783259317641,,24148,,0,1,0
0.0310596898763453,,0.0310596898763453,,24149,,0,1,0
0.0310600389867095,,0.0310600389867095,,24150,,0,1,0
0.028545061748818,,0.028545061748818,,24151,,0,1,0
0.0285450154634437,,0.0285450154634437,,24152,,0,1,0
0.0260500815208619,,0.0260500815208619,,24153,,0,1,0
0.0260498536370335,,0.0260498536370335,,24154,,0,1,0
0.0235903951679828,,0.0235903951679828,,24155,,0,1,0
0.0235903530908753,,0.0235903530908753,,24156,,0,1,0
0.0211820483285364,,0.0211820483285364,,24157,,0,1,0
0.0211821311386302,,0.0211821311386302,,24158,,0,1,0
0.0188403162209659,,0.0188403162209659,,24159,,0,1,0
0.0188403567165319,,0.0188403567165319,,24160,,0,1,0
0.016579520839997,,0.016579520839997,,24161,,0,1,0
0.0165792630636795,,0.0165792630636795,,24162,,0,1,0
0.0144139753857885,,0.0144139753857885,,24163,,0,1,0
0.0144140006861769,,0.0144140006861769,,24164,,0,1,0
0.0123579265861484,,0.0123579265861484,,24165,,0,1,0
0.0123578984743316,,0.0123578984743316,,24166,,0,1,0
0.0104240512883901,,0.0104240512883901,,24167,,0,1,0
0.0104240878649353,,0.0104240878649353,,24168,,0,1,0
0.00862460422615685,,0.00862460422615685,,24169,,0,1,0
0.00862455334260659,,0.00862455334260659,,24170,,0,1,0
0.00697081477877351,,0.00697081477877351,,24171,,0,1,0
0.0069709335421414,,0.0069709335421414,,24172,,0,1,0
0.00547360550826426,,0.00547360550826426,,24173,,0,1,0
0.00547357822418107,,0.00547357822418107,,24174,,0,1,0
0.00414187968253721,,0.00414187968253721,,24175,,0,1,0
0.00414187222326692,,0.00414187222326692,,24176,,0,1,0
0.00298444232113626,,0.00298444232113626,,24177,,0,1,0
0.00298449067350504,,0.00298449067350504,,24178,,0,1,0
0.00200844013990811,,0.00200844013990811,,24179,,0,1,0
0.00200841605730462,,0.00200841605730462,,24180,,0,1,0
0.00122013058376397,,0.00122013058376397,,24181,,0,1,0
0.00122012966363608,,0.00122012966363608,,24182,,0,1,0
0.000624488868221536,,0.000624488868221536,,24183,,0,1,0
0.000624490974703858,,0.000624490974703858,,24184,,0,1,0
0.00022528723513167,,0.00022528723513167,,24185,,0,1,0
0.000225285969921179,,0.000225285969921179,,24186,,0,1,0
0.0384350018909334,,0.0384350018909334,,24187,,0,1,0
0.0382529483258343,,0.0382529483258343,,24188,,0,1,0
0.0382523383290416,,0.0382523383290416,,24189,,0,1,0
0.0379501823424317,,0.0379501823424317,,24190,,0,1,0
0.0379492956086414,,0.0379492956086414,,24191,,0,1,0
0.0375289579587208,,0.0375289579587208,,24192,,0,1,0
0.0375293988620666,,0.0375293988620666,,24193,,0,1,0
0.0369934712632554,,0.0369934712632554,,24194,,0,1,0
0.0369945007823151,,0.0369945007823151,,24195,,0,1,0
0.036346395832318,,0.036346395832318,,24196,,0,1,0
0.036345961933721,,0.036345961933721,,24197,,0,1,0
0.0355897885136014,,0.0355897885136014,,24198,,0,1,0
0.0355888820927324,,0.0355888820927324,,24199,,0,1,0
0.034729461844432,,0.034729461844432,,24200,,0,1,0
0.0347298310031636,,0.0347298310031636,,24201,,0,1,0
0.0337724955745262,,0.0337724955745262,,24202,,0,1,0
0.0337728131387434,,0.0337728131387434,,24203,,0,1,0
0.0327236227011056,,0.0327236227011056,,24204,,0,1,0
0.0327241868963046,,0.0327241868963046,,24205,,0,1,0
0.0315898683559195,,0.0315898683559195,,24206,,0,1,0
0.031588917007797,,0.031588917007797,,24207,,0,1,0
0.0303765889342333,,0.0303765889342333,,24208,,0,1,0
0.0303771802678955,,0.0303771802678955,,24209,,0,1,0
0.0290945104915298,,0.0290945104915298,,24210,,0,1,0
0.0290936406247254,,0.0290936406247254,,24211,,0,1,0
0.0277487780020795,,0.0277487780020795,,24212,,0,1,0
0.0277491079809917,,0.0277491079809917,,24213,,0,1,0
0.0263503649215568,,0.0263503649215568,,24214,,0,1,0
0.0263505496453971,,0.0263505496453971,,24215,,0,1,0
0.0249068868654866,,0.0249068868654866,,24216,,0,1,0
0.0249073358491718,,0.0249073358491718,,24217,,0,1,0
0.0234279409147025,,0.0234279409147025,,24218,,0,1,0
0.0234271635664786,,0.0234271635664786,,24219,,0,1,0
0.0219212497538256,,0.0219212497538256,,24220,,0,1,0
0.0219211218301325,,0.0219211218301325,,24221,,0,1,0
0.0203983654608707,,0.0203983654608707,,24222,,0,1,0
0.0203988891635919,,0.0203988891635919,,24223,,0,1,0
0.0188688011321948,,0.0188688011321948,,24224,,0,1,0
0.0188682048236216,,0.0188682048236216,,24225,,0,1,0
0.0173404491852241,,0.0173404491852241,,24226,,0,1,0
0.0173409486914605,,0.0173409486914605,,24227,,0,1,0
0.015825239124606,,0.015825239124606,,24228,,0,1,0
0.0158253796280872,,0.0158253796280872,,24229,,0,1,0
0.0143312584332307,,0.0143312584332307,,24230,,0,1,0
0.0143310793172785,,0.0143310793172785,,24231,,0,1,0
0.0128680365086719,,0.0128680365086719,,24232,,0,1,0
0.0128681632062144,,0.0128681632062144,,24233,,0,1,0
0.0114454839977763,,0.0114454839977763,,24234,,0,1,0
0.0114454253805879,,0.0114454253805879,,24235,,0,1,0
0.0100719798254194,,0.0100719798254194,,24236,,0,1,0
0.0100718804247474,,0.0100718804247474,,24237,,0,1,0
0.00875649003546641,,0.00875649003546641,,24238,,0,1,0
0.0087566675135986,,0.0087566675135986,,24239,,0,1,0
0.00750756712867962,,0.00750756712867962,,24240,,0,1,0
0.00750750413413995,,0.00750750413413995,,24241,,0,1,0
0.00633268691830047,,0.00633268691830047,,24242,,0,1,0
0.00633258294567129,,0.00633258294567129,,24243,,0,1,0
0.00523941122335403,,0.00523941122335403,,24244,,0,1,0
0.00523942800248201,,0.00523942800248201,,24245,,0,1,0
0.00423477861508248,,0.00423477861508248,,24246,,0,1,0
0.00423481907020487,,0.00423481907020487,,24247,,0,1,0
0.00332519291477607,,0.00332519291477607,,24248,,0,1,0
0.00332523848448865,,0.00332523848448865,,24249,,0,1,0
0.00251622191392364,,0.00251622191392364,,24250,,0,1,0
0.00251616536023683,,0.00251616536023683,,24251,,0,1,0
0.00181303393126542,,0.00181303393126542,,24252,,0,1,0
0.00181304963406421,,0.00181304963406421,,24253,,0,1,0
0.00122010794871841,,0.00122010794871841,,24254,,0,1,0
0.00122008715410549,,0.00122008715410549,,24255,,0,1,0
0.00074121434761143,,0.00074121434761143,,24256,,0,1,0
0.000741212769856732,,0.000741212769856732,,24257,,0,1,0
0.000379368475346482,,0.000379368475346482,,24258,,0,1,0
0.000379372887752388,,0.000379372887752388,,24259,,0,1,0
0.0001368599380127,,0.0001368599380127,,24260,,0,1,0
0.000136860677609667,,0.000136860677609667,,24261,,0,1,0
0.0384346713786403,,0.0384346713786403,,24262,,0,1,0
0.0384954682193421,,0.0384954682193421,,24263,,0,1,0
0.0384954682193421,,0.0384954682193421,,24264,,0,1,0
0.0384346713786403,,0.0384346713786403,,24265,,0,1,0
0.0384350018909334,,0.0384350018909334,,24266,,0,1,0
0.0382529483258343,,0.0382529483258343,,24267,,0,1,0
0.0382523383290416,,0.0382523383290416,,24268,,0,1,0
0.0379501248686314,,0.0379501248686314,,24269,,0,1,0
0.0379493530818138,,0.0379493530818138,,24270,,0,1,0
0.0375289579587208,,0.0375289579587208,,24271,,0,1,0
0.0375293988620666,,0.0375293988620666,,24272,,0,1,0
0.0369935199016287,,0.0369935199016287,,24273,,0,1,0
0.0369944440367971,,0.0369944440367971,,24274,,0,1,0
0.036346395832318,,0.036346395832318,,24275,,0,1,0
0.036345961933721,,0.036345961933721,,24276,,0,1,0
0.035589732855847,,0.035589732855847,,24277,,0,1,0
0.0355888820927324,,0.0355888820927324,,24278,,0,1,0
0.034729461844432,,0.034729461844432,,24279,,0,1,0
0.0347298310031636,,0.0347298310031636,,24280,,0,1,0
0.0337725497927015,,0.0337725497927015,,24281,,0,1,0
0.0337727589203567,,0.0337727589203567,,24282,,0,1,0
0.0327236760707135,,0.0327236760707135,,24283,,0,1,0
0.0327241335262802,,0.0327241335262802,,24284,,0,1,0
0.0315898159190358,,0.0315898159190358,,24285,,0,1,0
0.0315889619530552,,0.0315889619530552,,24286,,0,1,0
0.0303765889342333,,0.0303765889342333,,24287,,0,1,0
0.0303771325202433,,0.0303771325202433,,24288,,0,1,0
0.0290944601683024,,0.0290944601683024,,24289,,0,1,0
0.029093687352777,,0.029093687352777,,24290,,0,1,0
0.0277487780020795,,0.0277487780020795,,24291,,0,1,0
0.0277490623454933,,0.0277490623454933,,24292,,0,1,0
0.0263503649215568,,0.0263503649215568,,24293,,0,1,0
0.0263505496453971,,0.0263505496453971,,24294,,0,1,0
0.0249068868654866,,0.0249068868654866,,24295,,0,1,0
0.0249073358491718,,0.0249073358491718,,24296,,0,1,0
0.0234278989827265,,0.0234278989827265,,24297,,0,1,0
0.0234272054977964,,0.0234272054977964,,24298,,0,1,0
0.0219212497538256,,0.0219212497538256,,24299,,0,1,0
0.0219211218301325,,0.0219211218301325,,24300,,0,1,0
0.0203984045878531,,0.0203984045878531,,24301,,0,1,0
0.0203988500361447,,0.0203988500361447,,24302,,0,1,0
0.018868760606071,,0.018868760606071,,24303,,0,1,0
0.0188682453491485,,0.0188682453491485,,24304,,0,1,0
0.0173404824854161,,0.0173404824854161,,24305,,0,1,0
0.017340918165873,,0.017340918165873,,24306,,0,1,0
0.0158252444266128,,0.0158252444266128,,24307,,0,1,0
0.0158253716750433,,0.0158253716750433,,24308,,0,1,0
0.0143312458193946,,0.0143312458193946,,24309,,0,1,0
0.0143310919310413,,0.0143310919310413,,24310,,0,1,0
0.0128680412896999,,0.0128680412896999,,24311,,0,1,0
0.012868153644114,,0.012868153644114,,24312,,0,1,0
0.0114454817432663,,0.0114454817432663,,24313,,0,1,0
0.0114454276350924,,0.0114454276350924,,24314,,0,1,0
0.0100719713657687,,0.0100719713657687,,24315,,0,1,0
0.0100718846545532,,0.0100718846545532,,24316,,0,1,0
0.00875650186728594,,0.00875650186728594,,24317,,0,1,0
0.00875665765365519,,0.00875665765365519,,24318,,0,1,0
0.00750756256384902,,0.00750756256384902,,24319,,0,1,0
0.00750750596006491,,0.00750750596006491,,24320,,0,1,0
0.00633268188734715,,0.00633268188734715,,24321,,0,1,0
0.0063325896535571,,0.0063325896535571,,24322,,0,1,0
0.00523941122335403,,0.00523941122335403,,24323,,0,1,0
0.00523942571441752,,0.00523942571441752,,24324,,0,1,0
0.00423478067211794,,0.00423478067211794,,24325,,0,1,0
0.00423481769884163,,0.00423481769884163,,24326,,0,1,0
0.00332519473755857,,0.00332519473755857,,24327,,0,1,0
0.00332523726929226,,0.00332523726929226,,24328,,0,1,0
0.00251621927121384,,0.00251621927121384,,24329,,0,1,0
0.00251616641730926,,0.00251616641730926,,24330,,0,1,0
0.00181303505289165,,0.00181303505289165,,24331,,0,1,0
0.00181304963406421,,0.00181304963406421,,24332,,0,1,0
0.00122010794871841,,0.00122010794871841,,24333,,0,1,0
0.00122008807421736,,0.00122008807421736,,24334,,0,1,0
0.00074121434761143,,0.00074121434761143,,24335,,0,1,0
0.000741212769856732,,0.000741212769856732,,24336,,0,1,0
0.000379368475346482,,0.000379368475346482,,24337,,0,1,0
0.000379372887752388,,0.000379372887752388,,24338,,0,1,0
0.0001368599380127,,0.0001368599380127,,24339,,0,1,0
0.000136860677609667,,0.000136860677609667,,24340,,0,1,0
0.0196714730492166,,0.0196714730492166,,24341,,0,1,0
0.0195782796105403,,0.0195782796105403,,24342,,0,1,0
0.0195778520594629,,0.0195778520594629,,24343,,0,1,0
0.0194231914644565,,0.0194231914644565,,24344,,0,1,0
0.0194238199751813,,0.0194238199751813,,24345,,0,1,0
0.0192086503007616,,0.0192086503007616,,24346,,0,1,0
0.0192085305531898,,0.0192085305531898,,24347,,0,1,0
0.0189342322199054,,0.0189342322199054,,24348,,0,1,0
0.018933727668622,,0.018933727668622,,24349,,0,1,0
0.018602035020666,,0.018602035020666,,24350,,0,1,0
0.0186021643594008,,0.0186021643594008,,24351,,0,1,0
0.0182151327356027,,0.0182151327356027,,24352,,0,1,0
0.018216062781919,,0.018216062781919,,24353,,0,1,0
0.0177761685073126,,0.0177761685073126,,24354,,0,1,0
0.0177750165642583,,0.0177750165642583,,24355,,0,1,0
0.0172850875005316,,0.0172850875005316,,24356,,0,1,0
0.0172855169433035,,0.0172855169433035,,24357,,0,1,0
0.0167485412227126,,0.0167485412227126,,24358,,0,1,0
0.016748282135768,,0.016748282135768,,24359,,0,1,0
0.0161677289426803,,0.0161677289426803,,24360,,0,1,0
0.0161680129747594,,0.0161680129747594,,24361,,0,1,0
0.0155475087028335,,0.0155475087028335,,24362,,0,1,0
0.0155473694383375,,0.0155473694383375,,24363,,0,1,0
0.0148908539180259,,0.0148908539180259,,24364,,0,1,0
0.0148913322300999,,0.0148913322300999,,24365,,0,1,0
0.0142029488320007,,0.0142029488320007,,24366,,0,1,0
0.0142029613892487,,0.0142029613892487,,24367,,0,1,0
0.0134870343664578,,0.0134870343664578,,24368,,0,1,0
0.0134867455825259,,0.0134867455825259,,24369,,0,1,0
0.0127478746974151,,0.0127478746974151,,24370,,0,1,0
0.0127480698029175,,0.0127480698029175,,24371,,0,1,0
0.0119908428469816,,0.0119908428469816,,24372,,0,1,0
0.0119909189978036,,0.0119909189978036,,24373,,0,1,0
0.0112201208346773,,0.0112201208346773,,24374,,0,1,0
0.0112200627974489,,0.0112200627974489,,24375,,0,1,0
0.0104406808648784,,0.0104406808648784,,24376,,0,1,0
0.0104404117072239,,0.0104404117072239,,24377,,0,1,0
0.00965729168366114,,0.00965729168366114,,24378,,0,1,0
0.00965726061992456,,0.00965726061992456,,24379,,0,1,0
0.00887533294486087,,0.00887533294486087,,24380,,0,1,0
0.00887534088608632,,0.00887534088608632,,24381,,0,1,0
0.00809958482606288,,0.00809958482606288,,24382,,0,1,0
0.00809968344746104,,0.00809968344746104,,24383,,0,1,0
0.00733495932473893,,0.00733495932473893,,24384,,0,1,0
0.00733490878985776,,0.00733490878985776,,24385,,0,1,0
0.0065861015536629,,0.0065861015536629,,24386,,0,1,0
0.00658609214751385,,0.00658609214751385,,24387,,0,1,0
0.00585794647845406,,0.00585794647845406,,24388,,0,1,0
0.00585792067206059,,0.00585792067206059,,24389,,0,1,0
0.00515497087066485,,0.00515497087066485,,24390,,0,1,0
0.00515524473316031,,0.00515524473316031,,24391,,0,1,0
0.00448196392183078,,0.00448196392183078,,24392,,0,1,0
0.00448182002011424,,0.00448182002011424,,24393,,0,1,0
0.00384251136869029,,0.00384251136869029,,24394,,0,1,0
0.00384239184323468,,0.00384239184323468,,24395,,0,1,0
0.00324111343682001,,0.00324111343682001,,24396,,0,1,0
0.00324121181513373,,0.00324121181513373,,24397,,0,1,0
0.00268169008231792,,0.00268169008231792,,24398,,0,1,0
0.00268169008231792,,0.00268169008231792,,24399,,0,1,0
0.00216748311021167,,0.00216748311021167,,24400,,0,1,0
0.00216745809225138,,0.00216745809225138,,24401,,0,1,0
0.00170189440072494,,0.00170189440072494,,24402,,0,1,0
0.00170189092327262,,0.00170189092327262,,24403,,0,1,0
0.00128782692844693,,0.00128782692844693,,24404,,0,1,0
0.00128787154742661,,0.00128787154742661,,24405,,0,1,0
0.000927981164120628,,0.000927981164120628,,24406,,0,1,0
0.000927948424696456,,0.000927948424696456,,24407,,0,1,0
0.000624470568305863,,0.000624470568305863,,24408,,0,1,0
0.000624481100598678,,0.000624481100598678,,24409,,0,1,0
0.000379378377642072,,0.000379378377642072,,24410,,0,1,0
0.00037938335449228,,0.00037938335449228,,24411,,0,1,0
0.000194176682030396,,0.000194176682030396,,24412,,0,1,0
0.000194174663174958,,0.000194174663174958,,24413,,0,1,0
7.0049094182002e-05,,7.0049094182002e-05,,24414,,0,1,0
7.0046889515171e-05,,7.0046889515171e-05,,24415,,0,1,0
0.0196708848785225,,0.0196708848785225,,24416,,0,1,0
0.0197020108833358,,0.0197020108833358,,24417,,0,1,0
0.0197020108833358,,0.0197020108833358,,24418,,0,1,0
0.0196708848785225,,0.0196708848785225,,24419,,0,1,0
0.0196714671379096,,0.0196714671379096,,24420,,0,1,0
0.0195782737132523,,0.0195782737132523,,24421,,0,1,0
0.0195778579566874,,0.0195778579566874,,24422,,0,1,0
0.0194232002752842,,0.0194232002752842,,24423,,0,1,0
0.019423808227224,,0.019423808227224,,24424,,0,1,0
0.0192086503007616,,0.0192086503007616,,24425,,0,1,0
0.0192085305531898,,0.0192085305531898,,24426,,0,1,0
0.0189342206209498,,0.0189342206209498,,24427,,0,1,0
0.0189337392674266,,0.0189337392674266,,24428,,0,1,0
0.0186020407690447,,0.0186020407690447,,24429,,0,1,0
0.0186021643594008,,0.0186021643594008,,24430,,0,1,0
0.01821515833289,,0.01821515833289,,24431,,0,1,0
0.018216040028209,,0.018216040028209,,24432,,0,1,0
0.0177761404106964,,0.0177761404106964,,24433,,0,1,0
0.0177750502791345,,0.0177750502791345,,24434,,0,1,0
0.0172850985828586,,0.0172850985828586,,24435,,0,1,0
0.0172855058608423,,0.0172855058608423,,24436,,0,1,0
0.016748533040989,,0.016748533040989,,24437,,0,1,0
0.0167482930446515,,0.0167482930446515,,24438,,0,1,0
0.0161677396608266,,0.0161677396608266,,24439,,0,1,0
0.0161680022565225,,0.0161680022565225,,24440,,0,1,0
0.0155475087028335,,0.0155475087028335,,24441,,0,1,0
0.0155473720659637,,0.0155473720659637,,24442,,0,1,0
0.0148908744904301,,0.0148908744904301,,24443,,0,1,0
0.0148913090857904,,0.0148913090857904,,24444,,0,1,0
0.0142029538548992,,0.0142029538548992,,24445,,0,1,0
0.0142029538548992,,0.0142029538548992,,24446,,0,1,0
0.0134870196824545,,0.0134870196824545,,24447,,0,1,0
0.0134867578190705,,0.0134867578190705,,24448,,0,1,0
0.0127478865940494,,0.0127478865940494,,24449,,0,1,0
0.0127480602855413,,0.0127480602855413,,24450,,0,1,0
0.0119908497697736,,0.0119908497697736,,24451,,0,1,0
0.0119909143825954,,0.0119909143825954,,24452,,0,1,0
0.0112201163702698,,0.0112201163702698,,24453,,0,1,0
0.0112200627974489,,0.0112200627974489,,24454,,0,1,0
0.0104406679452317,,0.0104406679452317,,24455,,0,1,0
0.010440424626712,,0.010440424626712,,24456,,0,1,0
0.00965728961274381,,0.00965728961274381,,24457,,0,1,0
0.00965726061992456,,0.00965726061992456,,24458,,0,1,0
0.00887533294486087,,0.00887533294486087,,24459,,0,1,0
0.00887534088608632,,0.00887534088608632,,24460,,0,1,0
0.00809958672262256,,0.00809958672262256,,24461,,0,1,0
0.00809968155089003,,0.00809968155089003,,24462,,0,1,0
0.00733495661750874,,0.00733495661750874,,24463,,0,1,0
0.00733491059467195,,0.00733491059467195,,24464,,0,1,0
0.00658609898834886,,0.00658609898834886,,24465,,0,1,0
0.00658609214751385,,0.00658609214751385,,24466,,0,1,0
0.0058579448655528,,0.0058579448655528,,24467,,0,1,0
0.00585792067206059,,0.00585792067206059,,24468,,0,1,0
0.00515498297493089,,0.00515498297493089,,24469,,0,1,0
0.00515523262858697,,0.00515523262858697,,24470,,0,1,0
0.00448195827858269,,0.00448195827858269,,24471,,0,1,0
0.00448182566327529,,0.00448182566327529,,24472,,0,1,0
0.00384250744979342,,0.00384250744979342,,24473,,0,1,0
0.00384239706835235,,0.00384239706835235,,24474,,0,1,0
0.0032411170360003,,0.0032411170360003,,24475,,0,1,0
0.00324120881577283,,0.00324120881577283,,24476,,0,1,0
0.00268169008231792,,0.00268169008231792,,24477,,0,1,0
0.00268169008231792,,0.00268169008231792,,24478,,0,1,0
0.00216748163856295,,0.00216748163856295,,24479,,0,1,0
0.00216745809225138,,0.00216745809225138,,24480,,0,1,0
0.00170189440072494,,0.00170189440072494,,24481,,0,1,0
0.00170189092327262,,0.00170189092327262,,24482,,0,1,0
0.00128782787375628,,0.00128782787375628,,24483,,0,1,0
0.00128786946771123,,0.00128786946771123,,24484,,0,1,0
0.000927980201188144,,0.000927980201188144,,24485,,0,1,0
0.000927948424696456,,0.000927948424696456,,24486,,0,1,0
0.000624470568305863,,0.000624470568305863,,24487,,0,1,0
0.000624481100598678,,0.000624481100598678,,24488,,0,1,0
0.000379378377642072,,0.000379378377642072,,24489,,0,1,0
0.00037938335449228,,0.00037938335449228,,24490,,0,1,0
0.000194176608617288,,0.000194176608617288,,24491,,0,1,0
0.000194174736587699,,0.000194174736587699,,24492,,0,1,0
7.0049094182002e-05,,7.0049094182002e-05,,24493,,0,1,0
7.00469115616676e-05,,7.00469115616676e-05,,24494,,0,1,0
0.00709664332497331,,0.00709664332497331,,24495,,0,1,0
0.00706302256332017,,0.00706302256332017,,24496,,0,1,0
0.00706309429095875,,0.00706309429095875,,24497,,0,1,0
0.00700730060221935,,0.00700730060221935,,24498,,0,1,0
0.00700732441689234,,0.00700732441689234,,24499,,0,1,0
0.00692970093612913,,0.00692970093612913,,24500,,0,1,0
0.00692956673638456,,0.00692956673638456,,24501,,0,1,0
0.0068306117151683,,0.0068306117151683,,24502,,0,1,0
0.00683063348601246,,0.00683063348601246,,24503,,0,1,0
0.00671097050740643,,0.00671097050740643,,24504,,0,1,0
0.00671097482327146,,0.00671097482327146,,24505,,0,1,0
0.00657136010963624,,0.00657136010963624,,24506,,0,1,0
0.00657113717909397,,0.00657113717909397,,24507,,0,1,0
0.00641244568715393,,0.00641244568715393,,24508,,0,1,0
0.00641309623966471,,0.00641309623966471,,24509,,0,1,0
0.006236325309559,,0.006236325309559,,24510,,0,1,0
0.00623581358565783,,0.00623581358565783,,24511,,0,1,0
0.00604210273715602,,0.00604210273715602,,24512,,0,1,0
0.00604231159130209,,0.00604231159130209,,24513,,0,1,0
0.00583286373761327,,0.00583286373761327,,24514,,0,1,0
0.00583260944814157,,0.00583260944814157,,24515,,0,1,0
0.00560876661328227,,0.00560876661328227,,24516,,0,1,0
0.00560896389308588,,0.00560896389308588,,24517,,0,1,0
0.00537211958618114,,0.00537211958618114,,24518,,0,1,0
0.00537198057566804,,0.00537198057566804,,24519,,0,1,0
0.00512365341965237,,0.00512365341965237,,24520,,0,1,0
0.00512360062476003,,0.00512360062476003,,24521,,0,1,0
0.00486533512483803,,0.00486533512483803,,24522,,0,1,0
0.00486535864346685,,0.00486535864346685,,24523,,0,1,0
0.00459881148324739,,0.00459881148324739,,24524,,0,1,0
0.00459886721771244,,0.00459886721771244,,24525,,0,1,0
0.00432569762610993,,0.00432569762610993,,24526,,0,1,0
0.00432572603915393,,0.00432572603915393,,24527,,0,1,0
0.0040476584213969,,0.0040476584213969,,24528,,0,1,0
0.00404794131757605,,0.00404794131757605,,24529,,0,1,0
0.00376674505285116,,0.00376674505285116,,24530,,0,1,0
0.00376682847480225,,0.00376682847480225,,24531,,0,1,0
0.00348428171268148,,0.00348428171268148,,24532,,0,1,0
0.00348405781104424,,0.00348405781104424,,24533,,0,1,0
0.0032019665162111,,0.0032019665162111,,24534,,0,1,0
0.00320196532375208,,0.00320196532375208,,24535,,0,1,0
0.00292209659423215,,0.00292209659423215,,24536,,0,1,0
0.00292201514529714,,0.00292201514529714,,24537,,0,1,0
0.00264613560210905,,0.00264613560210905,,24538,,0,1,0
0.00264627110754925,,0.00264627110754925,,24539,,0,1,0
0.00237611363044146,,0.00237611363044146,,24540,,0,1,0
0.0023760252892753,,0.0023760252892753,,24541,,0,1,0
0.00211333726147125,,0.00211333726147125,,24542,,0,1,0
0.00211340749769129,,0.00211340749769129,,24543,,0,1,0
0.00185980110888862,,0.00185980110888862,,24544,,0,1,0
0.0018597352214656,,0.0018597352214656,,24545,,0,1,0
0.00161685156463477,,0.00161685156463477,,24546,,0,1,0
0.00161685156463477,,0.00161685156463477,,24547,,0,1,0
0.00138621450228699,,0.00138621450228699,,24548,,0,1,0
0.0013862301944046,,0.0013862301944046,,24549,,0,1,0
0.00116930612965149,,0.00116930612965149,,24550,,0,1,0
0.00116928379090275,,0.00116928379090275,,24551,,0,1,0
0.000967433425981608,,0.000967433425981608,,24552,,0,1,0
0.000967415728664496,,0.000967415728664496,,24553,,0,1,0
0.000781916165939728,,0.000781916165939728,,24554,,0,1,0
0.000781933549536373,,0.000781933549536373,,24555,,0,1,0
0.000613977246031294,,0.000613977246031294,,24556,,0,1,0
0.00061397437410407,,0.00061397437410407,,24557,,0,1,0
0.000464596877965295,,0.000464596877965295,,24558,,0,1,0
0.000464594436496645,,0.000464594436496645,,24559,,0,1,0
0.000334765579417695,,0.000334765579417695,,24560,,0,1,0
0.000334775411576366,,0.000334775411576366,,24561,,0,1,0
0.000225290200482682,,0.000225290200482682,,24562,,0,1,0
0.000225284269800174,,0.000225284269800174,,24563,,0,1,0
0.000136862464977254,,0.000136862464977254,,24564,,0,1,0
0.000136859229234149,,0.000136859229234149,,24565,,0,1,0
7.00474847717962e-05,,7.00474847717962e-05,,24566,,0,1,0
7.00496563775955e-05,,7.00496563775955e-05,,24567,,0,1,0
2.527061805397e-05,,2.527061805397e-05,,24568,,0,1,0
2.52715714858034e-05,,2.52715714858034e-05,,24569,,0,1,0
0.00709704365140962,,0.00709704365140962,,24570,,0,1,0
0.0071082733661858,,0.0071082733661858,,24571,,0,1,0
0.0071082733661858,,0.0071082733661858,,24572,,0,1,0
0.00709704098844702,,0.00709704098844702,,24573,,0,1,0
0.00709664332497331,,0.00709664332497331,,24574,,0,1,0
0.00706302256332017,,0.00706302256332017,,24575,,0,1,0
0.00706309429095875,,0.00706309429095875,,24576,,0,1,0
0.00700730060221935,,0.00700730060221935,,24577,,0,1,0
0.00700732441689234,,0.00700732441689234,,24578,,0,1,0
0.0069296983047491,,0.0069296983047491,,24579,,0,1,0
0.00692956936773961,,0.00692956936773961,,24580,,0,1,0
0.0068306117151683,,0.0068306117151683,,24581,,0,1,0
0.00683063348601246,,0.00683063348601246,,24582,,0,1,0
0.00671097050740643,,0.00671097050740643,,24583,,0,1,0
0.00671097482327146,,0.00671097482327146,,24584,,0,1,0
0.00657135754719473,,0.00657135754719473,,24585,,0,1,0
0.00657114144975848,,0.00657114144975848,,24586,,0,1,0
0.00641245749974584,,0.00641245749974584,,24587,,0,1,0
0.00641308273888822,,0.00641308273888822,,24588,,0,1,0
0.00623631615658937,,0.00623631615658937,,24589,,0,1,0
0.00623582273825865,,0.00623582273825865,,24590,,0,1,0
0.00604210683230066,,0.00604210683230066,,24591,,0,1,0
0.00604230667704542,,0.00604230667704542,,24592,,0,1,0
0.00583285729983674,,0.00583285729983674,,24593,,0,1,0
0.005832613471666,,0.005832613471666,,24594,,0,1,0
0.00560877134795693,,0.00560877134795693,,24595,,0,1,0
0.0056089599474558,,0.0056089599474558,,24596,,0,1,0
0.00537211495246839,,0.00537211495246839,,24597,,0,1,0
0.00537198289249519,,0.00537198289249519,,24598,,0,1,0
0.00512365115700855,,0.00512365115700855,,24599,,0,1,0
0.00512360288739269,,0.00512360288739269,,24600,,0,1,0
0.00486533512483803,,0.00486533512483803,,24601,,0,1,0
0.00486535717355088,,0.00486535717355088,,24602,,0,1,0
0.00459881362687442,,0.00459881362687442,,24603,,0,1,0
0.00459886364498019,,0.00459886364498019,,24604,,0,1,0
0.00432569970510999,,0.00432569970510999,,24605,,0,1,0
0.00432572396014755,,0.00432572396014755,,24606,,0,1,0
0.00404766579534244,,0.00404766579534244,,24607,,0,1,0
0.00404793193223621,,0.00404793193223621,,24608,,0,1,0
0.0037667482862429,,0.0037667482862429,,24609,,0,1,0
0.00376682653474639,,0.00376682653474639,,24610,,0,1,0
0.00348427487113601,,0.00348427487113601,,24611,,0,1,0
0.00348406465237661,,0.00348406465237661,,24612,,0,1,0
0.0032019665162111,,0.0032019665162111,,24613,,0,1,0
0.00320196532375208,,0.00320196532375208,,24614,,0,1,0
0.0029220931767715,,0.0029220931767715,,24615,,0,1,0
0.00292201685400439,,0.00292201685400439,,24616,,0,1,0
0.0026461399382294,,0.0026461399382294,,24617,,0,1,0
0.00264626677132143,,0.00264626677132143,,24618,,0,1,0
0.0023761120895931,,0.0023761120895931,,24619,,0,1,0
0.00237602683009552,,0.00237602683009552,,24620,,0,1,0
0.00211333968339045,,0.00211333968339045,,24621,,0,1,0
0.00211340507573324,,0.00211340507573324,,24622,,0,1,0
0.00185979974568874,,0.00185979974568874,,24623,,0,1,0
0.00185973749342628,,0.00185973749342628,,24624,,0,1,0
0.00161685156463477,,0.00161685156463477,,24625,,0,1,0
0.00161685156463477,,0.00161685156463477,,24626,,0,1,0
0.00138621548304174,,0.00138621548304174,,24627,,0,1,0
0.0013862301944046,,0.0013862301944046,,24628,,0,1,0
0.00116930522889137,,0.00116930522889137,,24629,,0,1,0
0.00116928379090275,,0.00116928379090275,,24630,,0,1,0
0.000967433425981608,,0.000967433425981608,,24631,,0,1,0
0.000967416711844533,,0.000967416711844533,,24632,,0,1,0
0.000781916902528886,,0.000781916902528886,,24633,,0,1,0
0.000781933549536373,,0.000781933549536373,,24634,,0,1,0
0.000613977246031294,,0.000613977246031294,,24635,,0,1,0
0.00061397437410407,,0.00061397437410407,,24636,,0,1,0
0.000464596877965295,,0.000464596877965295,,24637,,0,1,0
0.000464594436496645,,0.000464594436496645,,24638,,0,1,0
0.000334765579417695,,0.000334765579417695,,24639,,0,1,0
0.000334775411576366,,0.000334775411576366,,24640,,0,1,0
0.000225290200482682,,0.000225290200482682,,24641,,0,1,0
0.000225284704714239,,0.000225284704714239,,24642,,0,1,0
0.000136862464977254,,0.000136862464977254,,24643,,0,1,0
0.000136859229234149,,0.000136859229234149,,24644,,0,1,0
7.00475068183865e-05,,7.00475068183865e-05,,24645,,0,1,0
7.0049634330667e-05,,7.0049634330667e-05,,24646,,0,1,0
2.527061805397e-05,,2.527061805397e-05,,24647,,0,1,0
2.52715714858034e-05,,2.52715714858034e-05,,,,0,1,0
0,,0,,,,0,1,0
0,,0,,,,0,1,0
0,,0,,,,0,1,0
0,,0,,,,0,1,0
0,,0,,,,0,1,0
0,,0,,,,0,1,0
0,,0,,,,0,1,0
0,,0,,,,0,1,0
0,,0,,,,0,1,0
0,,0,,,,0,1,0
0,,0,,,,0,1,0
0,,0,,,,0,1,0
0,,0,,,,0,1,0
0,,0,,,,0,1,0
0,,0,,,,0,1,0
0,,0,,,,0,1,0
0,,0,,,,0,1,0
0,,0,,,,0,1,0
0,,0,,,,0,1,0
0,,0,,,,0,1,0
0,,0,,,,0,1,0
0,,0,,,,0,1,0
0,,0,,,,0,1,0
0,,0,,,,0,1,0
0,,0,,,,0,1,0
0,,0,,,,0,1,0
0,,0,,,,0,1,0
0,,0,,,,0,1,0
0,,0,,,,0,1,0
0,,0,,,,0,1,0
0,,0,,,,0,1,0
0,,0,,,,0,1,0
0,,0,,,,0,1,0
0,,0,,,,0,1,0
0,,0,,,,0,1,0
0,,0,,,,0,1,0
0,,0,,,,0,1,0
0,,0,,,,0,1,0
0,,0,,,,0,1,0
0,,0,,,,0,1,0
0,,0,,,,0,1,0
0,,0,,,,0,1,0
0,,0,,,,0,1,0
0,,0,,,,0,1,0
0,,0,,,,0,1,0
0,,0,,,,0,1,0
0,,0,,,,0,1,0
0,,0,,,,0,1,0
0,,0,,,,0,1,0
0,,0,,,,0,1,0
0,,0,,,,0,1,0
0,,0,,,,0,1,0
0,,0,,,,0,1,0
0,,0,,,,0,1,0
0,,0,,,,0,1,0
0,,0,,,,0,1,0
0,,0,,,,0,1,0
0,,0,,,,0,1,0
0,,0,,,,0,1,0
0,,0,,,,0,1,0
0,,0,,,,0,1,0
0,,0,,,,0,1,0
0,,0,,,,0,1,0
0,,0,,,,0,1,0
0,,0,,,,0,1,0
0,,0,,,,0,1,0
0,,0,,,,0,1,0
0,,0,,,,0,1,0
0,,0,,,,0,1,0
0,,0,,,,0,1,0
0,,0,,,,0,1,0
0,,0,,,,0,1,0
0,,0,,,,0,1,0
0,,0,,,,0,1,0
0,,0,,,,0,1,0
0,,0,,,,0,1,0
0,,0,,,,0,1,0
0,,0,,,,0,1,0
0,,0,,,,0,1,0
0,,0,,,,0,1,0
0,,0,,,,0,1,0
0,,0,,,,0,1,0
0,,0,,,,0,1,0
0,,0,,,,0,1,0
0,,0,,,,0,1,0
0,,0,,,,0,1,0
0,,0,,,,0,1,0
0,,0,,,,0,1,0
0,,0,,,,0,1,0
0,,0,,,,0,1,0
0,,0,,,,0,1,0
0,,0,,,,0,1,0
0,,0,,,,0,1,0
0,,0,,,,0,1,0
0,,0,,,,0,1,0
0,,0,,,,0,1,0
0,,0,,,,0,1,0
0,,0,,,,0,1,0
0,,0,,,,0,1,0
0,,0,,,,0,1,0
0,,0,,,,0,1,0
0,,0,,,,0,1,0
0,,0,,,,0,1,0
0,,0,,,,0,1,0
0,,0,,,,0,1,0
0,,0,,,,0,1,0
0,,0,,,,0,1,0
0,,0,,,,0,1,0
0,,0,,,,0,1,0
0,,0,,,,0,1,0
0,,0,,,,0,1,0
0,,0,,,,0,1,0
0,,0,,,,0,1,0
0,,0,,,,0,1,0
0,,0,,,,0,1,0
0,,0,,,,0,1,0
0,,0,,,,0,1,0
0,,0,,,,0,1,0
0,,0,,,,0,1,0
0,,0,,,,0,1,0
0,,0,,,,0,1,0
0,,0,,,,0,1,0
0,,0,,,,0,1,0
0,,0,,,,0,1,0
0,,0,,,,0,1,0
0,,0,,,,0,1,0
0,,0,,,,0,1,0
0,,0,,,,0,1,0
0,,0,,,,0,1,0
0,,0,,,,0,1,0
0,,0,,,,0,1,0
0,,0,,,,0,1,0
0,,0,,,,0,1,0
0,,0,,,,0,1,0
0,,0,,,,0,1,0
0,,0,,,,0,1,0
0,,0,,,,0,1,0
0,,0,,,,0,1,0
0,,0,,,,0,1,0
0,,0,,,,0,1,0
0,,0,,,,0,1,0
0,,0,,,,0,1,0
0,,0,,,,0,1,0
0,,0,,,,0,1,0
0,,0,,,,0,1,0
0,,0,,,,0,1,0
0,,0,,,,0,1,0
0,,0,,,,0,1,0
0,,0,,,,0,1,0
0,,0,,,,0,1,0
0,,0,,,,0,1,0
0,,0,,,,0,1,0
0,,0,,,,0,1,0
0,,0,,,,0,1,0
0,,0,,,,0,1,0
0,,0,,,,0,1,0
0,,0,,,,0,1,0
0,,0,,,,0,1,0
0,,0,,,,0,1,0
0,,0,,,,0,1,0
0,,0,,,,0,1,0
0,,0,,,,0,1,0
0,,0,,,,0,1,0
0,,0,,,,0,1,0
0,,0,,,,0,1,0
0,,0,,,,0,1,0
0,,0,,,,0,1,0
0,,0,,,,0,1,0
0,,0,,,,0,1,0
0,,0,,,,0,1,0
0,,0,,,,0,1,0
0,,0,,,,0,1,0
0,,0,,,,0,1,0
0,,0,,,,0,1,0
0,,0,,,,0,1,0
0,,0,,,,0,1,0
0,,0,,,,0,1,0
0,,0,,,,0,1,0
0,,0,,,,0,1,0
0,,0,,,,0,1,0
0,,0,,,,0,1,0
0,,0,,,,0,1,0
0,,0,,,,0,1,0
0,,0,,,,0,1,0
0,,0,,,,0,1,0
0,,0,,,,0,1,0
0,,0,,,,0,1,0
0,,0,,,,0,1,0
0,,0,,,,0,1,0
0,,0,,,,0,1,0
0,,0,,,,0,1,0
0,,0,,,,0,1,0
0,,0,,,,0,1,0
0,,0,,,,0,1,0
0,,0,,,,0,1,0
0,,0,,,,0,1,0
0,,0,,,,0,1,0
0,,0,,,,0,1,0
0,,0,,,,0,1,0
0,,0,,,,0,1,0
0,,0,,,,0,1,0
0,,0,,,,0,1,0
0,,0,,,,0,1,0
0,,0,,,,0,1,0
0,,0,,,,0,1,0
0,,0,,,,0,1,0
0,,0,,,,0,1,0
0,,0,,,,0,1,0
0,,0,,,,0,1,0
0,,0,,,,0,1,0
0,,0,,,,0,1,0
0,,0,,,,0,1,0
0,,0,,,,0,1,0
0,,0,,,,0,1,0
0,,0,,,,0,1,0
0,,0,,,,0,1,0
0,,0,,,,0,1,0
0,,0,,,,0,1,0
0,,0,,,,0,1,0
0,,0,,,,0,1,0
0,,0,,,,0,1,0
0,,0,,,,0,1,0
0,,0,,,,0,1,0
0,,0,,,,0,1,0
0,,0,,,,0,1,0
0,,0,,,,0,1,0
0,,0,,,,0,1,0
0,,0,,,,0,1,0
0,,0,,,,0,1,0
0,,0,,,,0,1,0
0,,0,,,,0,1,0
0,,0,,,,0,1,0
0,,0,,,,0,1,0
0,,0,,,,0,1,0
0,,0,,,,0,1,0
0,,0,,,,0,1,0
0,,0,,,,0,1,0
0,,0,,,,0,1,0
0,,0,,,,0,1,0
0,,0,,,,0,1,0
0,,0,,,,0,1,0
0,,0,,,,0,1,0
0,,0,,,,0,1,0
0,,0,,,,0,1,0
0,,0,,,,0,1,0
0,,0,,,,0,1,0
0,,0,,,,0,1,0
0,,0,,,,0,1,0
0,,0,,,,0,1,0
0,,0,,,,0,1,0
0,,0,,,,0,1,0
0,,0,,,,0,1,0
0,,0,,,,0,1,0
0,,0,,,,0,1,0
0,,0,,,,0,1,0
0,,0,,,,0,1,0
0,,0,,,,0,1,0
0,,0,,,,0,1,0
0,,0,,,,0,1,0
0,,0,,,,0,1,0
0,,0,,,,0,1,0
0,,0,,,,0,1,0
0,,0,,,,0,1,0
0,,0,,,,0,1,0
0,,0,,,,0,1,0
0,,0,,,,0,1,0
0,,0,,,,0,1,0
0,,0,,,,0,1,0
0,,0,,,,0,1,0
0,,0,,,,0,1,0
0,,0,,,,0,1,0
0,,0,,,,0,1,0
0,,0,,,,0,1,0
0,,0,,,,0,1,0
0,,0,,,,0,1,0
0,,0,,,,0,1,0
0,,0,,,,0,1,0
0,,0,,,,0,1,0
0,,0,,,,0,1,0
0,,0,,,,0,1,0
0,,0,,,,0,1,0
0,,0,,,,0,1,0
0,,0,,,,0,1,0
0,,0,,,,0,1,0
0,,0,,,,0,1,0
0,,0,,,,0,1,0
0,,0,,,,0,1,0
0,,0,,,,0,1,0
0,,0,,,,0,1,0
0,,0,,,,0,1,0
0,,0,,,,0,1,0
0,,0,,,,0,1,0
0,,0,,,,0,1,0
0,,0,,,,0,1,0
0,,0,,,,0,1,0
0,,0,,,,0,1,0
0,,0,,,,0,1,0
0,,0,,,,0,1,0
0,,0,,,,0,1,0
0,,0,,,,0,1,0
0,,0,,,,0,1,0
0,,0,,,,0,1,0
0,,0,,,,0,1,0
0,,0,,,,0,1,0
0,,0,,,,0,1,0
0,,0,,,,0,1,0
0,,0,,,,0,1,0
0,,0,,,,0,1,0
0,,0,,,,0,1,0
0,,0,,,,0,1,0
0,,0,,,,0,1,0
0,,0,,,,0,1,0
0,,0,,,,0,1,0
0,,0,,,,0,1,0
0,,0,,,,0,1,0
0,,0,,,,0,1,0
0,,0,,,,0,1,0
0,,0,,,,0,1,0
0,,0,,,,0,1,0
0,,0,,,,0,1,0
0,,0,,,,0,1,0
0,,0,,,,0,1,0
0,,0,,,,0,1,0
0,,0,,,,0,1,0
0,,0,,,,0,1,0
0,,0,,,,0,1,0
0,,0,,,,0,1,0
0,,0,,,,0,1,0
0,,0,,,,0,1,0
0,,0,,,,0,1,0
0,,0,,,,0,1,0
0,,0,,,,0,1,0
0,,0,,,,0,1,0
0,,0,,,,0,1,0
0,,0,,,,0,1,0
0,,0,,,,0,1,0
0,,0,,,,0,1,0
0,,0,,,,0,1,0
0,,0,,,,0,1,0
0,,0,,,,0,1,0
0,,0,,,,0,1,0
0,,0,,,,0,1,0
0,,0,,,,0,1,0
0,,0,,,,0,1,0
0,,0,,,,0,1,0
0,,0,,,,0,1,0
0,,0,,,,0,1,0
0,,0,,,,0,1,0
0,,0,,,,0,1,0
0,,0,,,,0,1,0
0,,0,,,,0,1,0
0,,0,,,,0,1,0
0,,0,,,,0,1,0
0,,0,,,,0,1,0
0,,0,,,,0,1,0
0,,0,,,,0,1,0
0,,0,,,,0,1,0
0,,0,,,,0,1,0
0,,0,,,,0,1,0
0,,0,,,,0,1,0
0,,0,,,,0,1,0
0,,0,,,,0,1,0
0,,0,,,,0,1,0
0,,0,,,,0,1,0
0,,0,,,,0,1,0
0,,0,,,,0,1,0
0,,0,,,,0,1,0
0,,0,,,,0,1,0
0,,0,,,,0,1,0
0,,0,,,,0,1,0
0,,0,,,,0,1,0
0,,0,,,,0,1,0
0,,0,,,,0,1,0
0,,0,,,,0,1,0
0,,0,,,,0,1,0
0,,0,,,,0,1,0
0,,0,,,,0,1,0
0,,0,,,,0,1,0
0,,0,,,,0,1,0
0,,0,,,,0,1,0
0,,0,,,,0,1,0
0,,0,,,,0,1,0
0,,0,,,,0,1,0
0,,0,,,,0,1,0
0,,0,,,,0,1,0
0,,0,,,,0,1,0
0,,0,,,,0,1,0
0,,0,,,,0,1,0
0,,0,,,,0,1,0
0,,0,,,,0,1,0
0,,0,,,,0,1,0
0,,0,,,,0,1,0
0,,0,,,,0,1,0
0,,0,,,,0,1,0
0,,0,,,,0,1,0
0,,0,,,,0,1,0
0,,0,,,,0,1,0
0,,0,,,,0,1,0
0,,0,,,,0,1,0
0,,0,,,,0,1,0
0,,0,,,,0,1,0
0,,0,,,,0,1,0
0,,0,,,,0,1,0
0,,0,,,,0,1,0
0,,0,,,,0,1,0
0,,0,,,,0,1,0
0,,0,,,,0,1,0
0,,0,,,,0,1,0
0,,0,,,,0,1,0
0,,0,,,,0,1,0
0,,0,,,,0,1,0
0,,0,,,,0,1,0
0,,0,,,,0,1,0
0,,0,,,,0,1,0
0,,0,,,,0,1,0
0,,0,,,,0,1,0
0,,0,,,,0,1,0
0,,0,,,,0,1,0
0,,0,,,,0,1,0
0,,0,,,,0,1,0
0,,0,,,,0,1,0
0,,0,,,,0,1,0
0,,0,,,,0,1,0
0,,0,,,,0,1,0
0,,0,,,,0,1,0
0,,0,,,,0,1,0
0,,0,,,,0,1,0
0,,0,,,,0,1,0
0,,0,,,,0,1,0
0,,0,,,,0,1,0
0,,0,,,,0,1,0
0,,0,,,,0,1,0
0,,0,,,,0,1,0
0,,0,,,,0,1,0
0,,0,,,,0,1,0
0,,0,,,,0,1,0
0,,0,,,,0,1,0
0,,0,,,,0,1,0
0,,0,,,,0,1,0
0,,0,,,,0,1,0
0,,0,,,,0,1,0
0,,0,,,,0,1,0
0,,0,,,,0,1,0
0,,0,,,,0,1,0
0,,0,,,,0,1,0
0,,0,,,,0,1,0
0,,0,,,,0,1,0
0,,0,,,,0,1,0
0,,0,,,,0,1,0
0,,0,,,,0,1,0
0,,0,,,,0,1,0
0,,0,,,,0,1,0
0,,0,,,,0,1,0
0,,0,,,,0,1,0
0,,0,,,,0,1,0
0,,0,,,,0,1,0
0,,0,,,,0,1,0
0,,0,,,,0,1,0
0,,0,,,,0,1,0
0,,0,,,,0,1,0
0,,0,,,,0,1,0
0,,0,,,,0,1,0
0,,0,,,,0,1,0
0,,0,,,,0,1,0
0,,0,,,,0,1,0
0,,0,,,,0,1,0
0,,0,,,,0,1,0
0,,0,,,,0,1,0
0,,0,,,,0,1,0
0,,0,,,,0,1,0
0,,0,,,,0,1,0
0,,0,,,,0,1,0
0,,0,,,,0,1,0
0,,0,,,,0,1,0
0,,0,,,,0,1,0
0,,0,,,,0,1,0
0,,0,,,,0,1,0
0,,0,,,,0,1,0
0,,0,,,,0,1,0
0,,0,,,,0,1,0
0,,0,,,,0,1,0
0,,0,,,,0,1,0
0,,0,,,,0,1,0
0,,0,,,,0,1,0
0,,0,,,,0,1,0
0,,0,,,,0,1,0
0,,0,,,,0,1,0
0,,0,,,,0,1,0
0,,0,,,,0,1,0
0,,0,,,,0,1,0
0,,0,,,,0,1,0
0,,0,,,,0,1,0
0,,0,,,,0,1,0
0,,0,,,,0,1,0
0,,0,,,,0,1,0
0,,0,,,,0,1,0
0,,0,,,,0,1,0
0,,0,,,,0,1,0
0,,0,,,,0,1,0
0,,0,,,,0,1,0
0,,0,,,,0,1,0
0,,0,,,,0,1,0
0,,0,,,,0,1,0
0,,0,,,,0,1,0
0,,0,,,,0,1,0
0,,0,,,,0,1,0
0,,0,,,,0,1,0
0,,0,,,,0,1,0
0,,0,,,,0,1,0
0,,0,,,,0,1,0
0,,0,,,,0,1,0
0,,0,,,,0,1,0
0,,0,,,,0,1,0
0,,0,,,,0,1,0
0,,0,,,,0,1,0
0,,0,,,,0,1,0
0,,0,,,,0,1,0
0,,0,,,,0,1,0
0,,0,,,,0,1,0
0,,0,,,,0,1,0
0,,0,,,,0,1,0
0,,0,,,,0,1,0
0,,0,,,,0,1,0
0,,0,,,,0,1,0
0,,0,,,,0,1,0
0,,0,,,,0,1,0
0,,0,,,,0,1,0
0,,0,,,,0,1,0
0,,0,,,,0,1,0
0,,0,,,,0,1,0
0,,0,,,,0,1,0
0,,0,,,,0,1,0
0,,0,,,,0,1,0
0,,0,,,,0,1,0
0,,0,,,,0,1,0
0,,0,,,,0,1,0
0,,0,,,,0,1,0
0,,0,,,,0,1,0
0,,0,,,,0,1,0
0,,0,,,,0,1,0
0,,0,,,,0,1,0
0,,0,,,,0,1,0
0,,0,,,,0,1,0
0,,0,,,,0,1,0
0,,0,,,,0,1,0
0,,0,,,,0,1,0
0,,0,,,,0,1,0
0,,0,,,,0,1,0
0,,0,,,,0,1,0
0,,0,,,,0,1,0
0,,0,,,,0,1,0
0,,0,,,,0,1,0
0,,0,,,,0,1,0
0,,0,,,,0,1,0
0,,0,,,,0,1,0
0,,0,,,,0,1,0
0,,0,,,,0,1,0
0,,0,,,,0,1,0
0,,0,,,,0,1,0
0,,0,,,,0,1,0
0,,0,,,,0,1,0
0,,0,,,,0,1,0
0,,0,,,,0,1,0
0,,0,,,,0,1,0
0,,0,,,,0,1,0
0,,0,,,,0,1,0
0,,0,,,,0,1,0
0,,0,,,,0,1,0
0,,0,,,,0,1,0
0,,0,,,,0,1,0
0,,0,,,,0,1,0
0,,0,,,,0,1,0
0,,0,,,,0,1,0
0,,0,,,,0,1,0
0,,0,,,,0,1,0
0,,0,,,,0,1,0
0,,0,,,,0,1,0
0,,0,,,,0,1,0
0,,0,,,,0,1,0
0,,0,,,,0,1,0
0,,0,,,,0,1,0
0,,0,,,,0,1,0
0,,0,,,,0,1,0
0,,0,,,,0,1,0
0,,0,,,,0,1,0
0,,0,,,,0,1,0
0,,0,,,,0,1,0
0,,0,,,,0,1,0
0,,0,,,,0,1,0
0,,0,,,,0,1,0
0,,0,,,,0,1,0
0,,0,,,,0,1,0
0,,0,,,,0,1,0
0,,0,,,,0,1,0
0,,0,,,,0,1,0
0,,0,,,,0,1,0
0,,0,,,,0,1,0
0,,0,,,,0,1,0
0,,0,,,,0,1,0
0,,0,,,,0,1,0
0,,0,,,,0,1,0
0,,0,,,,0,1,0
0,,0,,,,0,1,0
0,,0,,,,0,1,0
0,,0,,,,0,1,0
0,,0,,,,0,1,0
0,,0,,,,0,1,0
0,,0,,,,0,1,0
0,,0,,,,0,1,0
0,,0,,,,0,1,0
0,,0,,,,0,1,0
0,,0,,,,0,1,0
0,,0,,,,0,1,0
0,,0,,,,0,1,0
0,,0,,,,0,1,0
0,,0,,,,0,1,0
0,,0,,,,0,1,0
0,,0,,,,0,1,0
0,,0,,,,0,1,0
0,,0,,,,0,1,0
0,,0,,,,0,1,0
0,,0,,,,0,1,0
0,,0,,,,0,1,0
0,,0,,,,0,1,0
0,,0,,,,0,1,0
0,,0,,,,0,1,0
0,,0,,,,0,1,0
0,,0,,,,0,1,0
0,,0,,,,0,1,0
0,,0,,,,0,1,0
0,,0,,,,0,1,0
0,,0,,,,0,1,0
0,,0,,,,0,1,0
0,,0,,,,0,1,0
0,,0,,,,0,1,0
0,,0,,,,0,1,0
0,,0,,,,0,1,0
0,,0,,,,0,1,0
0,,0,,,,0,1,0
0,,0,,,,0,1,0
0,,0,,,,0,1,0
0,,0,,,,0,1,0
0,,0,,,,0,1,0
0,,0,,,,0,1,0
0,,0,,,,0,1,0
0,,0,,,,0,1,0
0,,0,,,,0,1,0
0,,0,,,,0,1,0
0,,0,,,,0,1,0
0,,0,,,,0,1,0
0,,0,,,,0,1,0
0,,0,,,,0,1,0
0,,0,,,,0,1,0
0,,0,,,,0,1,0
0,,0,,,,0,1,0
0,,0,,,,0,1,0
0,,0,,,,0,1,0
0,,0,,,,0,1,0
0,,0,,,,0,1,0
0,,0,,,,0,1,0
0,,0,,,,0,1,0
0,,0,,,,0,1,0
0,,0,,,,0,1,0
0,,0,,,,0,1,0
0,,0,,,,0,1,0
0,,0,,,,0,1,0
0,,0,,,,0,1,0
0,,0,,,,0,1,0
0,,0,,,,0,1,0
0,,0,,,,0,1,0
0,,0,,,,0,1,0
0,,0,,,,0,1,0
0,,0,,,,0,1,0
0,,0,,,,0,1,0
0,,0,,,,0,1,0
0,,0,,,,0,1,0
0,,0,,,,0,1,0
0,,0,,,,0,1,0
0,,0,,,,0,1,0
0,,0,,,,0,1,0
0,,0,,,,0,1,0
0,,0,,,,0,1,0
0,,0,,,,0,1,0
0,,0,,,,0,1,0
0,,0,,,,0,1,0
0,,0,,,,0,1,0
0,,0,,,,0,1,0
0,,0,,,,0,1,0
0,,0,,,,0,1,0
0,,0,,,,0,1,0
0,,0,,,,0,1,0
0,,0,,,,0,1,0
0,,0,,,,0,1,0
0,,0,,,,0,1,0
0,,0,,,,0,1,0
0,,0,,,,0,1,0
0,,0,,,,0,1,0
0,,0,,,,0,1,0
0,,0,,,,0,1,0
0,,0,,,,0,1,0
0,,0,,,,0,1,0
0,,0,,,,0,1,0
0,,0,,,,0,1,0
0,,0,,,,0,1,0
0,,0,,,,0,1,0
0,,0,,,,0,1,0
0,,0,,,,0,1,0
0,,0,,,,0,1,0
0,,0,,,,0,1,0
0,,0,,,,0,1,0
0,,0,,,,0,1,0
0,,0,,,,0,1,0
0,,0,,,,0,1,0
0,,0,,,,0,1,0
0,,0,,,,0,1,0
0,,0,,,,0,1,0
0,,0,,,,0,1,0
0,,0,,,,0,1,0
0,,0,,,,0,1,0
0,,0,,,,0,1,0
0,,0,,,,0,1,0
0,,0,,,,0,1,0
0,,0,,,,0,1,0
0,,0,,,,0,1,0
0,,0,,,,0,1,0
0,,0,,,,0,1,0
0,,0,,,,0,1,0
0,,0,,,,0,1,0
0,,0,,,,0,1,0
0,,0,,,,0,1,0
0,,0,,,,0,1,0
0,,0,,,,0,1,0
0,,0,,,,0,1,0
0,,0,,,,0,1,0
0,,0,,,,0,1,0
0,,0,,,,0,1,0
0,,0,,,,0,1,0
0,,0,,,,0,1,0
0,,0,,,,0,1,0
0,,0,,,,0,1,0
0,,0,,,,0,1,0
0,,0,,,,0,1,0
0,,0,,,,0,1,0
0,,0,,,,0,1,0
0,,0,,,,0,1,0
0,,0,,,,0,1,0
0,,0,,,,0,1,0
0,,0,,,,0,1,0
0,,0,,,,0,1,0
0,,0,,,,0,1,0
0,,0,,,,0,1,0
0,,0,,,,0,1,0
0,,0,,,,0,1,0
0,,0,,,,0,1,0
0,,0,,,,0,1,0
0,,0,,,,0,1,0
0,,0,,,,0,1,0
0,,0,,,,0,1,0
0,,0,,,,0,1,0
0,,0,,,,0,1,0
0,,0,,,,0,1,0
0,,0,,,,0,1,0
0,,0,,,,0,1,0
0,,0,,,,0,1,0
0,,0,,,,0,1,0
0,,0,,,,0,1,0
0,,0,,,,0,1,0
0,,0,,,,0,1,0
0,,0,,,,0,1,0
0,,0,,,,0,1,0
0,,0,,,,0,1,0
0,,0,,,,0,1,0
0,,0,,,,0,1,0
0,,0,,,,0,1,0
0,,0,,,,0,1,0
0,,0,,,,0,1,0
0,,0,,,,0,1,0
0,,0,,,,0,1,0
0,,0,,,,0,1,0
0,,0,,,,0,1,0
0,,0,,,,0,1,0
0,,0,,,,0,1,0
0,,0,,,,0,1,0
0,,0,,,,0,1,0
0,,0,,,,0,1,0
0,,0,,,,0,1,0
0,,0,,,,0,1,0
0,,0,,,,0,1,0
0,,0,,,,0,1,0
0,,0,,,,0,1,0
0,,0,,,,0,1,0
0,,0,,,,0,1,0
0,,0,,,,0,1,0
0,,0,,,,0,1,0
0,,0,,,,0,1,0
0,,0,,,,0,1,0
0,,0,,,,0,1,0
0,,0,,,,0,1,0
0,,0,,,,0,1,0
0,,0,,,,0,1,0
0,,0,,,,0,1,0
0,,0,,,,0,1,0
0,,0,,,,0,1,0
0,,0,,,,0,1,0
0,,0,,,,0,1,0
0,,0,,,,0,1,0
0,,0,,,,0,1,0
0,,0,,,,0,1,0
0,,0,,,,0,1,0
0,,0,,,,0,1,0
0,,0,,,,0,1,0
0,,0,,,,0,1,0
0,,0,,,,0,1,0
0,,0,,,,0,1,0
0,,0,,,,0,1,0
0,,0,,,,0,1,0
0,,0,,,,0,1,0
0,,0,,,,0,1,0
0,,0,,,,0,1,0
0,,0,,,,0,1,0
0,,0,,,,0,1,0
0,,0,,,,0,1,0
0,,0,,,,0,1,0
0,,0,,,,0,1,0
0,,0,,,,0,1,0
0,,0,,,,0,1,0
0,,0,,,,0,1,0
0,,0,,,,0,1,0
0,,0,,,,0,1,0
0,,0,,,,0,1,0
0,,0,,,,0,1,0
0,,0,,,,0,1,0
0,,0,,,,0,1,0
0,,0,,,,0,1,0
0,,0,,,,0,1,0
0,,0,,,,0,1,0
0,,0,,,,0,1,0
0,,0,,,,0,1,0
0,,0,,,,0,1,0
0,,0,,,,0,1,0
0,,0,,,,0,1,0
0,,0,,,,0,1,0
0,,0,,,,0,1,0
0,,0,,,,0,1,0
0,,0,,,,0,1,0
0,,0,,,,0,1,0
0,,0,,,,0,1,0
0,,0,,,,0,1,0
0,,0,,,,0,1,0
0,,0,,,,0,1,0
0,,0,,,,0,1,0
0,,0,,,,0,1,0
0,,0,,,,0,1,0
0,,0,,,,0,1,0
0,,0,,,,0,1,0
0,,0,,,,0,1,0
0,,0,,,,0,1,0
0,,0,,,,0,1,0
0,,0,,,,0,1,0
0,,0,,,,0,1,0
0,,0,,,,0,1,0
0,,0,,,,0,1,0
0,,0,,,,0,1,0
0,,0,,,,0,1,0
0,,0,,,,0,1,0
0,,0,,,,0,1,0
0,,0,,,,0,1,0
0,,0,,,,0,1,0
0,,0,,,,0,1,0
0,,0,,,,0,1,0
0,,0,,,,0,1,0
0,,0,,,,0,1,0
0,,0,,,,0,1,0
0,,0,,,,0,1,0
0,,0,,,,0,1,0
0,,0,,,,0,1,0
0,,0,,,,0,1,0
0,,0,,,,0,1,0
0,,0,,,,0,1,0
0,,0,,,,0,1,0
0,,0,,,,0,1,0
0,,0,,,,0,1,0
0,,0,,,,0,1,0
0,,0,,,,0,1,0
0,,0,,,,0,1,0
0,,0,,,,0,1,0
0,,0,,,,0,1,0
0,,0,,,,0,1,0
0,,0,,,,0,1,0
0,,0,,,,0,1,0
0,,0,,,,0,1,0
0,,0,,,,0,1,0
0,,0,,,,0,1,0
0,,0,,,,0,1,0
0,,0,,,,0,1,0
0,,0,,,,0,1,0
0,,0,,,,0,1,0
0,,0,,,,0,1,0
0,,0,,,,0,1,0
0,,0,,,,0,1,0
0,,0,,,,0,1,0
0,,0,,,,0,1,0
0,,0,,,,0,1,0
0,,0,,,,0,1,0
0,,0,,,,0,1,0
0,,0,,,,0,1,0
0,,0,,,,0,1,0
0,,0,,,,0,1,0
0,,0,,,,0,1,0
0,,0,,,,0,1,0
0,,0,,,,0,1,0
0,,0,,,,0,1,0
0,,0,,,,0,1,0
0,,0,,,,0,1,0
0,,0,,,,0,1,0
0,,0,,,,0,1,0
0,,0,,,,0,1,0
0,,0,,,,0,1,0
0,,0,,,,0,1,0
0,,0,,,,0,1,0
0,,0,,,,0,1,0
0,,0,,,,0,1,0
0,,0,,,,0,1,0
0,,0,,,,0,1,0
0,,0,,,,0,1,0
0,,0,,,,0,1,0
0,,0,,,,0,1,0
0,,0,,,,0,1,0
0,,0,,,,0,1,0
0,,0,,,,0,1,0
0,,0,,,,0,1,0
0,,0,,,,0,1,0
0,,0,,,,0,1,0
0,,0,,,,0,1,0
0,,0,,,,0,1,0
0,,0,,,,0,1,0
0,,0,,,,0,1,0
0,,0,,,,0,1,0
0,,0,,,,0,1,0
0,,0,,,,0,1,0
0,,0,,,,0,1,0
0,,0,,,,0,1,0
0,,0,,,,0,1,0
0,,0,,,,0,1,0
0,,0,,,,0,1,0
0,,0,,,,0,1,0
0,,0,,,,0,1,0
0,,0,,,,0,1,0
0,,0,,,,0,1,0
0,,0,,,,0,1,0
0,,0,,,,0,1,0
0,,0,,,,0,1,0
0,,0,,,,0,1,0
0,,0,,,,0,1,0
0,,0,,,,0,1,0
0,,0,,,,0,1,0
0,,0,,,,0,1,0
0,,0,,,,0,1,0
0,,0,,,,0,1,0
0,,0,,,,0,1,0
0,,0,,,,0,1,0
0,,0,,,,0,1,0
0,,0,,,,0,1,0
0,,0,,,,0,1,0
0,,0,,,,0,1,0
0,,0,,,,0,1,0
0,,0,,,,0,1,0
0,,0,,,,0,1,0
0,,0,,,,0,1,0
0,,0,,,,0,1,0
0,,0,,,,0,1,0
0,,0,,,,0,1,0
0,,0,,,,0,1,0
0,,0,,,,0,1,0
0,,0,,,,0,1,0
0,,0,,,,0,1,0
0,,0,,,,0,1,0
0,,0,,,,0,1,0
0,,0,,,,0,1,0
0,,0,,,,0,1,0
0,,0,,,,0,1,0
0,,0,,,,0,1,0
0,,0,,,,0,1,0
0,,0,,,,0,1,0
0,,0,,,,0,1,0
0,,0,,,,0,1,0
0,,0,,,,0,1,0
0,,0,,,,0,1,0
0,,0,,,,0,1,0
0,,0,,,,0,1,0
0,,0,,,,0,1,0
0,,0,,,,0,1,0
0,,0,,,,0,1,0
0,,0,,,,0,1,0
0,,0,,,,0,1,0
0,,0,,,,0,1,0
0,,0,,,,0,1,0
0,,0,,,,0,1,0
0,,0,,,,0,1,0
0,,0,,,,0,1,0
0,,0,,,,0,1,0
0,,0,,,,0,1,0
0,,0,,,,0,1,0
0,,0,,,,0,1,0
0,,0,,,,0,1,0
0,,0,,,,0,1,0
0,,0,,,,0,1,0
0,,0,,,,0,1,0
0,,0,,,,0,1,0
0,,0,,,,0,1,0
0,,0,,,,0,1,0
0,,0,,,,0,1,0
0,,0,,,,0,1,0
0,,0,,,,0,1,0
0,,0,,,,0,1,0
0,,0,,,,0,1,0
0,,0,,,,0,1,0
0,,0,,,,0,1,0
0,,0,,,,0,1,0
0,,0,,,,0,1,0
0,,0,,,,0,1,0
0,,0,,,,0,1,0
0,,0,,,,0,1,0
0,,0,,,,0,1,0
0,,0,,,,0,1,0
0,,0,,,,0,1,0
0,,0,,,,0,1,0
0,,0,,,,0,1,0
0,,0,,,,0,1,0
0,,0,,,,0,1,0
0,,0,,,,0,1,0
0,,0,,,,0,1,0
0,,0,,,,0,1,0
0,,0,,,,0,1,0
0,,0,,,,0,1,0
0,,0,,,,0,1,0
0,,0,,,,0,1,0
0,,0,,,,0,1,0
0,,0,,,,0,1,0
0,,0,,,,0,1,0
0,,0,,,,0,1,0
0,,0,,,,0,1,0
0,,0,,,,0,1,0
0,,0,,,,0,1,0
0,,0,,,,0,1,0
0,,0,,,,0,1,0
0,,0,,,,0,1,0
0,,0,,,,0,1,0
0,,0,,,,0,1,0
0,,0,,,,0,1,0
0,,0,,,,0,1,0
0,,0,,,,0,1,0
0,,0,,,,0,1,0
0,,0,,,,0,1,0
0,,0,,,,0,1,0
0,,0,,,,0,1,0
0,,0,,,,0,1,0
0,,0,,,,0,1,0
0,,0,,,,0,1,0
0,,0,,,,0,1,0
0,,0,,,,0,1,0
0,,0,,,,0,1,0
0,,0,,,,0,1,0
0,,0,,,,0,1,0
0,,0,,,,0,1,0
0,,0,,,,0,1,0
0,,0,,,,0,1,0
0,,0,,,,0,1,0
0,,0,,,,0,1,0
0,,0,,,,0,1,0
0,,0,,,,0,1,0
0,,0,,,,0,1,0
0,,0,,,,0,1,0
0,,0,,,,0,1,0
0,,0,,,,0,1,0
0,,0,,,,0,1,0
0,,0,,,,0,1,0
0,,0,,,,0,1,0
0,,0,,,,0,1,0
0,,0,,,,0,1,0
0,,0,,,,0,1,0
0,,0,,,,0,1,0
0,,0,,,,0,1,0
0,,0,,,,0,1,0
0,,0,,,,0,1,0
0,,0,,,,0,1,0
0,,0,,,,0,1,0
0,,0,,,,0,1,0
0,,0,,,,0,1,0
0,,0,,,,0,1,0
0,,0,,,,0,1,0
0,,0,,,,0,1,0
0,,0,,,,0,1,0
0,,0,,,,0,1,0
0,,0,,,,0,1,0
0,,0,,,,0,1,0
0,,0,,,,0,1,0
0,,0,,,,0,1,0
0,,0,,,,0,1,0
0,,0,,,,0,1,0
0,,0,,,,0,1,0
0,,0,,,,0,1,0
0,,0,,,,0,1,0
0,,0,,,,0,1,0
0,,0,,,,0,1,0
0,,0,,,,0,1,0
0,,0,,,,0,1,0
0,,0,,,,0,1,0
0,,0,,,,0,1,0
0,,0,,,,0,1,0
0,,0,,,,0,1,0
0,,0,,,,0,1,0
0,,0,,,,0,1,0
0,,0,,,,0,1,0
0,,0,,,,0,1,0
0,,0,,,,0,1,0
0,,0,,,,0,1,0
0,,0,,,,0,1,0
0,,0,,,,0,1,0
0,,0,,,,0,1,0
0,,0,,,,0,1,0
0,,0,,,,0,1,0
0,,0,,,,0,1,0
0,,0,,,,0,1,0
0,,0,,,,0,1,0
0,,0,,,,0,1,0
0,,0,,,,0,1,0
0,,0,,,,0,1,0
0,,0,,,,0,1,0
0,,0,,,,0,1,0
0,,0,,,,0,1,0
0,,0,,,,0,1,0
0,,0,,,,0,1,0
0,,0,,,,0,1,0
0,,0,,,,0,1,0
0,,0,,,,0,1,0
0,,0,,,,0,1,0
0,,0,,,,0,1,0
0,,0,,,,0,1,0
0,,0,,,,0,1,0
0,,0,,,,0,1,0
0,,0,,,,0,1,0
0,,0,,,,0,1,0
0,,0,,,,0,1,0
0,,0,,,,0,1,0
0,,0,,,,0,1,0
0,,0,,,,0,1,0
0,,0,,,,0,1,0
0,,0,,,,0,1,0
0,,0,,,,0,1,0
0,,0,,,,0,1,0
0,,0,,,,0,1,0
0,,0,,,,0,1,0
0,,0,,,,0,1,0
0,,0,,,,0,1,0
0,,0,,,,0,1,0
0,,0,,,,0,1,0
0,,0,,,,0,1,0
0,,0,,,,0,1,0
0,,0,,,,0,1,0
0,,0,,,,0,1,0
0,,0,,,,0,1,0
0,,0,,,,0,1,0
0,,0,,,,0,1,0
0,,0,,,,0,1,0
0,,0,,,,0,1,0
0,,0,,,,0,1,0
0,,0,,,,0,1,0
0,,0,,,,0,1,0
0,,0,,,,0,1,0
0,,0,,,,0,1,0
0,,0,,,,0,1,0
0,,0,,,,0,1,0
0,,0,,,,0,1,0
0,,0,,,,0,1,0
0,,0,,,,0,1,0
0,,0,,,,0,1,0
0,,0,,,,0,1,0
0,,0,,,,0,1,0
0,,0,,,,0,1,0
0,,0,,,,0,1,0
0,,0,,,,0,1,0
0,,0,,,,0,1,0
0,,0,,,,0,1,0
0,,0,,,,0,1,0
0,,0,,,,0,1,0
0,,0,,,,0,1,0
0,,0,,,,0,1,0
0,,0,,,,0,1,0
0,,0,,,,0,1,0
0,,0,,,,0,1,0
0,,0,,,,0,1,0
0,,0,,,,0,1,0
0,,0,,,,0,1,0
0,,0,,,,0,1,0
0,,0,,,,0,1,0
0,,0,,,,0,1,0
0,,0,,,,0,1,0
0,,0,,,,0,1,0
0,,0,,,,0,1,0
0,,0,,,,0,1,0
0,,0,,,,0,1,0
0,,0,,,,0,1,0
0,,0,,,,0,1,0
0,,0,,,,0,1,0
0,,0,,,,0,1,0
0,,0,,,,0,1,0
0,,0,,,,0,1,0
0,,0,,,,0,1,0
0,,0,,,,0,1,0
0,,0,,,,0,1,0
0,,0,,,,0,1,0
0,,0,,,,0,1,0
0,,0,,,,0,1,0
0,,0,,,,0,1,0
0,,0,,,,0,1,0
0,,0,,,,0,1,0
0,,0,,,,0,1,0
0,,0,,,,0,1,0
0,,0,,,,0,1,0
0,,0,,,,0,1,0
0,,0,,,,0,1,0
0,,0,,,,0,1,0
0,,0,,,,0,1,0
0,,0,,,,0,1,0
0,,0,,,,0,1,0
0,,0,,,,0,1,0
0,,0,,,,0,1,0
0,,0,,,,0,1,0
0,,0,,,,0,1,0
0,,0,,,,0,1,0
0,,0,,,,0,1,0
0,,0,,,,0,1,0
0,,0,,,,0,1,0
0,,0,,,,0,1,0
0,,0,,,,0,1,0
0,,0,,,,0,1,0
0,,0,,,,0,1,0
0,,0,,,,0,1,0
0,,0,,,,0,1,0
0,,0,,,,0,1,0
0,,0,,,,0,1,0
0,,0,,,,0,1,0
0,,0,,,,0,1,0
0,,0,,,,0,1,0
0,,0,,,,0,1,0
0,,0,,,,0,1,0
0,,0,,,,0,1,0
0,,0,,,,0,1,0
0,,0,,,,0,1,0
0,,0,,,,0,1,0
0,,0,,,,0,1,0
0,,0,,,,0,1,0
0,,0,,,,0,1,0
0,,0,,,,0,1,0
0,,0,,,,0,1,0
0,,0,,,,0,1,0
0,,0,,,,0,1,0
0,,0,,,,0,1,0
0,,0,,,,0,1,0
0,,0,,,,0,1,0
0,,0,,,,0,1,0
0,,0,,,,0,1,0
0,,0,,,,0,1,0
0,,0,,,,0,1,0
0,,0,,,,0,1,0
0,,0,,,,0,1,0
0,,0,,,,0,1,0
0,,0,,,,0,1,0
0,,0,,,,0,1,0
0,,0,,,,0,1,0
0,,0,,,,0,1,0
0,,0,,,,0,1,0
0,,0,,,,0,1,0
0,,0,,,,0,1,0
0,,0,,,,0,1,0
0,,0,,,,0,1,0
0,,0,,,,0,1,0
0,,0,,,,0,1,0
0,,0,,,,0,1,0
0,,0,,,,0,1,0
0,,0,,,,0,1,0
0,,0,,,,0,1,0
0,,0,,,,0,1,0
0,,0,,,,0,1,0
0,,0,,,,0,1,0
0,,0,,,,0,1,0
0,,0,,,,0,1,0
0,,0,,,,0,1,0
0,,0,,,,0,1,0
0,,0,,,,0,1,0
0,,0,,,,0,1,0
0,,0,,,,0,1,0
0,,0,,,,0,1,0
0,,0,,,,0,1,0
0,,0,,,,0,1,0
0,,0,,,,0,1,0
0,,0,,,,0,1,0
0,,0,,,,0,1,0
0,,0,,,,0,1,0
0,,0,,,,0,1,0
0,,0,,,,0,1,0
0,,0,,,,0,1,0
0,,0,,,,0,1,0
0,,0,,,,0,1,0
0,,0,,,,0,1,0
0,,0,,,,0,1,0
0,,0,,,,0,1,0
0,,0,,,,0,1,0
0,,0,,,,0,1,0
0,,0,,,,0,1,0
0,,0,,,,0,1,0
0,,0,,,,0,1,0
0,,0,,,,0,1,0
0,,0,,,,0,1,0
0,,0,,,,0,1,0
0,,0,,,,0,1,0
0,,0,,,,0,1,0
0,,0,,,,0,1,0
0,,0,,,,0,1,0
0,,0,,,,0,1,0
0,,0,,,,0,1,0
0,,0,,,,0,1,0
0,,0,,,,0,1,0
0,,0,,,,0,1,0
0,,0,,,,0,1,0
0,,0,,,,0,1,0
0,,0,,,,0,1,0
0,,0,,,,0,1,0
0,,0,,,,0,1,0
0,,0,,,,0,1,0
0,,0,,,,0,1,0
0,,0,,,,0,1,0
0,,0,,,,0,1,0
0,,0,,,,0,1,0
0,,0,,,,0,1,0
0,,0,,,,0,1,0
0,,0,,,,0,1,0
0,,0,,,,0,1,0
0,,0,,,,0,1,0
0,,0,,,,0,1,0
0,,0,,,,0,1,0
0,,0,,,,0,1,0
0,,0,,,,0,1,0
0,,0,,,,0,1,0
0,,0,,,,0,1,0
0,,0,,,,0,1,0
0,,0,,,,0,1,0
0,,0,,,,0,1,0
0,,0,,,,0,1,0
0,,0,,,,0,1,0
0,,0,,,,0,1,0
0,,0,,,,0,1,0
0,,0,,,,0,1,0
0,,0,,,,0,1,0
0,,0,,,,0,1,0
0,,0,,,,0,1,0
0,,0,,,,0,1,0
0,,0,,,,0,1,0
0,,0,,,,0,1,0
0,,0,,,,0,1,0
0,,0,,,,0,1,0
0,,0,,,,0,1,0
0,,0,,,,0,1,0
0,,0,,,,0,1,0
0,,0,,,,0,1,0
0,,0,,,,0,1,0
0,,0,,,,0,1,0
0,,0,,,,0,1,0
0,,0,,,,0,1,0
0,,0,,,,0,1,0
0,,0,,,,0,1,0
0,,0,,,,0,1,0
0,,0,,,,0,1,0
0,,0,,,,0,1,0
0,,0,,,,0,1,0
0,,0,,,,0,1,0
0,,0,,,,0,1,0
0,,0,,,,0,1,0
0,,0,,,,0,1,0
0,,0,,,,0,1,0
0,,0,,,,0,1,0
0,,0,,,,0,1,0
0,,0,,,,0,1,0
0,,0,,,,0,1,0
0,,0,,,,0,1,0
0,,0,,,,0,1,0
0,,0,,,,0,1,0
0,,0,,,,0,1,0
0,,0,,,,0,1,0
0,,0,,,,0,1,0
0,,0,,,,0,1,0
0,,0,,,,0,1,0
0,,0,,,,0,1,0
0,,0,,,,0,1,0
0,,0,,,,0,1,0
0,,0,,,,0,1,0
0,,0,,,,0,1,0
0,,0,,,,0,1,0
0,,0,,,,0,1,0
0,,0,,,,0,1,0
0,,0,,,,0,1,0
0,,0,,,,0,1,0
0,,0,,,,0,1,0
0,,0,,,,0,1,0
0,,0,,,,0,1,0
0,,0,,,,0,1,0
0,,0,,,,0,1,0
0,,0,,,,0,1,0
0,,0,,,,0,1,0
0,,0,,,,0,1,0
0,,0,,,,0,1,0
0,,0,,,,0,1,0
0,,0,,,,0,1,0
0,,0,,,,0,1,0
0,,0,,,,0,1,0
0,,0,,,,0,1,0
0,,0,,,,0,1,0
0,,0,,,,0,1,0
0,,0,,,,0,1,0
0,,0,,,,0,1,0
0,,0,,,,0,1,0
0,,0,,,,0,1,0
0,,0,,,,0,1,0
0,,0,,,,0,1,0
0,,0,,,,0,1,0
0,,0,,,,0,1,0
0,,0,,,,0,1,0
0,,0,,,,0,1,0
0,,0,,,,0,1,0
0,,0,,,,0,1,0
0,,0,,,,0,1,0
0,,0,,,,0,1,0
0,,0,,,,0,1,0
0,,0,,,,0,1,0
0,,0,,,,0,1,0
0,,0,,,,0,1,0
0,,0,,,,0,1,0
0,,0,,,,0,1,0
0,,0,,,,0,1,0
0,,0,,,,0,1,0
0,,0,,,,0,1,0
0,,0,,,,0,1,0
0,,0,,,,0,1,0
0,,0,,,,0,1,0
0,,0,,,,0,1,0
0,,0,,,,0,1,0
0,,0,,,,0,1,0
0,,0,,,,0,1,0
0,,0,,,,0,1,0
0,,0,,,,0,1,0
0,,0,,,,0,1,0
0,,0,,,,0,1,0
0,,0,,,,0,1,0
0,,0,,,,0,1,0
0,,0,,,,0,1,0
0,,0,,,,0,1,0
0,,0,,,,0,1,0
0,,0,,,,0,1,0
0,,0,,,,0,1,0
0,,0,,,,0,1,0
0,,0,,,,0,1,0
0,,0,,,,0,1,0
0,,0,,,,0,1,0
0,,0,,,,0,1,0
0,,0,,,,0,1,0
0,,0,,,,0,1,0
0,,0,,,,0,1,0
0,,0,,,,0,1,0
0,,0,,,,0,1,0
0,,0,,,,0,1,0
0,,0,,,,0,1,0
0,,0,,,,0,1,0
0,,0,,,,0,1,0
0,,0,,,,0,1,0
0,,0,,,,0,1,0
0,,0,,,,0,1,0
0,,0,,,,0,1,0
0,,0,,,,0,1,0
0,,0,,,,0,1,0
0,,0,,,,0,1,0
0,,0,,,,0,1,0
0,,0,,,,0,1,0
0,,0,,,,0,1,0
0,,0,,,,0,1,0
0,,0,,,,0,1,0
0,,0,,,,0,1,0
0,,0,,,,0,1,0
0,,0,,,,0,1,0
0,,0,,,,0,1,0
0,,0,,,,0,1,0
0,,0,,,,0,1,0
0,,0,,,,0,1,0
0,,0,,,,0,1,0
0,,0,,,,0,1,0
0,,0,,,,0,1,0
0,,0,,,,0,1,0
0,,0,,,,0,1,0
0,,0,,,,0,1,0
0,,0,,,,0,1,0
0,,0,,,,0,1,0
0,,0,,,,0,1,0
0,,0,,,,0,1,0
0,,0,,,,0,1,0
0,,0,,,,0,1,0
0,,0,,,,0,1,0
0,,0,,,,0,1,0
0,,0,,,,0,1,0
0,,0,,,,0,1,0
0,,0,,,,0,1,0
0,,0,,,,0,1,0
0,,0,,,,0,1,0
0,,0,,,,0,1,0
0,,0,,,,0,1,0
0,,0,,,,0,1,0
0,,0,,,,0,1,0
0,,0,,,,0,1,0
0,,0,,,,0,1,0
0,,0,,,,0,1,0
0,,0,,,,0,1,0
0,,0,,,,0,1,0
0,,0,,,,0,1,0
0,,0,,,,0,1,0
0,,0,,,,0,1,0
0,,0,,,,0,1,0
0,,0,,,,0,1,0
0,,0,,,,0,1,0
0,,0,,,,0,1,0
0,,0,,,,0,1,0
0,,0,,,,0,1,0
0,,0,,,,0,1,0
0,,0,,,,0,1,0
0,,0,,,,0,1,0
0,,0,,,,0,1,0
0,,0,,,,0,1,0
0,,0,,,,0,1,0
0,,0,,,,0,1,0
0,,0,,,,0,1,0
0,,0,,,,0,1,0
0,,0,,,,0,1,0
0,,0,,,,0,1,0
0,,0,,,,0,1,0
0,,0,,,,0,1,0
0,,0,,,,0,1,0
0,,0,,,,0,1,0
0,,0,,,,0,1,0
0,,0,,,,0,1,0
0,,0,,,,0,1,0
0,,0,,,,0,1,0
0,,0,,,,0,1,0
0,,0,,,,0,1,0
0,,0,,,,0,1,0
0,,0,,,,0,1,0
0,,0,,,,0,1,0
0,,0,,,,0,1,0
0,,0,,,,0,1,0
0,,0,,,,0,1,0
0,,0,,,,0,1,0
0,,0,,,,0,1,0
0,,0,,,,0,1,0
0,,0,,,,0,1,0
0,,0,,,,0,1,0
0,,0,,,,0,1,0
0,,0,,,,0,1,0
0,,0,,,,0,1,0
0,,0,,,,0,1,0
0,,0,,,,0,1,0
0,,0,,,,0,1,0
0,,0,,,,0,1,0
0,,0,,,,0,1,0
0,,0,,,,0,1,0
0,,0,,,,0,1,0
0,,0,,,,0,1,0
0,,0,,,,0,1,0
0,,0,,,,0,1,0
0,,0,,,,0,1,0
0,,0,,,,0,1,0
0,,0,,,,0,1,0
0,,0,,,,0,1,0
0,,0,,,,0,1,0
0,,0,,,,0,1,0
0,,0,,,,0,1,0
0,,0,,,,0,1,0
0,,0,,,,0,1,0
0,,0,,,,0,1,0
0,,0,,,,0,1,0
0,,0,,,,0,1,0
0,,0,,,,0,1,0
0,,0,,,,0,1,0
0,,0,,,,0,1,0
0,,0,,,,0,1,0
0,,0,,,,0,1,0
0,,0,,,,0,1,0
0,,0,,,,0,1,0
0,,0,,,,0,1,0
0,,0,,,,0,1,0
0,,0,,,,0,1,0
0,,0,,,,0,1,0
0,,0,,,,0,1,0
0,,0,,,,0,1,0
0,,0,,,,0,1,0
0,,0,,,,0,1,0
0,,0,,,,0,1,0
0,,0,,,,0,1,0
0,,0,,,,0,1,0
0,,0,,,,0,1,0
0,,0,,,,0,1,0
0,,0,,,,0,1,0
0,,0,,,,0,1,0
0,,0,,,,0,1,0
0,,0,,,,0,1,0
0,,0,,,,0,1,0
0,,0,,,,0,1,0
0,,0,,,,0,1,0
0,,0,,,,0,1,0
0,,0,,,,0,1,0
0,,0,,,,0,1,0
0,,0,,,,0,1,0
0,,0,,,,0,1,0
0,,0,,,,0,1,0
0,,0,,,,0,1,0
0,,0,,,,0,1,0
0,,0,,,,0,1,0
0,,0,,,,0,1,0
0,,0,,,,0,1,0
0,,0,,,,0,1,0
0,,0,,,,0,1,0
0,,0,,,,0,1,0
0,,0,,,,0,1,0
0,,0,,,,0,1,0
0,,0,,,,0,1,0
0,,0,,,,0,1,0
0,,0,,,,0,1,0
0,,0,,,,0,1,0
0,,0,,,,0,1,0
0,,0,,,,0,1,0
0,,0,,,,0,1,0
0,,0,,,,0,1,0
0,,0,,,,0,1,0
0,,0,,,,0,1,0
0,,0,,,,0,1,0
0,,0,,,,0,1,0
0,,0,,,,0,1,0
0,,0,,,,0,1,0
0,,0,,,,0,1,0
0,,0,,,,0,1,0
0,,0,,,,0,1,0
0,,0,,,,0,1,0
0,,0,,,,0,1,0
0,,0,,,,0,1,0
0,,0,,,,0,1,0
0,,0,,,,0,1,0
0,,0,,,,0,1,0
0,,0,,,,0,1,0
0,,0,,,,0,1,0
0,,0,,,,0,1,0
0,,0,,,,0,1,0
0,,0,,,,0,1,0
0,,0,,,,0,1,0
0,,0,,,,0,1,0
0,,0,,,,0,1,0
0,,0,,,,0,1,0
0,,0,,,,0,1,0
0,,0,,,,0,1,0
0,,0,,,,0,1,0
0,,0,,,,0,1,0
0,,0,,,,0,1,0
0,,0,,,,0,1,0
0,,0,,,,0,1,0
0,,0,,,,0,1,0
0,,0,,,,0,1,0
0,,0,,,,0,1,0
0,,0,,,,0,1,0
0,,0,,,,0,1,0
0,,0,,,,0,1,0
0,,0,,,,0,1,0
0,,0,,,,0,1,0
0,,0,,,,0,1,0
0,,0,,,,0,1,0
0,,0,,,,0,1,0
0,,0,,,,0,1,0
0,,0,,,,0,1,0
0,,0,,,,0,1,0
0,,0,,,,0,1,0
0,,0,,,,0,1,0
0,,0,,,,0,1,0
0,,0,,,,0,1,0
0,,0,,,,0,1,0
0,,0,,,,0,1,0
0,,0,,,,0,1,0
0,,0,,,,0,1,0
0,,0,,,,0,1,0
0,,0,,,,0,1,0
0,,0,,,,0,1,0
0,,0,,,,0,1,0
0,,0,,,,0,1,0
0,,0,,,,0,1,0
0,,0,,,,0,1,0
0,,0,,,,0,1,0
0,,0,,,,0,1,0
0,,0,,,,0,1,0
0,,0,,,,0,1,0
0,,0,,,,0,1,0
0,,0,,,,0,1,0
0,,0,,,,0,1,0
0,,0,,,,0,1,0
0,,0,,,,0,1,0
0,,0,,,,0,1,0
0,,0,,,,0,1,0
0,,0,,,,0,1,0
0,,0,,,,0,1,0
0,,0,,,,0,1,0
0,,0,,,,0,1,0
0,,0,,,,0,1,0
0,,0,,,,0,1,0
0,,0,,,,0,1,0
0,,0,,,,0,1,0
0,,0,,,,0,1,0
0,,0,,,,0,1,0
0,,0,,,,0,1,0
0,,0,,,,0,1,0
0,,0,,,,0,1,0
0,,0,,,,0,1,0
0,,0,,,,0,1,0
0,,0,,,,0,1,0
0,,0,,,,0,1,0
0,,0,,,,0,1,0
0,,0,,,,0,1,0
0,,0,,,,0,1,0
0,,0,,,,0,1,0
0,,0,,,,0,1,0
0,,0,,,,0,1,0
0,,0,,,,0,1,0
0,,0,,,,0,1,0
0,,0,,,,0,1,0
0,,0,,,,0,1,0
0,,0,,,,0,1,0
0,,0,,,,0,1,0
0,,0,,,,0,1,0
0,,0,,,,0,1,0
0,,0,,,,0,1,0
0,,0,,,,0,1,0
0,,0,,,,0,1,0
0,,0,,,,0,1,0
0,,0,,,,0,1,0
0,,0,,,,0,1,0
0,,0,,,,0,1,0
0,,0,,,,0,1,0
0,,0,,,,0,1,0
0,,0,,,,0,1,0
0,,0,,,,0,1,0
0,,0,,,,0,1,0
0,,0,,,,0,1,0
0,,0,,,,0,1,0
0,,0,,,,0,1,0
0,,0,,,,0,1,0
0,,0,,,,0,1,0
0,,0,,,,0,1,0
0,,0,,,,0,1,0
0,,0,,,,0,1,0
0,,0,,,,0,1,0
0,,0,,,,0,1,0
0,,0,,,,0,1,0
0,,0,,,,0,1,0
0,,0,,,,0,1,0
0,,0,,,,0,1,0
0,,0,,,,0,1,0
0,,0,,,,0,1,0
0,,0,,,,0,1,0
0,,0,,,,0,1,0
0,,0,,,,0,1,0
0,,0,,,,0,1,0
0,,0,,,,0,1,0
0,,0,,,,0,1,0
0,,0,,,,0,1,0
0,,0,,,,0,1,0
0,,0,,,,0,1,0
0,,0,,,,0,1,0
0,,0,,,,0,1,0
0,,0,,,,0,1,0
0,,0,,,,0,1,0
0,,0,,,,0,1,0
0,,0,,,,0,1,0
0,,0,,,,0,1,0
0,,0,,,,0,1,0
0,,0,,,,0,1,0
0,,0,,,,0,1,0
0,,0,,,,0,1,0
0,,0,,,,0,1,0
0,,0,,,,0,1,0
0,,0,,,,0,1,0
0,,0,,,,0,1,0
0,,0,,,,0,1,0
0,,0,,,,0,1,0
0,,0,,,,0,1,0
0,,0,,,,0,1,0
0,,0,,,,0,1,0
0,,0,,,,0,1,0
0,,0,,,,0,1,0
0,,0,,,,0,1,0
0,,0,,,,0,1,0
0,,0,,,,0,1,0
0,,0,,,,0,1,0
0,,0,,,,0,1,0
0,,0,,,,0,1,0
0,,0,,,,0,1,0
0,,0,,,,0,1,0
0,,0,,,,0,1,0
0,,0,,,,0,1,0
0,,0,,,,0,1,0
0,,0,,,,0,1,0
0,,0,,,,0,1,0
0,,0,,,,0,1,0
0,,0,,,,0,1,0
0,,0,,,,0,1,0
0,,0,,,,0,1,0
0,,0,,,,0,1,0
0,,0,,,,0,1,0
0,,0,,,,0,1,0
0,,0,,,,0,1,0
0,,0,,,,0,1,0
0,,0,,,,0,1,0
0,,0,,,,0,1,0
0,,0,,,,0,1,0
0,,0,,,,0,1,0
0,,0,,,,0,1,0
0,,0,,,,0,1,0
0,,0,,,,0,1,0
0,,0,,,,0,1,0
0,,0,,,,0,1,0
0,,0,,,,0,1,0
0,,0,,,,0,1,0
0,,0,,,,0,1,0
0,,0,,,,0,1,0
0,,0,,,,0,1,0
0,,0,,,,0,1,0
0,,0,,,,0,1,0
0,,0,,,,0,1,0
0,,0,,,,0,1,0
0,,0,,,,0,1,0
0,,0,,,,0,1,0
0,,0,,,,0,1,0
0,,0,,,,0,1,0
0,,0,,,,0,1,0
0,,0,,,,0,1,0
0,,0,,,,0,1,0
0,,0,,,,0,1,0
0,,0,,,,0,1,0
0,,0,,,,0,1,0
0,,0,,,,0,1,0
0,,0,,,,0,1,0
0,,0,,,,0,1,0
0,,0,,,,0,1,0
0,,0,,,,0,1,0
0,,0,,,,0,1,0
0,,0,,,,0,1,0
0,,0,,,,0,1,0
0,,0,,,,0,1,0
0,,0,,,,0,1,0
0,,0,,,,0,1,0
0,,0,,,,0,1,0
0,,0,,,,0,1,0
0,,0,,,,0,1,0
0,,0,,,,0,1,0
0,,0,,,,0,1,0
0,,0,,,,0,1,0
0,,0,,,,0,1,0
0,,0,,,,0,1,0
0,,0,,,,0,1,0
0,,0,,,,0,1,0
0,,0,,,,0,1,0
0,,0,,,,0,1,0
0,,0,,,,0,1,0
0,,0,,,,0,1,0
0,,0,,,,0,1,0
0,,0,,,,0,1,0
0,,0,,,,0,1,0
0,,0,,,,0,1,0
0,,0,,,,0,1,0
0,,0,,,,0,1,0
0,,0,,,,0,1,0
0,,0,,,,0,1,0
0,,0,,,,0,1,0
0,,0,,,,0,1,0
0,,0,,,,0,1,0
0,,0,,,,0,1,0
0,,0,,,,0,1,0
0,,0,,,,0,1,0
0,,0,,,,0,1,0
0,,0,,,,0,1,0
0,,0,,,,0,1,0
0,,0,,,,0,1,0
0,,0,,,,0,1,0
0,,0,,,,0,1,0
0,,0,,,,0,1,0
0,,0,,,,0,1,0
0,,0,,,,0,1,0
0,,0,,,,0,1,0
0,,0,,,,0,1,0
0,,0,,,,0,1,0
0,,0,,,,0,1,0
0,,0,,,,0,1,0
0,,0,,,,0,1,0
0,,0,,,,0,1,0
0,,0,,,,0,1,0
0,,0,,,,0,1,0
0,,0,,,,0,1,0
0,,0,,,,0,1,0
0,,0,,,,0,1,0
0,,0,,,,0,1,0
0,,0,,,,0,1,0
0,,0,,,,0,1,0
0,,0,,,,0,1,0
0,,0,,,,0,1,0
0,,0,,,,0,1,0
0,,0,,,,0,1,0
0,,0,,,,0,1,0
0,,0,,,,0,1,0
0,,0,,,,0,1,0
0,,0,,,,0,1,0
0,,0,,,,0,1,0
0,,0,,,,0,1,0
0,,0,,,,0,1,0
0,,0,,,,0,1,0
0,,0,,,,0,1,0
0,,0,,,,0,1,0
0,,0,,,,0,1,0
0,,0,,,,0,1,0
0,,0,,,,0,1,0
0,,0,,,,0,1,0
0,,0,,,,0,1,0
0,,0,,,,0,1,0
0,,0,,,,0,1,0
0,,0,,,,0,1,0
0,,0,,,,0,1,0
0,,0,,,,0,1,0
0,,0,,,,0,1,0
0,,0,,,,0,1,0
0,,0,,,,0,1,0
0,,0,,,,0,1,0
0,,0,,,,0,1,0
0,,0,,,,0,1,0
0,,0,,,,0,1,0
0,,0,,,,0,1,0
0,,0,,,,0,1,0
0,,0,,,,0,1,0
0,,0,,,,0,1,0
0,,0,,,,0,1,0
0,,0,,,,0,1,0
0,,0,,,,0,1,0
0,,0,,,,0,1,0
0,,0,,,,0,1,0
0,,0,,,,0,1,0
0,,0,,,,0,1,0
0,,0,,,,0,1,0
0,,0,,,,0,1,0
0,,0,,,,0,1,0
0,,0,,,,0,1,0
0,,0,,,,0,1,0
0,,0,,,,0,1,0
0,,0,,,,0,1,0
0,,0,,,,0,1,0
0,,0,,,,0,1,0
0,,0,,,,0,1,0
0,,0,,,,0,1,0
0,,0,,,,0,1,0
0,,0,,,,0,1,0
0,,0,,,,0,1,0
0,,0,,,,0,1,0
0,,0,,,,0,1,0
0,,0,,,,0,1,0
0,,0,,,,0,1,0
0,,0,,,,0,1,0
0,,0,,,,0,1,0
0,,0,,,,0,1,0
0,,0,,,,0,1,0
0,,0,,,,0,1,0
0,,0,,,,0,1,0
0,,0,,,,0,1,0
0,,0,,,,0,1,0
0,,0,,,,0,1,0
0,,0,,,,0,1,0
0,,0,,,,0,1,0
0,,0,,,,0,1,0
0,,0,,,,0,1,0
0,,0,,,,0,1,0
0,,0,,,,0,1,0
0,,0,,,,0,1,0
0,,0,,,,0,1,0
0,,0,,,,0,1,0
0,,0,,,,0,1,0
0,,0,,,,0,1,0
0,,0,,,,0,1,0
0,,0,,,,0,1,0
0,,0,,,,0,1,0
0,,0,,,,0,1,0
0,,0,,,,0,1,0
0,,0,,,,0,1,0
0,,0,,,,0,1,0
0,,0,,,,0,1,0
0,,0,,,,0,1,0
0,,0,,,,0,1,0
0,,0,,,,0,1,0
0,,0,,,,0,1,0
0,,0,,,,0,1,0
0,,0,,,,0,1,0
0,,0,,,,0,1,0
0,,0,,,,0,1,0
0,,0,,,,0,1,0
0,,0,,,,0,1,0
0,,0,,,,0,1,0
0,,0,,,,0,1,0
0,,0,,,,0,1,0
0,,0,,,,0,1,0
0,,0,,,,0,1,0
0,,0,,,,0,1,0
0,,0,,,,0,1,0
0,,0,,,,0,1,0
0,,0,,,,0,1,0
0,,0,,,,0,1,0
0,,0,,,,0,1,0
0,,0,,,,0,1,0
0,,0,,,,0,1,0
0,,0,,,,0,1,0
0,,0,,,,0,1,0
0,,0,,,,0,1,0
0,,0,,,,0,1,0
0,,0,,,,0,1,0
0,,0,,,,0,1,0
0,,0,,,,0,1,0
0,,0,,,,0,1,0
0,,0,,,,0,1,0
0,,0,,,,0,1,0
0,,0,,,,0,1,0
0,,0,,,,0,1,0
0,,0,,,,0,1,0
0,,0,,,,0,1,0
0,,0,,,,0,1,0
0,,0,,,,0,1,0
0,,0,,,,0,1,0
0,,0,,,,0,1,0
0,,0,,,,0,1,0
0,,0,,,,0,1,0
0,,0,,,,0,1,0
0,,0,,,,0,1,0
0,,0,,,,0,1,0
0,,0,,,,0,1,0
0,,0,,,,0,1,0
0,,0,,,,0,1,0
0,,0,,,,0,1,0
0,,0,,,,0,1,0
0,,0,,,,0,1,0
0,,0,,,,0,1,0
0,,0,,,,0,1,0
0,,0,,,,0,1,0
0,,0,,,,0,1,0
0,,0,,,,0,1,0
0,,0,,,,0,1,0
0,,0,,,,0,1,0
0,,0,,,,0,1,0
0,,0,,,,0,1,0
0,,0,,,,0,1,0
0,,0,,,,0,1,0
0,,0,,,,0,1,0
0,,0,,,,0,1,0
0,,0,,,,0,1,0
0,,0,,,,0,1,0
0,,0,,,,0,1,0
0,,0,,,,0,1,0
0,,0,,,,0,1,0
0,,0,,,,0,1,0
0,,0,,,,0,1,0
0,,0,,,,0,1,0
0,,0,,,,0,1,0
0,,0,,,,0,1,0
0,,0,,,,0,1,0
0,,0,,,,0,1,0
0,,0,,,,0,1,0
0,,0,,,,0,1,0
0,,0,,,,0,1,0
0,,0,,,,0,1,0
0,,0,,,,0,1,0
0,,0,,,,0,1,0
0,,0,,,,0,1,0
0,,0,,,,0,1,0
0,,0,,,,0,1,0
0,,0,,,,0,1,0
0,,0,,,,0,1,0
0,,0,,,,0,1,0
0,,0,,,,0,1,0
0,,0,,,,0,1,0
0,,0,,,,0,1,0
0,,0,,,,0,1,0
0,,0,,,,0,1,0
0,,0,,,,0,1,0
0,,0,,,,0,1,0
0,,0,,,,0,1,0
0,,0,,,,0,1,0
0,,0,,,,0,1,0
0,,0,,,,0,1,0
0,,0,,,,0,1,0
0,,0,,,,0,1,0
0,,0,,,,0,1,0
0,,0,,,,0,1,0
0,,0,,,,0,1,0
0,,0,,,,0,1,0
0,,0,,,,0,1,0
0,,0,,,,0,1,0
0,,0,,,,0,1,0
0,,0,,,,0,1,0
0,,0,,,,0,1,0
0,,0,,,,0,1,0
0,,0,,,,0,1,0
0,,0,,,,0,1,0
0,,0,,,,0,1,0
0,,0,,,,0,1,0
0,,0,,,,0,1,0
0,,0,,,,0,1,0
0,,0,,,,0,1,0
0,,0,,,,0,1,0
0,,0,,,,0,1,0
0,,0,,,,0,1,0
0,,0,,,,0,1,0
0,,0,,,,0,1,0
0,,0,,,,0,1,0
0,,0,,,,0,1,0
0,,0,,,,0,1,0
0,,0,,,,0,1,0
0,,0,,,,0,1,0
0,,0,,,,0,1,0
0,,0,,,,0,1,0
0,,0,,,,0,1,0
0,,0,,,,0,1,0
0,,0,,,,0,1,0
0,,0,,,,0,1,0
0,,0,,,,0,1,0
0,,0,,,,0,1,0
0,,0,,,,0,1,0
0,,0,,,,0,1,0
0,,0,,,,0,1,0
0,,0,,,,0,1,0
0,,0,,,,0,1,0
0,,0,,,,0,1,0
0,,0,,,,0,1,0
0,,0,,,,0,1,0
0,,0,,,,0,1,0
0,,0,,,,0,1,0
0,,0,,,,0,1,0
0,,0,,,,0,1,0
0,,0,,,,0,1,0
0,,0,,,,0,1,0
0,,0,,,,0,1,0
0,,0,,,,0,1,0
0,,0,,,,0,1,0
0,,0,,,,0,1,0
0,,0,,,,0,1,0
0,,0,,,,0,1,0
0,,0,,,,0,1,0
0,,0,,,,0,1,0
0,,0,,,,0,1,0
0,,0,,,,0,1,0
0,,0,,,,0,1,0
0,,0,,,,0,1,0
0,,0,,,,0,1,0
0,,0,,,,0,1,0
0,,0,,,,0,1,0
0,,0,,,,0,1,0
0,,0,,,,0,1,0
0,,0,,,,0,1,0
0,,0,,,,0,1,0
0,,0,,,,0,1,0
0,,0,,,,0,1,0
0,,0,,,,0,1,0
0,,0,,,,0,1,0
0,,0,,,,0,1,0
0,,0,,,,0,1,0
0,,0,,,,0,1,0
0,,0,,,,0,1,0
0,,0,,,,0,1,0
0,,0,,,,0,1,0
0,,0,,,,0,1,0
0,,0,,,,0,1,0
0,,0,,,,0,1,0
0,,0,,,,0,1,0
0,,0,,,,0,1,0
0,,0,,,,0,1,0
0,,0,,,,0,1,0
0,,0,,,,0,1,0
0,,0,,,,0,1,0
0,,0,,,,0,1,0
0,,0,,,,0,1,0
0,,0,,,,0,1,0
0,,0,,,,0,1,0
0,,0,,,,0,1,0
0,,0,,,,0,1,0
0,,0,,,,0,1,0
0,,0,,,,0,1,0
0,,0,,,,0,1,0
0,,0,,,,0,1,0
0,,0,,,,0,1,0
0,,0,,,,0,1,0
0,,0,,,,0,1,0
0,,0,,,,0,1,0
0,,0,,,,0,1,0
0,,0,,,,0,1,0
0,,0,,,,0,1,0
0,,0,,,,0,1,0
0,,0,,,,0,1,0
0,,0,,,,0,1,0
0,,0,,,,0,1,0
0,,0,,,,0,1,0
0,,0,,,,0,1,0
0,,0,,,,0,1,0
0,,0,,,,0,1,0
0,,0,,,,0,1,0
0,,0,,,,0,1,0
0,,0,,,,0,1,0
0,,0,,,,0,1,0
0,,0,,,,0,1,0
0,,0,,,,0,1,0
0,,0,,,,0,1,0
0,,0,,,,0,1,0
0,,0,,,,0,1,0
0,,0,,,,0,1,0
0,,0,,,,0,1,0
0,,0,,,,0,1,0
0,,0,,,,0,1,0
0,,0,,,,0,1,0
0,,0,,,,0,1,0
0,,0,,,,0,1,0
0,,0,,,,0,1,0
0,,0,,,,0,1,0
0,,0,,,,0,1,0
0,,0,,,,0,1,0
0,,0,,,,0,1,0
0,,0,,,,0,1,0
0,,0,,,,0,1,0
0,,0,,,,0,1,0
0,,0,,,,0,1,0
0,,0,,,,0,1,0
0,,0,,,,0,1,0
0,,0,,,,0,1,0
0,,0,,,,0,1,0
0,,0,,,,0,1,0
0,,0,,,,0,1,0
0,,0,,,,0,1,0
0,,0,,,,0,1,0
0,,0,,,,0,1,0
0,,0,,,,0,1,0
0,,0,,,,0,1,0
0,,0,,,,0,1,0
0,,0,,,,0,1,0
0,,0,,,,0,1,0
0,,0,,,,0,1,0
0,,0,,,,0,1,0
0,,0,,,,0,1,0
0,,0,,,,0,1,0
0,,0,,,,0,1,0
0,,0,,,,0,1,0
0,,0,,,,0,1,0
0,,0,,,,0,1,0
0,,0,,,,0,1,0
0,,0,,,,0,1,0
0,,0,,,,0,1,0
0,,0,,,,0,1,0
0,,0,,,,0,1,0
0,,0,,,,0,1,0
0,,0,,,,0,1,0
0,,0,,,,0,1,0
0,,0,,,,0,1,0
0,,0,,,,0,1,0
0,,0,,,,0,1,0
0,,0,,,,0,1,0
0,,0,,,,0,1,0
0,,0,,,,0,1,0
0,,0,,,,0,1,0
0,,0,,,,0,1,0
0,,0,,,,0,1,0
0,,0,,,,0,1,0
0,,0,,,,0,1,0
0,,0,,,,0,1,0
0,,0,,,,0,1,0
0,,0,,,,0,1,0
0,,0,,,,0,1,0
0,,0,,,,0,1,0
0,,0,,,,0,1,0
0,,0,,,,0,1,0
0,,0,,,,0,1,0
0,,0,,,,0,1,0
0,,0,,,,0,1,0
0,,0,,,,0,1,0
0,,0,,,,0,1,0
0,,0,,,,0,1,0
0,,0,,,,0,1,0
0,,0,,,,0,1,0
0,,0,,,,0,1,0
0,,0,,,,0,1,0
0,,0,,,,0,1,0
0,,0,,,,0,1,0
0,,0,,,,0,1,0
0,,0,,,,0,1,0
0,,0,,,,0,1,0
0,,0,,,,0,1,0
0,,0,,,,0,1,0
0,,0,,,,0,1,0
0,,0,,,,0,1,0
0,,0,,,,0,1,0
0,,0,,,,0,1,0
0,,0,,,,0,1,0
0,,0,,,,0,1,0
0,,0,,,,0,1,0
0,,0,,,,0,1,0
0,,0,,,,0,1,0
0,,0,,,,0,1,0
0,,0,,,,0,1,0
0,,0,,,,0,1,0
0,,0,,,,0,1,0
0,,0,,,,0,1,0
0,,0,,,,0,1,0
0,,0,,,,0,1,0
0,,0,,,,0,1,0
0,,0,,,,0,1,0
0,,0,,,,0,1,0
0,,0,,,,0,1,0
0,,0,,,,0,1,0
0,,0,,,,0,1,0
0,,0,,,,0,1,0
0,,0,,,,0,1,0
0,,0,,,,0,1,0
0,,0,,,,0,1,0
0,,0,,,,0,1,0
0,,0,,,,0,1,0
0,,0,,,,0,1,0
0,,0,,,,0,1,0
0,,0,,,,0,1,0
0,,0,,,,0,1,0
0,,0,,,,0,1,0
0,,0,,,,0,1,0
0,,0,,,,0,1,0
0,,0,,,,0,1,0
0,,0,,,,0,1,0
0,,0,,,,0,1,0
0,,0,,,,0,1,0
0,,0,,,,0,1,0
0,,0,,,,0,1,0
0,,0,,,,0,1,0
0,,0,,,,0,1,0
0,,0,,,,0,1,0
0,,0,,,,0,1,0
0,,0,,,,0,1,0
0,,0,,,,0,1,0
0,,0,,,,0,1,0
0,,0,,,,0,1,0
0,,0,,,,0,1,0
0,,0,,,,0,1,0
0,,0,,,,0,1,0
0,,0,,,,0,1,0
0,,0,,,,0,1,0
0,,0,,,,0,1,0
0,,0,,,,0,1,0
0,,0,,,,0,1,0
0,,0,,,,0,1,0
0,,0,,,,0,1,0
0,,0,,,,0,1,0
0,,0,,,,0,1,0
0,,0,,,,0,1,0
0,,0,,,,0,1,0
0,,0,,,,0,1,0
0,,0,,,,0,1,0
0,,0,,,,0,1,0
0,,0,,,,0,1,0
0,,0,,,,0,1,0
0,,0,,,,0,1,0
0,,0,,,,0,1,0
0,,0,,,,0,1,0
0,,0,,,,0,1,0
0,,0,,,,0,1,0
0,,0,,,,0,1,0
0,,0,,,,0,1,0
0,,0,,,,0,1,0
0,,0,,,,0,1,0
0,,0,,,,0,1,0
0,,0,,,,0,1,0
0,,0,,,,0,1,0
0,,0,,,,0,1,0
0,,0,,,,0,1,0
0,,0,,,,0,1,0
0,,0,,,,0,1,0
0,,0,,,,0,1,0
0,,0,,,,0,1,0
0,,0,,,,0,1,0
0,,0,,,,0,1,0
0,,0,,,,0,1,0
0,,0,,,,0,1,0
0,,0,,,,0,1,0
0,,0,,,,0,1,0
0,,0,,,,0,1,0
0,,0,,,,0,1,0
0,,0,,,,0,1,0
0,,0,,,,0,1,0
0,,0,,,,0,1,0
0,,0,,,,0,1,0
0,,0,,,,0,1,0
0,,0,,,,0,1,0
0,,0,,,,0,1,0
0,,0,,,,0,1,0
0,,0,,,,0,1,0
0,,0,,,,0,1,0
0,,0,,,,0,1,0
0,,0,,,,0,1,0
0,,0,,,,0,1,0
0,,0,,,,0,1,0
0,,0,,,,0,1,0
0,,0,,,,0,1,0
0,,0,,,,0,1,0
0,,0,,,,0,1,0
0,,0,,,,0,1,0
0,,0,,,,0,1,0
0,,0,,,,0,1,0
0,,0,,,,0,1,0
0,,0,,,,0,1,0
0,,0,,,,0,1,0
0,,0,,,,0,1,0
0,,0,,,,0,1,0
0,,0,,,,0,1,0
0,,0,,,,0,1,0
0,,0,,,,0,1,0
0,,0,,,,0,1,0
0,,0,,,,0,1,0
0,,0,,,,0,1,0
0,,0,,,,0,1,0
0,,0,,,,0,1,0
0,,0,,,,0,1,0
0,,0,,,,0,1,0
0,,0,,,,0,1,0
0,,0,,,,0,1,0
0,,0,,,,0,1,0
0,,0,,,,0,1,0
0,,0,,,,0,1,0
0,,0,,,,0,1,0
0,,0,,,,0,1,0
0,,0,,,,0,1,0
0,,0,,,,0,1,0
0,,0,,,,0,1,0
0,,0,,,,0,1,0
0,,0,,,,0,1,0
0,,0,,,,0,1,0
0,,0,,,,0,1,0
0,,0,,,,0,1,0
0,,0,,,,0,1,0
0,,0,,,,0,1,0
0,,0,,,,0,1,0
0,,0,,,,0,1,0
0,,0,,,,0,1,0
0,,0,,,,0,1,0
0,,0,,,,0,1,0
0,,0,,,,0,1,0
0,,0,,,,0,1,0
0,,0,,,,0,1,0
0,,0,,,,0,1,0
0,,0,,,,0,1,0
0,,0,,,,0,1,0
0,,0,,,,0,1,0
0,,0,,,,0,1,0
0,,0,,,,0,1,0
0,,0,,,,0,1,0
0,,0,,,,0,1,0
0,,0,,,,0,1,0
0,,0,,,,0,1,0
0,,0,,,,0,1,0
0,,0,,,,0,1,0
0,,0,,,,0,1,0
0,,0,,,,0,1,0
0,,0,,,,0,1,0
0,,0,,,,0,1,0
0,,0,,,,0,1,0
0,,0,,,,0,1,0
0,,0,,,,0,1,0
0,,0,,,,0,1,0
0,,0,,,,0,1,0
0,,0,,,,0,1,0
0,,0,,,,0,1,0
0,,0,,,,0,1,0
0,,0,,,,0,1,0
0,,0,,,,0,1,0
0,,0,,,,0,1,0
0,,0,,,,0,1,0
0,,0,,,,0,1,0
0,,0,,,,0,1,0
0,,0,,,,0,1,0
0,,0,,,,0,1,0
0,,0,,,,0,1,0
0,,0,,,,0,1,0
0,,0,,,,0,1,0
0,,0,,,,0,1,0
0,,0,,,,0,1,0
0,,0,,,,0,1,0
0,,0,,,,0,1,0
0,,0,,,,0,1,0
0,,0,,,,0,1,0
0,,0,,,,0,1,0
0,,0,,,,0,1,0
0,,0,,,,0,1,0
0,,0,,,,0,1,0
0,,0,,,,0,1,0
0,,0,,,,0,1,0
0,,0,,,,0,1,0
0,,0,,,,0,1,0
0,,0,,,,0,1,0
0,,0,,,,0,1,0
0,,0,,,,0,1,0
0,,0,,,,0,1,0
0,,0,,,,0,1,0
0,,0,,,,0,1,0
0,,0,,,,0,1,0
0,,0,,,,0,1,0
0,,0,,,,0,1,0
0,,0,,,,0,1,0
0,,0,,,,0,1,0
0,,0,,,,0,1,0
0,,0,,,,0,1,0
0,,0,,,,0,1,0
0,,0,,,,0,1,0
0,,0,,,,0,1,0
0,,0,,,,0,1,0
0,,0,,,,0,1,0
0,,0,,,,0,1,0
0,,0,,,,0,1,0
0,,0,,,,0,1,0
0,,0,,,,0,1,0
0,,0,,,,0,1,0
0,,0,,,,0,1,0
0,,0,,,,0,1,0
0,,0,,,,0,1,0
0,,0,,,,0,1,0
0,,0,,,,0,1,0
0,,0,,,,0,1,0
0,,0,,,,0,1,0
0,,0,,,,0,1,0
0,,0,,,,0,1,0
0,,0,,,,0,1,0
0,,0,,,,0,1,0
0,,0,,,,0,1,0
0,,0,,,,0,1,0
0,,0,,,,0,1,0
0,,0,,,,0,1,0
0,,0,,,,0,1,0
0,,0,,,,0,1,0
0,,0,,,,0,1,0
0,,0,,,,0,1,0
0,,0,,,,0,1,0
0,,0,,,,0,1,0
0,,0,,,,0,1,0
0,,0,,,,0,1,0
0,,0,,,,0,1,0
0,,0,,,,0,1,0
0,,0,,,,0,1,0
0,,0,,,,0,1,0
0,,0,,,,0,1,0
0,,0,,,,0,1,0
0,,0,,,,0,1,0
0,,0,,,,0,1,0
0,,0,,,,0,1,0
0,,0,,,,0,1,0
0,,0,,,,0,1,0
0,,0,,,,0,1,0
0,,0,,,,0,1,0
0,,0,,,,0,1,0
0,,0,,,,0,1,0
0,,0,,,,0,1,0
0,,0,,,,0,1,0
0,,0,,,,0,1,0
0,,0,,,,0,1,0
0,,0,,,,0,1,0
0,,0,,,,0,1,0
0,,0,,,,0,1,0
0,,0,,,,0,1,0
0,,0,,,,0,1,0
0,,0,,,,0,1,0
0,,0,,,,0,1,0
0,,0,,,,0,1,0
0,,0,,,,0,1,0
0,,0,,,,0,1,0
0,,0,,,,0,1,0
0,,0,,,,0,1,0
0,,0,,,,0,1,0
0,,0,,,,0,1,0
0,,0,,,,0,1,0
0,,0,,,,0,1,0
0,,0,,,,0,1,0
0,,0,,,,0,1,0
0,,0,,,,0,1,0
0,,0,,,,0,1,0
0,,0,,,,0,1,0
0,,0,,,,0,1,0
0,,0,,,,0,1,0
0,,0,,,,0,1,0
0,,0,,,,0,1,0
0,,0,,,,0,1,0
0,,0,,,,0,1,0
0,,0,,,,0,1,0
0,,0,,,,0,1,0
0,,0,,,,0,1,0
0,,0,,,,0,1,0
0,,0,,,,0,1,0
0,,0,,,,0,1,0
0,,0,,,,0,1,0
0,,0,,,,0,1,0
0,,0,,,,0,1,0
0,,0,,,,0,1,0
0,,0,,,,0,1,0
0,,0,,,,0,1,0
0,,0,,,,0,1,0
0,,0,,,,0,1,0
0,,0,,,,0,1,0
0,,0,,,,0,1,0
0,,0,,,,0,1,0
0,,0,,,,0,1,0
0,,0,,,,0,1,0
0,,0,,,,0,1,0
0,,0,,,,0,1,0
0,,0,,,,0,1,0
0,,0,,,,0,1,0
0,,0,,,,0,1,0
0,,0,,,,0,1,0
0,,0,,,,0,1,0
0,,0,,,,0,1,0
0,,0,,,,0,1,0
0,,0,,,,0,1,0
0,,0,,,,0,1,0
0,,0,,,,0,1,0
0,,0,,,,0,1,0
0,,0,,,,0,1,0
0,,0,,,,0,1,0
0,,0,,,,0,1,0
0,,0,,,,0,1,0
0,,0,,,,0,1,0
0,,0,,,,0,1,0
0,,0,,,,0,1,0
0,,0,,,,0,1,0
0,,0,,,,0,1,0
0,,0,,,,0,1,0
0,,0,,,,0,1,0
0,,0,,,,0,1,0
0,,0,,,,0,1,0
0,,0,,,,0,1,0
0,,0,,,,0,1,0
0,,0,,,,0,1,0
0,,0,,,,0,1,0
0,,0,,,,0,1,0
0,,0,,,,0,1,0
0,,0,,,,0,1,0
0,,0,,,,0,1,0
0,,0,,,,0,1,0
0,,0,,,,0,1,0
0,,0,,,,0,1,0
0,,0,,,,0,1,0
0,,0,,,,0,1,0
0,,0,,,,0,1,0
0,,0,,,,0,1,0
0,,0,,,,0,1,0
0,,0,,,,0,1,0
0,,0,,,,0,1,0
0,,0,,,,0,1,0
0,,0,,,,0,1,0
0,,0,,,,0,1,0
0,,0,,,,0,1,0
0,,0,,,,0,1,0
0,,0,,,,0,1,0
0,,0,,,,0,1,0
0,,0,,,,0,1,0
0,,0,,,,0,1,0
0,,0,,,,0,1,0
0,,0,,,,0,1,0
0,,0,,,,0,1,0
0,,0,,,,0,1,0
0,,0,,,,0,1,0
0,,0,,,,0,1,0
0,,0,,,,0,1,0
0,,0,,,,0,1,0
0,,0,,,,0,1,0
0,,0,,,,0,1,0
0,,0,,,,0,1,0
0,,0,,,,0,1,0
0,,0,,,,0,1,0
0,,0,,,,0,1,0
0,,0,,,,0,1,0
0,,0,,,,0,1,0
0,,0,,,,0,1,0
0,,0,,,,0,1,0
0,,0,,,,0,1,0
0,,0,,,,0,1,0
0,,0,,,,0,1,0
0,,0,,,,0,1,0
0,,0,,,,0,1,0
0,,0,,,,0,1,0
0,,0,,,,0,1,0
0,,0,,,,0,1,0
0,,0,,,,0,1,0
0,,0,,,,0,1,0
0,,0,,,,0,1,0
0,,0,,,,0,1,0
0,,0,,,,0,1,0
0,,0,,,,0,1,0
0,,0,,,,0,1,0
0,,0,,,,0,1,0
0,,0,,,,0,1,0
0,,0,,,,0,1,0
0,,0,,,,0,1,0
0,,0,,,,0,1,0
0,,0,,,,0,1,0
0,,0,,,,0,1,0
0,,0,,,,0,1,0
0,,0,,,,0,1,0
0,,0,,,,0,1,0
0,,0,,,,0,1,0
0,,0,,,,0,1,0
0,,0,,,,0,1,0
0,,0,,,,0,1,0
0,,0,,,,0,1,0
0,,0,,,,0,1,0
0,,0,,,,0,1,0
0,,0,,,,0,1,0
0,,0,,,,0,1,0
0,,0,,,,0,1,0
0,,0,,,,0,1,0
0,,0,,,,0,1,0
0,,0,,,,0,1,0
0,,0,,,,0,1,0
0,,0,,,,0,1,0
0,,0,,,,0,1,0
0,,0,,,,0,1,0
0,,0,,,,0,1,0
0,,0,,,,0,1,0
0,,0,,,,0,1,0
0,,0,,,,0,1,0
0,,0,,,,0,1,0
0,,0,,,,0,1,0
0,,0,,,,0,1,0
0,,0,,,,0,1,0
0,,0,,,,0,1,0
0,,0,,,,0,1,0
0,,0,,,,0,1,0
0,,0,,,,0,1,0
0,,0,,,,0,1,0
0,,0,,,,0,1,0
0,,0,,,,0,1,0
0,,0,,,,0,1,0
0,,0,,,,0,1,0
0,,0,,,,0,1,0
0,,0,,,,0,1,0
0,,0,,,,0,1,0
0,,0,,,,0,1,0
0,,0,,,,0,1,0
0,,0,,,,0,1,0
0,,0,,,,0,1,0
0,,0,,,,0,1,0
0,,0,,,,0,1,0
0,,0,,,,0,1,0
0,,0,,,,0,1,0
0,,0,,,,0,1,0
0,,0,,,,0,1,0
0,,0,,,,0,1,0
0,,0,,,,0,1,0
0,,0,,,,0,1,0
0,,0,,,,0,1,0
0,,0,,,,0,1,0
0,,0,,,,0,1,0
0,,0,,,,0,1,0
0,,0,,,,0,1,0
0,,0,,,,0,1,0
0,,0,,,,0,1,0
0,,0,,,,0,1,0
0,,0,,,,0,1,0
0,,0,,,,0,1,0
0,,0,,,,0,1,0
0,,0,,,,0,1,0
0,,0,,,,0,1,0
0,,0,,,,0,1,0
0,,0,,,,0,1,0
0,,0,,,,0,1,0
0,,0,,,,0,1,0
0,,0,,,,0,1,0
0,,0,,,,0,1,0
0,,0,,,,0,1,0
0,,0,,,,0,1,0
0,,0,,,,0,1,0
0,,0,,,,0,1,0
0,,0,,,,0,1,0
0,,0,,,,0,1,0
0,,0,,,,0,1,0
0,,0,,,,0,1,0
0,,0,,,,0,1,0
0,,0,,,,0,1,0
0,,0,,,,0,1,0
0,,0,,,,0,1,0
0,,0,,,,0,1,0
0,,0,,,,0,1,0
0,,0,,,,0,1,0
0,,0,,,,0,1,0
0,,0,,,,0,1,0
0,,0,,,,0,1,0
0,,0,,,,0,1,0
0,,0,,,,0,1,0
0,,0,,,,0,1,0
0,,0,,,,0,1,0
0,,0,,,,0,1,0
0,,0,,,,0,1,0
0,,0,,,,0,1,0
0,,0,,,,0,1,0
0,,0,,,,0,1,0
0,,0,,,,0,1,0
0,,0,,,,0,1,0
0,,0,,,,0,1,0
0,,0,,,,0,1,0
0,,0,,,,0,1,0
0,,0,,,,0,1,0
0,,0,,,,0,1,0
0,,0,,,,0,1,0
0,,0,,,,0,1,0
0,,0,,,,0,1,0
0,,0,,,,0,1,0
0,,0,,,,0,1,0
0,,0,,,,0,1,0
0,,0,,,,0,1,0
0,,0,,,,0,1,0
0,,0,,,,0,1,0
0,,0,,,,0,1,0
0,,0,,,,0,1,0
0,,0,,,,0,1,0
0,,0,,,,0,1,0
0,,0,,,,0,1,0
0,,0,,,,0,1,0
0,,0,,,,0,1,0
0,,0,,,,0,1,0
0,,0,,,,0,1,0
0,,0,,,,0,1,0
0,,0,,,,0,1,0
0,,0,,,,0,1,0
0,,0,,,,0,1,0
0,,0,,,,0,1,0
0,,0,,,,0,1,0
0,,0,,,,0,1,0
0,,0,,,,0,1,0
0,,0,,,,0,1,0
0,,0,,,,0,1,0
0,,0,,,,0,1,0
0,,0,,,,0,1,0
0,,0,,,,0,1,0
0,,0,,,,0,1,0
0,,0,,,,0,1,0
0,,0,,,,0,1,0
0,,0,,,,0,1,0
0,,0,,,,0,1,0
0,,0,,,,0,1,0
0,,0,,,,0,1,0
0,,0,,,,0,1,0
0,,0,,,,0,1,0
0,,0,,,,0,1,0
0,,0,,,,0,1,0
0,,0,,,,0,1,0
0,,0,,,,0,1,0
0,,0,,,,0,1,0
0,,0,,,,0,1,0
0,,0,,,,0,1,0
0,,0,,,,0,1,0
0,,0,,,,0,1,0
0,,0,,,,0,1,0
0,,0,,,,0,1,0
0,,0,,,,0,1,0
0,,0,,,,0,1,0
0,,0,,,,0,1,0
0,,0,,,,0,1,0
0,,0,,,,0,1,0
0,,0,,,,0,1,0
0,,0,,,,0,1,0
0,,0,,,,0,1,0
0,,0,,,,0,1,0
0,,0,,,,0,1,0
0,,0,,,,0,1,0
0,,0,,,,0,1,0
0,,0,,,,0,1,0
0,,0,,,,0,1,0
0,,0,,,,0,1,0
0,,0,,,,0,1,0
0,,0,,,,0,1,0
0,,0,,,,0,1,0
0,,0,,,,0,1,0
0,,0,,,,0,1,0
0,,0,,,,0,1,0
0,,0,,,,0,1,0
0,,0,,,,0,1,0
0,,0,,,,0,1,0
0,,0,,,,0,1,0
0,,0,,,,0,1,0
0,,0,,,,0,1,0
0,,0,,,,0,1,0
0,,0,,,,0,1,0
0,,0,,,,0,1,0
0,,0,,,,0,1,0
0,,0,,,,0,1,0
0,,0,,,,0,1,0
0,,0,,,,0,1,0
0,,0,,,,0,1,0
0,,0,,,,0,1,0
0,,0,,,,0,1,0
0,,0,,,,0,1,0
0,,0,,,,0,1,0
0,,0,,,,0,1,0
0,,0,,,,0,1,0
0,,0,,,,0,1,0
0,,0,,,,0,1,0
0,,0,,,,0,1,0
0,,0,,,,0,1,0
0,,0,,,,0,1,0
0,,0,,,,0,1,0
0,,0,,,,0,1,0
0,,0,,,,0,1,0
0,,0,,,,0,1,0
0,,0,,,,0,1,0
0,,0,,,,0,1,0
0,,0,,,,0,1,0
0,,0,,,,0,1,0
0,,0,,,,0,1,0
0,,0,,,,0,1,0
0,,0,,,,0,1,0
0,,0,,,,0,1,0
0,,0,,,,0,1,0
0,,0,,,,0,1,0
0,,0,,,,0,1,0
0,,0,,,,0,1,0
0,,0,,,,0,1,0
0,,0,,,,0,1,0
0,,0,,,,0,1,0
0,,0,,,,0,1,0
0,,0,,,,0,1,0
0,,0,,,,0,1,0
0,,0,,,,0,1,0
0,,0,,,,0,1,0
0,,0,,,,0,1,0
0,,0,,,,0,1,0
0,,0,,,,0,1,0
0,,0,,,,0,1,0
0,,0,,,,0,1,0
0,,0,,,,0,1,0
0,,0,,,,0,1,0
0,,0,,,,0,1,0
0,,0,,,,0,1,0
0,,0,,,,0,1,0
0,,0,,,,0,1,0
0,,0,,,,0,1,0
0,,0,,,,0,1,0
0,,0,,,,0,1,0
0,,0,,,,0,1,0
0,,0,,,,0,1,0
0,,0,,,,0,1,0
0,,0,,,,0,1,0
0,,0,,,,0,1,0
0,,0,,,,0,1,0
0,,0,,,,0,1,0
0,,0,,,,0,1,0
0,,0,,,,0,1,0
0,,0,,,,0,1,0
0,,0,,,,0,1,0
0,,0,,,,0,1,0
0,,0,,,,0,1,0
0,,0,,,,0,1,0
0,,0,,,,0,1,0
0,,0,,,,0,1,0
0,,0,,,,0,1,0
0,,0,,,,0,1,0
0,,0,,,,0,1,0
0,,0,,,,0,1,0
0,,0,,,,0,1,0
0,,0,,,,0,1,0
0,,0,,,,0,1,0
0,,0,,,,0,1,0
0,,0,,,,0,1,0
0,,0,,,,0,1,0
0,,0,,,,0,1,0
0,,0,,,,0,1,0
0,,0,,,,0,1,0
0,,0,,,,0,1,0
0,,0,,,,0,1,0
0,,0,,,,0,1,0
0,,0,,,,0,1,0
0,,0,,,,0,1,0
0,,0,,,,0,1,0
0,,0,,,,0,1,0
0,,0,,,,0,1,0
0,,0,,,,0,1,0
0,,0,,,,0,1,0
0,,0,,,,0,1,0
0,,0,,,,0,1,0
0,,0,,,,0,1,0
0,,0,,,,0,1,0
0,,0,,,,0,1,0
0,,0,,,,0,1,0
0,,0,,,,0,1,0
0,,0,,,,0,1,0
0,,0,,,,0,1,0
0,,0,,,,0,1,0
0,,0,,,,0,1,0
0,,0,,,,0,1,0
0,,0,,,,0,1,0
0,,0,,,,0,1,0
0,,0,,,,0,1,0
0,,0,,,,0,1,0
0,,0,,,,0,1,0
0,,0,,,,0,1,0
0,,0,,,,0,1,0
0,,0,,,,0,1,0
0,,0,,,,0,1,0
0,,0,,,,0,1,0
0,,0,,,,0,1,0
0,,0,,,,0,1,0
0,,0,,,,0,1,0
0,,0,,,,0,1,0
0,,0,,,,0,1,0
0,,0,,,,0,1,0
0,,0,,,,0,1,0
0,,0,,,,0,1,0
0,,0,,,,0,1,0
0,,0,,,,0,1,0
0,,0,,,,0,1,0
0,,0,,,,0,1,0
0,,0,,,,0,1,0
0,,0,,,,0,1,0
0,,0,,,,0,1,0
0,,0,,,,0,1,0
0,,0,,,,0,1,0
0,,0,,,,0,1,0
0,,0,,,,0,1,0
0,,0,,,,0,1,0
0,,0,,,,0,1,0
0,,0,,,,0,1,0
0,,0,,,,0,1,0
0,,0,,,,0,1,0
0,,0,,,,0,1,0
0,,0,,,,0,1,0
0,,0,,,,0,1,0
0,,0,,,,0,1,0
0,,0,,,,0,1,0
0,,0,,,,0,1,0
0,,0,,,,0,1,0
0,,0,,,,0,1,0
0,,0,,,,0,1,0
0,,0,,,,0,1,0
0,,0,,,,0,1,0
0,,0,,,,0,1,0
0,,0,,,,0,1,0
0,,0,,,,0,1,0
0,,0,,,,0,1,0
0,,0,,,,0,1,0
0,,0,,,,0,1,0
0,,0,,,,0,1,0
0,,0,,,,0,1,0
0,,0,,,,0,1,0
0,,0,,,,0,1,0
0,,0,,,,0,1,0
0,,0,,,,0,1,0
0,,0,,,,0,1,0
0,,0,,,,0,1,0
0,,0,,,,0,1,0
0,,0,,,,0,1,0
0,,0,,,,0,1,0
0,,0,,,,0,1,0
0,,0,,,,0,1,0
0,,0,,,,0,1,0
0,,0,,,,0,1,0
0,,0,,,,0,1,0
0,,0,,,,0,1,0
0,,0,,,,0,1,0
0,,0,,,,0,1,0
0,,0,,,,0,1,0
0,,0,,,,0,1,0
0,,0,,,,0,1,0
0,,0,,,,0,1,0
0,,0,,,,0,1,0
0,,0,,,,0,1,0
0,,0,,,,0,1,0
0,,0,,,,0,1,0
0,,0,,,,0,1,0
0,,0,,,,0,1,0
0,,0,,,,0,1,0
0,,0,,,,0,1,0
0,,0,,,,0,1,0
0,,0,,,,0,1,0
0,,0,,,,0,1,0
0,,0,,,,0,1,0
0,,0,,,,0,1,0
0,,0,,,,0,1,0
0,,0,,,,0,1,0
0,,0,,,,0,1,0
0,,0,,,,0,1,0
0,,0,,,,0,1,0
0,,0,,,,0,1,0
0,,0,,,,0,1,0
0,,0,,,,0,1,0
0,,0,,,,0,1,0
0,,0,,,,0,1,0
0,,0,,,,0,1,0
0,,0,,,,0,1,0
0,,0,,,,0,1,0
0,,0,,,,0,1,0
0,,0,,,,0,1,0
0,,0,,,,0,1,0
0,,0,,,,0,1,0
0,,0,,,,0,1,0
0,,0,,,,0,1,0
0,,0,,,,0,1,0
0,,0,,,,0,1,0
0,,0,,,,0,1,0
0,,0,,,,0,1,0
0,,0,,,,0,1,0
0,,0,,,,0,1,0
0,,0,,,,0,1,0
0,,0,,,,0,1,0
0,,0,,,,0,1,0
0,,0,,,,0,1,0
0,,0,,,,0,1,0
0,,0,,,,0,1,0
0,,0,,,,0,1,0
0,,0,,,,0,1,0
0,,0,,,,0,1,0
0,,0,,,,0,1,0
0,,0,,,,0,1,0
0,,0,,,,0,1,0
0,,0,,,,0,1,0
0,,0,,,,0,1,0
0,,0,,,,0,1,0
0,,0,,,,0,1,0
0,,0,,,,0,1,0
0,,0,,,,0,1,0
0,,0,,,,0,1,0
0,,0,,,,0,1,0
0,,0,,,,0,1,0
0,,0,,,,0,1,0
0,,0,,,,0,1,0
0,,0,,,,0,1,0
0,,0,,,,0,1,0
0,,0,,,,0,1,0
0,,0,,,,0,1,0
0,,0,,,,0,1,0
0,,0,,,,0,1,0
0,,0,,,,0,1,0
0,,0,,,,0,1,0
0,,0,,,,0,1,0
0,,0,,,,0,1,0
0,,0,,,,0,1,0
0,,0,,,,0,1,0
0,,0,,,,0,1,0
0,,0,,,,0,1,0
0,,0,,,,0,1,0
0,,0,,,,0,1,0
0,,0,,,,0,1,0
0,,0,,,,0,1,0
0,,0,,,,0,1,0
0,,0,,,,0,1,0
0,,0,,,,0,1,0
0,,0,,,,0,1,0
0,,0,,,,0,1,0
0,,0,,,,0,1,0
0,,0,,,,0,1,0
0,,0,,,,0,1,0
0,,0,,,,0,1,0
0,,0,,,,0,1,0
0,,0,,,,0,1,0
0,,0,,,,0,1,0
0,,0,,,,0,1,0
0,,0,,,,0,1,0
0,,0,,,,0,1,0
0,,0,,,,0,1,0
0,,0,,,,0,1,0
0,,0,,,,0,1,0
0,,0,,,,0,1,0
0,,0,,,,0,1,0
0,,0,,,,0,1,0
0,,0,,,,0,1,0
0,,0,,,,0,1,0
0,,0,,,,0,1,0
0,,0,,,,0,1,0
0,,0,,,,0,1,0
0,,0,,,,0,1,0
0,,0,,,,0,1,0
0,,0,,,,0,1,0
0,,0,,,,0,1,0
0,,0,,,,0,1,0
0,,0,,,,0,1,0
0,,0,,,,0,1,0
0,,0,,,,0,1,0
0,,0,,,,0,1,0
0,,0,,,,0,1,0
0,,0,,,,0,1,0
0,,0,,,,0,1,0
0,,0,,,,0,1,0
0,,0,,,,0,1,0
0,,0,,,,0,1,0
0,,0,,,,0,1,0
0,,0,,,,0,1,0
0,,0,,,,0,1,0
0,,0,,,,0,1,0
0,,0,,,,0,1,0
0,,0,,,,0,1,0
0,,0,,,,0,1,0
0,,0,,,,0,1,0
0,,0,,,,0,1,0
0,,0,,,,0,1,0
0,,0,,,,0,1,0
0,,0,,,,0,1,0
0,,0,,,,0,1,0
0,,0,,,,0,1,0
0,,0,,,,0,1,0
0,,0,,,,0,1,0
0,,0,,,,0,1,0
0,,0,,,,0,1,0
0,,0,,,,0,1,0
0,,0,,,,0,1,0
0,,0,,,,0,1,0
0,,0,,,,0,1,0
0,,0,,,,0,1,0
0,,0,,,,0,1,0
0,,0,,,,0,1,0
0,,0,,,,0,1,0
0,,0,,,,0,1,0
0,,0,,,,0,1,0
0,,0,,,,0,1,0
0,,0,,,,0,1,0
0,,0,,,,0,1,0
0,,0,,,,0,1,0
0,,0,,,,0,1,0
0,,0,,,,0,1,0
0,,0,,,,0,1,0
0,,0,,,,0,1,0
0,,0,,,,0,1,0
0,,0,,,,0,1,0
0,,0,,,,0,1,0
0,,0,,,,0,1,0
0,,0,,,,0,1,0
0,,0,,,,0,1,0
0,,0,,,,0,1,0
0,,0,,,,0,1,0
0,,0,,,,0,1,0
0,,0,,,,0,1,0
0,,0,,,,0,1,0
0,,0,,,,0,1,0
0,,0,,,,0,1,0
0,,0,,,,0,1,0
0,,0,,,,0,1,0
0,,0,,,,0,1,0
0,,0,,,,0,1,0
0,,0,,,,0,1,0
0,,0,,,,0,1,0
0,,0,,,,0,1,0
0,,0,,,,0,1,0
0,,0,,,,0,1,0
0,,0,,,,0,1,0
0,,0,,,,0,1,0
0,,0,,,,0,1,0
0,,0,,,,0,1,0
0,,0,,,,0,1,0
0,,0,,,,0,1,0
0,,0,,,,0,1,0
0,,0,,,,0,1,0
0,,0,,,,0,1,0
0,,0,,,,0,1,0
0,,0,,,,0,1,0
0,,0,,,,0,1,0
0,,0,,,,0,1,0
0,,0,,,,0,1,0
0,,0,,,,0,1,0
0,,0,,,,0,1,0
0,,0,,,,0,1,0
0,,0,,,,0,1,0
0,,0,,,,0,1,0
0,,0,,,,0,1,0
0,,0,,,,0,1,0
0,,0,,,,0,1,0
0,,0,,,,0,1,0
0,,0,,,,0,1,0
0,,0,,,,0,1,0
0,,0,,,,0,1,0
0,,0,,,,0,1,0
0,,0,,,,0,1,0
0,,0,,,,0,1,0
0,,0,,,,0,1,0
0,,0,,,,0,1,0
0,,0,,,,0,1,0
0,,0,,,,0,1,0
0,,0,,,,0,1,0
0,,0,,,,0,1,0
0,,0,,,,0,1,0
0,,0,,,,0,1,0
0,,0,,,,0,1,0
0,,0,,,,0,1,0
0,,0,,,,0,1,0
0,,0,,,,0,1,0
0,,0,,,,0,1,0
0,,0,,,,0,1,0
0,,0,,,,0,1,0
0,,0,,,,0,1,0
0,,0,,,,0,1,0
0,,0,,,,0,1,0
0,,0,,,,0,1,0
0,,0,,,,0,1,0
0,,0,,,,0,1,0
0,,0,,,,0,1,0
0,,0,,,,0,1,0
0,,0,,,,0,1,0
0,,0,,,,0,1,0
0,,0,,,,0,1,0
0,,0,,,,0,1,0
0,,0,,,,0,1,0
0,,0,,,,0,1,0
0,,0,,,,0,1,0
0,,0,,,,0,1,0
0,,0,,,,0,1,0
0,,0,,,,0,1,0
0,,0,,,,0,1,0
0,,0,,,,0,1,0
0,,0,,,,0,1,0
0,,0,,,,0,1,0
0,,0,,,,0,1,0
0,,0,,,,0,1,0
0,,0,,,,0,1,0
0,,0,,,,0,1,0
0,,0,,,,0,1,0
0,,0,,,,0,1,0
0,,0,,,,0,1,0
0,,0,,,,0,1,0
0,,0,,,,0,1,0
0,,0,,,,0,1,0
0,,0,,,,0,1,0
0,,0,,,,0,1,0
0,,0,,,,0,1,0
0,,0,,,,0,1,0
0,,0,,,,0,1,0
0,,0,,,,0,1,0
0,,0,,,,0,1,0
0,,0,,,,0,1,0
0,,0,,,,0,1,0
0,,0,,,,0,1,0
0,,0,,,,0,1,0
0,,0,,,,0,1,0
0,,0,,,,0,1,0
0,,0,,,,0,1,0
0,,0,,,,0,1,0
0,,0,,,,0,1,0
0,,0,,,,0,1,0
0,,0,,,,0,1,0
0,,0,,,,0,1,0
0,,0,,,,0,1,0
0,,0,,,,0,1,0
0,,0,,,,0,1,0
0,,0,,,,0,1,0
0,,0,,,,0,1,0
0,,0,,,,0,1,0
0,,0,,,,0,1,0
0,,0,,,,0,1,0
0,,0,,,,0,1,0
0,,0,,,,0,1,0
0,,0,,,,0,1,0
0,,0,,,,0,1,0
0,,0,,,,0,1,0
0,,0,,,,0,1,0
0,,0,,,,0,1,0
0,,0,,,,0,1,0
0,,0,,,,0,1,0
0,,0,,,,0,1,0
0,,0,,,,0,1,0
0,,0,,,,0,1,0
0,,0,,,,0,1,0
0,,0,,,,0,1,0
0,,0,,,,0,1,0
0,,0,,,,0,1,0
0,,0,,,,0,1,0
0,,0,,,,0,1,0
0,,0,,,,0,1,0
0,,0,,,,0,1,0
0,,0,,,,0,1,0
0,,0,,,,0,1,0
0,,0,,,,0,1,0
0,,0,,,,0,1,0
0,,0,,,,0,1,0
0,,0,,,,0,1,0
0,,0,,,,0,1,0
0,,0,,,,0,1,0
0,,0,,,,0,1,0
0,,0,,,,0,1,0
0,,0,,,,0,1,0
0,,0,,,,0,1,0
0,,0,,,,0,1,0
0,,0,,,,0,1,0
0,,0,,,,0,1,0
0,,0,,,,0,1,0
0,,0,,,,0,1,0
0,,0,,,,0,1,0
0,,0,,,,0,1,0
0,,0,,,,0,1,0
0,,0,,,,0,1,0
0,,0,,,,0,1,0
0,,0,,,,0,1,0
0,,0,,,,0,1,0
0,,0,,,,0,1,0
0,,0,,,,0,1,0
0,,0,,,,0,1,0
0,,0,,,,0,1,0
0,,0,,,,0,1,0
0,,0,,,,0,1,0
0,,0,,,,0,1,0
0,,0,,,,0,1,0
0,,0,,,,0,1,0
0,,0,,,,0,1,0
0,,0,,,,0,1,0
0,,0,,,,0,1,0
0,,0,,,,0,1,0
0,,0,,,,0,1,0
0,,0,,,,0,1,0
0,,0,,,,0,1,0
0,,0,,,,0,1,0
0,,0,,,,0,1,0
0,,0,,,,0,1,0
0,,0,,,,0,1,0
0,,0,,,,0,1,0
0,,0,,,,0,1,0
0,,0,,,,0,1,0
0,,0,,,,0,1,0
0,,0,,,,0,1,0
0,,0,,,,0,1,0
0,,0,,,,0,1,0
0,,0,,,,0,1,0
0,,0,,,,0,1,0
0,,0,,,,0,1,0
0,,0,,,,0,1,0
0,,0,,,,0,1,0
0,,0,,,,0,1,0
0,,0,,,,0,1,0
0,,0,,,,0,1,0
0,,0,,,,0,1,0
0,,0,,,,0,1,0
0,,0,,,,0,1,0
0,,0,,,,0,1,0
0,,0,,,,0,1,0
0,,0,,,,0,1,0
0,,0,,,,0,1,0
0,,0,,,,0,1,0
0,,0,,,,0,1,0
0,,0,,,,0,1,0
0,,0,,,,0,1,0
0,,0,,,,0,1,0
0,,0,,,,0,1,0
0,,0,,,,0,1,0
0,,0,,,,0,1,0
0,,0,,,,0,1,0
0,,0,,,,0,1,0
0,,0,,,,0,1,0
0,,0,,,,0,1,0
0,,0,,,,0,1,0
0,,0,,,,0,1,0
0,,0,,,,0,1,0
0,,0,,,,0,1,0
0,,0,,,,0,1,0
0,,0,,,,0,1,0
0,,0,,,,0,1,0
0,,0,,,,0,1,0
0,,0,,,,0,1,0
0,,0,,,,0,1,0
0,,0,,,,0,1,0
0,,0,,,,0,1,0
0,,0,,,,0,1,0
0,,0,,,,0,1,0
0,,0,,,,0,1,0
0,,0,,,,0,1,0
0,,0,,,,0,1,0
0,,0,,,,0,1,0
0,,0,,,,0,1,0
0,,0,,,,0,1,0
0,,0,,,,0,1,0
0,,0,,,,0,1,0
0,,0,,,,0,1,0
0,,0,,,,0,1,0
0,,0,,,,0,1,0
0,,0,,,,0,1,0
0,,0,,,,0,1,0
0,,0,,,,0,1,0
0,,0,,,,0,1,0
0,,0,,,,0,1,0
0,,0,,,,0,1,0
0,,0,,,,0,1,0
0,,0,,,,0,1,0
0,,0,,,,0,1,0
0,,0,,,,0,1,0
0,,0,,,,0,1,0
0,,0,,,,0,1,0
0,,0,,,,0,1,0
0,,0,,,,0,1,0
0,,0,,,,0,1,0
0,,0,,,,0,1,0
0,,0,,,,0,1,0
0,,0,,,,0,1,0
0,,0,,,,0,1,0
0,,0,,,,0,1,0
0,,0,,,,0,1,0
0,,0,,,,0,1,0
0,,0,,,,0,1,0
0,,0,,,,0,1,0
0,,0,,,,0,1,0
0,,0,,,,0,1,0
0,,0,,,,0,1,0
0,,0,,,,0,1,0
0,,0,,,,0,1,0
0,,0,,,,0,1,0
0,,0,,,,0,1,0
0,,0,,,,0,1,0
0,,0,,,,0,1,0
0,,0,,,,0,1,0
0,,0,,,,0,1,0
0,,0,,,,0,1,0
0,,0,,,,0,1,0
0,,0,,,,0,1,0
0,,0,,,,0,1,0
0,,0,,,,0,1,0
0,,0,,,,0,1,0
0,,0,,,,0,1,0
0,,0,,,,0,1,0
0,,0,,,,0,1,0
0,,0,,,,0,1,0
0,,0,,,,0,1,0
0,,0,,,,0,1,0
0,,0,,,,0,1,0
0,,0,,,,0,1,0
0,,0,,,,0,1,0
0,,0,,,,0,1,0
0,,0,,,,0,1,0
0,,0,,,,0,1,0
0,,0,,,,0,1,0
0,,0,,,,0,1,0
0,,0,,,,0,1,0
0,,0,,,,0,1,0
0,,0,,,,0,1,0
0,,0,,,,0,1,0
0,,0,,,,0,1,0
0,,0,,,,0,1,0
0,,0,,,,0,1,0
0,,0,,,,0,1,0
0,,0,,,,0,1,0
0,,0,,,,0,1,0
0,,0,,,,0,1,0
0,,0,,,,0,1,0
0,,0,,,,0,1,0
0,,0,,,,0,1,0
0,,0,,,,0,1,0
0,,0,,,,0,1,0
0,,0,,,,0,1,0
0,,0,,,,0,1,0
0,,0,,,,0,1,0
0,,0,,,,0,1,0
0,,0,,,,0,1,0
0,,0,,,,0,1,0
0,,0,,,,0,1,0
0,,0,,,,0,1,0
0,,0,,,,0,1,0
0,,0,,,,0,1,0
0,,0,,,,0,1,0
0,,0,,,,0,1,0
0,,0,,,,0,1,0
0,,0,,,,0,1,0
0,,0,,,,0,1,0
0,,0,,,,0,1,0
0,,0,,,,0,1,0
0,,0,,,,0,1,0
0,,0,,,,0,1,0
0,,0,,,,0,1,0
0,,0,,,,0,1,0
0,,0,,,,0,1,0
0,,0,,,,0,1,0
0,,0,,,,0,1,0
0,,0,,,,0,1,0
0,,0,,,,0,1,0
0,,0,,,,0,1,0
0,,0,,,,0,1,0
0,,0,,,,0,1,0
0,,0,,,,0,1,0
0,,0,,,,0,1,0
0,,0,,,,0,1,0
0,,0,,,,0,1,0
0,,0,,,,0,1,0
0,,0,,,,0,1,0
0,,0,,,,0,1,0
0,,0,,,,0,1,0
0,,0,,,,0,1,0
0,,0,,,,0,1,0
0,,0,,,,0,1,0
0,,0,,,,0,1,0
0,,0,,,,0,1,0
0,,0,,,,0,1,0
0,,0,,,,0,1,0
0,,0,,,,0,1,0
0,,0,,,,0,1,0
0,,0,,,,0,1,0
0,,0,,,,0,1,0
0,,0,,,,0,1,0
0,,0,,,,0,1,0
0,,0,,,,0,1,0
0,,0,,,,0,1,0
0,,0,,,,0,1,0
0,,0,,,,0,1,0
0,,0,,,,0,1,0
0,,0,,,,0,1,0
0,,0,,,,0,1,0
0,,0,,,,0,1,0
0,,0,,,,0,1,0
0,,0,,,,0,1,0
0,,0,,,,0,1,0
0,,0,,,,0,1,0
0,,0,,,,0,1,0
0,,0,,,,0,1,0
0,,0,,,,0,1,0
0,,0,,,,0,1,0
0,,0,,,,0,1,0
0,,0,,,,0,1,0
0,,0,,,,0,1,0
0,,0,,,,0,1,0
0,,0,,,,0,1,0
0,,0,,,,0,1,0
0,,0,,,,0,1,0
0,,0,,,,0,1,0
0,,0,,,,0,1,0
0,,0,,,,0,1,0
0,,0,,,,0,1,0
0,,0,,,,0,1,0
0,,0,,,,0,1,0
0,,0,,,,0,1,0
0,,0,,,,0,1,0
0,,0,,,,0,1,0
0,,0,,,,0,1,0
0,,0,,,,0,1,0
0,,0,,,,0,1,0
0,,0,,,,0,1,0
0,,0,,,,0,1,0
0,,0,,,,0,1,0
0,,0,,,,0,1,0
0,,0,,,,0,1,0
0,,0,,,,0,1,0
0,,0,,,,0,1,0
0,,0,,,,0,1,0
0,,0,,,,0,1,0
0,,0,,,,0,1,0
0,,0,,,,0,1,0
0,,0,,,,0,1,0
0,,0,,,,0,1,0
0,,0,,,,0,1,0
0,,0,,,,0,1,0
0,,0,,,,0,1,0
0,,0,,,,0,1,0
0,,0,,,,0,1,0
0,,0,,,,0,1,0
0,,0,,,,0,1,0
0,,0,,,,0,1,0
0,,0,,,,0,1,0
0,,0,,,,0,1,0
0,,0,,,,0,1,0
0,,0,,,,0,1,0
0,,0,,,,0,1,0
0,,0,,,,0,1,0
0,,0,,,,0,1,0
0,,0,,,,0,1,0
0,,0,,,,0,1,0
0,,0,,,,0,1,0
0,,0,,,,0,1,0
0,,0,,,,0,1,0
0,,0,,,,0,1,0
0,,0,,,,0,1,0
0,,0,,,,0,1,0
0,,0,,,,0,1,0
0,,0,,,,0,1,0
0,,0,,,,0,1,0
0,,0,,,,0,1,0
0,,0,,,,0,1,0
0,,0,,,,0,1,0
0,,0,,,,0,1,0
0,,0,,,,0,1,0
0,,0,,,,0,1,0
0,,0,,,,0,1,0
0,,0,,,,0,1,0
0,,0,,,,0,1,0
0,,0,,,,0,1,0
0,,0,,,,0,1,0
0,,0,,,,0,1,0
0,,0,,,,0,1,0
0,,0,,,,0,1,0
0,,0,,,,0,1,0
0,,0,,,,0,1,0
0,,0,,,,0,1,0
0,,0,,,,0,1,0
0,,0,,,,0,1,0
0,,0,,,,0,1,0
0,,0,,,,0,1,0
0,,0,,,,0,1,0
0,,0,,,,0,1,0
0,,0,,,,0,1,0
0,,0,,,,0,1,0
0,,0,,,,0,1,0
0,,0,,,,0,1,0
0,,0,,,,0,1,0
0,,0,,,,0,1,0
0,,0,,,,0,1,0
0,,0,,,,0,1,0
0,,0,,,,0,1,0
0,,0,,,,0,1,0
0,,0,,,,0,1,0
0,,0,,,,0,1,0
0,,0,,,,0,1,0
0,,0,,,,0,1,0
0,,0,,,,0,1,0
0,,0,,,,0,1,0
0,,0,,,,0,1,0
0,,0,,,,0,1,0
0,,0,,,,0,1,0
0,,0,,,,0,1,0
0,,0,,,,0,1,0
0,,0,,,,0,1,0
0,,0,,,,0,1,0
0,,0,,,,0,1,0
0,,0,,,,0,1,0
0,,0,,,,0,1,0
0,,0,,,,0,1,0
0,,0,,,,0,1,0
0,,0,,,,0,1,0
0,,0,,,,0,1,0
0,,0,,,,0,1,0
0,,0,,,,0,1,0
0,,0,,,,0,1,0
0,,0,,,,0,1,0
0,,0,,,,0,1,0
0,,0,,,,0,1,0
0,,0,,,,0,1,0
0,,0,,,,0,1,0
0,,0,,,,0,1,0
0,,0,,,,0,1,0
0,,0,,,,0,1,0
0,,0,,,,0,1,0
0,,0,,,,0,1,0
0,,0,,,,0,1,0
0,,0,,,,0,1,0
0,,0,,,,0,1,0
0,,0,,,,0,1,0
0,,0,,,,0,1,0
0,,0,,,,0,1,0
0,,0,,,,0,1,0
0,,0,,,,0,1,0
0,,0,,,,0,1,0
0,,0,,,,0,1,0
0,,0,,,,0,1,0
0,,0,,,,0,1,0
0,,0,,,,0,1,0
0,,0,,,,0,1,0
0,,0,,,,0,1,0
0,,0,,,,0,1,0
0,,0,,,,0,1,0
0,,0,,,,0,1,0
0,,0,,,,0,1,0
0,,0,,,,0,1,0
0,,0,,,,0,1,0
0,,0,,,,0,1,0
0,,0,,,,0,1,0
0,,0,,,,0,1,0
0,,0,,,,0,1,0
0,,0,,,,0,1,0
0,,0,,,,0,1,0
0,,0,,,,0,1,0
0,,0,,,,0,1,0
0,,0,,,,0,1,0
0,,0,,,,0,1,0
0,,0,,,,0,1,0
0,,0,,,,0,1,0
0,,0,,,,0,1,0
0,,0,,,,0,1,0
0,,0,,,,0,1,0
0,,0,,,,0,1,0
0,,0,,,,0,1,0
0,,0,,,,0,1,0
0,,0,,,,0,1,0
0,,0,,,,0,1,0
0,,0,,,,0,1,0
0,,0,,,,0,1,0
0,,0,,,,0,1,0
0,,0,,,,0,1,0
0,,0,,,,0,1,0
0,,0,,,,0,1,0
0,,0,,,,0,1,0
0,,0,,,,0,1,0
0,,0,,,,0,1,0
0,,0,,,,0,1,0
0,,0,,,,0,1,0
0,,0,,,,0,1,0
0,,0,,,,0,1,0
0,,0,,,,0,1,0
0,,0,,,,0,1,0
0,,0,,,,0,1,0
0,,0,,,,0,1,0
0,,0,,,,0,1,0
0,,0,,,,0,1,0
0,,0,,,,0,1,0
0,,0,,,,0,1,0
0,,0,,,,0,1,0
0,,0,,,,0,1,0
0,,0,,,,0,1,0
0,,0,,,,0,1,0
0,,0,,,,0,1,0
0,,0,,,,0,1,0
0,,0,,,,0,1,0
0,,0,,,,0,1,0
0,,0,,,,0,1,0
0,,0,,,,0,1,0
0,,0,,,,0,1,0
0,,0,,,,0,1,0
0,,0,,,,0,1,0
0,,0,,,,0,1,0
0,,0,,,,0,1,0
0,,0,,,,0,1,0
0,,0,,,,0,1,0
0,,0,,,,0,1,0
0,,0,,,,0,1,0
0,,0,,,,0,1,0
0,,0,,,,0,1,0
0,,0,,,,0,1,0
0,,0,,,,0,1,0
0,,0,,,,0,1,0
0,,0,,,,0,1,0
0,,0,,,,0,1,0
0,,0,,,,0,1,0
0,,0,,,,0,1,0
0,,0,,,,0,1,0
0,,0,,,,0,1,0
0,,0,,,,0,1,0
0,,0,,,,0,1,0
0,,0,,,,0,1,0
0,,0,,,,0,1,0
0,,0,,,,0,1,0
0,,0,,,,0,1,0
0,,0,,,,0,1,0
0,,0,,,,0,1,0
0,,0,,,,0,1,0
0,,0,,,,0,1,0
0,,0,,,,0,1,0
0,,0,,,,0,1,0
0,,0,,,,0,1,0
0,,0,,,,0,1,0
0,,0,,,,0,1,0
0,,0,,,,0,1,0
0,,0,,,,0,1,0
0,,0,,,,0,1,0
0,,0,,,,0,1,0
0,,0,,,,0,1,0
0,,0,,,,0,1,0
0,,0,,,,0,1,0
0,,0,,,,0,1,0
0,,0,,,,0,1,0
0,,0,,,,0,1,0
0,,0,,,,0,1,0
0,,0,,,,0,1,0
0,,0,,,,0,1,0
0,,0,,,,0,1,0
0,,0,,,,0,1,0
0,,0,,,,0,1,0
0,,0,,,,0,1,0
0,,0,,,,0,1,0
0,,0,,,,0,1,0
0,,0,,,,0,1,0
0,,0,,,,0,1,0
0,,0,,,,0,1,0
0,,0,,,,0,1,0
0,,0,,,,0,1,0
0,,0,,,,0,1,0
0,,0,,,,0,1,0
0,,0,,,,0,1,0
0,,0,,,,0,1,0
0,,0,,,,0,1,0
0,,0,,,,0,1,0
0,,0,,,,0,1,0
0,,0,,,,0,1,0
0,,0,,,,0,1,0
0,,0,,,,0,1,0
0,,0,,,,0,1,0
0,,0,,,,0,1,0
0,,0,,,,0,1,0
0,,0,,,,0,1,0
0,,0,,,,0,1,0
0,,0,,,,0,1,0
0,,0,,,,0,1,0
0,,0,,,,0,1,0
0,,0,,,,0,1,0
0,,0,,,,0,1,0
0,,0,,,,0,1,0
0,,0,,,,0,1,0
0,,0,,,,0,1,0
0,,0,,,,0,1,0
0,,0,,,,0,1,0
0,,0,,,,0,1,0
0,,0,,,,0,1,0
0,,0,,,,0,1,0
0,,0,,,,0,1,0
0,,0,,,,0,1,0
0,,0,,,,0,1,0
0,,0,,,,0,1,0
0,,0,,,,0,1,0
0,,0,,,,0,1,0
0,,0,,,,0,1,0
0,,0,,,,0,1,0
0,,0,,,,0,1,0
0,,0,,,,0,1,0
0,,0,,,,0,1,0
0,,0,,,,0,1,0
0,,0,,,,0,1,0
0,,0,,,,0,1,0
0,,0,,,,0,1,0
0,,0,,,,0,1,0
0,,0,,,,0,1,0
0,,0,,,,0,1,0
0,,0,,,,0,1,0
0,,0,,,,0,1,0
0,,0,,,,0,1,0
0,,0,,,,0,1,0
0,,0,,,,0,1,0
0,,0,,,,0,1,0
0,,0,,,,0,1,0
0,,0,,,,0,1,0
0,,0,,,,0,1,0
0,,0,,,,0,1,0
0,,0,,,,0,1,0
0,,0,,,,0,1,0
0,,0,,,,0,1,0
0,,0,,,,0,1,0
0,,0,,,,0,1,0
0,,0,,,,0,1,0
0,,0,,,,0,1,0
0,,0,,,,0,1,0
0,,0,,,,0,1,0
0,,0,,,,0,1,0
0,,0,,,,0,1,0
0,,0,,,,0,1,0
0,,0,,,,0,1,0
0,,0,,,,0,1,0
0,,0,,,,0,1,0
0,,0,,,,0,1,0
0,,0,,,,0,1,0
0,,0,,,,0,1,0
0,,0,,,,0,1,0
0,,0,,,,0,1,0
0,,0,,,,0,1,0
0,,0,,,,0,1,0
0,,0,,,,0,1,0
0,,0,,,,0,1,0
0,,0,,,,0,1,0
0,,0,,,,0,1,0
0,,0,,,,0,1,0
0,,0,,,,0,1,0
0,,0,,,,0,1,0
0,,0,,,,0,1,0
0,,0,,,,0,1,0
0,,0,,,,0,1,0
0,,0,,,,0,1,0
0,,0,,,,0,1,0
0,,0,,,,0,1,0
0,,0,,,,0,1,0
0,,0,,,,0,1,0
0,,0,,,,0,1,0
0,,0,,,,0,1,0
0,,0,,,,0,1,0
0,,0,,,,0,1,0
0,,0,,,,0,1,0
0,,0,,,,0,1,0
0,,0,,,,0,1,0
0,,0,,,,0,1,0
0,,0,,,,0,1,0
0,,0,,,,0,1,0
0,,0,,,,0,1,0
0,,0,,,,0,1,0
0,,0,,,,0,1,0
0,,0,,,,0,1,0
0,,0,,,,0,1,0
0,,0,,,,0,1,0
0,,0,,,,0,1,0
0,,0,,,,0,1,0
0,,0,,,,0,1,0
0,,0,,,,0,1,0
0,,0,,,,0,1,0
0,,0,,,,0,1,0
0,,0,,,,0,1,0
0,,0,,,,0,1,0
0,,0,,,,0,1,0
0,,0,,,,0,1,0
0,,0,,,,0,1,0
0,,0,,,,0,1,0
0,,0,,,,0,1,0
0,,0,,,,0,1,0
0,,0,,,,0,1,0
0,,0,,,,0,1,0
0,,0,,,,0,1,0
0,,0,,,,0,1,0
0,,0,,,,0,1,0
0,,0,,,,0,1,0
0,,0,,,,0,1,0
0,,0,,,,0,1,0
0,,0,,,,0,1,0
0,,0,,,,0,1,0
0,,0,,,,0,1,0
0,,0,,,,0,1,0
0,,0,,,,0,1,0
0,,0,,,,0,1,0
0,,0,,,,0,1,0
0,,0,,,,0,1,0
0,,0,,,,0,1,0
0,,0,,,,0,1,0
0,,0,,,,0,1,0
0,,0,,,,0,1,0
0,,0,,,,0,1,0
0,,0,,,,0,1,0
0,,0,,,,0,1,0
0,,0,,,,0,1,0
0,,0,,,,0,1,0
0,,0,,,,0,1,0
0,,0,,,,0,1,0
0,,0,,,,0,1,0
0,,0,,,,0,1,0
0,,0,,,,0,1,0
0,,0,,,,0,1,0
0,,0,,,,0,1,0
0,,0,,,,0,1,0
0,,0,,,,0,1,0
0,,0,,,,0,1,0
0,,0,,,,0,1,0
0,,0,,,,0,1,0
0,,0,,,,0,1,0
0,,0,,,,0,1,0
0,,0,,,,0,1,0
0,,0,,,,0,1,0
0,,0,,,,0,1,0
0,,0,,,,0,1,0
0,,0,,,,0,1,0
0,,0,,,,0,1,0
0,,0,,,,0,1,0
0,,0,,,,0,1,0
0,,0,,,,0,1,0
0,,0,,,,0,1,0
0,,0,,,,0,1,0
0,,0,,,,0,1,0
0,,0,,,,0,1,0
0,,0,,,,0,1,0
0,,0,,,,0,1,0
0,,0,,,,0,1,0
0,,0,,,,0,1,0
0,,0,,,,0,1,0
0,,0,,,,0,1,0
0,,0,,,,0,1,0
0,,0,,,,0,1,0
0,,0,,,,0,1,0
0,,0,,,,0,1,0
0,,0,,,,0,1,0
0,,0,,,,0,1,0
0,,0,,,,0,1,0
0,,0,,,,0,1,0
0,,0,,,,0,1,0
0,,0,,,,0,1,0
0,,0,,,,0,1,0
0,,0,,,,0,1,0
0,,0,,,,0,1,0
0,,0,,,,0,1,0
0,,0,,,,0,1,0
0,,0,,,,0,1,0
0,,0,,,,0,1,0
0,,0,,,,0,1,0
0,,0,,,,0,1,0
0,,0,,,,0,1,0
0,,0,,,,0,1,0
0,,0,,,,0,1,0
0,,0,,,,0,1,0
0,,0,,,,0,1,0
0,,0,,,,0,1,0
0,,0,,,,0,1,0
0,,0,,,,0,1,0
0,,0,,,,0,1,0
0,,0,,,,0,1,0
0,,0,,,,0,1,0
0,,0,,,,0,1,0
0,,0,,,,0,1,0
0,,0,,,,0,1,0
0,,0,,,,0,1,0
0,,0,,,,0,1,0
0,,0,,,,0,1,0
0,,0,,,,0,1,0
0,,0,,,,0,1,0
0,,0,,,,0,1,0
0,,0,,,,0,1,0
0,,0,,,,0,1,0
0,,0,,,,0,1,0
0,,0,,,,0,1,0
0,,0,,,,0,1,0
0,,0,,,,0,1,0
0,,0,,,,0,1,0
0,,0,,,,0,1,0
0,,0,,,,0,1,0
0,,0,,,,0,1,0
0,,0,,,,0,1,0
0,,0,,,,0,1,0
0,,0,,,,0,1,0
0,,0,,,,0,1,0
0,,0,,,,0,1,0
0,,0,,,,0,1,0
0,,0,,,,0,1,0
0,,0,,,,0,1,0
0,,0,,,,0,1,0
0,,0,,,,0,1,0
0,,0,,,,0,1,0
0,,0,,,,0,1,0
0,,0,,,,0,1,0
0,,0,,,,0,1,0
0,,0,,,,0,1,0
0,,0,,,,0,1,0
0,,0,,,,0,1,0
0,,0,,,,0,1,0
0,,0,,,,0,1,0
0,,0,,,,0,1,0
0,,0,,,,0,1,0
0,,0,,,,0,1,0
0,,0,,,,0,1,0
0,,0,,,,0,1,0
0,,0,,,,0,1,0
0,,0,,,,0,1,0
0,,0,,,,0,1,0
0,,0,,,,0,1,0
0,,0,,,,0,1,0
0,,0,,,,0,1,0
0,,0,,,,0,1,0
0,,0,,,,0,1,0
0,,0,,,,0,1,0
0,,0,,,,0,1,0
0,,0,,,,0,1,0
0,,0,,,,0,1,0
0,,0,,,,0,1,0
0,,0,,,,0,1,0
0,,0,,,,0,1,0
0,,0,,,,0,1,0
0,,0,,,,0,1,0
0,,0,,,,0,1,0
0,,0,,,,0,1,0
0,,0,,,,0,1,0
0,,0,,,,0,1,0
0,,0,,,,0,1,0
0,,0,,,,0,1,0
0,,0,,,,0,1,0
0,,0,,,,0,1,0
0,,0,,,,0,1,0
0,,0,,,,0,1,0
0,,0,,,,0,1,0
0,,0,,,,0,1,0
0,,0,,,,0,1,0
0,,0,,,,0,1,0
0,,0,,,,0,1,0
0,,0,,,,0,1,0
0,,0,,,,0,1,0
0,,0,,,,0,1,0
0,,0,,,,0,1,0
0,,0,,,,0,1,0
0,,0,,,,0,1,0
0,,0,,,,0,1,0
0,,0,,,,0,1,0
0,,0,,,,0,1,0
0,,0,,,,0,1,0
0,,0,,,,0,1,0
0,,0,,,,0,1,0
0,,0,,,,0,1,0
0,,0,,,,0,1,0
0,,0,,,,0,1,0
0,,0,,,,0,1,0
0,,0,,,,0,1,0
0,,0,,,,0,1,0
0,,0,,,,0,1,0
0,,0,,,,0,1,0
0,,0,,,,0,1,0
0,,0,,,,0,1,0
0,,0,,,,0,1,0
0,,0,,,,0,1,0
0,,0,,,,0,1,0
0,,0,,,,0,1,0
0,,0,,,,0,1,0
0,,0,,,,0,1,0
0,,0,,,,0,1,0
0,,0,,,,0,1,0
0,,0,,,,0,1,0
0,,0,,,,0,1,0
0,,0,,,,0,1,0
0,,0,,,,0,1,0
0,,0,,,,0,1,0
0,,0,,,,0,1,0
0,,0,,,,0,1,0
0,,0,,,,0,1,0
0,,0,,,,0,1,0
0,,0,,,,0,1,0
0,,0,,,,0,1,0
0,,0,,,,0,1,0
0,,0,,,,0,1,0
0,,0,,,,0,1,0
0,,0,,,,0,1,0
0,,0,,,,0,1,0
0,,0,,,,0,1,0
0,,0,,,,0,1,0
0,,0,,,,0,1,0
0,,0,,,,0,1,0
0,,0,,,,0,1,0
0,,0,,,,0,1,0
0,,0,,,,0,1,0
0,,0,,,,0,1,0
0,,0,,,,0,1,0
0,,0,,,,0,1,0
0,,0,,,,0,1,0
0,,0,,,,0,1,0
0,,0,,,,0,1,0
0,,0,,,,0,1,0
0,,0,,,,0,1,0
0,,0,,,,0,1,0
0,,0,,,,0,1,0
0,,0,,,,0,1,0
0,,0,,,,0,1,0
0,,0,,,,0,1,0
0,,0,,,,0,1,0
0,,0,,,,0,1,0
0,,0,,,,0,1,0
0,,0,,,,0,1,0
0,,0,,,,0,1,0
0,,0,,,,0,1,0
0,,0,,,,0,1,0
0,,0,,,,0,1,0
0,,0,,,,0,1,0
0,,0,,,,0,1,0
0,,0,,,,0,1,0
0,,0,,,,0,1,0
0,,0,,,,0,1,0
0,,0,,,,0,1,0
0,,0,,,,0,1,0
0,,0,,,,0,1,0
0,,0,,,,0,1,0
0,,0,,,,0,1,0
0,,0,,,,0,1,0
0,,0,,,,0,1,0
0,,0,,,,0,1,0
0,,0,,,,0,1,0
0,,0,,,,0,1,0
0,,0,,,,0,1,0
0,,0,,,,0,1,0
0,,0,,,,0,1,0
0,,0,,,,0,1,0
0,,0,,,,0,1,0
0,,0,,,,0,1,0
0,,0,,,,0,1,0
0,,0,,,,0,1,0
0,,0,,,,0,1,0
0,,0,,,,0,1,0
0,,0,,,,0,1,0
0,,0,,,,0,1,0
0,,0,,,,0,1,0
0,,0,,,,0,1,0
0,,0,,,,0,1,0
0,,0,,,,0,1,0
0,,0,,,,0,1,0
0,,0,,,,0,1,0
0,,0,,,,0,1,0
0,,0,,,,0,1,0
0,,0,,,,0,1,0
0,,0,,,,0,1,0
0,,0,,,,0,1,0
0,,0,,,,0,1,0
0,,0,,,,0,1,0
0,,0,,,,0,1,0
0,,0,,,,0,1,0
0,,0,,,,0,1,0
0,,0,,,,0,1,0
0,,0,,,,0,1,0
0,,0,,,,0,1,0
0,,0,,,,0,1,0
0,,0,,,,0,1,0
0,,0,,,,0,1,0
0,,0,,,,0,1,0
0,,0,,,,0,1,0
0,,0,,,,0,1,0
0,,0,,,,0,1,0
0,,0,,,,0,1,0
0,,0,,,,0,1,0
0,,0,,,,0,1,0
0,,0,,,,0,1,0
0,,0,,,,0,1,0
0,,0,,,,0,1,0
0,,0,,,,0,1,0
0,,0,,,,0,1,0
0,,0,,,,0,1,0
0,,0,,,,0,1,0
0,,0,,,,0,1,0
0,,0,,,,0,1,0
0,,0,,,,0,1,0
0,,0,,,,0,1,0
0,,0,,,,0,1,0
0,,0,,,,0,1,0
0,,0,,,,0,1,0
0,,0,,,,0,1,0
0,,0,,,,0,1,0
0,,0,,,,0,1,0
0,,0,,,,0,1,0
0,,0,,,,0,1,0
0,,0,,,,0,1,0
0,,0,,,,0,1,0
0,,0,,,,0,1,0
0,,0,,,,0,1,0
0,,0,,,,0,1,0
0,,0,,,,0,1,0
0,,0,,,,0,1,0
0,,0,,,,0,1,0
0,,0,,,,0,1,0
0,,0,,,,0,1,0
0,,0,,,,0,1,0
0,,0,,,,0,1,0
0,,0,,,,0,1,0
0,,0,,,,0,1,0
0,,0,,,,0,1,0
0,,0,,,,0,1,0
0,,0,,,,0,1,0
0,,0,,,,0,1,0
0,,0,,,,0,1,0
0,,0,,,,0,1,0
0,,0,,,,0,1,0
0,,0,,,,0,1,0
0,,0,,,,0,1,0
0,,0,,,,0,1,0
0,,0,,,,0,1,0
0,,0,,,,0,1,0
0,,0,,,,0,1,0
0,,0,,,,0,1,0
0,,0,,,,0,1,0
0,,0,,,,0,1,0
0,,0,,,,0,1,0
0,,0,,,,0,1,0
0,,0,,,,0,1,0
0,,0,,,,0,1,0
0,,0,,,,0,1,0
0,,0,,,,0,1,0
0,,0,,,,0,1,0
0,,0,,,,0,1,0
0,,0,,,,0,1,0
0,,0,,,,0,1,0
0,,0,,,,0,1,0
0,,0,,,,0,1,0
0,,0,,,,0,1,0
0,,0,,,,0,1,0
0,,0,,,,0,1,0
0,,0,,,,0,1,0
0,,0,,,,0,1,0
0,,0,,,,0,1,0
0,,0,,,,0,1,0
0,,0,,,,0,1,0
0,,0,,,,0,1,0
0,,0,,,,0,1,0
0,,0,,,,0,1,0
0,,0,,,,0,1,0
0,,0,,,,0,1,0
0,,0,,,,0,1,0
0,,0,,,,0,1,0
0,,0,,,,0,1,0
0,,0,,,,0,1,0
0,,0,,,,0,1,0
0,,0,,,,0,1,0
0,,0,,,,0,1,0
0,,0,,,,0,1,0
0,,0,,,,0,1,0
0,,0,,,,0,1,0
0,,0,,,,0,1,0
0,,0,,,,0,1,0
0,,0,,,,0,1,0
0,,0,,,,0,1,0
0,,0,,,,0,1,0
0,,0,,,,0,1,0
0,,0,,,,0,1,0
0,,0,,,,0,1,0
0,,0,,,,0,1,0
0,,0,,,,0,1,0
0,,0,,,,0,1,0
0,,0,,,,0,1,0
0,,0,,,,0,1,0
0,,0,,,,0,1,0
0,,0,,,,0,1,0
0,,0,,,,0,1,0
0,,0,,,,0,1,0
0,,0,,,,0,1,0
0,,0,,,,0,1,0
0,,0,,,,0,1,0
0,,0,,,,0,1,0
0,,0,,,,0,1,0
0,,0,,,,0,1,0
0,,0,,,,0,1,0
0,,0,,,,0,1,0
0,,0,,,,0,1,0
0,,0,,,,0,1,0
0,,0,,,,0,1,0
0,,0,,,,0,1,0
0,,0,,,,0,1,0
0,,0,,,,0,1,0
0,,0,,,,0,1,0
0,,0,,,,0,1,0
0,,0,,,,0,1,0
0,,0,,,,0,1,0
0,,0,,,,0,1,0
0,,0,,,,0,1,0
0,,0,,,,0,1,0
0,,0,,,,0,1,0
0,,0,,,,0,1,0
0,,0,,,,0,1,0
0,,0,,,,0,1,0
0,,0,,,,0,1,0
0,,0,,,,0,1,0
0,,0,,,,0,1,0
0,,0,,,,0,1,0
0,,0,,,,0,1,0
0,,0,,,,0,1,0
0,,0,,,,0,1,0
0,,0,,,,0,1,0
0,,0,,,,0,1,0
0,,0,,,,0,1,0
0,,0,,,,0,1,0
0,,0,,,,0,1,0
0,,0,,,,0,1,0
0,,0,,,,0,1,0
0,,0,,,,0,1,0
0,,0,,,,0,1,0
0,,0,,,,0,1,0
0,,0,,,,0,1,0
0,,0,,,,0,1,0
0,,0,,,,0,1,0
0,,0,,,,0,1,0
0,,0,,,,0,1,0
0,,0,,,,0,1,0
0,,0,,,,0,1,0
0,,0,,,,0,1,0
0,,0,,,,0,1,0
0,,0,,,,0,1,0
0,,0,,,,0,1,0
0,,0,,,,0,1,0
0,,0,,,,0,1,0
0,,0,,,,0,1,0
0,,0,,,,0,1,0
0,,0,,,,0,1,0
0,,0,,,,0,1,0
0,,0,,,,0,1,0
0,,0,,,,0,1,0
0,,0,,,,0,1,0
0,,0,,,,0,1,0
0,,0,,,,0,1,0
0,,0,,,,0,1,0
0,,0,,,,0,1,0
0,,0,,,,0,1,0
0,,0,,,,0,1,0
0,,0,,,,0,1,0
0,,0,,,,0,1,0
0,,0,,,,0,1,0
0,,0,,,,0,1,0
0,,0,,,,0,1,0
0,,0,,,,0,1,0
0,,0,,,,0,1,0
0,,0,,,,0,1,0
0,,0,,,,0,1,0
0,,0,,,,0,1,0
0,,0,,,,0,1,0
0,,0,,,,0,1,0
0,,0,,,,0,1,0
0,,0,,,,0,1,0
0,,0,,,,0,1,0
0,,0,,,,0,1,0
0,,0,,,,0,1,0
0,,0,,,,0,1,0
0,,0,,,,0,1,0
0,,0,,,,0,1,0
0,,0,,,,0,1,0
0,,0,,,,0,1,0
0,,0,,,,0,1,0
0,,0,,,,0,1,0
0,,0,,,,0,1,0
0,,0,,,,0,1,0
0,,0,,,,0,1,0
0,,0,,,,0,1,0
0,,0,,,,0,1,0
0,,0,,,,0,1,0
0,,0,,,,0,1,0
0,,0,,,,0,1,0
0,,0,,,,0,1,0
0,,0,,,,0,1,0
0,,0,,,,0,1,0
0,,0,,,,0,1,0
0,,0,,,,0,1,0
0,,0,,,,0,1,0
0,,0,,,,0,1,0
0,,0,,,,0,1,0
0,,0,,,,0,1,0
0,,0,,,,0,1,0
0,,0,,,,0,1,0
0,,0,,,,0,1,0
0,,0,,,,0,1,0
0,,0,,,,0,1,0
0,,0,,,,0,1,0
0,,0,,,,0,1,0
0,,0,,,,0,1,0
0,,0,,,,0,1,0
0,,0,,,,0,1,0
0,,0,,,,0,1,0
0,,0,,,,0,1,0
0,,0,,,,0,1,0
0,,0,,,,0,1,0
0,,0,,,,0,1,0
0,,0,,,,0,1,0
0,,0,,,,0,1,0
0,,0,,,,0,1,0
0,,0,,,,0,1,0
0,,0,,,,0,1,0
0,,0,,,,0,1,0
0,,0,,,,0,1,0
0,,0,,,,0,1,0
0,,0,,,,0,1,0
0,,0,,,,0,1,0
0,,0,,,,0,1,0
0,,0,,,,0,1,0
0,,0,,,,0,1,0
0,,0,,,,0,1,0
0,,0,,,,0,1,0
0,,0,,,,0,1,0
0,,0,,,,0,1,0
0,,0,,,,0,1,0
0,,0,,,,0,1,0
0,,0,,,,0,1,0
0,,0,,,,0,1,0
0,,0,,,,0,1,0
0,,0,,,,0,1,0
0,,0,,,,0,1,0
0,,0,,,,0,1,0
0,,0,,,,0,1,0
0,,0,,,,0,1,0
0,,0,,,,0,1,0
0,,0,,,,0,1,0
0,,0,,,,0,1,0
0,,0,,,,0,1,0
0,,0,,,,0,1,0
0,,0,,,,0,1,0
0,,0,,,,0,1,0
0,,0,,,,0,1,0
0,,0,,,,0,1,0
0,,0,,,,0,1,0
0,,0,,,,0,1,0
0,,0,,,,0,1,0
0,,0,,,,0,1,0
0,,0,,,,0,1,0
0,,0,,,,0,1,0
0,,0,,,,0,1,0
0,,0,,,,0,1,0
0,,0,,,,0,1,0
0,,0,,,,0,1,0
0,,0,,,,0,1,0
0,,0,,,,0,1,0
0,,0,,,,0,1,0
0,,0,,,,0,1,0
0,,0,,,,0,1,0
0,,0,,,,0,1,0
0,,0,,,,0,1,0
0,,0,,,,0,1,0
0,,0,,,,0,1,0
0,,0,,,,0,1,0
0,,0,,,,0,1,0
0,,0,,,,0,1,0
0,,0,,,,0,1,0
0,,0,,,,0,1,0
0,,0,,,,0,1,0
0,,0,,,,0,1,0
0,,0,,,,0,1,0
0,,0,,,,0,1,0
0,,0,,,,0,1,0
0,,0,,,,0,1,0
0,,0,,,,0,1,0
0,,0,,,,0,1,0
0,,0,,,,0,1,0
0,,0,,,,0,1,0
0,,0,,,,0,1,0
0,,0,,,,0,1,0
0,,0,,,,0,1,0
0,,0,,,,0,1,0
0,,0,,,,0,1,0
0,,0,,,,0,1,0
0,,0,,,,0,1,0
0,,0,,,,0,1,0
0,,0,,,,0,1,0
0,,0,,,,0,1,0
0,,0,,,,0,1,0
0,,0,,,,0,1,0
0,,0,,,,0,1,0
0,,0,,,,0,1,0
0,,0,,,,0,1,0
0,,0,,,,0,1,0
0,,0,,,,0,1,0
0,,0,,,,0,1,0
0,,0,,,,0,1,0
0,,0,,,,0,1,0
0,,0,,,,0,1,0
0,,0,,,,0,1,0
0,,0,,,,0,1,0
0,,0,,,,0,1,0
0,,0,,,,0,1,0
0,,0,,,,0,1,0
0,,0,,,,0,1,0
0,,0,,,,0,1,0
0,,0,,,,0,1,0
0,,0,,,,0,1,0
0,,0,,,,0,1,0
0,,0,,,,0,1,0
0,,0,,,,0,1,0
0,,0,,,,0,1,0
0,,0,,,,0,1,0
0,,0,,,,0,1,0
0,,0,,,,0,1,0
0,,0,,,,0,1,0
0,,0,,,,0,1,0
0,,0,,,,0,1,0
0,,0,,,,0,1,0
0,,0,,,,0,1,0
0,,0,,,,0,1,0
0,,0,,,,0,1,0
0,,0,,,,0,1,0
0,,0,,,,0,1,0
0,,0,,,,0,1,0
0,,0,,,,0,1,0
0,,0,,,,0,1,0
0,,0,,,,0,1,0
0,,0,,,,0,1,0
0,,0,,,,0,1,0
0,,0,,,,0,1,0
0,,0,,,,0,1,0
0,,0,,,,0,1,0
0,,0,,,,0,1,0
0,,0,,,,0,1,0
0,,0,,,,0,1,0
0,,0,,,,0,1,0
0,,0,,,,0,1,0
0,,0,,,,0,1,0
0,,0,,,,0,1,0
0,,0,,,,0,1,0
0,,0,,,,0,1,0
0,,0,,,,0,1,0
0,,0,,,,0,1,0
0,,0,,,,0,1,0
0,,0,,,,0,1,0
0,,0,,,,0,1,0
0,,0,,,,0,1,0
0,,0,,,,0,1,0
0,,0,,,,0,1,0
0,,0,,,,0,1,0
0,,0,,,,0,1,0
0,,0,,,,0,1,0
0,,0,,,,0,1,0
0,,0,,,,0,1,0
0,,0,,,,0,1,0
0,,0,,,,0,1,0
0,,0,,,,0,1,0
0,,0,,,,0,1,0
0,,0,,,,0,1,0
0,,0,,,,0,1,0
0,,0,,,,0,1,0
0,,0,,,,0,1,0
0,,0,,,,0,1,0
0,,0,,,,0,1,0
0,,0,,,,0,1,0
0,,0,,,,0,1,0
0,,0,,,,0,1,0
0,,0,,,,0,1,0
0,,0,,,,0,1,0
0,,0,,,,0,1,0
0,,0,,,,0,1,0
0,,0,,,,0,1,0
0,,0,,,,0,1,0
0,,0,,,,0,1,0
0,,0,,,,0,1,0
0,,0,,,,0,1,0
0,,0,,,,0,1,0
0,,0,,,,0,1,0
0,,0,,,,0,1,0
0,,0,,,,0,1,0
0,,0,,,,0,1,0
0,,0,,,,0,1,0
0,,0,,,,0,1,0
0,,0,,,,0,1,0
0,,0,,,,0,1,0
0,,0,,,,0,1,0
0,,0,,,,0,1,0
0,,0,,,,0,1,0
0,,0,,,,0,1,0
0,,0,,,,0,1,0
0,,0,,,,0,1,0
0,,0,,,,0,1,0
0,,0,,,,0,1,0
0,,0,,,,0,1,0
0,,0,,,,0,1,0
0,,0,,,,0,1,0
0,,0,,,,0,1,0
0,,0,,,,0,1,0
0,,0,,,,0,1,0
0,,0,,,,0,1,0
0,,0,,,,0,1,0
0,,0,,,,0,1,0
0,,0,,,,0,1,0
0,,0,,,,0,1,0
0,,0,,,,0,1,0
0,,0,,,,0,1,0
0,,0,,,,0,1,0
0,,0,,,,0,1,0
0,,0,,,,0,1,0
0,,0,,,,0,1,0
0,,0,,,,0,1,0
0,,0,,,,0,1,0
0,,0,,,,0,1,0
0,,0,,,,0,1,0
0,,0,,,,0,1,0
0,,0,,,,0,1,0
0,,0,,,,0,1,0
0,,0,,,,0,1,0
0,,0,,,,0,1,0
0,,0,,,,0,1,0
0,,0,,,,0,1,0
0,,0,,,,0,1,0
0,,0,,,,0,1,0
0,,0,,,,0,1,0
0,,0,,,,0,1,0
0,,0,,,,0,1,0
0,,0,,,,0,1,0
0,,0,,,,0,1,0
0,,0,,,,0,1,0
0,,0,,,,0,1,0
0,,0,,,,0,1,0
0,,0,,,,0,1,0
0,,0,,,,0,1,0
0,,0,,,,0,1,0
0,,0,,,,0,1,0
0,,0,,,,0,1,0
0,,0,,,,0,1,0
0,,0,,,,0,1,0
0,,0,,,,0,1,0
0,,0,,,,0,1,0
0,,0,,,,0,1,0
0,,0,,,,0,1,0
0,,0,,,,0,1,0
0,,0,,,,0,1,0
0,,0,,,,0,1,0
0,,0,,,,0,1,0
0,,0,,,,0,1,0
0,,0,,,,0,1,0
0,,0,,,,0,1,0
0,,0,,,,0,1,0
0,,0,,,,0,1,0
0,,0,,,,0,1,0
0,,0,,,,0,1,0
0,,0,,,,0,1,0
0,,0,,,,0,1,0
0,,0,,,,0,1,0
0,,0,,,,0,1,0
0,,0,,,,0,1,0
0,,0,,,,0,1,0
0,,0,,,,0,1,0
0,,0,,,,0,1,0
0,,0,,,,0,1,0
0,,0,,,,0,1,0
0,,0,,,,0,1,0
0,,0,,,,0,1,0
0,,0,,,,0,1,0
0,,0,,,,0,1,0
0,,0,,,,0,1,0
0,,0,,,,0,1,0
0,,0,,,,0,1,0
0,,0,,,,0,1,0
0,,0,,,,0,1,0
0,,0,,,,0,1,0
0,,0,,,,0,1,0
0,,0,,,,0,1,0
0,,0,,,,0,1,0
0,,0,,,,0,1,0
0,,0,,,,0,1,0
0,,0,,,,0,1,0
0,,0,,,,0,1,0
0,,0,,,,0,1,0
0,,0,,,,0,1,0
0,,0,,,,0,1,0
0,,0,,,,0,1,0
0,,0,,,,0,1,0
0,,0,,,,0,1,0
0,,0,,,,0,1,0
0,,0,,,,0,1,0
0,,0,,,,0,1,0
0,,0,,,,0,1,0
0,,0,,,,0,1,0
0,,0,,,,0,1,0
0,,0,,,,0,1,0
0,,0,,,,0,1,0
0,,0,,,,0,1,0
0,,0,,,,0,1,0
0,,0,,,,0,1,0
0,,0,,,,0,1,0
0,,0,,,,0,1,0
0,,0,,,,0,1,0
0,,0,,,,0,1,0
0,,0,,,,0,1,0
0,,0,,,,0,1,0
0,,0,,,,0,1,0
0,,0,,,,0,1,0
0,,0,,,,0,1,0
0,,0,,,,0,1,0
0,,0,,,,0,1,0
0,,0,,,,0,1,0
0,,0,,,,0,1,0
0,,0,,,,0,1,0
0,,0,,,,0,1,0
0,,0,,,,0,1,0
0,,0,,,,0,1,0
0,,0,,,,0,1,0
0,,0,,,,0,1,0
0,,0,,,,0,1,0
0,,0,,,,0,1,0
0,,0,,,,0,1,0
0,,0,,,,0,1,0
0,,0,,,,0,1,0
0,,0,,,,0,1,0
0,,0,,,,0,1,0
0,,0,,,,0,1,0
0,,0,,,,0,1,0
0,,0,,,,0,1,0
0,,0,,,,0,1,0
0,,0,,,,0,1,0
0,,0,,,,0,1,0
0,,0,,,,0,1,0
0,,0,,,,0,1,0
0,,0,,,,0,1,0
0,,0,,,,0,1,0
0,,0,,,,0,1,0
0,,0,,,,0,1,0
0,,0,,,,0,1,0
0,,0,,,,0,1,0
0,,0,,,,0,1,0
0,,0,,,,0,1,0
0,,0,,,,0,1,0
0,,0,,,,0,1,0
0,,0,,,,0,1,0
0,,0,,,,0,1,0
0,,0,,,,0,1,0
0,,0,,,,0,1,0
0,,0,,,,0,1,0
0,,0,,,,0,1,0
0,,0,,,,0,1,0
0,,0,,,,0,1,0
0,,0,,,,0,1,0
0,,0,,,,0,1,0
0,,0,,,,0,1,0
0,,0,,,,0,1,0
0,,0,,,,0,1,0
0,,0,,,,0,1,0
0,,0,,,,0,1,0
0,,0,,,,0,1,0
0,,0,,,,0,1,0
0,,0,,,,0,1,0
0,,0,,,,0,1,0
0,,0,,,,0,1,0
0,,0,,,,0,1,0
0,,0,,,,0,1,0
0,,0,,,,0,1,0
0,,0,,,,0,1,0
0,,0,,,,0,1,0
0,,0,,,,0,1,0
0,,0,,,,0,1,0
0,,0,,,,0,1,0
0,,0,,,,0,1,0
0,,0,,,,0,1,0
0,,0,,,,0,1,0
0,,0,,,,0,1,0
0,,0,,,,0,1,0
0,,0,,,,0,1,0
0,,0,,,,0,1,0
0,,0,,,,0,1,0
0,,0,,,,0,1,0
0,,0,,,,0,1,0
0,,0,,,,0,1,0
0,,0,,,,0,1,0
0,,0,,,,0,1,0
0,,0,,,,0,1,0
0,,0,,,,0,1,0
0,,0,,,,0,1,0
0,,0,,,,0,1,0
0,,0,,,,0,1,0
0,,0,,,,0,1,0
0,,0,,,,0,1,0
0,,0,,,,0,1,0
0,,0,,,,0,1,0
0,,0,,,,0,1,0
0,,0,,,,0,1,0
0,,0,,,,0,1,0
0,,0,,,,0,1,0
0,,0,,,,0,1,0
0,,0,,,,0,1,0
0,,0,,,,0,1,0
0,,0,,,,0,1,0
0,,0,,,,0,1,0
0,,0,,,,0,1,0
0,,0,,,,0,1,0
0,,0,,,,0,1,0
0,,0,,,,0,1,0
0,,0,,,,0,1,0
0,,0,,,,0,1,0
0,,0,,,,0,1,0
0,,0,,,,0,1,0
0,,0,,,,0,1,0
0,,0,,,,0,1,0
0,,0,,,,0,1,0
0,,0,,,,0,1,0
0,,0,,,,0,1,0
0,,0,,,,0,1,0
0,,0,,,,0,1,0
0,,0,,,,0,1,0
0,,0,,,,0,1,0
0,,0,,,,0,1,0
0,,0,,,,0,1,0
0,,0,,,,0,1,0
0,,0,,,,0,1,0
0,,0,,,,0,1,0
0,,0,,,,0,1,0
0,,0,,,,0,1,0
0,,0,,,,0,1,0
0,,0,,,,0,1,0
0,,0,,,,0,1,0
0,,0,,,,0,1,0
0,,0,,,,0,1,0
0,,0,,,,0,1,0
0,,0,,,,0,1,0
0,,0,,,,0,1,0
0,,0,,,,0,1,0
0,,0,,,,0,1,0
0,,0,,,,0,1,0
0,,0,,,,0,1,0
0,,0,,,,0,1,0
0,,0,,,,0,1,0
0,,0,,,,0,1,0
0,,0,,,,0,1,0
0,,0,,,,0,1,0
0,,0,,,,0,1,0
0,,0,,,,0,1,0
0,,0,,,,0,1,0
0,,0,,,,0,1,0
0,,0,,,,0,1,0
0,,0,,,,0,1,0
0,,0,,,,0,1,0
0,,0,,,,0,1,0
0,,0,,,,0,1,0
0,,0,,,,0,1,0
0,,0,,,,0,1,0
0,,0,,,,0,1,0
0,,0,,,,0,1,0
0,,0,,,,0,1,0
0,,0,,,,0,1,0
0,,0,,,,0,1,0
0,,0,,,,0,1,0
0,,0,,,,0,1,0
0,,0,,,,0,1,0
0,,0,,,,0,1,0
0,,0,,,,0,1,0
0,,0,,,,0,1,0
0,,0,,,,0,1,0
0,,0,,,,0,1,0
0,,0,,,,0,1,0
0,,0,,,,0,1,0
0,,0,,,,0,1,0
0,,0,,,,0,1,0
0,,0,,,,0,1,0
0,,0,,,,0,1,0
0,,0,,,,0,1,0
0,,0,,,,0,1,0
0,,0,,,,0,1,0
0,,0,,,,0,1,0
0,,0,,,,0,1,0
0,,0,,,,0,1,0
0,,0,,,,0,1,0
0,,0,,,,0,1,0
0,,0,,,,0,1,0
0,,0,,,,0,1,0
0,,0,,,,0,1,0
0,,0,,,,0,1,0
0,,0,,,,0,1,0
0,,0,,,,0,1,0
0,,0,,,,0,1,0
0,,0,,,,0,1,0
0,,0,,,,0,1,0
0,,0,,,,0,1,0
0,,0,,,,0,1,0
0,,0,,,,0,1,0
0,,0,,,,0,1,0
0,,0,,,,0,1,0
0,,0,,,,0,1,0
0,,0,,,,0,1,0
0,,0,,,,0,1,0
0,,0,,,,0,1,0
0,,0,,,,0,1,0
0,,0,,,,0,1,0
0,,0,,,,0,1,0
0,,0,,,,0,1,0
0,,0,,,,0,1,0
0,,0,,,,0,1,0
0,,0,,,,0,1,0
0,,0,,,,0,1,0
0,,0,,,,0,1,0
0,,0,,,,0,1,0
0,,0,,,,0,1,0
0,,0,,,,0,1,0
0,,0,,,,0,1,0
0,,0,,,,0,1,0
0,,0,,,,0,1,0
0,,0,,,,0,1,0
0,,0,,,,0,1,0
0,,0,,,,0,1,0
0,,0,,,,0,1,0
0,,0,,,,0,1,0
0,,0,,,,0,1,0
0,,0,,,,0,1,0
0,,0,,,,0,1,0
0,,0,,,,0,1,0
0,,0,,,,0,1,0
0,,0,,,,0,1,0
0,,0,,,,0,1,0
0,,0,,,,0,1,0
0,,0,,,,0,1,0
0,,0,,,,0,1,0
0,,0,,,,0,1,0
0,,0,,,,0,1,0
0,,0,,,,0,1,0
0,,0,,,,0,1,0
0,,0,,,,0,1,0
0,,0,,,,0,1,0
0,,0,,,,0,1,0
0,,0,,,,0,1,0
0,,0,,,,0,1,0
0,,0,,,,0,1,0
0,,0,,,,0,1,0
0,,0,,,,0,1,0
0,,0,,,,0,1,0
0,,0,,,,0,1,0
0,,0,,,,0,1,0
0,,0,,,,0,1,0
0,,0,,,,0,1,0
0,,0,,,,0,1,0
0,,0,,,,0,1,0
0,,0,,,,0,1,0
0,,0,,,,0,1,0
0,,0,,,,0,1,0
0,,0,,,,0,1,0
0,,0,,,,0,1,0
0,,0,,,,0,1,0
0,,0,,,,0,1,0
0,,0,,,,0,1,0
0,,0,,,,0,1,0
0,,0,,,,0,1,0
0,,0,,,,0,1,0
0,,0,,,,0,1,0
0,,0,,,,0,1,0
0,,0,,,,0,1,0
0,,0,,,,0,1,0
0,,0,,,,0,1,0
0,,0,,,,0,1,0
0,,0,,,,0,1,0
0,,0,,,,0,1,0
0,,0,,,,0,1,0
0,,0,,,,0,1,0
0,,0,,,,0,1,0
0,,0,,,,0,1,0
0,,0,,,,0,1,0
0,,0,,,,0,1,0
0,,0,,,,0,1,0
0,,0,,,,0,1,0
0,,0,,,,0,1,0
0,,0,,,,0,1,0
0,,0,,,,0,1,0
0,,0,,,,0,1,0
0,,0,,,,0,1,0
0,,0,,,,0,1,0
0,,0,,,,0,1,0
0,,0,,,,0,1,0
0,,0,,,,0,1,0
0,,0,,,,0,1,0
0,,0,,,,0,1,0
0,,0,,,,0,1,0
0,,0,,,,0,1,0
0,,0,,,,0,1,0
0,,0,,,,0,1,0
0,,0,,,,0,1,0
0,,0,,,,0,1,0
0,,0,,,,0,1,0
0,,0,,,,0,1,0
0,,0,,,,0,1,0
0,,0,,,,0,1,0
0,,0,,,,0,1,0
0,,0,,,,0,1,0
0,,0,,,,0,1,0
0,,0,,,,0,1,0
0,,0,,,,0,1,0
0,,0,,,,0,1,0
0,,0,,,,0,1,0
0,,0,,,,0,1,0
0,,0,,,,0,1,0
0,,0,,,,0,1,0
0,,0,,,,0,1,0
0,,0,,,,0,1,0
0,,0,,,,0,1,0
0,,0,,,,0,1,0
0,,0,,,,0,1,0
0,,0,,,,0,1,0
0,,0,,,,0,1,0
0,,0,,,,0,1,0
0,,0,,,,0,1,0
0,,0,,,,0,1,0
0,,0,,,,0,1,0
0,,0,,,,0,1,0
0,,0,,,,0,1,0
0,,0,,,,0,1,0
0,,0,,,,0,1,0
0,,0,,,,0,1,0
0,,0,,,,0,1,0
0,,0,,,,0,1,0
0,,0,,,,0,1,0
0,,0,,,,0,1,0
0,,0,,,,0,1,0
0,,0,,,,0,1,0
0,,0,,,,0,1,0
0,,0,,,,0,1,0
0,,0,,,,0,1,0
0,,0,,,,0,1,0
0,,0,,,,0,1,0
0,,0,,,,0,1,0
0,,0,,,,0,1,0
0,,0,,,,0,1,0
0,,0,,,,0,1,0
0,,0,,,,0,1,0
0,,0,,,,0,1,0
0,,0,,,,0,1,0
0,,0,,,,0,1,0
0,,0,,,,0,1,0
0,,0,,,,0,1,0
0,,0,,,,0,1,0
0,,0,,,,0,1,0
0,,0,,,,0,1,0
0,,0,,,,0,1,0
0,,0,,,,0,1,0
0,,0,,,,0,1,0
0,,0,,,,0,1,0
0,,0,,,,0,1,0
0,,0,,,,0,1,0
0,,0,,,,0,1,0
0,,0,,,,0,1,0
0,,0,,,,0,1,0
0,,0,,,,0,1,0
0,,0,,,,0,1,0
0,,0,,,,0,1,0
0,,0,,,,0,1,0
0,,0,,,,0,1,0
0,,0,,,,0,1,0
0,,0,,,,0,1,0
0,,0,,,,0,1,0
0,,0,,,,0,1,0
0,,0,,,,0,1,0
0,,0,,,,0,1,0
0,,0,,,,0,1,0
0,,0,,,,0,1,0
0,,0,,,,0,1,0
0,,0,,,,0,1,0
0,,0,,,,0,1,0
0,,0,,,,0,1,0
0,,0,,,,0,1,0
0,,0,,,,0,1,0
0,,0,,,,0,1,0
0,,0,,,,0,1,0
0,,0,,,,0,1,0
0,,0,,,,0,1,0
0,,0,,,,0,1,0
0,,0,,,,0,1,0
0,,0,,,,0,1,0
0,,0,,,,0,1,0
0,,0,,,,0,1,0
0,,0,,,,0,1,0
0,,0,,,,0,1,0
0,,0,,,,0,1,0
0,,0,,,,0,1,0
0,,0,,,,0,1,0
0,,0,,,,0,1,0
0,,0,,,,0,1,0
0,,0,,,,0,1,0
0,,0,,,,0,1,0
0,,0,,,,0,1,0
0,,0,,,,0,1,0
0,,0,,,,0,1,0
0,,0,,,,0,1,0
0,,0,,,,0,1,0
0,,0,,,,0,1,0
0,,0,,,,0,1,0
0,,0,,,,0,1,0
0,,0,,,,0,1,0
0,,0,,,,0,1,0
0,,0,,,,0,1,0
0,,0,,,,0,1,0
0,,0,,,,0,1,0
0,,0,,,,0,1,0
0,,0,,,,0,1,0
0,,0,,,,0,1,0
0,,0,,,,0,1,0
0,,0,,,,0,1,0
0,,0,,,,0,1,0
0,,0,,,,0,1,0
0,,0,,,,0,1,0
0,,0,,,,0,1,0
0,,0,,,,0,1,0
0,,0,,,,0,1,0
0,,0,,,,0,1,0
0,,0,,,,0,1,0
0,,0,,,,0,1,0
0,,0,,,,0,1,0
0,,0,,,,0,1,0
0,,0,,,,0,1,0
0,,0,,,,0,1,0
0,,0,,,,0,1,0
0,,0,,,,0,1,0
0,,0,,,,0,1,0
0,,0,,,,0,1,0
0,,0,,,,0,1,0
0,,0,,,,0,1,0
0,,0,,,,0,1,0
0,,0,,,,0,1,0
0,,0,,,,0,1,0
0,,0,,,,0,1,0
0,,0,,,,0,1,0
0,,0,,,,0,1,0
0,,0,,,,0,1,0
0,,0,,,,0,1,0
0,,0,,,,0,1,0
0,,0,,,,0,1,0
0,,0,,,,0,1,0
0,,0,,,,0,1,0
0,,0,,,,0,1,0
0,,0,,,,0,1,0
0,,0,,,,0,1,0
0,,0,,,,0,1,0
0,,0,,,,0,1,0
0,,0,,,,0,1,0
0,,0,,,,0,1,0
0,,0,,,,0,1,0
0,,0,,,,0,1,0
0,,0,,,,0,1,0
0,,0,,,,0,1,0
0,,0,,,,0,1,0
0,,0,,,,0,1,0
0,,0,,,,0,1,0
0,,0,,,,0,1,0
0,,0,,,,0,1,0
0,,0,,,,0,1,0
0,,0,,,,0,1,0
0,,0,,,,0,1,0
0,,0,,,,0,1,0
0,,0,,,,0,1,0
0,,0,,,,0,1,0
0,,0,,,,0,1,0
0,,0,,,,0,1,0
0,,0,,,,0,1,0
0,,0,,,,0,1,0
0,,0,,,,0,1,0
0,,0,,,,0,1,0
0,,0,,,,0,1,0
0,,0,,,,0,1,0
0,,0,,,,0,1,0
0,,0,,,,0,1,0
0,,0,,,,0,1,0
0,,0,,,,0,1,0
0,,0,,,,0,1,0
0,,0,,,,0,1,0
0,,0,,,,0,1,0
0,,0,,,,0,1,0
0,,0,,,,0,1,0
0,,0,,,,0,1,0
0,,0,,,,0,1,0
0,,0,,,,0,1,0
0,,0,,,,0,1,0
0,,0,,,,0,1,0
0,,0,,,,0,1,0
0,,0,,,,0,1,0
0,,0,,,,0,1,0
0,,0,,,,0,1,0
0,,0,,,,0,1,0
0,,0,,,,0,1,0
0,,0,,,,0,1,0
0,,0,,,,0,1,0
0,,0,,,,0,1,0
0,,0,,,,0,1,0
0,,0,,,,0,1,0
0,,0,,,,0,1,0
0,,0,,,,0,1,0
0,,0,,,,0,1,0
0,,0,,,,0,1,0
0,,0,,,,0,1,0
0,,0,,,,0,1,0
0,,0,,,,0,1,0
0,,0,,,,0,1,0
0,,0,,,,0,1,0
0,,0,,,,0,1,0
0,,0,,,,0,1,0
0,,0,,,,0,1,0
0,,0,,,,0,1,0
0,,0,,,,0,1,0
0,,0,,,,0,1,0
0,,0,,,,0,1,0
0,,0,,,,0,1,0
0,,0,,,,0,1,0
0,,0,,,,0,1,0
0,,0,,,,0,1,0
0,,0,,,,0,1,0
0,,0,,,,0,1,0
0,,0,,,,0,1,0
0,,0,,,,0,1,0
0,,0,,,,0,1,0
0,,0,,,,0,1,0
0,,0,,,,0,1,0
0,,0,,,,0,1,0
0,,0,,,,0,1,0
0,,0,,,,0,1,0
0,,0,,,,0,1,0
0,,0,,,,0,1,0
0,,0,,,,0,1,0
0,,0,,,,0,1,0
0,,0,,,,0,1,0
0,,0,,,,0,1,0
0,,0,,,,0,1,0
0,,0,,,,0,1,0
0,,0,,,,0,1,0
0,,0,,,,0,1,0
0,,0,,,,0,1,0
0,,0,,,,0,1,0
0,,0,,,,0,1,0
0,,0,,,,0,1,0
0,,0,,,,0,1,0
0,,0,,,,0,1,0
0,,0,,,,0,1,0
0,,0,,,,0,1,0
0,,0,,,,0,1,0
0,,0,,,,0,1,0
0,,0,,,,0,1,0
0,,0,,,,0,1,0
0,,0,,,,0,1,0
0,,0,,,,0,1,0
0,,0,,,,0,1,0
0,,0,,,,0,1,0
0,,0,,,,0,1,0
0,,0,,,,0,1,0
0,,0,,,,0,1,0
0,,0,,,,0,1,0
0,,0,,,,0,1,0
0,,0,,,,0,1,0
0,,0,,,,0,1,0
0,,0,,,,0,1,0
0,,0,,,,0,1,0
0,,0,,,,0,1,0
0,,0,,,,0,1,0
0,,0,,,,0,1,0
0,,0,,,,0,1,0
0,,0,,,,0,1,0
0,,0,,,,0,1,0
0,,0,,,,0,1,0
0,,0,,,,0,1,0
0,,0,,,,0,1,0
0,,0,,,,0,1,0
0,,0,,,,0,1,0
0,,0,,,,0,1,0
0,,0,,,,0,1,0
0,,0,,,,0,1,0
0,,0,,,,0,1,0
0,,0,,,,0,1,0
0,,0,,,,0,1,0
0,,0,,,,0,1,0
0,,0,,,,0,1,0
0,,0,,,,0,1,0
0,,0,,,,0,1,0
0,,0,,,,0,1,0
0,,0,,,,0,1,0
0,,0,,,,0,1,0
0,,0,,,,0,1,0
0,,0,,,,0,1,0
0,,0,,,,0,1,0
0,,0,,,,0,1,0
0,,0,,,,0,1,0
0,,0,,,,0,1,0
0,,0,,,,0,1,0
0,,0,,,,0,1,0
0,,0,,,,0,1,0
0,,0,,,,0,1,0
0,,0,,,,0,1,0
0,,0,,,,0,1,0
0,,0,,,,0,1,0
0,,0,,,,0,1,0
0,,0,,,,0,1,0
0,,0,,,,0,1,0
0,,0,,,,0,1,0
0,,0,,,,0,1,0
0,,0,,,,0,1,0
0,,0,,,,0,1,0
0,,0,,,,0,1,0
0,,0,,,,0,1,0
0,,0,,,,0,1,0
0,,0,,,,0,1,0
0,,0,,,,0,1,0
0,,0,,,,0,1,0
0,,0,,,,0,1,0
0,,0,,,,0,1,0
0,,0,,,,0,1,0
0,,0,,,,0,1,0
0,,0,,,,0,1,0
0,,0,,,,0,1,0
0,,0,,,,0,1,0
0,,0,,,,0,1,0
0,,0,,,,0,1,0
0,,0,,,,0,1,0
0,,0,,,,0,1,0
0,,0,,,,0,1,0
0,,0,,,,0,1,0
0,,0,,,,0,1,0
0,,0,,,,0,1,0
0,,0,,,,0,1,0
0,,0,,,,0,1,0
0,,0,,,,0,1,0
0,,0,,,,0,1,0
0,,0,,,,0,1,0
0,,0,,,,0,1,0
0,,0,,,,0,1,0
0,,0,,,,0,1,0
0,,0,,,,0,1,0
0,,0,,,,0,1,0
0,,0,,,,0,1,0
0,,0,,,,0,1,0
0,,0,,,,0,1,0
0,,0,,,,0,1,0
0,,0,,,,0,1,0
0,,0,,,,0,1,0
0,,0,,,,0,1,0
0,,0,,,,0,1,0
0,,0,,,,0,1,0
0,,0,,,,0,1,0
0,,0,,,,0,1,0
0,,0,,,,0,1,0
0,,0,,,,0,1,0
0,,0,,,,0,1,0
0,,0,,,,0,1,0
0,,0,,,,0,1,0
0,,0,,,,0,1,0
0,,0,,,,0,1,0
0,,0,,,,0,1,0
0,,0,,,,0,1,0
0,,0,,,,0,1,0
0,,0,,,,0,1,0
0,,0,,,,0,1,0
0,,0,,,,0,1,0
0,,0,,,,0,1,0
0,,0,,,,0,1,0
0,,0,,,,0,1,0
0,,0,,,,0,1,0
0,,0,,,,0,1,0
0,,0,,,,0,1,0
0,,0,,,,0,1,0
0,,0,,,,0,1,0
0,,0,,,,0,1,0
0,,0,,,,0,1,0
0,,0,,,,0,1,0
0,,0,,,,0,1,0
0,,0,,,,0,1,0
0,,0,,,,0,1,0
0,,0,,,,0,1,0
0,,0,,,,0,1,0
0,,0,,,,0,1,0
0,,0,,,,0,1,0
0,,0,,,,0,1,0
0,,0,,,,0,1,0
0,,0,,,,0,1,0
0,,0,,,,0,1,0
0,,0,,,,0,1,0
0,,0,,,,0,1,0
0,,0,,,,0,1,0
0,,0,,,,0,1,0
0,,0,,,,0,1,0
0,,0,,,,0,1,0
0,,0,,,,0,1,0
0,,0,,,,0,1,0
0,,0,,,,0,1,0
0,,0,,,,0,1,0
0,,0,,,,0,1,0
0,,0,,,,0,1,0
0,,0,,,,0,1,0
0,,0,,,,0,1,0
0,,0,,,,0,1,0
0,,0,,,,0,1,0
0,,0,,,,0,1,0
0,,0,,,,0,1,0
0,,0,,,,0,1,0
0,,0,,,,0,1,0
0,,0,,,,0,1,0
0,,0,,,,0,1,0
0,,0,,,,0,1,0
0,,0,,,,0,1,0
0,,0,,,,0,1,0
0,,0,,,,0,1,0
0,,0,,,,0,1,0
0,,0,,,,0,1,0
0,,0,,,,0,1,0
0,,0,,,,0,1,0
0,,0,,,,0,1,0
0,,0,,,,0,1,0
0,,0,,,,0,1,0
0,,0,,,,0,1,0
0,,0,,,,0,1,0
0,,0,,,,0,1,0
0,,0,,,,0,1,0
0,,0,,,,0,1,0
0,,0,,,,0,1,0
0,,0,,,,0,1,0
0,,0,,,,0,1,0
0,,0,,,,0,1,0
0,,0,,,,0,1,0
0,,0,,,,0,1,0
0,,0,,,,0,1,0
0,,0,,,,0,1,0
0,,0,,,,0,1,0
0,,0,,,,0,1,0
0,,0,,,,0,1,0
0,,0,,,,0,1,0
0,,0,,,,0,1,0
0,,0,,,,0,1,0
0,,0,,,,0,1,0
0,,0,,,,0,1,0
0,,0,,,,0,1,0
0,,0,,,,0,1,0
0,,0,,,,0,1,0
0,,0,,,,0,1,0
0,,0,,,,0,1,0
0,,0,,,,0,1,0
0,,0,,,,0,1,0
0,,0,,,,0,1,0
0,,0,,,,0,1,0
0,,0,,,,0,1,0
0,,0,,,,0,1,0
0,,0,,,,0,1,0
0,,0,,,,0,1,0
0,,0,,,,0,1,0
0,,0,,,,0,1,0
0,,0,,,,0,1,0
0,,0,,,,0,1,0
0,,0,,,,0,1,0
0,,0,,,,0,1,0
0,,0,,,,0,1,0
0,,0,,,,0,1,0
0,,0,,,,0,1,0
0,,0,,,,0,1,0
0,,0,,,,0,1,0
0,,0,,,,0,1,0
0,,0,,,,0,1,0
0,,0,,,,0,1,0
0,,0,,,,0,1,0
0,,0,,,,0,1,0
0,,0,,,,0,1,0
0,,0,,,,0,1,0
0,,0,,,,0,1,0
0,,0,,,,0,1,0
0,,0,,,,0,1,0
0,,0,,,,0,1,0
0,,0,,,,0,1,0
0,,0,,,,0,1,0
0,,0,,,,0,1,0
0,,0,,,,0,1,0
0,,0,,,,0,1,0
0,,0,,,,0,1,0
0,,0,,,,0,1,0
0,,0,,,,0,1,0
0,,0,,,,0,1,0
0,,0,,,,0,1,0
0,,0,,,,0,1,0
0,,0,,,,0,1,0
0,,0,,,,0,1,0
0,,0,,,,0,1,0
0,,0,,,,0,1,0
0,,0,,,,0,1,0
0,,0,,,,0,1,0
0,,0,,,,0,1,0
0,,0,,,,0,1,0
0,,0,,,,0,1,0
0,,0,,,,0,1,0
0,,0,,,,0,1,0
0,,0,,,,0,1,0
0,,0,,,,0,1,0
0,,0,,,,0,1,0
0,,0,,,,0,1,0
0,,0,,,,0,1,0
0,,0,,,,0,1,0
0,,0,,,,0,1,0
0,,0,,,,0,1,0
0,,0,,,,0,1,0
0,,0,,,,0,1,0
0,,0,,,,0,1,0
0,,0,,,,0,1,0
0,,0,,,,0,1,0
0,,0,,,,0,1,0
0,,0,,,,0,1,0
0,,0,,,,0,1,0
0,,0,,,,0,1,0
0,,0,,,,0,1,0
0,,0,,,,0,1,0
0,,0,,,,0,1,0
0,,0,,,,0,1,0
0,,0,,,,0,1,0
0,,0,,,,0,1,0
0,,0,,,,0,1,0
0,,0,,,,0,1,0
0,,0,,,,0,1,0
0,,0,,,,0,1,0
0,,0,,,,0,1,0
0,,0,,,,0,1,0
0,,0,,,,0,1,0
0,,0,,,,0,1,0
0,,0,,,,0,1,0
0,,0,,,,0,1,0
0,,0,,,,0,1,0
0,,0,,,,0,1,0
0,,0,,,,0,1,0
0,,0,,,,0,1,0
0,,0,,,,0,1,0
0,,0,,,,0,1,0
0,,0,,,,0,1,0
0,,0,,,,0,1,0
0,,0,,,,0,1,0
0,,0,,,,0,1,0
0,,0,,,,0,1,0
0,,0,,,,0,1,0
0,,0,,,,0,1,0
0,,0,,,,0,1,0
0,,0,,,,0,1,0
0,,0,,,,0,1,0
0,,0,,,,0,1,0
0,,0,,,,0,1,0
0,,0,,,,0,1,0
0,,0,,,,0,1,0
0,,0,,,,0,1,0
0,,0,,,,0,1,0
0,,0,,,,0,1,0
0,,0,,,,0,1,0
0,,0,,,,0,1,0
0,,0,,,,0,1,0
0,,0,,,,0,1,0
0,,0,,,,0,1,0
0,,0,,,,0,1,0
0,,0,,,,0,1,0
0,,0,,,,0,1,0
0,,0,,,,0,1,0
0,,0,,,,0,1,0
0,,0,,,,0,1,0
0,,0,,,,0,1,0
0,,0,,,,0,1,0
0,,0,,,,0,1,0
0,,0,,,,0,1,0
0,,0,,,,0,1,0
0,,0,,,,0,1,0
0,,0,,,,0,1,0
0,,0,,,,0,1,0
0,,0,,,,0,1,0
0,,0,,,,0,1,0
0,,0,,,,0,1,0
0,,0,,,,0,1,0
0,,0,,,,0,1,0
0,,0,,,,0,1,0
0,,0,,,,0,1,0
0,,0,,,,0,1,0
0,,0,,,,0,1,0
0,,0,,,,0,1,0
0,,0,,,,0,1,0
0,,0,,,,0,1,0
0,,0,,,,0,1,0
0,,0,,,,0,1,0
0,,0,,,,0,1,0
0,,0,,,,0,1,0
0,,0,,,,0,1,0
0,,0,,,,0,1,0
0,,0,,,,0,1,0
0,,0,,,,0,1,0
0,,0,,,,0,1,0
0,,0,,,,0,1,0
0,,0,,,,0,1,0
0,,0,,,,0,1,0
0,,0,,,,0,1,0
0,,0,,,,0,1,0
0,,0,,,,0,1,0
0,,0,,,,0,1,0
0,,0,,,,0,1,0
0,,0,,,,0,1,0
0,,0,,,,0,1,0
0,,0,,,,0,1,0
0,,0,,,,0,1,0
0,,0,,,,0,1,0
0,,0,,,,0,1,0
0,,0,,,,0,1,0
0,,0,,,,0,1,0
0,,0,,,,0,1,0
0,,0,,,,0,1,0
0,,0,,,,0,1,0
0,,0,,,,0,1,0
0,,0,,,,0,1,0
0,,0,,,,0,1,0
0,,0,,,,0,1,0
0,,0,,,,0,1,0
0,,0,,,,0,1,0
0,,0,,,,0,1,0
0,,0,,,,0,1,0
0,,0,,,,0,1,0
0,,0,,,,0,1,0
0,,0,,,,0,1,0
0,,0,,,,0,1,0
0,,0,,,,0,1,0
0,,0,,,,0,1,0
0,,0,,,,0,1,0
0,,0,,,,0,1,0
0,,0,,,,0,1,0
0,,0,,,,0,1,0
0,,0,,,,0,1,0
0,,0,,,,0,1,0
0,,0,,,,0,1,0
0,,0,,,,0,1,0
0,,0,,,,0,1,0
0,,0,,,,0,1,0
0,,0,,,,0,1,0
0,,0,,,,0,1,0
0,,0,,,,0,1,0
0,,0,,,,0,1,0
0,,0,,,,0,1,0
0,,0,,,,0,1,0
0,,0,,,,0,1,0
0,,0,,,,0,1,0
0,,0,,,,0,1,0
0,,0,,,,0,1,0
0,,0,,,,0,1,0
0,,0,,,,0,1,0
0,,0,,,,0,1,0
0,,0,,,,0,1,0
0,,0,,,,0,1,0
0,,0,,,,0,1,0
0,,0,,,,0,1,0
0,,0,,,,0,1,0
0,,0,,,,0,1,0
0,,0,,,,0,1,0
0,,0,,,,0,1,0
0,,0,,,,0,1,0
0,,0,,,,0,1,0
0,,0,,,,0,1,0
0,,0,,,,0,1,0
0,,0,,,,0,1,0
0,,0,,,,0,1,0
0,,0,,,,0,1,0
0,,0,,,,0,1,0
0,,0,,,,0,1,0
0,,0,,,,0,1,0
0,,0,,,,0,1,0
0,,0,,,,0,1,0
0,,0,,,,0,1,0
0,,0,,,,0,1,0
0,,0,,,,0,1,0
0,,0,,,,0,1,0
0,,0,,,,0,1,0
0,,0,,,,0,1,0
0,,0,,,,0,1,0
0,,0,,,,0,1,0
0,,0,,,,0,1,0
0,,0,,,,0,1,0
0,,0,,,,0,1,0
0,,0,,,,0,1,0
0,,0,,,,0,1,0
0,,0,,,,0,1,0
0,,0,,,,0,1,0
0,,0,,,,0,1,0
0,,0,,,,0,1,0
0,,0,,,,0,1,0
0,,0,,,,0,1,0
0,,0,,,,0,1,0
0,,0,,,,0,1,0
0,,0,,,,0,1,0
0,,0,,,,0,1,0
0,,0,,,,0,1,0
0,,0,,,,0,1,0
0,,0,,,,0,1,0
0,,0,,,,0,1,0
0,,0,,,,0,1,0
0,,0,,,,0,1,0
0,,0,,,,0,1,0
0,,0,,,,0,1,0
0,,0,,,,0,1,0
0,,0,,,,0,1,0
0,,0,,,,0,1,0
0,,0,,,,0,1,0
0,,0,,,,0,1,0
0,,0,,,,0,1,0
0,,0,,,,0,1,0
0,,0,,,,0,1,0
0,,0,,,,0,1,0
0,,0,,,,0,1,0
0,,0,,,,0,1,0
0,,0,,,,0,1,0
0,,0,,,,0,1,0
0,,0,,,,0,1,0
0,,0,,,,0,1,0
0,,0,,,,0,1,0
0,,0,,,,0,1,0
0,,0,,,,0,1,0
0,,0,,,,0,1,0
0,,0,,,,0,1,0
0,,0,,,,0,1,0
0,,0,,,,0,1,0
0,,0,,,,0,1,0
0,,0,,,,0,1,0
0,,0,,,,0,1,0
0,,0,,,,0,1,0
0,,0,,,,0,1,0
0,,0,,,,0,1,0
0,,0,,,,0,1,0
0,,0,,,,0,1,0
0,,0,,,,0,1,0
0,,0,,,,0,1,0
0,,0,,,,0,1,0
0,,0,,,,0,1,0
0,,0,,,,0,1,0
0,,0,,,,0,1,0
0,,0,,,,0,1,0
0,,0,,,,0,1,0
0,,0,,,,0,1,0
0,,0,,,,0,1,0
0,,0,,,,0,1,0
0,,0,,,,0,1,0
0,,0,,,,0,1,0
0,,0,,,,0,1,0
0,,0,,,,0,1,0
0,,0,,,,0,1,0
0,,0,,,,0,1,0
0,,0,,,,0,1,0
0,,0,,,,0,1,0
0,,0,,,,0,1,0
0,,0,,,,0,1,0
0,,0,,,,0,1,0
0,,0,,,,0,1,0
0,,0,,,,0,1,0
0,,0,,,,0,1,0
0,,0,,,,0,1,0
0,,0,,,,0,1,0
0,,0,,,,0,1,0
0,,0,,,,0,1,0
0,,0,,,,0,1,0
0,,0,,,,0,1,0
0,,0,,,,0,1,0
0,,0,,,,0,1,0
0,,0,,,,0,1,0
0,,0,,,,0,1,0
0,,0,,,,0,1,0
0,,0,,,,0,1,0
0,,0,,,,0,1,0
0,,0,,,,0,1,0
0,,0,,,,0,1,0
0,,0,,,,0,1,0
0,,0,,,,0,1,0
0,,0,,,,0,1,0
0,,0,,,,0,1,0
0,,0,,,,0,1,0
0,,0,,,,0,1,0
0,,0,,,,0,1,0
0,,0,,,,0,1,0
0,,0,,,,0,1,0
0,,0,,,,0,1,0
0,,0,,,,0,1,0
0,,0,,,,0,1,0
0,,0,,,,0,1,0
0,,0,,,,0,1,0
0,,0,,,,0,1,0
0,,0,,,,0,1,0
0,,0,,,,0,1,0
0,,0,,,,0,1,0
0,,0,,,,0,1,0
0,,0,,,,0,1,0
0,,0,,,,0,1,0
0,,0,,,,0,1,0
0,,0,,,,0,1,0
0,,0,,,,0,1,0
0,,0,,,,0,1,0
0,,0,,,,0,1,0
0,,0,,,,0,1,0
0,,0,,,,0,1,0
0,,0,,,,0,1,0
0,,0,,,,0,1,0
0,,0,,,,0,1,0
0,,0,,,,0,1,0
0,,0,,,,0,1,0
0,,0,,,,0,1,0
0,,0,,,,0,1,0
0,,0,,,,0,1,0
0,,0,,,,0,1,0
0,,0,,,,0,1,0
0,,0,,,,0,1,0
0,,0,,,,0,1,0
0,,0,,,,0,1,0
0,,0,,,,0,1,0
0,,0,,,,0,1,0
0,,0,,,,0,1,0
0,,0,,,,0,1,0
0,,0,,,,0,1,0
0,,0,,,,0,1,0
0,,0,,,,0,1,0
0,,0,,,,0,1,0
0,,0,,,,0,1,0
0,,0,,,,0,1,0
0,,0,,,,0,1,0
0,,0,,,,0,1,0
0,,0,,,,0,1,0
0,,0,,,,0,1,0
0,,0,,,,0,1,0
0,,0,,,,0,1,0
0,,0,,,,0,1,0
0,,0,,,,0,1,0
0,,0,,,,0,1,0
0,,0,,,,0,1,0
0,,0,,,,0,1,0
0,,0,,,,0,1,0
0,,0,,,,0,1,0
0,,0,,,,0,1,0
0,,0,,,,0,1,0
0,,0,,,,0,1,0
0,,0,,,,0,1,0
0,,0,,,,0,1,0
0,,0,,,,0,1,0
0,,0,,,,0,1,0
0,,0,,,,0,1,0
0,,0,,,,0,1,0
0,,0,,,,0,1,0
0,,0,,,,0,1,0
0,,0,,,,0,1,0
0,,0,,,,0,1,0
0,,0,,,,0,1,0
0,,0,,,,0,1,0
0,,0,,,,0,1,0
0,,0,,,,0,1,0
0,,0,,,,0,1,0
0,,0,,,,0,1,0
0,,0,,,,0,1,0
0,,0,,,,0,1,0
0,,0,,,,0,1,0
0,,0,,,,0,1,0
0,,0,,,,0,1,0
0,,0,,,,0,1,0
0,,0,,,,0,1,0
0,,0,,,,0,1,0
0,,0,,,,0,1,0
0,,0,,,,0,1,0
0,,0,,,,0,1,0
0,,0,,,,0,1,0
0,,0,,,,0,1,0
0,,0,,,,0,1,0
0,,0,,,,0,1,0
0,,0,,,,0,1,0
0,,0,,,,0,1,0
0,,0,,,,0,1,0
0,,0,,,,0,1,0
0,,0,,,,0,1,0
0,,0,,,,0,1,0
0,,0,,,,0,1,0
0,,0,,,,0,1,0
0,,0,,,,0,1,0
0,,0,,,,0,1,0
0,,0,,,,0,1,0
0,,0,,,,0,1,0
0,,0,,,,0,1,0
0,,0,,,,0,1,0
0,,0,,,,0,1,0
0,,0,,,,0,1,0
0,,0,,,,0,1,0
0,,0,,,,0,1,0
0,,0,,,,0,1,0
0,,0,,,,0,1,0
0,,0,,,,0,1,0
0,,0,,,,0,1,0
0,,0,,,,0,1,0
0,,0,,,,0,1,0
0,,0,,,,0,1,0
0,,0,,,,0,1,0
0,,0,,,,0,1,0
0,,0,,,,0,1,0
0,,0,,,,0,1,0
0,,0,,,,0,1,0
0,,0,,,,0,1,0
0,,0,,,,0,1,0
0,,0,,,,0,1,0
0,,0,,,,0,1,0
0,,0,,,,0,1,0
0,,0,,,,0,1,0
0,,0,,,,0,1,0
0,,0,,,,0,1,0
0,,0,,,,0,1,0
0,,0,,,,0,1,0
0,,0,,,,0,1,0
0,,0,,,,0,1,0
0,,0,,,,0,1,0
0,,0,,,,0,1,0
0,,0,,,,0,1,0
0,,0,,,,0,1,0
0,,0,,,,0,1,0
0,,0,,,,0,1,0
0,,0,,,,0,1,0
0,,0,,,,0,1,0
0,,0,,,,0,1,0
0,,0,,,,0,1,0
0,,0,,,,0,1,0
0,,0,,,,0,1,0
0,,0,,,,0,1,0
0,,0,,,,0,1,0
0,,0,,,,0,1,0
0,,0,,,,0,1,0
0,,0,,,,0,1,0
0,,0,,,,0,1,0
0,,0,,,,0,1,0
0,,0,,,,0,1,0
0,,0,,,,0,1,0
0,,0,,,,0,1,0
0,,0,,,,0,1,0
0,,0,,,,0,1,0
0,,0,,,,0,1,0
0,,0,,,,0,1,0
0,,0,,,,0,1,0
0,,0,,,,0,1,0
0,,0,,,,0,1,0
0,,0,,,,0,1,0
0,,0,,,,0,1,0
0,,0,,,,0,1,0
0,,0,,,,0,1,0
0,,0,,,,0,1,0
0,,0,,,,0,1,0
0,,0,,,,0,1,0
0,,0,,,,0,1,0
0,,0,,,,0,1,0
0,,0,,,,0,1,0
0,,0,,,,0,1,0
0,,0,,,,0,1,0
0,,0,,,,0,1,0
0,,0,,,,0,1,0
0,,0,,,,0,1,0
0,,0,,,,0,1,0
0,,0,,,,0,1,0
0,,0,,,,0,1,0
0,,0,,,,0,1,0
0,,0,,,,0,1,0
0,,0,,,,0,1,0
0,,0,,,,0,1,0
0,,0,,,,0,1,0
0,,0,,,,0,1,0
0,,0,,,,0,1,0
0,,0,,,,0,1,0
0,,0,,,,0,1,0
0,,0,,,,0,1,0
0,,0,,,,0,1,0
0,,0,,,,0,1,0
0,,0,,,,0,1,0
0,,0,,,,0,1,0
0,,0,,,,0,1,0
0,,0,,,,0,1,0
0,,0,,,,0,1,0
0,,0,,,,0,1,0
0,,0,,,,0,1,0
0,,0,,,,0,1,0
0,,0,,,,0,1,0
0,,0,,,,0,1,0
0,,0,,,,0,1,0
0,,0,,,,0,1,0
0,,0,,,,0,1,0
0,,0,,,,0,1,0
0,,0,,,,0,1,0
0,,0,,,,0,1,0
0,,0,,,,0,1,0
0,,0,,,,0,1,0
0,,0,,,,0,1,0
0,,0,,,,0,1,0
0,,0,,,,0,1,0
0,,0,,,,0,1,0
0,,0,,,,0,1,0
0,,0,,,,0,1,0
0,,0,,,,0,1,0
0,,0,,,,0,1,0
0,,0,,,,0,1,0
0,,0,,,,0,1,0
0,,0,,,,0,1,0
0,,0,,,,0,1,0
0,,0,,,,0,1,0
0,,0,,,,0,1,0
0,,0,,,,0,1,0
0,,0,,,,0,1,0
0,,0,,,,0,1,0
0,,0,,,,0,1,0
0,,0,,,,0,1,0
0,,0,,,,0,1,0
0,,0,,,,0,1,0
0,,0,,,,0,1,0
0,,0,,,,0,1,0
0,,0,,,,0,1,0
0,,0,,,,0,1,0
0,,0,,,,0,1,0
0,,0,,,,0,1,0
0,,0,,,,0,1,0
0,,0,,,,0,1,0
0,,0,,,,0,1,0
0,,0,,,,0,1,0
0,,0,,,,0,1,0
0,,0,,,,0,1,0
0,,0,,,,0,1,0
0,,0,,,,0,1,0
0,,0,,,,0,1,0
0,,0,,,,0,1,0
0,,0,,,,0,1,0
0,,0,,,,0,1,0
0,,0,,,,0,1,0
0,,0,,,,0,1,0
0,,0,,,,0,1,0
0,,0,,,,0,1,0
0,,0,,,,0,1,0
0,,0,,,,0,1,0
0,,0,,,,0,1,0
0,,0,,,,0,1,0
0,,0,,,,0,1,0
0,,0,,,,0,1,0
0,,0,,,,0,1,0
0,,0,,,,0,1,0
0,,0,,,,0,1,0
0,,0,,,,0,1,0
0,,0,,,,0,1,0
0,,0,,,,0,1,0
0,,0,,,,0,1,0
0,,0,,,,0,1,0
0,,0,,,,0,1,0
0,,0,,,,0,1,0
0,,0,,,,0,1,0
0,,0,,,,0,1,0
0,,0,,,,0,1,0
0,,0,,,,0,1,0
0,,0,,,,0,1,0
0,,0,,,,0,1,0
0,,0,,,,0,1,0
0,,0,,,,0,1,0
0,,0,,,,0,1,0
0,,0,,,,0,1,0
0,,0,,,,0,1,0
0,,0,,,,0,1,0
0,,0,,,,0,1,0
0,,0,,,,0,1,0
0,,0,,,,0,1,0
0,,0,,,,0,1,0
0,,0,,,,0,1,0
0,,0,,,,0,1,0
0,,0,,,,0,1,0
0,,0,,,,0,1,0
0,,0,,,,0,1,0
0,,0,,,,0,1,0
0,,0,,,,0,1,0
0,,0,,,,0,1,0
0,,0,,,,0,1,0
0,,0,,,,0,1,0
0,,0,,,,0,1,0
0,,0,,,,0,1,0
0,,0,,,,0,1,0
0,,0,,,,0,1,0
0,,0,,,,0,1,0
0,,0,,,,0,1,0
0,,0,,,,0,1,0
0,,0,,,,0,1,0
0,,0,,,,0,1,0
0,,0,,,,0,1,0
0,,0,,,,0,1,0
0,,0,,,,0,1,0
0,,0,,,,0,1,0
0,,0,,,,0,1,0
0,,0,,,,0,1,0
0,,0,,,,0,1,0
0,,0,,,,0,1,0
0,,0,,,,0,1,0
0,,0,,,,0,1,0
0,,0,,,,0,1,0
0,,0,,,,0,1,0
0,,0,,,,0,1,0
0,,0,,,,0,1,0
0,,0,,,,0,1,0
0,,0,,,,0,1,0
0,,0,,,,0,1,0
0,,0,,,,0,1,0
0,,0,,,,0,1,0
0,,0,,,,0,1,0
0,,0,,,,0,1,0
0,,0,,,,0,1,0
0,,0,,,,0,1,0
0,,0,,,,0,1,0
0,,0,,,,0,1,0
0,,0,,,,0,1,0
0,,0,,,,0,1,0
0,,0,,,,0,1,0
0,,0,,,,0,1,0
0,,0,,,,0,1,0
0,,0,,,,0,1,0
0,,0,,,,0,1,0
0,,0,,,,0,1,0
0,,0,,,,0,1,0
0,,0,,,,0,1,0
0,,0,,,,0,1,0
0,,0,,,,0,1,0
0,,0,,,,0,1,0
0,,0,,,,0,1,0
0,,0,,,,0,1,0
0,,0,,,,0,1,0
0,,0,,,,0,1,0
0,,0,,,,0,1,0
0,,0,,,,0,1,0
0,,0,,,,0,1,0
0,,0,,,,0,1,0
0,,0,,,,0,1,0
0,,0,,,,0,1,0
0,,0,,,,0,1,0
0,,0,,,,0,1,0
0,,0,,,,0,1,0
0,,0,,,,0,1,0
0,,0,,,,0,1,0
0,,0,,,,0,1,0
0,,0,,,,0,1,0
0,,0,,,,0,1,0
0,,0,,,,0,1,0
0,,0,,,,0,1,0
0,,0,,,,0,1,0
0,,0,,,,0,1,0
0,,0,,,,0,1,0
0,,0,,,,0,1,0
0,,0,,,,0,1,0
0,,0,,,,0,1,0
0,,0,,,,0,1,0
0,,0,,,,0,1,0
0,,0,,,,0,1,0
0,,0,,,,0,1,0
0,,0,,,,0,1,0
0,,0,,,,0,1,0
0,,0,,,,0,1,0
0,,0,,,,0,1,0
0,,0,,,,0,1,0
0,,0,,,,0,1,0
0,,0,,,,0,1,0
0,,0,,,,0,1,0
0,,0,,,,0,1,0
0,,0,,,,0,1,0
0,,0,,,,0,1,0
0,,0,,,,0,1,0
0,,0,,,,0,1,0
0,,0,,,,0,1,0
0,,0,,,,0,1,0
0,,0,,,,0,1,0
0,,0,,,,0,1,0
0,,0,,,,0,1,0
0,,0,,,,0,1,0
0,,0,,,,0,1,0
0,,0,,,,0,1,0
0,,0,,,,0,1,0
0,,0,,,,0,1,0
0,,0,,,,0,1,0
0,,0,,,,0,1,0
0,,0,,,,0,1,0
0,,0,,,,0,1,0
0,,0,,,,0,1,0
0,,0,,,,0,1,0
0,,0,,,,0,1,0
0,,0,,,,0,1,0
0,,0,,,,0,1,0
0,,0,,,,0,1,0
0,,0,,,,0,1,0
0,,0,,,,0,1,0
0,,0,,,,0,1,0
0,,0,,,,0,1,0
0,,0,,,,0,1,0
0,,0,,,,0,1,0
0,,0,,,,0,1,0
0,,0,,,,0,1,0
0,,0,,,,0,1,0
0,,0,,,,0,1,0
0,,0,,,,0,1,0
0,,0,,,,0,1,0
0,,0,,,,0,1,0
0,,0,,,,0,1,0
0,,0,,,,0,1,0
0,,0,,,,0,1,0
0,,0,,,,0,1,0
0,,0,,,,0,1,0
0,,0,,,,0,1,0
0,,0,,,,0,1,0
0,,0,,,,0,1,0
0,,0,,,,0,1,0
0,,0,,,,0,1,0
0,,0,,,,0,1,0
0,,0,,,,0,1,0
0,,0,,,,0,1,0
0,,0,,,,0,1,0
0,,0,,,,0,1,0
0,,0,,,,0,1,0
0,,0,,,,0,1,0
0,,0,,,,0,1,0
0,,0,,,,0,1,0
0,,0,,,,0,1,0
0,,0,,,,0,1,0
0,,0,,,,0,1,0
0,,0,,,,0,1,0
0,,0,,,,0,1,0
0,,0,,,,0,1,0
0,,0,,,,0,1,0
0,,0,,,,0,1,0
0,,0,,,,0,1,0
0,,0,,,,0,1,0
0,,0,,,,0,1,0
0,,0,,,,0,1,0
0,,0,,,,0,1,0
0,,0,,,,0,1,0
0,,0,,,,0,1,0
0,,0,,,,0,1,0
0,,0,,,,0,1,0
0,,0,,,,0,1,0
0,,0,,,,0,1,0
0,,0,,,,0,1,0
0,,0,,,,0,1,0
0,,0,,,,0,1,0
0,,0,,,,0,1,0
0,,0,,,,0,1,0
0,,0,,,,0,1,0
0,,0,,,,0,1,0
0,,0,,,,0,1,0
0,,0,,,,0,1,0
0,,0,,,,0,1,0
0,,0,,,,0,1,0
0,,0,,,,0,1,0
0,,0,,,,0,1,0
0,,0,,,,0,1,0
0,,0,,,,0,1,0
0,,0,,,,0,1,0
0,,0,,,,0,1,0
0,,0,,,,0,1,0
0,,0,,,,0,1,0
0,,0,,,,0,1,0
0,,0,,,,0,1,0
0,,0,,,,0,1,0
0,,0,,,,0,1,0
0,,0,,,,0,1,0
0,,0,,,,0,1,0
0,,0,,,,0,1,0
0,,0,,,,0,1,0
0,,0,,,,0,1,0
0,,0,,,,0,1,0
0,,0,,,,0,1,0
0,,0,,,,0,1,0
0,,0,,,,0,1,0
0,,0,,,,0,1,0
0,,0,,,,0,1,0
0,,0,,,,0,1,0
0,,0,,,,0,1,0
0,,0,,,,0,1,0
0,,0,,,,0,1,0
0,,0,,,,0,1,0
0,,0,,,,0,1,0
0,,0,,,,0,1,0
0,,0,,,,0,1,0
0,,0,,,,0,1,0
0,,0,,,,0,1,0
0,,0,,,,0,1,0
0,,0,,,,0,1,0
0,,0,,,,0,1,0
0,,0,,,,0,1,0
0,,0,,,,0,1,0
0,,0,,,,0,1,0
0,,0,,,,0,1,0
0,,0,,,,0,1,0
0,,0,,,,0,1,0
0,,0,,,,0,1,0
0,,0,,,,0,1,0
0,,0,,,,0,1,0
0,,0,,,,0,1,0
0,,0,,,,0,1,0
0,,0,,,,0,1,0
0,,0,,,,0,1,0
0,,0,,,,0,1,0
0,,0,,,,0,1,0
0,,0,,,,0,1,0
0,,0,,,,0,1,0
0,,0,,,,0,1,0
0,,0,,,,0,1,0
0,,0,,,,0,1,0
0,,0,,,,0,1,0
0,,0,,,,0,1,0
0,,0,,,,0,1,0
0,,0,,,,0,1,0
0,,0,,,,0,1,0
0,,0,,,,0,1,0
0,,0,,,,0,1,0
0,,0,,,,0,1,0
0,,0,,,,0,1,0
0,,0,,,,0,1,0
0,,0,,,,0,1,0
0,,0,,,,0,1,0
0,,0,,,,0,1,0
0,,0,,,,0,1,0
0,,0,,,,0,1,0
0,,0,,,,0,1,0
0,,0,,,,0,1,0
0,,0,,,,0,1,0
0,,0,,,,0,1,0
0,,0,,,,0,1,0
0,,0,,,,0,1,0
0,,0,,,,0,1,0
0,,0,,,,0,1,0
0,,0,,,,0,1,0
0,,0,,,,0,1,0
0,,0,,,,0,1,0
0,,0,,,,0,1,0
0,,0,,,,0,1,0
0,,0,,,,0,1,0
0,,0,,,,0,1,0
0,,0,,,,0,1,0
0,,0,,,,0,1,0
0,,0,,,,0,1,0
0,,0,,,,0,1,0
0,,0,,,,0,1,0
0,,0,,,,0,1,0
0,,0,,,,0,1,0
0,,0,,,,0,1,0
0,,0,,,,0,1,0
0,,0,,,,0,1,0
0,,0,,,,0,1,0
0,,0,,,,0,1,0
0,,0,,,,0,1,0
0,,0,,,,0,1,0
0,,0,,,,0,1,0
0,,0,,,,0,1,0
0,,0,,,,0,1,0
0,,0,,,,0,1,0
0,,0,,,,0,1,0
0,,0,,,,0,1,0
0,,0,,,,0,1,0
0,,0,,,,0,1,0
0,,0,,,,0,1,0
0,,0,,,,0,1,0
0,,0,,,,0,1,0
0,,0,,,,0,1,0
0,,0,,,,0,1,0
0,,0,,,,0,1,0
0,,0,,,,0,1,0
0,,0,,,,0,1,0
0,,0,,,,0,1,0
0,,0,,,,0,1,0
0,,0,,,,0,1,0
0,,0,,,,0,1,0
0,,0,,,,0,1,0
0,,0,,,,0,1,0
0,,0,,,,0,1,0
0,,0,,,,0,1,0
0,,0,,,,0,1,0
0,,0,,,,0,1,0
0,,0,,,,0,1,0
0,,0,,,,0,1,0
0,,0,,,,0,1,0
0,,0,,,,0,1,0
0,,0,,,,0,1,0
0,,0,,,,0,1,0
0,,0,,,,0,1,0
0,,0,,,,0,1,0
0,,0,,,,0,1,0
0,,0,,,,0,1,0
0,,0,,,,0,1,0
0,,0,,,,0,1,0
0,,0,,,,0,1,0
0,,0,,,,0,1,0
0,,0,,,,0,1,0
0,,0,,,,0,1,0
0,,0,,,,0,1,0
0,,0,,,,0,1,0
0,,0,,,,0,1,0
0,,0,,,,0,1,0
0,,0,,,,0,1,0
0,,0,,,,0,1,0
0,,0,,,,0,1,0
0,,0,,,,0,1,0
0,,0,,,,0,1,0
0,,0,,,,0,1,0
0,,0,,,,0,1,0
0,,0,,,,0,1,0
0,,0,,,,0,1,0
0,,0,,,,0,1,0
0,,0,,,,0,1,0
0,,0,,,,0,1,0
0,,0,,,,0,1,0
0,,0,,,,0,1,0
0,,0,,,,0,1,0
0,,0,,,,0,1,0
0,,0,,,,0,1,0
0,,0,,,,0,1,0
0,,0,,,,0,1,0
0,,0,,,,0,1,0
0,,0,,,,0,1,0
0,,0,,,,0,1,0
0,,0,,,,0,1,0
0,,0,,,,0,1,0
0,,0,,,,0,1,0
0,,0,,,,0,1,0
0,,0,,,,0,1,0
0,,0,,,,0,1,0
0,,0,,,,0,1,0
0,,0,,,,0,1,0
0,,0,,,,0,1,0
0,,0,,,,0,1,0
0,,0,,,,0,1,0
0,,0,,,,0,1,0
0,,0,,,,0,1,0
0,,0,,,,0,1,0
0,,0,,,,0,1,0
0,,0,,,,0,1,0
0,,0,,,,0,1,0
0,,0,,,,0,1,0
0,,0,,,,0,1,0
0,,0,,,,0,1,0
0,,0,,,,0,1,0
0,,0,,,,0,1,0
0,,0,,,,0,1,0
0,,0,,,,0,1,0
0,,0,,,,0,1,0
0,,0,,,,0,1,0
0,,0,,,,0,1,0
0,,0,,,,0,1,0
0,,0,,,,0,1,0
0,,0,,,,0,1,0
0,,0,,,,0,1,0
0,,0,,,,0,1,0
0,,0,,,,0,1,0
0,,0,,,,0,1,0
0,,0,,,,0,1,0
0,,0,,,,0,1,0
0,,0,,,,0,1,0
0,,0,,,,0,1,0
0,,0,,,,0,1,0
0,,0,,,,0,1,0
0,,0,,,,0,1,0
0,,0,,,,0,1,0
0,,0,,,,0,1,0
0,,0,,,,0,1,0
0,,0,,,,0,1,0
0,,0,,,,0,1,0
0,,0,,,,0,1,0
0,,0,,,,0,1,0
0,,0,,,,0,1,0
0,,0,,,,0,1,0
0,,0,,,,0,1,0
0,,0,,,,0,1,0
0,,0,,,,0,1,0
0,,0,,,,0,1,0
0,,0,,,,0,1,0
0,,0,,,,0,1,0
0,,0,,,,0,1,0
0,,0,,,,0,1,0
0,,0,,,,0,1,0
0,,0,,,,0,1,0
0,,0,,,,0,1,0
0,,0,,,,0,1,0
0,,0,,,,0,1,0
0,,0,,,,0,1,0
0,,0,,,,0,1,0
0,,0,,,,0,1,0
0,,0,,,,0,1,0
0,,0,,,,0,1,0
0,,0,,,,0,1,0
0,,0,,,,0,1,0
0,,0,,,,0,1,0
0,,0,,,,0,1,0
0,,0,,,,0,1,0
0,,0,,,,0,1,0
0,,0,,,,0,1,0
0,,0,,,,0,1,0
0,,0,,,,0,1,0
0,,0,,,,0,1,0
0,,0,,,,0,1,0
0,,0,,,,0,1,0
0,,0,,,,0,1,0
0,,0,,,,0,1,0
0,,0,,,,0,1,0
0,,0,,,,0,1,0
0,,0,,,,0,1,0
0,,0,,,,0,1,0
0,,0,,,,0,1,0
0,,0,,,,0,1,0
0,,0,,,,0,1,0
0,,0,,,,0,1,0
0,,0,,,,0,1,0
0,,0,,,,0,1,0
0,,0,,,,0,1,0
0,,0,,,,0,1,0
0,,0,,,,0,1,0
0,,0,,,,0,1,0
0,,0,,,,0,1,0
0,,0,,,,0,1,0
0,,0,,,,0,1,0
0,,0,,,,0,1,0
0,,0,,,,0,1,0
0,,0,,,,0,1,0
0,,0,,,,0,1,0
0,,0,,,,0,1,0
0,,0,,,,0,1,0
0,,0,,,,0,1,0
0,,0,,,,0,1,0
0,,0,,,,0,1,0
0,,0,,,,0,1,0
0,,0,,,,0,1,0
0,,0,,,,0,1,0
0,,0,,,,0,1,0
0,,0,,,,0,1,0
0,,0,,,,0,1,0
0,,0,,,,0,1,0
0,,0,,,,0,1,0
0,,0,,,,0,1,0
0,,0,,,,0,1,0
0,,0,,,,0,1,0
0,,0,,,,0,1,0
0,,0,,,,0,1,0
0,,0,,,,0,1,0
0,,0,,,,0,1,0
0,,0,,,,0,1,0
0,,0,,,,0,1,0
0,,0,,,,0,1,0
0,,0,,,,0,1,0
0,,0,,,,0,1,0
0,,0,,,,0,1,0
0,,0,,,,0,1,0
0,,0,,,,0,1,0
0,,0,,,,0,1,0
0,,0,,,,0,1,0
0,,0,,,,0,1,0
0,,0,,,,0,1,0
0,,0,,,,0,1,0
0,,0,,,,0,1,0
0,,0,,,,0,1,0
0,,0,,,,0,1,0
0,,0,,,,0,1,0
0,,0,,,,0,1,0
0,,0,,,,0,1,0
0,,0,,,,0,1,0
0,,0,,,,0,1,0
0,,0,,,,0,1,0
0,,0,,,,0,1,0
0,,0,,,,0,1,0
0,,0,,,,0,1,0
0,,0,,,,0,1,0
0,,0,,,,0,1,0
0,,0,,,,0,1,0
0,,0,,,,0,1,0
0,,0,,,,0,1,0
0,,0,,,,0,1,0
0,,0,,,,0,1,0
0,,0,,,,0,1,0
0,,0,,,,0,1,0
0,,0,,,,0,1,0
0,,0,,,,0,1,0
0,,0,,,,0,1,0
0,,0,,,,0,1,0
0,,0,,,,0,1,0
0,,0,,,,0,1,0
0,,0,,,,0,1,0
0,,0,,,,0,1,0
0,,0,,,,0,1,0
0,,0,,,,0,1,0
0,,0,,,,0,1,0
0,,0,,,,0,1,0
0,,0,,,,0,1,0
0,,0,,,,0,1,0
0,,0,,,,0,1,0
0,,0,,,,0,1,0
0,,0,,,,0,1,0
0,,0,,,,0,1,0
0,,0,,,,0,1,0
0,,0,,,,0,1,0
0,,0,,,,0,1,0
0,,0,,,,0,1,0
0,,0,,,,0,1,0
0,,0,,,,0,1,0
0,,0,,,,0,1,0
0,,0,,,,0,1,0
0,,0,,,,0,1,0
0,,0,,,,0,1,0
0,,0,,,,0,1,0
0,,0,,,,0,1,0
0,,0,,,,0,1,0
0,,0,,,,0,1,0
0,,0,,,,0,1,0
0,,0,,,,0,1,0
0,,0,,,,0,1,0
0,,0,,,,0,1,0
0,,0,,,,0,1,0
0,,0,,,,0,1,0
0,,0,,,,0,1,0
0,,0,,,,0,1,0
0,,0,,,,0,1,0
0,,0,,,,0,1,0
0,,0,,,,0,1,0
0,,0,,,,0,1,0
0,,0,,,,0,1,0
0,,0,,,,0,1,0
0,,0,,,,0,1,0
0,,0,,,,0,1,0
0,,0,,,,0,1,0
0,,0,,,,0,1,0
0,,0,,,,0,1,0
0,,0,,,,0,1,0
0,,0,,,,0,1,0
0,,0,,,,0,1,0
0,,0,,,,0,1,0
0,,0,,,,0,1,0
0,,0,,,,0,1,0
0,,0,,,,0,1,0
0,,0,,,,0,1,0
0,,0,,,,0,1,0
0,,0,,,,0,1,0
0,,0,,,,0,1,0
0,,0,,,,0,1,0
0,,0,,,,0,1,0
0,,0,,,,0,1,0
0,,0,,,,0,1,0
0,,0,,,,0,1,0
0,,0,,,,0,1,0
0,,0,,,,0,1,0
0,,0,,,,0,1,0
0,,0,,,,0,1,0
0,,0,,,,0,1,0
0,,0,,,,0,1,0
0,,0,,,,0,1,0
0,,0,,,,0,1,0
0,,0,,,,0,1,0
0,,0,,,,0,1,0
0,,0,,,,0,1,0
0,,0,,,,0,1,0
0,,0,,,,0,1,0
0,,0,,,,0,1,0
0,,0,,,,0,1,0
0,,0,,,,0,1,0
0,,0,,,,0,1,0
0,,0,,,,0,1,0
0,,0,,,,0,1,0
0,,0,,,,0,1,0
0,,0,,,,0,1,0
0,,0,,,,0,1,0
0,,0,,,,0,1,0
0,,0,,,,0,1,0
0,,0,,,,0,1,0
0,,0,,,,0,1,0
0,,0,,,,0,1,0
0,,0,,,,0,1,0
0,,0,,,,0,1,0
0,,0,,,,0,1,0
0,,0,,,,0,1,0
0,,0,,,,0,1,0
0,,0,,,,0,1,0
0,,0,,,,0,1,0
0,,0,,,,0,1,0
0,,0,,,,0,1,0
0,,0,,,,0,1,0
0,,0,,,,0,1,0
0,,0,,,,0,1,0
0,,0,,,,0,1,0
0,,0,,,,0,1,0
0,,0,,,,0,1,0
0,,0,,,,0,1,0
0,,0,,,,0,1,0
0,,0,,,,0,1,0
0,,0,,,,0,1,0
0,,0,,,,0,1,0
0,,0,,,,0,1,0
0,,0,,,,0,1,0
0,,0,,,,0,1,0
0,,0,,,,0,1,0
0,,0,,,,0,1,0
0,,0,,,,0,1,0
0,,0,,,,0,1,0
0,,0,,,,0,1,0
0,,0,,,,0,1,0
0,,0,,,,0,1,0
0,,0,,,,0,1,0
0,,0,,,,0,1,0
0,,0,,,,0,1,0
0,,0,,,,0,1,0
0,,0,,,,0,1,0
0,,0,,,,0,1,0
0,,0,,,,0,1,0
0,,0,,,,0,1,0
0,,0,,,,0,1,0
0,,0,,,,0,1,0
0,,0,,,,0,1,0
0,,0,,,,0,1,0
0,,0,,,,0,1,0
0,,0,,,,0,1,0
0,,0,,,,0,1,0
0,,0,,,,0,1,0
0,,0,,,,0,1,0
0,,0,,,,0,1,0
0,,0,,,,0,1,0
0,,0,,,,0,1,0
0,,0,,,,0,1,0
0,,0,,,,0,1,0
0,,0,,,,0,1,0
0,,0,,,,0,1,0
0,,0,,,,0,1,0
0,,0,,,,0,1,0
0,,0,,,,0,1,0
0,,0,,,,0,1,0
0,,0,,,,0,1,0
0,,0,,,,0,1,0
0,,0,,,,0,1,0
0,,0,,,,0,1,0
0,,0,,,,0,1,0
0,,0,,,,0,1,0
0,,0,,,,0,1,0
0,,0,,,,0,1,0
0,,0,,,,0,1,0
0,,0,,,,0,1,0
0,,0,,,,0,1,0
0,,0,,,,0,1,0
0,,0,,,,0,1,0
0,,0,,,,0,1,0
0,,0,,,,0,1,0
0,,0,,,,0,1,0
0,,0,,,,0,1,0
0,,0,,,,0,1,0
0,,0,,,,0,1,0
0,,0,,,,0,1,0
0,,0,,,,0,1,0
0,,0,,,,0,1,0
0,,0,,,,0,1,0
0,,0,,,,0,1,0
0,,0,,,,0,1,0
0,,0,,,,0,1,0
0,,0,,,,0,1,0
0,,0,,,,0,1,0
0,,0,,,,0,1,0
0,,0,,,,0,1,0
0,,0,,,,0,1,0
0,,0,,,,0,1,0
0,,0,,,,0,1,0
0,,0,,,,0,1,0
0,,0,,,,0,1,0
0,,0,,,,0,1,0
0,,0,,,,0,1,0
0,,0,,,,0,1,0
0,,0,,,,0,1,0
0,,0,,,,0,1,0
0,,0,,,,0,1,0
0,,0,,,,0,1,0
0,,0,,,,0,1,0
0,,0,,,,0,1,0
0,,0,,,,0,1,0
0,,0,,,,0,1,0
0,,0,,,,0,1,0
0,,0,,,,0,1,0
0,,0,,,,0,1,0
0,,0,,,,0,1,0
0,,0,,,,0,1,0
0,,0,,,,0,1,0
0,,0,,,,0,1,0
0,,0,,,,0,1,0
0,,0,,,,0,1,0
0,,0,,,,0,1,0
0,,0,,,,0,1,0
0,,0,,,,0,1,0
0,,0,,,,0,1,0
0,,0,,,,0,1,0
0,,0,,,,0,1,0
0,,0,,,,0,1,0
0,,0,,,,0,1,0
0,,0,,,,0,1,0
0,,0,,,,0,1,0
0,,0,,,,0,1,0
0,,0,,,,0,1,0
0,,0,,,,0,1,0
0,,0,,,,0,1,0
0,,0,,,,0,1,0
0,,0,,,,0,1,0
0,,0,,,,0,1,0
0,,0,,,,0,1,0
0,,0,,,,0,1,0
0,,0,,,,0,1,0
0,,0,,,,0,1,0
0,,0,,,,0,1,0
0,,0,,,,0,1,0
0,,0,,,,0,1,0
0,,0,,,,0,1,0
0,,0,,,,0,1,0
0,,0,,,,0,1,0
0,,0,,,,0,1,0
0,,0,,,,0,1,0
0,,0,,,,0,1,0
0,,0,,,,0,1,0
0,,0,,,,0,1,0
0,,0,,,,0,1,0
0,,0,,,,0,1,0
0,,0,,,,0,1,0
0,,0,,,,0,1,0
0,,0,,,,0,1,0
0,,0,,,,0,1,0
0,,0,,,,0,1,0
0,,0,,,,0,1,0
0,,0,,,,0,1,0
0,,0,,,,0,1,0
0,,0,,,,0,1,0
0,,0,,,,0,1,0
0,,0,,,,0,1,0
0,,0,,,,0,1,0
0,,0,,,,0,1,0
0,,0,,,,0,1,0
0,,0,,,,0,1,0
0,,0,,,,0,1,0
0,,0,,,,0,1,0
0,,0,,,,0,1,0
0,,0,,,,0,1,0
0,,0,,,,0,1,0
0,,0,,,,0,1,0
0,,0,,,,0,1,0
0,,0,,,,0,1,0
0,,0,,,,0,1,0
0,,0,,,,0,1,0
0,,0,,,,0,1,0
0,,0,,,,0,1,0
0,,0,,,,0,1,0
0,,0,,,,0,1,0
0,,0,,,,0,1,0
0,,0,,,,0,1,0
0,,0,,,,0,1,0
0,,0,,,,0,1,0
0,,0,,,,0,1,0
0,,0,,,,0,1,0
0,,0,,,,0,1,0
0,,0,,,,0,1,0
0,,0,,,,0,1,0
0,,0,,,,0,1,0
0,,0,,,,0,1,0
0,,0,,,,0,1,0
0,,0,,,,0,1,0
0,,0,,,,0,1,0
0,,0,,,,0,1,0
0,,0,,,,0,1,0
0,,0,,,,0,1,0
0,,0,,,,0,1,0
0,,0,,,,0,1,0
0,,0,,,,0,1,0
0,,0,,,,0,1,0
0,,0,,,,0,1,0
0,,0,,,,0,1,0
0,,0,,,,0,1,0
0,,0,,,,0,1,0
0,,0,,,,0,1,0
0,,0,,,,0,1,0
0,,0,,,,0,1,0
0,,0,,,,0,1,0
0,,0,,,,0,1,0
0,,0,,,,0,1,0
0,,0,,,,0,1,0
0,,0,,,,0,1,0
0,,0,,,,0,1,0
0,,0,,,,0,1,0
0,,0,,,,0,1,0
0,,0,,,,0,1,0
0,,0,,,,0,1,0
0,,0,,,,0,1,0
0,,0,,,,0,1,0
0,,0,,,,0,1,0
0,,0,,,,0,1,0
0,,0,,,,0,1,0
0,,0,,,,0,1,0
0,,0,,,,0,1,0
0,,0,,,,0,1,0
0,,0,,,,0,1,0
0,,0,,,,0,1,0
0,,0,,,,0,1,0
0,,0,,,,0,1,0
0,,0,,,,0,1,0
0,,0,,,,0,1,0
0,,0,,,,0,1,0
0,,0,,,,0,1,0
0,,0,,,,0,1,0
0,,0,,,,0,1,0
0,,0,,,,0,1,0
0,,0,,,,0,1,0
0,,0,,,,0,1,0
0,,0,,,,0,1,0
0,,0,,,,0,1,0
0,,0,,,,0,1,0
0,,0,,,,0,1,0
0,,0,,,,0,1,0
0,,0,,,,0,1,0
0,,0,,,,0,1,0
0,,0,,,,0,1,0
0,,0,,,,0,1,0
0,,0,,,,0,1,0
0,,0,,,,0,1,0
0,,0,,,,0,1,0
0,,0,,,,0,1,0
0,,0,,,,0,1,0
0,,0,,,,0,1,0
0,,0,,,,0,1,0
0,,0,,,,0,1,0
0,,0,,,,0,1,0
0,,0,,,,0,1,0
0,,0,,,,0,1,0
0,,0,,,,0,1,0
0,,0,,,,0,1,0
0,,0,,,,0,1,0
0,,0,,,,0,1,0
0,,0,,,,0,1,0
0,,0,,,,0,1,0
0,,0,,,,0,1,0
0,,0,,,,0,1,0
0,,0,,,,0,1,0
0,,0,,,,0,1,0
0,,0,,,,0,1,0
0,,0,,,,0,1,0
0,,0,,,,0,1,0
0,,0,,,,0,1,0
0,,0,,,,0,1,0
0,,0,,,,0,1,0
0,,0,,,,0,1,0
0,,0,,,,0,1,0
0,,0,,,,0,1,0
0,,0,,,,0,1,0
0,,0,,,,0,1,0
0,,0,,,,0,1,0
0,,0,,,,0,1,0
0,,0,,,,0,1,0
0,,0,,,,0,1,0
0,,0,,,,0,1,0
0,,0,,,,0,1,0
0,,0,,,,0,1,0
0,,0,,,,0,1,0
0,,0,,,,0,1,0
0,,0,,,,0,1,0
0,,0,,,,0,1,0
0,,0,,,,0,1,0
0,,0,,,,0,1,0
0,,0,,,,0,1,0
0,,0,,,,0,1,0
0,,0,,,,0,1,0
0,,0,,,,0,1,0
0,,0,,,,0,1,0
0,,0,,,,0,1,0
0,,0,,,,0,1,0
0,,0,,,,0,1,0
0,,0,,,,0,1,0
0,,0,,,,0,1,0
0,,0,,,,0,1,0
0,,0,,,,0,1,0
0,,0,,,,0,1,0
0,,0,,,,0,1,0
0,,0,,,,0,1,0
0,,0,,,,0,1,0
0,,0,,,,0,1,0
0,,0,,,,0,1,0
0,,0,,,,0,1,0
0,,0,,,,0,1,0
0,,0,,,,0,1,0
0,,0,,,,0,1,0
0,,0,,,,0,1,0
0,,0,,,,0,1,0
0,,0,,,,0,1,0
0,,0,,,,0,1,0
0,,0,,,,0,1,0
0,,0,,,,0,1,0
0,,0,,,,0,1,0
0,,0,,,,0,1,0
0,,0,,,,0,1,0
0,,0,,,,0,1,0
0,,0,,,,0,1,0
0,,0,,,,0,1,0
0,,0,,,,0,1,0
0,,0,,,,0,1,0
0,,0,,,,0,1,0
0,,0,,,,0,1,0
0,,0,,,,0,1,0
0,,0,,,,0,1,0
0,,0,,,,0,1,0
0,,0,,,,0,1,0
0,,0,,,,0,1,0
0,,0,,,,0,1,0
0,,0,,,,0,1,0
0,,0,,,,0,1,0
0,,0,,,,0,1,0
0,,0,,,,0,1,0
0,,0,,,,0,1,0
0,,0,,,,0,1,0
0,,0,,,,0,1,0
0,,0,,,,0,1,0
0,,0,,,,0,1,0
0,,0,,,,0,1,0
0,,0,,,,0,1,0
0,,0,,,,0,1,0
0,,0,,,,0,1,0
0,,0,,,,0,1,0
0,,0,,,,0,1,0
0,,0,,,,0,1,0
0,,0,,,,0,1,0
0,,0,,,,0,1,0
0,,0,,,,0,1,0
0,,0,,,,0,1,0
0,,0,,,,0,1,0
0,,0,,,,0,1,0
0,,0,,,,0,1,0
0,,0,,,,0,1,0
0,,0,,,,0,1,0
0,,0,,,,0,1,0
0,,0,,,,0,1,0
0,,0,,,,0,1,0
0,,0,,,,0,1,0
0,,0,,,,0,1,0
0,,0,,,,0,1,0
0,,0,,,,0,1,0
0,,0,,,,0,1,0
0,,0,,,,0,1,0
0,,0,,,,0,1,0
0,,0,,,,0,1,0
0,,0,,,,0,1,0
0,,0,,,,0,1,0
0,,0,,,,0,1,0
0,,0,,,,0,1,0
0,,0,,,,0,1,0
0,,0,,,,0,1,0
0,,0,,,,0,1,0
0,,0,,,,0,1,0
0,,0,,,,0,1,0
0,,0,,,,0,1,0
0,,0,,,,0,1,0
0,,0,,,,0,1,0
0,,0,,,,0,1,0
0,,0,,,,0,1,0
0,,0,,,,0,1,0
0,,0,,,,0,1,0
0,,0,,,,0,1,0
0,,0,,,,0,1,0
0,,0,,,,0,1,0
0,,0,,,,0,1,0
0,,0,,,,0,1,0
0,,0,,,,0,1,0
0,,0,,,,0,1,0
0,,0,,,,0,1,0
0,,0,,,,0,1,0
0,,0,,,,0,1,0
0,,0,,,,0,1,0
0,,0,,,,0,1,0
0,,0,,,,0,1,0
0,,0,,,,0,1,0
0,,0,,,,0,1,0
0,,0,,,,0,1,0
0,,0,,,,0,1,0
0,,0,,,,0,1,0
0,,0,,,,0,1,0
0,,0,,,,0,1,0
0,,0,,,,0,1,0
0,,0,,,,0,1,0
0,,0,,,,0,1,0
0,,0,,,,0,1,0
0,,0,,,,0,1,0
0,,0,,,,0,1,0
0,,0,,,,0,1,0
0,,0,,,,0,1,0
0,,0,,,,0,1,0
0,,0,,,,0,1,0
0,,0,,,,0,1,0
0,,0,,,,0,1,0
0,,0,,,,0,1,0
0,,0,,,,0,1,0
0,,0,,,,0,1,0
0,,0,,,,0,1,0
0,,0,,,,0,1,0
0,,0,,,,0,1,0
0,,0,,,,0,1,0
0,,0,,,,0,1,0
0,,0,,,,0,1,0
0,,0,,,,0,1,0
0,,0,,,,0,1,0
0,,0,,,,0,1,0
0,,0,,,,0,1,0
0,,0,,,,0,1,0
0,,0,,,,0,1,0
0,,0,,,,0,1,0
0,,0,,,,0,1,0
0,,0,,,,0,1,0
0,,0,,,,0,1,0
0,,0,,,,0,1,0
0,,0,,,,0,1,0
0,,0,,,,0,1,0
0,,0,,,,0,1,0
0,,0,,,,0,1,0
0,,0,,,,0,1,0
0,,0,,,,0,1,0
0,,0,,,,0,1,0
0,,0,,,,0,1,0
0,,0,,,,0,1,0
0,,0,,,,0,1,0
0,,0,,,,0,1,0
0,,0,,,,0,1,0
0,,0,,,,0,1,0
0,,0,,,,0,1,0
0,,0,,,,0,1,0
0,,0,,,,0,1,0
0,,0,,,,0,1,0
0,,0,,,,0,1,0
0,,0,,,,0,1,0
0,,0,,,,0,1,0
0,,0,,,,0,1,0
0,,0,,,,0,1,0
0,,0,,,,0,1,0
0,,0,,,,0,1,0
0,,0,,,,0,1,0
0,,0,,,,0,1,0
0,,0,,,,0,1,0
0,,0,,,,0,1,0
0,,0,,,,0,1,0
0,,0,,,,0,1,0
0,,0,,,,0,1,0
0,,0,,,,0,1,0
0,,0,,,,0,1,0
0,,0,,,,0,1,0
0,,0,,,,0,1,0
0,,0,,,,0,1,0
0,,0,,,,0,1,0
0,,0,,,,0,1,0
0,,0,,,,0,1,0
0,,0,,,,0,1,0
0,,0,,,,0,1,0
0,,0,,,,0,1,0
0,,0,,,,0,1,0
0,,0,,,,0,1,0
0,,0,,,,0,1,0
0,,0,,,,0,1,0
0,,0,,,,0,1,0
0,,0,,,,0,1,0
0,,0,,,,0,1,0
0,,0,,,,0,1,0
0,,0,,,,0,1,0
0,,0,,,,0,1,0
0,,0,,,,0,1,0
0,,0,,,,0,1,0
0,,0,,,,0,1,0
0,,0,,,,0,1,0
0,,0,,,,0,1,0
0,,0,,,,0,1,0
0,,0,,,,0,1,0
0,,0,,,,0,1,0
0,,0,,,,0,1,0
0,,0,,,,0,1,0
0,,0,,,,0,1,0
0,,0,,,,0,1,0
0,,0,,,,0,1,0
0,,0,,,,0,1,0
0,,0,,,,0,1,0
0,,0,,,,0,1,0
0,,0,,,,0,1,0
0,,0,,,,0,1,0
0,,0,,,,0,1,0
0,,0,,,,0,1,0
0,,0,,,,0,1,0
0,,0,,,,0,1,0
0,,0,,,,0,1,0
0,,0,,,,0,1,0
0,,0,,,,0,1,0
0,,0,,,,0,1,0
0,,0,,,,0,1,0
0,,0,,,,0,1,0
0,,0,,,,0,1,0
0,,0,,,,0,1,0
0,,0,,,,0,1,0
0,,0,,,,0,1,0
0,,0,,,,0,1,0
0,,0,,,,0,1,0
0,,0,,,,0,1,0
0,,0,,,,0,1,0
0,,0,,,,0,1,0
0,,0,,,,0,1,0
0,,0,,,,0,1,0
0,,0,,,,0,1,0
0,,0,,,,0,1,0
0,,0,,,,0,1,0
0,,0,,,,0,1,0
0,,0,,,,0,1,0
0,,0,,,,0,1,0
0,,0,,,,0,1,0
0,,0,,,,0,1,0
0,,0,,,,0,1,0
0,,0,,,,0,1,0
0,,0,,,,0,1,0
0,,0,,,,0,1,0
0,,0,,,,0,1,0
0,,0,,,,0,1,0
0,,0,,,,0,1,0
0,,0,,,,0,1,0
0,,0,,,,0,1,0
0,,0,,,,0,1,0
0,,0,,,,0,1,0
0,,0,,,,0,1,0
0,,0,,,,0,1,0
0,,0,,,,0,1,0
0,,0,,,,0,1,0
0,,0,,,,0,1,0
0,,0,,,,0,1,0
0,,0,,,,0,1,0
0,,0,,,,0,1,0
0,,0,,,,0,1,0
0,,0,,,,0,1,0
0,,0,,,,0,1,0
0,,0,,,,0,1,0
0,,0,,,,0,1,0
0,,0,,,,0,1,0
0,,0,,,,0,1,0
0,,0,,,,0,1,0
0,,0,,,,0,1,0
0,,0,,,,0,1,0
0,,0,,,,0,1,0
0,,0,,,,0,1,0
0,,0,,,,0,1,0
0,,0,,,,0,1,0
0,,0,,,,0,1,0
0,,0,,,,0,1,0
0,,0,,,,0,1,0
0,,0,,,,0,1,0
0,,0,,,,0,1,0
0,,0,,,,0,1,0
0,,0,,,,0,1,0
0,,0,,,,0,1,0
0,,0,,,,0,1,0
0,,0,,,,0,1,0
0,,0,,,,0,1,0
0,,0,,,,0,1,0
0,,0,,,,0,1,0
0,,0,,,,0,1,0
0,,0,,,,0,1,0
0,,0,,,,0,1,0
0,,0,,,,0,1,0
0,,0,,,,0,1,0
0,,0,,,,0,1,0
0,,0,,,,0,1,0
0,,0,,,,0,1,0
0,,0,,,,0,1,0
0,,0,,,,0,1,0
0,,0,,,,0,1,0
0,,0,,,,0,1,0
0,,0,,,,0,1,0
0,,0,,,,0,1,0
0,,0,,,,0,1,0
0,,0,,,,0,1,0
0,,0,,,,0,1,0
0,,0,,,,0,1,0
0,,0,,,,0,1,0
0,,0,,,,0,1,0
0,,0,,,,0,1,0
0,,0,,,,0,1,0
0,,0,,,,0,1,0
0,,0,,,,0,1,0
0,,0,,,,0,1,0
0,,0,,,,0,1,0
0,,0,,,,0,1,0
0,,0,,,,0,1,0
0,,0,,,,0,1,0
0,,0,,,,0,1,0
0,,0,,,,0,1,0
0,,0,,,,0,1,0
0,,0,,,,0,1,0
0,,0,,,,0,1,0
0,,0,,,,0,1,0
0,,0,,,,0,1,0
0,,0,,,,0,1,0
0,,0,,,,0,1,0
0,,0,,,,0,1,0
0,,0,,,,0,1,0
0,,0,,,,0,1,0
0,,0,,,,0,1,0
0,,0,,,,0,1,0
0,,0,,,,0,1,0
0,,0,,,,0,1,0
0,,0,,,,0,1,0
0,,0,,,,0,1,0
0,,0,,,,0,1,0
0,,0,,,,0,1,0
0,,0,,,,0,1,0
0,,0,,,,0,1,0
0,,0,,,,0,1,0
0,,0,,,,0,1,0
0,,0,,,,0,1,0
0,,0,,,,0,1,0
0,,0,,,,0,1,0
0,,0,,,,0,1,0
0,,0,,,,0,1,0
0,,0,,,,0,1,0
0,,0,,,,0,1,0
0,,0,,,,0,1,0
0,,0,,,,0,1,0
0,,0,,,,0,1,0
0,,0,,,,0,1,0
0,,0,,,,0,1,0
0,,0,,,,0,1,0
0,,0,,,,0,1,0
0,,0,,,,0,1,0
0,,0,,,,0,1,0
0,,0,,,,0,1,0
0,,0,,,,0,1,0
0,,0,,,,0,1,0
0,,0,,,,0,1,0
0,,0,,,,0,1,0
0,,0,,,,0,1,0
0,,0,,,,0,1,0
0,,0,,,,0,1,0
0,,0,,,,0,1,0
0,,0,,,,0,1,0
0,,0,,,,0,1,0
0,,0,,,,0,1,0
0,,0,,,,0,1,0
0,,0,,,,0,1,0
0,,0,,,,0,1,0
0,,0,,,,0,1,0
0,,0,,,,0,1,0
0,,0,,,,0,1,0
0,,0,,,,0,1,0
0,,0,,,,0,1,0
0,,0,,,,0,1,0
0,,0,,,,0,1,0
0,,0,,,,0,1,0
0,,0,,,,0,1,0
0,,0,,,,0,1,0
0,,0,,,,0,1,0
0,,0,,,,0,1,0
0,,0,,,,0,1,0
0,,0,,,,0,1,0
0,,0,,,,0,1,0
0,,0,,,,0,1,0
0,,0,,,,0,1,0
0,,0,,,,0,1,0
0,,0,,,,0,1,0
0,,0,,,,0,1,0
0,,0,,,,0,1,0
0,,0,,,,0,1,0
0,,0,,,,0,1,0
0,,0,,,,0,1,0
0,,0,,,,0,1,0
0,,0,,,,0,1,0
0,,0,,,,0,1,0
0,,0,,,,0,1,0
0,,0,,,,0,1,0
0,,0,,,,0,1,0
0,,0,,,,0,1,0
0,,0,,,,0,1,0
0,,0,,,,0,1,0
0,,0,,,,0,1,0
0,,0,,,,0,1,0
0,,0,,,,0,1,0
0,,0,,,,0,1,0
0,,0,,,,0,1,0
0,,0,,,,0,1,0
0,,0,,,,0,1,0
0,,0,,,,0,1,0
0,,0,,,,0,1,0
0,,0,,,,0,1,0
0,,0,,,,0,1,0
0,,0,,,,0,1,0
0,,0,,,,0,1,0
0,,0,,,,0,1,0
0,,0,,,,0,1,0
0,,0,,,,0,1,0
0,,0,,,,0,1,0
0,,0,,,,0,1,0
0,,0,,,,0,1,0
0,,0,,,,0,1,0
0,,0,,,,0,1,0
0,,0,,,,0,1,0
0,,0,,,,0,1,0
0,,0,,,,0,1,0
0,,0,,,,0,1,0
0,,0,,,,0,1,0
0,,0,,,,0,1,0
0,,0,,,,0,1,0
0,,0,,,,0,1,0
0,,0,,,,0,1,0
0,,0,,,,0,1,0
0,,0,,,,0,1,0
0,,0,,,,0,1,0
0,,0,,,,0,1,0
0,,0,,,,0,1,0
0,,0,,,,0,1,0
0,,0,,,,0,1,0
0,,0,,,,0,1,0
0,,0,,,,0,1,0
0,,0,,,,0,1,0
0,,0,,,,0,1,0
0,,0,,,,0,1,0
0,,0,,,,0,1,0
0,,0,,,,0,1,0
0,,0,,,,0,1,0
0,,0,,,,0,1,0
0,,0,,,,0,1,0
0,,0,,,,0,1,0
0,,0,,,,0,1,0
0,,0,,,,0,1,0
0,,0,,,,0,1,0
0,,0,,,,0,1,0
0,,0,,,,0,1,0
0,,0,,,,0,1,0
0,,0,,,,0,1,0
0,,0,,,,0,1,0
0,,0,,,,0,1,0
0,,0,,,,0,1,0
0,,0,,,,0,1,0
0,,0,,,,0,1,0
0,,0,,,,0,1,0
0,,0,,,,0,1,0
0,,0,,,,0,1,0
0,,0,,,,0,1,0
0,,0,,,,0,1,0
0,,0,,,,0,1,0
0,,0,,,,0,1,0
0,,0,,,,0,1,0
0,,0,,,,0,1,0
0,,0,,,,0,1,0
0,,0,,,,0,1,0
0,,0,,,,0,1,0
0,,0,,,,0,1,0
0,,0,,,,0,1,0
0,,0,,,,0,1,0
0,,0,,,,0,1,0
0,,0,,,,0,1,0
0,,0,,,,0,1,0
0,,0,,,,0,1,0
0,,0,,,,0,1,0
0,,0,,,,0,1,0
0,,0,,,,0,1,0
0,,0,,,,0,1,0
0,,0,,,,0,1,0
0,,0,,,,0,1,0
0,,0,,,,0,1,0
0,,0,,,,0,1,0
0,,0,,,,0,1,0
0,,0,,,,0,1,0
0,,0,,,,0,1,0
0,,0,,,,0,1,0
0,,0,,,,0,1,0
0,,0,,,,0,1,0
0,,0,,,,0,1,0
0,,0,,,,0,1,0
0,,0,,,,0,1,0
0,,0,,,,0,1,0
0,,0,,,,0,1,0
0,,0,,,,0,1,0
0,,0,,,,0,1,0
0,,0,,,,0,1,0
0,,0,,,,0,1,0
0,,0,,,,0,1,0
0,,0,,,,0,1,0
0,,0,,,,0,1,0
0,,0,,,,0,1,0
0,,0,,,,0,1,0
0,,0,,,,0,1,0
0,,0,,,,0,1,0
0,,0,,,,0,1,0
0,,0,,,,0,1,0
0,,0,,,,0,1,0
0,,0,,,,0,1,0
0,,0,,,,0,1,0
0,,0,,,,0,1,0
0,,0,,,,0,1,0
0,,0,,,,0,1,0
0,,0,,,,0,1,0
0,,0,,,,0,1,0
0,,0,,,,0,1,0
0,,0,,,,0,1,0
0,,0,,,,0,1,0
0,,0,,,,0,1,0
0,,0,,,,0,1,0
0,,0,,,,0,1,0
0,,0,,,,0,1,0
0,,0,,,,0,1,0
0,,0,,,,0,1,0
0,,0,,,,0,1,0
0,,0,,,,0,1,0
0,,0,,,,0,1,0
0,,0,,,,0,1,0
0,,0,,,,0,1,0
0,,0,,,,0,1,0
0,,0,,,,0,1,0
0,,0,,,,0,1,0
0,,0,,,,0,1,0
0,,0,,,,0,1,0
0,,0,,,,0,1,0
0,,0,,,,0,1,0
0,,0,,,,0,1,0
0,,0,,,,0,1,0
0,,0,,,,0,1,0
0,,0,,,,0,1,0
0,,0,,,,0,1,0
0,,0,,,,0,1,0
0,,0,,,,0,1,0
0,,0,,,,0,1,0
0,,0,,,,0,1,0
0,,0,,,,0,1,0
0,,0,,,,0,1,0
0,,0,,,,0,1,0
0,,0,,,,0,1,0
0,,0,,,,0,1,0
0,,0,,,,0,1,0
0,,0,,,,0,1,0
0,,0,,,,0,1,0
0,,0,,,,0,1,0
0,,0,,,,0,1,0
0,,0,,,,0,1,0
0,,0,,,,0,1,0
0,,0,,,,0,1,0
0,,0,,,,0,1,0
0,,0,,,,0,1,0
0,,0,,,,0,1,0
0,,0,,,,0,1,0
0,,0,,,,0,1,0
0,,0,,,,0,1,0
0,,0,,,,0,1,0
0,,0,,,,0,1,0
0,,0,,,,0,1,0
0,,0,,,,0,1,0
0,,0,,,,0,1,0
0,,0,,,,0,1,0
0,,0,,,,0,1,0
0,,0,,,,0,1,0
0,,0,,,,0,1,0
0,,0,,,,0,1,0
0,,0,,,,0,1,0
0,,0,,,,0,1,0
0,,0,,,,0,1,0
0,,0,,,,0,1,0
0,,0,,,,0,1,0
0,,0,,,,0,1,0
0,,0,,,,0,1,0
0,,0,,,,0,1,0
0,,0,,,,0,1,0
0,,0,,,,0,1,0
0,,0,,,,0,1,0
0,,0,,,,0,1,0
0,,0,,,,0,1,0
0,,0,,,,0,1,0
0,,0,,,,0,1,0
0,,0,,,,0,1,0
0,,0,,,,0,1,0
0,,0,,,,0,1,0
0,,0,,,,0,1,0
0,,0,,,,0,1,0
0,,0,,,,0,1,0
0,,0,,,,0,1,0
0,,0,,,,0,1,0
0,,0,,,,0,1,0
0,,0,,,,0,1,0
0,,0,,,,0,1,0
0,,0,,,,0,1,0
0,,0,,,,0,1,0
0,,0,,,,0,1,0
0,,0,,,,0,1,0
0,,0,,,,0,1,0
0,,0,,,,0,1,0
0,,0,,,,0,1,0
0,,0,,,,0,1,0
0,,0,,,,0,1,0
0,,0,,,,0,1,0
0,,0,,,,0,1,0
0,,0,,,,0,1,0
0,,0,,,,0,1,0
0,,0,,,,0,1,0
0,,0,,,,0,1,0
0,,0,,,,0,1,0
0,,0,,,,0,1,0
0,,0,,,,0,1,0
0,,0,,,,0,1,0
0,,0,,,,0,1,0
0,,0,,,,0,1,0
0,,0,,,,0,1,0
0,,0,,,,0,1,0
0,,0,,,,0,1,0
0,,0,,,,0,1,0
0,,0,,,,0,1,0
0,,0,,,,0,1,0
0,,0,,,,0,1,0
0,,0,,,,0,1,0
0,,0,,,,0,1,0
0,,0,,,,0,1,0
0,,0,,,,0,1,0
0,,0,,,,0,1,0
0,,0,,,,0,1,0
0,,0,,,,0,1,0
0,,0,,,,0,1,0
0,,0,,,,0,1,0
0,,0,,,,0,1,0
0,,0,,,,0,1,0
0,,0,,,,0,1,0
0,,0,,,,0,1,0
0,,0,,,,0,1,0
0,,0,,,,0,1,0
0,,0,,,,0,1,0
0,,0,,,,0,1,0
0,,0,,,,0,1,0
0,,0,,,,0,1,0
0,,0,,,,0,1,0
0,,0,,,,0,1,0
0,,0,,,,0,1,0
0,,0,,,,0,1,0
0,,0,,,,0,1,0
0,,0,,,,0,1,0
0,,0,,,,0,1,0
0,,0,,,,0,1,0
0,,0,,,,0,1,0
0,,0,,,,0,1,0
0,,0,,,,0,1,0
0,,0,,,,0,1,0
0,,0,,,,0,1,0
0,,0,,,,0,1,0
0,,0,,,,0,1,0
0,,0,,,,0,1,0
0,,0,,,,0,1,0
0,,0,,,,0,1,0
0,,0,,,,0,1,0
0,,0,,,,0,1,0
0,,0,,,,0,1,0
0,,0,,,,0,1,0
0,,0,,,,0,1,0
0,,0,,,,0,1,0
0,,0,,,,0,1,0
0,,0,,,,0,1,0
0,,0,,,,0,1,0
0,,0,,,,0,1,0
0,,0,,,,0,1,0
0,,0,,,,0,1,0
0,,0,,,,0,1,0
0,,0,,,,0,1,0
0,,0,,,,0,1,0
0,,0,,,,0,1,0
0,,0,,,,0,1,0
0,,0,,,,0,1,0
0,,0,,,,0,1,0
0,,0,,,,0,1,0
0,,0,,,,0,1,0
0,,0,,,,0,1,0
0,,0,,,,0,1,0
0,,0,,,,0,1,0
0,,0,,,,0,1,0
0,,0,,,,0,1,0
0,,0,,,,0,1,0
0,,0,,,,0,1,0
0,,0,,,,0,1,0
0,,0,,,,0,1,0
0,,0,,,,0,1,0
0,,0,,,,0,1,0
0,,0,,,,0,1,0
0,,0,,,,0,1,0
0,,0,,,,0,1,0
0,,0,,,,0,1,0
0,,0,,,,0,1,0
0,,0,,,,0,1,0
0,,0,,,,0,1,0
0,,0,,,,0,1,0
0,,0,,,,0,1,0
0,,0,,,,0,1,0
0,,0,,,,0,1,0
0,,0,,,,0,1,0
0,,0,,,,0,1,0
0,,0,,,,0,1,0
0,,0,,,,0,1,0
0,,0,,,,0,1,0
0,,0,,,,0,1,0
0,,0,,,,0,1,0
0,,0,,,,0,1,0
0,,0,,,,0,1,0
0,,0,,,,0,1,0
0,,0,,,,0,1,0
0,,0,,,,0,1,0
0,,0,,,,0,1,0
0,,0,,,,0,1,0
0,,0,,,,0,1,0
0,,0,,,,0,1,0
0,,0,,,,0,1,0
0,,0,,,,0,1,0
0,,0,,,,0,1,0
0,,0,,,,0,1,0
0,,0,,,,0,1,0
0,,0,,,,0,1,0
0,,0,,,,0,1,0
0,,0,,,,0,1,0
0,,0,,,,0,1,0
0,,0,,,,0,1,0
0,,0,,,,0,1,0
0,,0,,,,0,1,0
0,,0,,,,0,1,0
0,,0,,,,0,1,0
0,,0,,,,0,1,0
0,,0,,,,0,1,0
0,,0,,,,0,1,0
0,,0,,,,0,1,0
0,,0,,,,0,1,0
0,,0,,,,0,1,0
0,,0,,,,0,1,0
0,,0,,,,0,1,0
0,,0,,,,0,1,0
0,,0,,,,0,1,0
0,,0,,,,0,1,0
0,,0,,,,0,1,0
0,,0,,,,0,1,0
0,,0,,,,0,1,0
0,,0,,,,0,1,0
0,,0,,,,0,1,0
0,,0,,,,0,1,0
0,,0,,,,0,1,0
0,,0,,,,0,1,0
0,,0,,,,0,1,0
0,,0,,,,0,1,0
0,,0,,,,0,1,0
0,,0,,,,0,1,0
0,,0,,,,0,1,0
0,,0,,,,0,1,0
0,,0,,,,0,1,0
0,,0,,,,0,1,0
0,,0,,,,0,1,0
0,,0,,,,0,1,0
0,,0,,,,0,1,0
0,,0,,,,0,1,0
0,,0,,,,0,1,0
0,,0,,,,0,1,0
0,,0,,,,0,1,0
0,,0,,,,0,1,0
0,,0,,,,0,1,0
0,,0,,,,0,1,0
0,,0,,,,0,1,0
0,,0,,,,0,1,0
0,,0,,,,0,1,0
0,,0,,,,0,1,0
0,,0,,,,0,1,0
0,,0,,,,0,1,0
0,,0,,,,0,1,0
0,,0,,,,0,1,0
0,,0,,,,0,1,0
0,,0,,,,0,1,0
0,,0,,,,0,1,0
0,,0,,,,0,1,0
0,,0,,,,0,1,0
0,,0,,,,0,1,0
0,,0,,,,0,1,0
0,,0,,,,0,1,0
0,,0,,,,0,1,0
0,,0,,,,0,1,0
0,,0,,,,0,1,0
0,,0,,,,0,1,0
0,,0,,,,0,1,0
0,,0,,,,0,1,0
0,,0,,,,0,1,0
0,,0,,,,0,1,0
0,,0,,,,0,1,0
0,,0,,,,0,1,0
0,,0,,,,0,1,0
0,,0,,,,0,1,0
0,,0,,,,0,1,0
0,,0,,,,0,1,0
0,,0,,,,0,1,0
0,,0,,,,0,1,0
0,,0,,,,0,1,0
0,,0,,,,0,1,0
0,,0,,,,0,1,0
0,,0,,,,0,1,0
0,,0,,,,0,1,0
0,,0,,,,0,1,0
0,,0,,,,0,1,0
0,,0,,,,0,1,0
0,,0,,,,0,1,0
0,,0,,,,0,1,0
0,,0,,,,0,1,0
0,,0,,,,0,1,0
0,,0,,,,0,1,0
0,,0,,,,0,1,0
0,,0,,,,0,1,0
0,,0,,,,0,1,0
0,,0,,,,0,1,0
0,,0,,,,0,1,0
0,,0,,,,0,1,0
0,,0,,,,0,1,0
0,,0,,,,0,1,0
0,,0,,,,0,1,0
0,,0,,,,0,1,0
0,,0,,,,0,1,0
0,,0,,,,0,1,0
0,,0,,,,0,1,0
0,,0,,,,0,1,0
0,,0,,,,0,1,0
0,,0,,,,0,1,0
0,,0,,,,0,1,0
0,,0,,,,0,1,0
0,,0,,,,0,1,0
0,,0,,,,0,1,0
0,,0,,,,0,1,0
0,,0,,,,0,1,0
0,,0,,,,0,1,0
0,,0,,,,0,1,0
0,,0,,,,0,1,0
0,,0,,,,0,1,0
0,,0,,,,0,1,0
0,,0,,,,0,1,0
0,,0,,,,0,1,0
0,,0,,,,0,1,0
0,,0,,,,0,1,0
0,,0,,,,0,1,0
0,,0,,,,0,1,0
0,,0,,,,0,1,0
0,,0,,,,0,1,0
0,,0,,,,0,1,0
0,,0,,,,0,1,0
0,,0,,,,0,1,0
0,,0,,,,0,1,0
0,,0,,,,0,1,0
0,,0,,,,0,1,0
0,,0,,,,0,1,0
0,,0,,,,0,1,0
0,,0,,,,0,1,0
0,,0,,,,0,1,0
0,,0,,,,0,1,0
0,,0,,,,0,1,0
0,,0,,,,0,1,0
0,,0,,,,0,1,0
0,,0,,,,0,1,0
0,,0,,,,0,1,0
0,,0,,,,0,1,0
0,,0,,,,0,1,0
0,,0,,,,0,1,0
0,,0,,,,0,1,0
0,,0,,,,0,1,0
0,,0,,,,0,1,0
0,,0,,,,0,1,0
0,,0,,,,0,1,0
0,,0,,,,0,1,0
0,,0,,,,0,1,0
0,,0,,,,0,1,0
0,,0,,,,0,1,0
0,,0,,,,0,1,0
0,,0,,,,0,1,0
0,,0,,,,0,1,0
0,,0,,,,0,1,0
0,,0,,,,0,1,0
0,,0,,,,0,1,0
0,,0,,,,0,1,0
0,,0,,,,0,1,0
0,,0,,,,0,1,0
0,,0,,,,0,1,0
0,,0,,,,0,1,0
0,,0,,,,0,1,0
0,,0,,,,0,1,0
0,,0,,,,0,1,0
0,,0,,,,0,1,0
0,,0,,,,0,1,0
0,,0,,,,0,1,0
0,,0,,,,0,1,0
0,,0,,,,0,1,0
0,,0,,,,0,1,0
0,,0,,,,0,1,0
0,,0,,,,0,1,0
0,,0,,,,0,1,0
0,,0,,,,0,1,0
0,,0,,,,0,1,0
0,,0,,,,0,1,0
0,,0,,,,0,1,0
0,,0,,,,0,1,0
0,,0,,,,0,1,0
0,,0,,,,0,1,0
0,,0,,,,0,1,0
0,,0,,,,0,1,0
0,,0,,,,0,1,0
0,,0,,,,0,1,0
0,,0,,,,0,1,0
0,,0,,,,0,1,0
0,,0,,,,0,1,0
0,,0,,,,0,1,0
0,,0,,,,0,1,0
0,,0,,,,0,1,0
0,,0,,,,0,1,0
0,,0,,,,0,1,0
0,,0,,,,0,1,0
0,,0,,,,0,1,0
0,,0,,,,0,1,0
0,,0,,,,0,1,0
0,,0,,,,0,1,0
0,,0,,,,0,1,0
0,,0,,,,0,1,0
0,,0,,,,0,1,0
0,,0,,,,0,1,0
0,,0,,,,0,1,0
0,,0,,,,0,1,0
0,,0,,,,0,1,0
0,,0,,,,0,1,0
0,,0,,,,0,1,0
0,,0,,,,0,1,0
0,,0,,,,0,1,0
0,,0,,,,0,1,0
0,,0,,,,0,1,0
0,,0,,,,0,1,0
0,,0,,,,0,1,0
0,,0,,,,0,1,0
0,,0,,,,0,1,0
0,,0,,,,0,1,0
0,,0,,,,0,1,0
0,,0,,,,0,1,0
0,,0,,,,0,1,0
0,,0,,,,0,1,0
0,,0,,,,0,1,0
0,,0,,,,0,1,0
0,,0,,,,0,1,0
0,,0,,,,0,1,0
0,,0,,,,0,1,0
0,,0,,,,0,1,0
0,,0,,,,0,1,0
0,,0,,,,0,1,0
0,,0,,,,0,1,0
0,,0,,,,0,1,0
0,,0,,,,0,1,0
0,,0,,,,0,1,0
0,,0,,,,0,1,0
0,,0,,,,0,1,0
0,,0,,,,0,1,0
0,,0,,,,0,1,0
0,,0,,,,0,1,0
0,,0,,,,0,1,0
0,,0,,,,0,1,0
0,,0,,,,0,1,0
0,,0,,,,0,1,0
0,,0,,,,0,1,0
0,,0,,,,0,1,0
0,,0,,,,0,1,0
0,,0,,,,0,1,0
0,,0,,,,0,1,0
0,,0,,,,0,1,0
0,,0,,,,0,1,0
0,,0,,,,0,1,0
0,,0,,,,0,1,0
0,,0,,,,0,1,0
0,,0,,,,0,1,0
0,,0,,,,0,1,0
0,,0,,,,0,1,0
0,,0,,,,0,1,0
0,,0,,,,0,1,0
0,,0,,,,0,1,0
0,,0,,,,0,1,0
0,,0,,,,0,1,0
0,,0,,,,0,1,0
0,,0,,,,0,1,0
0,,0,,,,0,1,0
0,,0,,,,0,1,0
0,,0,,,,0,1,0
0,,0,,,,0,1,0
0,,0,,,,0,1,0
0,,0,,,,0,1,0
0,,0,,,,0,1,0
0,,0,,,,0,1,0
0,,0,,,,0,1,0
0,,0,,,,0,1,0
0,,0,,,,0,1,0
0,,0,,,,0,1,0
0,,0,,,,0,1,0
0,,0,,,,0,1,0
0,,0,,,,0,1,0
0,,0,,,,0,1,0
0,,0,,,,0,1,0
0,,0,,,,0,1,0
0,,0,,,,0,1,0
0,,0,,,,0,1,0
0,,0,,,,0,1,0
0,,0,,,,0,1,0
0,,0,,,,0,1,0
0,,0,,,,0,1,0
0,,0,,,,0,1,0
0,,0,,,,0,1,0
0,,0,,,,0,1,0
0,,0,,,,0,1,0
0,,0,,,,0,1,0
0,,0,,,,0,1,0
0,,0,,,,0,1,0
0,,0,,,,0,1,0
0,,0,,,,0,1,0
0,,0,,,,0,1,0
0,,0,,,,0,1,0
0,,0,,,,0,1,0
0,,0,,,,0,1,0
0,,0,,,,0,1,0
0,,0,,,,0,1,0
0,,0,,,,0,1,0
0,,0,,,,0,1,0
0,,0,,,,0,1,0
0,,0,,,,0,1,0
0,,0,,,,0,1,0
0,,0,,,,0,1,0
0,,0,,,,0,1,0
0,,0,,,,0,1,0
0,,0,,,,0,1,0
0,,0,,,,0,1,0
0,,0,,,,0,1,0
0,,0,,,,0,1,0
0,,0,,,,0,1,0
0,,0,,,,0,1,0
0,,0,,,,0,1,0
0,,0,,,,0,1,0
0,,0,,,,0,1,0
0,,0,,,,0,1,0
0,,0,,,,0,1,0
0,,0,,,,0,1,0
0,,0,,,,0,1,0
0,,0,,,,0,1,0
0,,0,,,,0,1,0
0,,0,,,,0,1,0
0,,0,,,,0,1,0
0,,0,,,,0,1,0
0,,0,,,,0,1,0
0,,0,,,,0,1,0
0,,0,,,,0,1,0
0,,0,,,,0,1,0
0,,0,,,,0,1,0
0,,0,,,,0,1,0
0,,0,,,,0,1,0
0,,0,,,,0,1,0
0,,0,,,,0,1,0
0,,0,,,,0,1,0
0,,0,,,,0,1,0
0,,0,,,,0,1,0
0,,0,,,,0,1,0
0,,0,,,,0,1,0
0,,0,,,,0,1,0
0,,0,,,,0,1,0
0,,0,,,,0,1,0
0,,0,,,,0,1,0
0,,0,,,,0,1,0
0,,0,,,,0,1,0
0,,0,,,,0,1,0
0,,0,,,,0,1,0
0,,0,,,,0,1,0
0,,0,,,,0,1,0
0,,0,,,,0,1,0
0,,0,,,,0,1,0
0,,0,,,,0,1,0
0,,0,,,,0,1,0
0,,0,,,,0,1,0
0,,0,,,,0,1,0
0,,0,,,,0,1,0
0,,0,,,,0,1,0
0,,0,,,,0,1,0
0,,0,,,,0,1,0
0,,0,,,,0,1,0
0,,0,,,,0,1,0
0,,0,,,,0,1,0
0,,0,,,,0,1,0
0,,0,,,,0,1,0
0,,0,,,,0,1,0
0,,0,,,,0,1,0
0,,0,,,,0,1,0
0,,0,,,,0,1,0
0,,0,,,,0,1,0
0,,0,,,,0,1,0
0,,0,,,,0,1,0
0,,0,,,,0,1,0
0,,0,,,,0,1,0
0,,0,,,,0,1,0
0,,0,,,,0,1,0
0,,0,,,,0,1,0
0,,0,,,,0,1,0
0,,0,,,,0,1,0
0,,0,,,,0,1,0
0,,0,,,,0,1,0
0,,0,,,,0,1,0
0,,0,,,,0,1,0
0,,0,,,,0,1,0
0,,0,,,,0,1,0
0,,0,,,,0,1,0
0,,0,,,,0,1,0
0,,0,,,,0,1,0
0,,0,,,,0,1,0
0,,0,,,,0,1,0
0,,0,,,,0,1,0
0,,0,,,,0,1,0
0,,0,,,,0,1,0
0,,0,,,,0,1,0
0,,0,,,,0,1,0
0,,0,,,,0,1,0
0,,0,,,,0,1,0
0,,0,,,,0,1,0
0,,0,,,,0,1,0
0,,0,,,,0,1,0
0,,0,,,,0,1,0
0,,0,,,,0,1,0
0,,0,,,,0,1,0
0,,0,,,,0,1,0
0,,0,,,,0,1,0
0,,0,,,,0,1,0
0,,0,,,,0,1,0
0,,0,,,,0,1,0
0,,0,,,,0,1,0
0,,0,,,,0,1,0
0,,0,,,,0,1,0
0,,0,,,,0,1,0
0,,0,,,,0,1,0
0,,0,,,,0,1,0
0,,0,,,,0,1,0
0,,0,,,,0,1,0
0,,0,,,,0,1,0
0,,0,,,,0,1,0
0,,0,,,,0,1,0
0,,0,,,,0,1,0
0,,0,,,,0,1,0
0,,0,,,,0,1,0
0,,0,,,,0,1,0
0,,0,,,,0,1,0
0,,0,,,,0,1,0
0,,0,,,,0,1,0
0,,0,,,,0,1,0
0,,0,,,,0,1,0
0,,0,,,,0,1,0
0,,0,,,,0,1,0
0,,0,,,,0,1,0
0,,0,,,,0,1,0
0,,0,,,,0,1,0
0,,0,,,,0,1,0
0,,0,,,,0,1,0
0,,0,,,,0,1,0
0,,0,,,,0,1,0
0,,0,,,,0,1,0
0,,0,,,,0,1,0
0,,0,,,,0,1,0
0,,0,,,,0,1,0
0,,0,,,,0,1,0
0,,0,,,,0,1,0
0,,0,,,,0,1,0
0,,0,,,,0,1,0
0,,0,,,,0,1,0
0,,0,,,,0,1,0
0,,0,,,,0,1,0
0,,0,,,,0,1,0
0,,0,,,,0,1,0
0,,0,,,,0,1,0
0,,0,,,,0,1,0
0,,0,,,,0,1,0
0,,0,,,,0,1,0
0,,0,,,,0,1,0
0,,0,,,,0,1,0
0,,0,,,,0,1,0
0,,0,,,,0,1,0
0,,0,,,,0,1,0
0,,0,,,,0,1,0
0,,0,,,,0,1,0
0,,0,,,,0,1,0
0,,0,,,,0,1,0
0,,0,,,,0,1,0
0,,0,,,,0,1,0
0,,0,,,,0,1,0
0,,0,,,,0,1,0
0,,0,,,,0,1,0
0,,0,,,,0,1,0
0,,0,,,,0,1,0
0,,0,,,,0,1,0
0,,0,,,,0,1,0
0,,0,,,,0,1,0
0,,0,,,,0,1,0
0,,0,,,,0,1,0
0,,0,,,,0,1,0
0,,0,,,,0,1,0
0,,0,,,,0,1,0
0,,0,,,,0,1,0
0,,0,,,,0,1,0
0,,0,,,,0,1,0
0,,0,,,,0,1,0
0,,0,,,,0,1,0
0,,0,,,,0,1,0
0,,0,,,,0,1,0
0,,0,,,,0,1,0
0,,0,,,,0,1,0
0,,0,,,,0,1,0
0,,0,,,,0,1,0
0,,0,,,,0,1,0
0,,0,,,,0,1,0
0,,0,,,,0,1,0
0,,0,,,,0,1,0
0,,0,,,,0,1,0
0,,0,,,,0,1,0
0,,0,,,,0,1,0
0,,0,,,,0,1,0
0,,0,,,,0,1,0
0,,0,,,,0,1,0
0,,0,,,,0,1,0
0,,0,,,,0,1,0
0,,0,,,,0,1,0
0,,0,,,,0,1,0
0,,0,,,,0,1,0
0,,0,,,,0,1,0
0,,0,,,,0,1,0
0,,0,,,,0,1,0
0,,0,,,,0,1,0
0,,0,,,,0,1,0
0,,0,,,,0,1,0
0,,0,,,,0,1,0
0,,0,,,,0,1,0
0,,0,,,,0,1,0
0,,0,,,,0,1,0
0,,0,,,,0,1,0
0,,0,,,,0,1,0
0,,0,,,,0,1,0
0,,0,,,,0,1,0
0,,0,,,,0,1,0
0,,0,,,,0,1,0
0,,0,,,,0,1,0
0,,0,,,,0,1,0
0,,0,,,,0,1,0
0,,0,,,,0,1,0
0,,0,,,,0,1,0
0,,0,,,,0,1,0
0,,0,,,,0,1,0
0,,0,,,,0,1,0
0,,0,,,,0,1,0
0,,0,,,,0,1,0
0,,0,,,,0,1,0
0,,0,,,,0,1,0
0,,0,,,,0,1,0
0,,0,,,,0,1,0
0,,0,,,,0,1,0
0,,0,,,,0,1,0
0,,0,,,,0,1,0
0,,0,,,,0,1,0
0,,0,,,,0,1,0
0,,0,,,,0,1,0
0,,0,,,,0,1,0
0,,0,,,,0,1,0
0,,0,,,,0,1,0
0,,0,,,,0,1,0
0,,0,,,,0,1,0
0,,0,,,,0,1,0
0,,0,,,,0,1,0
0,,0,,,,0,1,0
0,,0,,,,0,1,0
0,,0,,,,0,1,0
0,,0,,,,0,1,0
0,,0,,,,0,1,0
0,,0,,,,0,1,0
0,,0,,,,0,1,0
0,,0,,,,0,1,0
0,,0,,,,0,1,0
0,,0,,,,0,1,0
0,,0,,,,0,1,0
0,,0,,,,0,1,0
0,,0,,,,0,1,0
0,,0,,,,0,1,0
0,,0,,,,0,1,0
0,,0,,,,0,1,0
0,,0,,,,0,1,0
0,,0,,,,0,1,0
0,,0,,,,0,1,0
0,,0,,,,0,1,0
0,,0,,,,0,1,0
0,,0,,,,0,1,0
0,,0,,,,0,1,0
0,,0,,,,0,1,0
0,,0,,,,0,1,0
0,,0,,,,0,1,0
0,,0,,,,0,1,0
0,,0,,,,0,1,0
0,,0,,,,0,1,0
0,,0,,,,0,1,0
0,,0,,,,0,1,0
0,,0,,,,0,1,0
0,,0,,,,0,1,0
0,,0,,,,0,1,0
0,,0,,,,0,1,0
0,,0,,,,0,1,0
0,,0,,,,0,1,0
0,,0,,,,0,1,0
0,,0,,,,0,1,0
0,,0,,,,0,1,0
0,,0,,,,0,1,0
0,,0,,,,0,1,0
0,,0,,,,0,1,0
0,,0,,,,0,1,0
0,,0,,,,0,1,0
0,,0,,,,0,1,0
0,,0,,,,0,1,0
0,,0,,,,0,1,0
0,,0,,,,0,1,0
0,,0,,,,0,1,0
0,,0,,,,0,1,0
0,,0,,,,0,1,0
0,,0,,,,0,1,0
0,,0,,,,0,1,0
0,,0,,,,0,1,0
0,,0,,,,0,1,0
0,,0,,,,0,1,0
0,,0,,,,0,1,0
0,,0,,,,0,1,0
0,,0,,,,0,1,0
0,,0,,,,0,1,0
0,,0,,,,0,1,0
0,,0,,,,0,1,0
0,,0,,,,0,1,0
0,,0,,,,0,1,0
0,,0,,,,0,1,0
0,,0,,,,0,1,0
0,,0,,,,0,1,0
0,,0,,,,0,1,0
0,,0,,,,0,1,0
0,,0,,,,0,1,0
0,,0,,,,0,1,0
0,,0,,,,0,1,0
0,,0,,,,0,1,0
0,,0,,,,0,1,0
0,,0,,,,0,1,0
0,,0,,,,0,1,0
0,,0,,,,0,1,0
0,,0,,,,0,1,0
0,,0,,,,0,1,0
0,,0,,,,0,1,0
0,,0,,,,0,1,0
0,,0,,,,0,1,0
0,,0,,,,0,1,0
0,,0,,,,0,1,0
0,,0,,,,0,1,0
0,,0,,,,0,1,0
0,,0,,,,0,1,0
0,,0,,,,0,1,0
0,,0,,,,0,1,0
0,,0,,,,0,1,0
0,,0,,,,0,1,0
0,,0,,,,0,1,0
0,,0,,,,0,1,0
0,,0,,,,0,1,0
0,,0,,,,0,1,0
0,,0,,,,0,1,0
0,,0,,,,0,1,0
0,,0,,,,0,1,0
0,,0,,,,0,1,0
0,,0,,,,0,1,0
0,,0,,,,0,1,0
0,,0,,,,0,1,0
0,,0,,,,0,1,0
0,,0,,,,0,1,0
0,,0,,,,0,1,0
0,,0,,,,0,1,0
0,,0,,,,0,1,0
0,,0,,,,0,1,0
0,,0,,,,0,1,0
0,,0,,,,0,1,0
0,,0,,,,0,1,0
0,,0,,,,0,1,0
0,,0,,,,0,1,0
0,,0,,,,0,1,0
0,,0,,,,0,1,0
0,,0,,,,0,1,0
0,,0,,,,0,1,0
0,,0,,,,0,1,0
0,,0,,,,0,1,0
0,,0,,,,0,1,0
0,,0,,,,0,1,0
0,,0,,,,0,1,0
0,,0,,,,0,1,0
0,,0,,,,0,1,0
0,,0,,,,0,1,0
0,,0,,,,0,1,0
0,,0,,,,0,1,0
0,,0,,,,0,1,0
0,,0,,,,0,1,0
0,,0,,,,0,1,0
0,,0,,,,0,1,0
0,,0,,,,0,1,0
0,,0,,,,0,1,0
0,,0,,,,0,1,0
0,,0,,,,0,1,0
0,,0,,,,0,1,0
0,,0,,,,0,1,0
0,,0,,,,0,1,0
0,,0,,,,0,1,0
0,,0,,,,0,1,0
0,,0,,,,0,1,0
0,,0,,,,0,1,0
0,,0,,,,0,1,0
0,,0,,,,0,1,0
0,,0,,,,0,1,0
0,,0,,,,0,1,0
0,,0,,,,0,1,0
0,,0,,,,0,1,0
0,,0,,,,0,1,0
0,,0,,,,0,1,0
0,,0,,,,0,1,0
0,,0,,,,0,1,0
0,,0,,,,0,1,0
0,,0,,,,0,1,0
0,,0,,,,0,1,0
0,,0,,,,0,1,0
0,,0,,,,0,1,0
0,,0,,,,0,1,0
0,,0,,,,0,1,0
0,,0,,,,0,1,0
0,,0,,,,0,1,0
0,,0,,,,0,1,0
0,,0,,,,0,1,0
0,,0,,,,0,1,0
0,,0,,,,0,1,0
0,,0,,,,0,1,0
0,,0,,,,0,1,0
0,,0,,,,0,1,0
0,,0,,,,0,1,0
0,,0,,,,0,1,0
0,,0,,,,0,1,0
0,,0,,,,0,1,0
0,,0,,,,0,1,0
0,,0,,,,0,1,0
0,,0,,,,0,1,0
0,,0,,,,0,1,0
0,,0,,,,0,1,0
0,,0,,,,0,1,0
0,,0,,,,0,1,0
0,,0,,,,0,1,0
0,,0,,,,0,1,0
0,,0,,,,0,1,0
0,,0,,,,0,1,0
0,,0,,,,0,1,0
0,,0,,,,0,1,0
0,,0,,,,0,1,0
0,,0,,,,0,1,0
0,,0,,,,0,1,0
0,,0,,,,0,1,0
0,,0,,,,0,1,0
0,,0,,,,0,1,0
0,,0,,,,0,1,0
0,,0,,,,0,1,0
0,,0,,,,0,1,0
0,,0,,,,0,1,0
0,,0,,,,0,1,0
0,,0,,,,0,1,0
0,,0,,,,0,1,0
0,,0,,,,0,1,0
0,,0,,,,0,1,0
0,,0,,,,0,1,0
0,,0,,,,0,1,0
0,,0,,,,0,1,0
0,,0,,,,0,1,0
0,,0,,,,0,1,0
0,,0,,,,0,1,0
0,,0,,,,0,1,0
0,,0,,,,0,1,0
0,,0,,,,0,1,0
0,,0,,,,0,1,0
0,,0,,,,0,1,0
0,,0,,,,0,1,0
0,,0,,,,0,1,0
0,,0,,,,0,1,0
0,,0,,,,0,1,0
0,,0,,,,0,1,0
0,,0,,,,0,1,0
0,,0,,,,0,1,0
0,,0,,,,0,1,0
0,,0,,,,0,1,0
0,,0,,,,0,1,0
0,,0,,,,0,1,0
0,,0,,,,0,1,0
0,,0,,,,0,1,0
0,,0,,,,0,1,0
0,,0,,,,0,1,0
0,,0,,,,0,1,0
0,,0,,,,0,1,0
0,,0,,,,0,1,0
0,,0,,,,0,1,0
0,,0,,,,0,1,0
0,,0,,,,0,1,0
0,,0,,,,0,1,0
0,,0,,,,0,1,0
0,,0,,,,0,1,0
0,,0,,,,0,1,0
0,,0,,,,0,1,0
0,,0,,,,0,1,0
0,,0,,,,0,1,0
0,,0,,,,0,1,0
0,,0,,,,0,1,0
0,,0,,,,0,1,0
0,,0,,,,0,1,0
0,,0,,,,0,1,0
0,,0,,,,0,1,0
0,,0,,,,0,1,0
0,,0,,,,0,1,0
0,,0,,,,0,1,0
0,,0,,,,0,1,0
0,,0,,,,0,1,0
0,,0,,,,0,1,0
0,,0,,,,0,1,0
0,,0,,,,0,1,0
0,,0,,,,0,1,0
0,,0,,,,0,1,0
0,,0,,,,0,1,0
0,,0,,,,0,1,0
0,,0,,,,0,1,0
0,,0,,,,0,1,0
0,,0,,,,0,1,0
0,,0,,,,0,1,0
0,,0,,,,0,1,0
0,,0,,,,0,1,0
0,,0,,,,0,1,0
0,,0,,,,0,1,0
0,,0,,,,0,1,0
0,,0,,,,0,1,0
0,,0,,,,0,1,0
0,,0,,,,0,1,0
0,,0,,,,0,1,0
0,,0,,,,0,1,0
0,,0,,,,0,1,0
0,,0,,,,0,1,0
0,,0,,,,0,1,0
0,,0,,,,0,1,0
0,,0,,,,0,1,0
0,,0,,,,0,1,0
0,,0,,,,0,1,0
0,,0,,,,0,1,0
0,,0,,,,0,1,0
0,,0,,,,0,1,0
0,,0,,,,0,1,0
0,,0,,,,0,1,0
0,,0,,,,0,1,0
0,,0,,,,0,1,0
0,,0,,,,0,1,0
0,,0,,,,0,1,0
0,,0,,,,0,1,0
0,,0,,,,0,1,0
0,,0,,,,0,1,0
0,,0,,,,0,1,0
0,,0,,,,0,1,0
0,,0,,,,0,1,0
0,,0,,,,0,1,0
0,,0,,,,0,1,0
0,,0,,,,0,1,0
0,,0,,,,0,1,0
0,,0,,,,0,1,0
0,,0,,,,0,1,0
0,,0,,,,0,1,0
0,,0,,,,0,1,0
0,,0,,,,0,1,0
0,,0,,,,0,1,0
0,,0,,,,0,1,0
0,,0,,,,0,1,0
0,,0,,,,0,1,0
0,,0,,,,0,1,0
0,,0,,,,0,1,0
0,,0,,,,0,1,0
0,,0,,,,0,1,0
0,,0,,,,0,1,0
0,,0,,,,0,1,0
0,,0,,,,0,1,0
0,,0,,,,0,1,0
0,,0,,,,0,1,0
0,,0,,,,0,1,0
0,,0,,,,0,1,0
0,,0,,,,0,1,0
0,,0,,,,0,1,0
0,,0,,,,0,1,0
0,,0,,,,0,1,0
0,,0,,,,0,1,0
0,,0,,,,0,1,0
0,,0,,,,0,1,0
0,,0,,,,0,1,0
0,,0,,,,0,1,0
0,,0,,,,0,1,0
0,,0,,,,0,1,0
0,,0,,,,0,1,0
0,,0,,,,0,1,0
0,,0,,,,0,1,0
0,,0,,,,0,1,0
0,,0,,,,0,1,0
0,,0,,,,0,1,0
0,,0,,,,0,1,0
0,,0,,,,0,1,0
0,,0,,,,0,1,0
0,,0,,,,0,1,0
0,,0,,,,0,1,0
0,,0,,,,0,1,0
0,,0,,,,0,1,0
0,,0,,,,0,1,0
0,,0,,,,0,1,0
0,,0,,,,0,1,0
0,,0,,,,0,1,0
0,,0,,,,0,1,0
0,,0,,,,0,1,0
0,,0,,,,0,1,0
0,,0,,,,0,1,0
0,,0,,,,0,1,0
0,,0,,,,0,1,0
0,,0,,,,0,1,0
0,,0,,,,0,1,0
0,,0,,,,0,1,0
0,,0,,,,0,1,0
0,,0,,,,0,1,0
0,,0,,,,0,1,0
0,,0,,,,0,1,0
0,,0,,,,0,1,0
0,,0,,,,0,1,0
0,,0,,,,0,1,0
0,,0,,,,0,1,0
0,,0,,,,0,1,0
0,,0,,,,0,1,0
0,,0,,,,0,1,0
0,,0,,,,0,1,0
0,,0,,,,0,1,0
0,,0,,,,0,1,0
0,,0,,,,0,1,0
0,,0,,,,0,1,0
0,,0,,,,0,1,0
0,,0,,,,0,1,0
0,,0,,,,0,1,0
0,,0,,,,0,1,0
0,,0,,,,0,1,0
0,,0,,,,0,1,0
0,,0,,,,0,1,0
0,,0,,,,0,1,0
0,,0,,,,0,1,0
0,,0,,,,0,1,0
0,,0,,,,0,1,0
0,,0,,,,0,1,0
0,,0,,,,0,1,0
0,,0,,,,0,1,0
0,,0,,,,0,1,0
0,,0,,,,0,1,0
0,,0,,,,0,1,0
0,,0,,,,0,1,0
0,,0,,,,0,1,0
0,,0,,,,0,1,0
0,,0,,,,0,1,0
0,,0,,,,0,1,0
0,,0,,,,0,1,0
0,,0,,,,0,1,0
0,,0,,,,0,1,0
0,,0,,,,0,1,0
0,,0,,,,0,1,0
0,,0,,,,0,1,0
0,,0,,,,0,1,0
0,,0,,,,0,1,0
0,,0,,,,0,1,0
0,,0,,,,0,1,0
0,,0,,,,0,1,0
0,,0,,,,0,1,0
0,,0,,,,0,1,0
0,,0,,,,0,1,0
0,,0,,,,0,1,0
0,,0,,,,0,1,0
0,,0,,,,0,1,0
0,,0,,,,0,1,0
0,,0,,,,0,1,0
0,,0,,,,0,1,0
0,,0,,,,0,1,0
0,,0,,,,0,1,0
0,,0,,,,0,1,0
0,,0,,,,0,1,0
0,,0,,,,0,1,0
0,,0,,,,0,1,0
0,,0,,,,0,1,0
0,,0,,,,0,1,0
0,,0,,,,0,1,0
0,,0,,,,0,1,0
0,,0,,,,0,1,0
0,,0,,,,0,1,0
0,,0,,,,0,1,0
0,,0,,,,0,1,0
0,,0,,,,0,1,0
0,,0,,,,0,1,0
0,,0,,,,0,1,0
0,,0,,,,0,1,0
0,,0,,,,0,1,0
0,,0,,,,0,1,0
0,,0,,,,0,1,0
0,,0,,,,0,1,0
0,,0,,,,0,1,0
0,,0,,,,0,1,0
0,,0,,,,0,1,0
0,,0,,,,0,1,0
0,,0,,,,0,1,0
0,,0,,,,0,1,0
0,,0,,,,0,1,0
0,,0,,,,0,1,0
0,,0,,,,0,1,0
0,,0,,,,0,1,0
0,,0,,,,0,1,0
0,,0,,,,0,1,0
0,,0,,,,0,1,0
0,,0,,,,0,1,0
0,,0,,,,0,1,0
0,,0,,,,0,1,0
0,,0,,,,0,1,0
0,,0,,,,0,1,0
0,,0,,,,0,1,0
0,,0,,,,0,1,0
0,,0,,,,0,1,0
0,,0,,,,0,1,0
0,,0,,,,0,1,0
0,,0,,,,0,1,0
0,,0,,,,0,1,0
0,,0,,,,0,1,0
0,,0,,,,0,1,0
0,,0,,,,0,1,0
0,,0,,,,0,1,0
0,,0,,,,0,1,0
0,,0,,,,0,1,0
0,,0,,,,0,1,0
0,,0,,,,0,1,0
0,,0,,,,0,1,0
0,,0,,,,0,1,0
0,,0,,,,0,1,0
0,,0,,,,0,1,0
0,,0,,,,0,1,0
0,,0,,,,0,1,0
0,,0,,,,0,1,0
0,,0,,,,0,1,0
0,,0,,,,0,1,0
0,,0,,,,0,1,0
0,,0,,,,0,1,0
0,,0,,,,0,1,0
0,,0,,,,0,1,0
0,,0,,,,0,1,0
0,,0,,,,0,1,0
0,,0,,,,0,1,0
0,,0,,,,0,1,0
0,,0,,,,0,1,0
0,,0,,,,0,1,0
0,,0,,,,0,1,0
0,,0,,,,0,1,0
0,,0,,,,0,1,0
0,,0,,,,0,1,0
0,,0,,,,0,1,0
0,,0,,,,0,1,0
0,,0,,,,0,1,0
0,,0,,,,0,1,0
0,,0,,,,0,1,0
0,,0,,,,0,1,0
0,,0,,,,0,1,0
0,,0,,,,0,1,0
0,,0,,,,0,1,0
0,,0,,,,0,1,0
0,,0,,,,0,1,0
0,,0,,,,0,1,0
0,,0,,,,0,1,0
0,,0,,,,0,1,0
0,,0,,,,0,1,0
0,,0,,,,0,1,0
0,,0,,,,0,1,0
0,,0,,,,0,1,0
0,,0,,,,0,1,0
0,,0,,,,0,1,0
0,,0,,,,0,1,0
0,,0,,,,0,1,0
0,,0,,,,0,1,0
0,,0,,,,0,1,0
0,,0,,,,0,1,0
0,,0,,,,0,1,0
0,,0,,,,0,1,0
0,,0,,,,0,1,0
0,,0,,,,0,1,0
0,,0,,,,0,1,0
0,,0,,,,0,1,0
0,,0,,,,0,1,0
0,,0,,,,0,1,0
0,,0,,,,0,1,0
0,,0,,,,0,1,0
0,,0,,,,0,1,0
0,,0,,,,0,1,0
0,,0,,,,0,1,0
0,,0,,,,0,1,0
0,,0,,,,0,1,0
0,,0,,,,0,1,0
0,,0,,,,0,1,0
0,,0,,,,0,1,0
0,,0,,,,0,1,0
0,,0,,,,0,1,0
0,,0,,,,0,1,0
0,,0,,,,0,1,0
0,,0,,,,0,1,0
0,,0,,,,0,1,0
0,,0,,,,0,1,0
0,,0,,,,0,1,0
0,,0,,,,0,1,0
0,,0,,,,0,1,0
0,,0,,,,0,1,0
0,,0,,,,0,1,0
0,,0,,,,0,1,0
0,,0,,,,0,1,0
0,,0,,,,0,1,0
0,,0,,,,0,1,0
0,,0,,,,0,1,0
0,,0,,,,0,1,0
0,,0,,,,0,1,0
0,,0,,,,0,1,0
0,,0,,,,0,1,0
0,,0,,,,0,1,0
0,,0,,,,0,1,0
0,,0,,,,0,1,0
0,,0,,,,0,1,0
0,,0,,,,0,1,0
0,,0,,,,0,1,0
0,,0,,,,0,1,0
0,,0,,,,0,1,0
0,,0,,,,0,1,0
0,,0,,,,0,1,0
0,,0,,,,0,1,0
0,,0,,,,0,1,0
0,,0,,,,0,1,0
0,,0,,,,0,1,0
0,,0,,,,0,1,0
0,,0,,,,0,1,0
0,,0,,,,0,1,0
0,,0,,,,0,1,0
0,,0,,,,0,1,0
0,,0,,,,0,1,0
0,,0,,,,0,1,0
0,,0,,,,0,1,0
0,,0,,,,0,1,0
0,,0,,,,0,1,0
0,,0,,,,0,1,0
0,,0,,,,0,1,0
0,,0,,,,0,1,0
0,,0,,,,0,1,0
0,,0,,,,0,1,0
0,,0,,,,0,1,0
0,,0,,,,0,1,0
0,,0,,,,0,1,0
0,,0,,,,0,1,0
0,,0,,,,0,1,0
0,,0,,,,0,1,0
0,,0,,,,0,1,0
0,,0,,,,0,1,0
0,,0,,,,0,1,0
0,,0,,,,0,1,0
0,,0,,,,0,1,0
0,,0,,,,0,1,0
0,,0,,,,0,1,0
0,,0,,,,0,1,0
0,,0,,,,0,1,0
0,,0,,,,0,1,0
0,,0,,,,0,1,0
0,,0,,,,0,1,0
0,,0,,,,0,1,0
0,,0,,,,0,1,0
0,,0,,,,0,1,0
0,,0,,,,0,1,0
0,,0,,,,0,1,0
0,,0,,,,0,1,0
0,,0,,,,0,1,0
0,,0,,,,0,1,0
0,,0,,,,0,1,0
0,,0,,,,0,1,0
0,,0,,,,0,1,0
0,,0,,,,0,1,0
0,,0,,,,0,1,0
0,,0,,,,0,1,0
0,,0,,,,0,1,0
0,,0,,,,0,1,0
0,,0,,,,0,1,0
0,,0,,,,0,1,0
0,,0,,,,0,1,0
0,,0,,,,0,1,0
0,,0,,,,0,1,0
0,,0,,,,0,1,0
0,,0,,,,0,1,0
0,,0,,,,0,1,0
0,,0,,,,0,1,0
0,,0,,,,0,1,0
0,,0,,,,0,1,0
0,,0,,,,0,1,0
0,,0,,,,0,1,0
0,,0,,,,0,1,0
0,,0,,,,0,1,0
0,,0,,,,0,1,0
0,,0,,,,0,1,0
0,,0,,,,0,1,0
0,,0,,,,0,1,0
0,,0,,,,0,1,0
0,,0,,,,0,1,0
0,,0,,,,0,1,0
0,,0,,,,0,1,0
0,,0,,,,0,1,0
0,,0,,,,0,1,0
0,,0,,,,0,1,0
0,,0,,,,0,1,0
0,,0,,,,0,1,0
0,,0,,,,0,1,0
0,,0,,,,0,1,0
0,,0,,,,0,1,0
0,,0,,,,0,1,0
0,,0,,,,0,1,0
0,,0,,,,0,1,0
0,,0,,,,0,1,0
0,,0,,,,0,1,0
0,,0,,,,0,1,0
0,,0,,,,0,1,0
0,,0,,,,0,1,0
0,,0,,,,0,1,0
0,,0,,,,0,1,0
0,,0,,,,0,1,0
0,,0,,,,0,1,0
0,,0,,,,0,1,0
0,,0,,,,0,1,0
0,,0,,,,0,1,0
0,,0,,,,0,1,0
0,,0,,,,0,1,0
0,,0,,,,0,1,0
0,,0,,,,0,1,0
0,,0,,,,0,1,0
0,,0,,,,0,1,0
0,,0,,,,0,1,0
0,,0,,,,0,1,0
0,,0,,,,0,1,0
0,,0,,,,0,1,0
0,,0,,,,0,1,0
0,,0,,,,0,1,0
0,,0,,,,0,1,0
0,,0,,,,0,1,0
0,,0,,,,0,1,0
0,,0,,,,0,1,0
0,,0,,,,0,1,0
0,,0,,,,0,1,0
0,,0,,,,0,1,0
0,,0,,,,0,1,0
0,,0,,,,0,1,0
0,,0,,,,0,1,0
0,,0,,,,0,1,0
0,,0,,,,0,1,0
0,,0,,,,0,1,0
0,,0,,,,0,1,0
0,,0,,,,0,1,0
0,,0,,,,0,1,0
0,,0,,,,0,1,0
0,,0,,,,0,1,0
0,,0,,,,0,1,0
0,,0,,,,0,1,0
0,,0,,,,0,1,0
0,,0,,,,0,1,0
0,,0,,,,0,1,0
0,,0,,,,0,1,0
0,,0,,,,0,1,0
0,,0,,,,0,1,0
0,,0,,,,0,1,0
0,,0,,,,0,1,0
0,,0,,,,0,1,0
0,,0,,,,0,1,0
0,,0,,,,0,1,0
0,,0,,,,0,1,0
0,,0,,,,0,1,0
0,,0,,,,0,1,0
0,,0,,,,0,1,0
0,,0,,,,0,1,0
0,,0,,,,0,1,0
0,,0,,,,0,1,0
0,,0,,,,0,1,0
0,,0,,,,0,1,0
0,,0,,,,0,1,0
0,,0,,,,0,1,0
0,,0,,,,0,1,0
0,,0,,,,0,1,0
0,,0,,,,0,1,0
0,,0,,,,0,1,0
0,,0,,,,0,1,0
0,,0,,,,0,1,0
0,,0,,,,0,1,0
0,,0,,,,0,1,0
0,,0,,,,0,1,0
0,,0,,,,0,1,0
0,,0,,,,0,1,0
0,,0,,,,0,1,0
0,,0,,,,0,1,0
0,,0,,,,0,1,0
0,,0,,,,0,1,0
0,,0,,,,0,1,0
0,,0,,,,0,1,0
0,,0,,,,0,1,0
0,,0,,,,0,1,0
0,,0,,,,0,1,0
0,,0,,,,0,1,0
0,,0,,,,0,1,0
0,,0,,,,0,1,0
0,,0,,,,0,1,0
0,,0,,,,0,1,0
0,,0,,,,0,1,0
0,,0,,,,0,1,0
0,,0,,,,0,1,0
0,,0,,,,0,1,0
0,,0,,,,0,1,0
0,,0,,,,0,1,0
0,,0,,,,0,1,0
0,,0,,,,0,1,0
0,,0,,,,0,1,0
0,,0,,,,0,1,0
0,,0,,,,0,1,0
0,,0,,,,0,1,0
0,,0,,,,0,1,0
0,,0,,,,0,1,0
0,,0,,,,0,1,0
0,,0,,,,0,1,0
0,,0,,,,0,1,0
0,,0,,,,0,1,0
0,,0,,,,0,1,0
0,,0,,,,0,1,0
0,,0,,,,0,1,0
0,,0,,,,0,1,0
0,,0,,,,0,1,0
0,,0,,,,0,1,0
0,,0,,,,0,1,0
0,,0,,,,0,1,0
0,,0,,,,0,1,0
0,,0,,,,0,1,0
0,,0,,,,0,1,0
0,,0,,,,0,1,0
0,,0,,,,0,1,0
0,,0,,,,0,1,0
0,,0,,,,0,1,0
0,,0,,,,0,1,0
0,,0,,,,0,1,0
0,,0,,,,0,1,0
0,,0,,,,0,1,0
0,,0,,,,0,1,0
0,,0,,,,0,1,0
0,,0,,,,0,1,0
0,,0,,,,0,1,0
0,,0,,,,0,1,0
0,,0,,,,0,1,0
0,,0,,,,0,1,0
0,,0,,,,0,1,0
0,,0,,,,0,1,0
0,,0,,,,0,1,0
0,,0,,,,0,1,0
0,,0,,,,0,1,0
0,,0,,,,0,1,0
0,,0,,,,0,1,0
0,,0,,,,0,1,0
0,,0,,,,0,1,0
0,,0,,,,0,1,0
0,,0,,,,0,1,0
0,,0,,,,0,1,0
0,,0,,,,0,1,0
0,,0,,,,0,1,0
0,,0,,,,0,1,0
0,,0,,,,0,1,0
0,,0,,,,0,1,0
0,,0,,,,0,1,0
0,,0,,,,0,1,0
0,,0,,,,0,1,0
0,,0,,,,0,1,0
0,,0,,,,0,1,0
0,,0,,,,0,1,0
0,,0,,,,0,1,0
0,,0,,,,0,1,0
0,,0,,,,0,1,0
0,,0,,,,0,1,0
0,,0,,,,0,1,0
0,,0,,,,0,1,0
0,,0,,,,0,1,0
0,,0,,,,0,1,0
0,,0,,,,0,1,0
0,,0,,,,0,1,0
0,,0,,,,0,1,0
0,,0,,,,0,1,0
0,,0,,,,0,1,0
0,,0,,,,0,1,0
0,,0,,,,0,1,0
0,,0,,,,0,1,0
0,,0,,,,0,1,0
0,,0,,,,0,1,0
0,,0,,,,0,1,0
0,,0,,,,0,1,0
0,,0,,,,0,1,0
0,,0,,,,0,1,0
0,,0,,,,0,1,0
0,,0,,,,0,1,0
0,,0,,,,0,1,0
0,,0,,,,0,1,0
0,,0,,,,0,1,0
0,,0,,,,0,1,0
0,,0,,,,0,1,0
0,,0,,,,0,1,0
0,,0,,,,0,1,0
0,,0,,,,0,1,0
0,,0,,,,0,1,0
0,,0,,,,0,1,0
0,,0,,,,0,1,0
0,,0,,,,0,1,0
0,,0,,,,0,1,0
0,,0,,,,0,1,0
0,,0,,,,0,1,0
0,,0,,,,0,1,0
0,,0,,,,0,1,0
0,,0,,,,0,1,0
0,,0,,,,0,1,0
0,,0,,,,0,1,0
0,,0,,,,0,1,0
0,,0,,,,0,1,0
0,,0,,,,0,1,0
0,,0,,,,0,1,0
0,,0,,,,0,1,0
0,,0,,,,0,1,0
0,,0,,,,0,1,0
0,,0,,,,0,1,0
0,,0,,,,0,1,0
0,,0,,,,0,1,0
0,,0,,,,0,1,0
0,,0,,,,0,1,0
0,,0,,,,0,1,0
0,,0,,,,0,1,0
0,,0,,,,0,1,0
0,,0,,,,0,1,0
0,,0,,,,0,1,0
0,,0,,,,0,1,0
0,,0,,,,0,1,0
0,,0,,,,0,1,0
0,,0,,,,0,1,0
0,,0,,,,0,1,0
0,,0,,,,0,1,0
0,,0,,,,0,1,0
0,,0,,,,0,1,0
0,,0,,,,0,1,0
0,,0,,,,0,1,0
0,,0,,,,0,1,0
0,,0,,,,0,1,0
0,,0,,,,0,1,0
0,,0,,,,0,1,0
0,,0,,,,0,1,0
0,,0,,,,0,1,0
0,,0,,,,0,1,0
0,,0,,,,0,1,0
0,,0,,,,0,1,0
0,,0,,,,0,1,0
0,,0,,,,0,1,0
0,,0,,,,0,1,0
0,,0,,,,0,1,0
0,,0,,,,0,1,0
0,,0,,,,0,1,0
0,,0,,,,0,1,0
0,,0,,,,0,1,0
0,,0,,,,0,1,0
0,,0,,,,0,1,0
0,,0,,,,0,1,0
0,,0,,,,0,1,0
0,,0,,,,0,1,0
0,,0,,,,0,1,0
0,,0,,,,0,1,0
0,,0,,,,0,1,0
0,,0,,,,0,1,0
0,,0,,,,0,1,0
0,,0,,,,0,1,0
0,,0,,,,0,1,0
0,,0,,,,0,1,0
0,,0,,,,0,1,0
0,,0,,,,0,1,0
0,,0,,,,0,1,0
0,,0,,,,0,1,0
0,,0,,,,0,1,0
0,,0,,,,0,1,0
0,,0,,,,0,1,0
0,,0,,,,0,1,0
0,,0,,,,0,1,0
0,,0,,,,0,1,0
0,,0,,,,0,1,0
0,,0,,,,0,1,0
0,,0,,,,0,1,0
0,,0,,,,0,1,0
0,,0,,,,0,1,0
0,,0,,,,0,1,0
0,,0,,,,0,1,0
0,,0,,,,0,1,0
0,,0,,,,0,1,0
0,,0,,,,0,1,0
0,,0,,,,0,1,0
0,,0,,,,0,1,0
0,,0,,,,0,1,0
0,,0,,,,0,1,0
0,,0,,,,0,1,0
0,,0,,,,0,1,0
0,,0,,,,0,1,0
0,,0,,,,0,1,0
0,,0,,,,0,1,0
0,,0,,,,0,1,0
0,,0,,,,0,1,0
0,,0,,,,0,1,0
0,,0,,,,0,1,0
0,,0,,,,0,1,0
0,,0,,,,0,1,0
0,,0,,,,0,1,0
0,,0,,,,0,1,0
0,,0,,,,0,1,0
0,,0,,,,0,1,0
0,,0,,,,0,1,0
0,,0,,,,0,1,0
0,,0,,,,0,1,0
0,,0,,,,0,1,0
0,,0,,,,0,1,0
0,,0,,,,0,1,0
0,,0,,,,0,1,0
0,,0,,,,0,1,0
0,,0,,,,0,1,0
0,,0,,,,0,1,0
0,,0,,,,0,1,0
0,,0,,,,0,1,0
0,,0,,,,0,1,0
0,,0,,,,0,1,0
0,,0,,,,0,1,0
0,,0,,,,0,1,0
0,,0,,,,0,1,0
0,,0,,,,0,1,0
0,,0,,,,0,1,0
0,,0,,,,0,1,0
0,,0,,,,0,1,0
0,,0,,,,0,1,0
0,,0,,,,0,1,0
0,,0,,,,0,1,0
0,,0,,,,0,1,0
0,,0,,,,0,1,0
0,,0,,,,0,1,0
0,,0,,,,0,1,0
0,,0,,,,0,1,0
0,,0,,,,0,1,0
0,,0,,,,0,1,0
0,,0,,,,0,1,0
0,,0,,,,0,1,0
0,,0,,,,0,1,0
0,,0,,,,0,1,0
0,,0,,,,0,1,0
0,,0,,,,0,1,0
0,,0,,,,0,1,0
0,,0,,,,0,1,0
0,,0,,,,0,1,0
0,,0,,,,0,1,0
0,,0,,,,0,1,0
0,,0,,,,0,1,0
0,,0,,,,0,1,0
0,,0,,,,0,1,0
0,,0,,,,0,1,0
0,,0,,,,0,1,0
0,,0,,,,0,1,0
0,,0,,,,0,1,0
0,,0,,,,0,1,0
0,,0,,,,0,1,0
0,,0,,,,0,1,0
0,,0,,,,0,1,0
0,,0,,,,0,1,0
0,,0,,,,0,1,0
0,,0,,,,0,1,0
0,,0,,,,0,1,0
0,,0,,,,0,1,0
0,,0,,,,0,1,0
0,,0,,,,0,1,0
0,,0,,,,0,1,0
0,,0,,,,0,1,0
0,,0,,,,0,1,0
0,,0,,,,0,1,0
0,,0,,,,0,1,0
0,,0,,,,0,1,0
0,,0,,,,0,1,0
0,,0,,,,0,1,0
0,,0,,,,0,1,0
0,,0,,,,0,1,0
0,,0,,,,0,1,0
0,,0,,,,0,1,0
0,,0,,,,0,1,0
0,,0,,,,0,1,0
0,,0,,,,0,1,0
0,,0,,,,0,1,0
0,,0,,,,0,1,0
0,,0,,,,0,1,0
0,,0,,,,0,1,0
0,,0,,,,0,1,0
0,,0,,,,0,1,0
0,,0,,,,0,1,0
0,,0,,,,0,1,0
0,,0,,,,0,1,0
0,,0,,,,0,1,0
0,,0,,,,0,1,0
0,,0,,,,0,1,0
0,,0,,,,0,1,0
0,,0,,,,0,1,0
0,,0,,,,0,1,0
0,,0,,,,0,1,0
0,,0,,,,0,1,0
0,,0,,,,0,1,0
0,,0,,,,0,1,0
0,,0,,,,0,1,0
0,,0,,,,0,1,0
0,,0,,,,0,1,0
0,,0,,,,0,1,0
0,,0,,,,0,1,0
0,,0,,,,0,1,0
0,,0,,,,0,1,0
0,,0,,,,0,1,0
0,,0,,,,0,1,0
0,,0,,,,0,1,0
0,,0,,,,0,1,0
0,,0,,,,0,1,0
0,,0,,,,0,1,0
0,,0,,,,0,1,0
0,,0,,,,0,1,0
0,,0,,,,0,1,0
0,,0,,,,0,1,0
0,,0,,,,0,1,0
0,,0,,,,0,1,0
0,,0,,,,0,1,0
0,,0,,,,0,1,0
0,,0,,,,0,1,0
0,,0,,,,0,1,0
0,,0,,,,0,1,0
0,,0,,,,0,1,0
0,,0,,,,0,1,0
0,,0,,,,0,1,0
0,,0,,,,0,1,0
0,,0,,,,0,1,0
0,,0,,,,0,1,0
0,,0,,,,0,1,0
0,,0,,,,0,1,0
0,,0,,,,0,1,0
0,,0,,,,0,1,0
0,,0,,,,0,1,0
0,,0,,,,0,1,0
0,,0,,,,0,1,0
0,,0,,,,0,1,0
0,,0,,,,0,1,0
0,,0,,,,0,1,0
0,,0,,,,0,1,0
0,,0,,,,0,1,0
0,,0,,,,0,1,0
0,,0,,,,0,1,0
0,,0,,,,0,1,0
0,,0,,,,0,1,0
0,,0,,,,0,1,0
0,,0,,,,0,1,0
0,,0,,,,0,1,0
0,,0,,,,0,1,0
0,,0,,,,0,1,0
0,,0,,,,0,1,0
0,,0,,,,0,1,0
0,,0,,,,0,1,0
0,,0,,,,0,1,0
0,,0,,,,0,1,0
0,,0,,,,0,1,0
0,,0,,,,0,1,0
0,,0,,,,0,1,0
0,,0,,,,0,1,0
0,,0,,,,0,1,0
0,,0,,,,0,1,0
0,,0,,,,0,1,0
0,,0,,,,0,1,0
0,,0,,,,0,1,0
0,,0,,,,0,1,0
0,,0,,,,0,1,0
0,,0,,,,0,1,0
0,,0,,,,0,1,0
0,,0,,,,0,1,0
0,,0,,,,0,1,0
0,,0,,,,0,1,0
0,,0,,,,0,1,0
0,,0,,,,0,1,0
0,,0,,,,0,1,0
0,,0,,,,0,1,0
0,,0,,,,0,1,0
0,,0,,,,0,1,0
0,,0,,,,0,1,0
0,,0,,,,0,1,0
0,,0,,,,0,1,0
0,,0,,,,0,1,0
0,,0,,,,0,1,0
0,,0,,,,0,1,0
0,,0,,,,0,1,0
0,,0,,,,0,1,0
0,,0,,,,0,1,0
0,,0,,,,0,1,0
0,,0,,,,0,1,0
0,,0,,,,0,1,0
0,,0,,,,0,1,0
0,,0,,,,0,1,0
0,,0,,,,0,1,0
0,,0,,,,0,1,0
0,,0,,,,0,1,0
0,,0,,,,0,1,0
0,,0,,,,0,1,0
0,,0,,,,0,1,0
0,,0,,,,0,1,0
0,,0,,,,0,1,0
0,,0,,,,0,1,0
0,,0,,,,0,1,0
0,,0,,,,0,1,0
0,,0,,,,0,1,0
0,,0,,,,0,1,0
0,,0,,,,0,1,0
0,,0,,,,0,1,0
0,,0,,,,0,1,0
0,,0,,,,0,1,0
0,,0,,,,0,1,0
0,,0,,,,0,1,0
0,,0,,,,0,1,0
0,,0,,,,0,1,0
0,,0,,,,0,1,0
0,,0,,,,0,1,0
0,,0,,,,0,1,0
0,,0,,,,0,1,0
0,,0,,,,0,1,0
0,,0,,,,0,1,0
0,,0,,,,0,1,0
0,,0,,,,0,1,0
0,,0,,,,0,1,0
0,,0,,,,0,1,0
0,,0,,,,0,1,0
0,,0,,,,0,1,0
0,,0,,,,0,1,0
0,,0,,,,0,1,0
0,,0,,,,0,1,0
0,,0,,,,0,1,0
0,,0,,,,0,1,0
0,,0,,,,0,1,0
0,,0,,,,0,1,0
0,,0,,,,0,1,0
0,,0,,,,0,1,0
0,,0,,,,0,1,0
0,,0,,,,0,1,0
0,,0,,,,0,1,0
0,,0,,,,0,1,0
0,,0,,,,0,1,0
0,,0,,,,0,1,0
0,,0,,,,0,1,0
0,,0,,,,0,1,0
0,,0,,,,0,1,0
0,,0,,,,0,1,0
0,,0,,,,0,1,0
0,,0,,,,0,1,0
0,,0,,,,0,1,0
0,,0,,,,0,1,0
0,,0,,,,0,1,0
0,,0,,,,0,1,0
0,,0,,,,0,1,0
0,,0,,,,0,1,0
0,,0,,,,0,1,0
0,,0,,,,0,1,0
0,,0,,,,0,1,0
0,,0,,,,0,1,0
0,,0,,,,0,1,0
0,,0,,,,0,1,0
0,,0,,,,0,1,0
0,,0,,,,0,1,0
0,,0,,,,0,1,0
0,,0,,,,0,1,0
0,,0,,,,0,1,0
0,,0,,,,0,1,0
0,,0,,,,0,1,0
0,,0,,,,0,1,0
0,,0,,,,0,1,0
0,,0,,,,0,1,0
0,,0,,,,0,1,0
0,,0,,,,0,1,0
0,,0,,,,0,1,0
0,,0,,,,0,1,0
0,,0,,,,0,1,0
0,,0,,,,0,1,0
0,,0,,,,0,1,0
0,,0,,,,0,1,0
0,,0,,,,0,1,0
0,,0,,,,0,1,0
0,,0,,,,0,1,0
0,,0,,,,0,1,0
0,,0,,,,0,1,0
0,,0,,,,0,1,0
0,,0,,,,0,1,0
0,,0,,,,0,1,0
0,,0,,,,0,1,0
0,,0,,,,0,1,0
0,,0,,,,0,1,0
0,,0,,,,0,1,0
0,,0,,,,0,1,0
0,,0,,,,0,1,0
0,,0,,,,0,1,0
0,,0,,,,0,1,0
0,,0,,,,0,1,0
0,,0,,,,0,1,0
0,,0,,,,0,1,0
0,,0,,,,0,1,0
0,,0,,,,0,1,0
0,,0,,,,0,1,0
0,,0,,,,0,1,0
0,,0,,,,0,1,0
0,,0,,,,0,1,0
0,,0,,,,0,1,0
0,,0,,,,0,1,0
0,,0,,,,0,1,0
0,,0,,,,0,1,0
0,,0,,,,0,1,0
0,,0,,,,0,1,0
0,,0,,,,0,1,0
0,,0,,,,0,1,0
0,,0,,,,0,1,0
0,,0,,,,0,1,0
0,,0,,,,0,1,0
0,,0,,,,0,1,0
0,,0,,,,0,1,0
0,,0,,,,0,1,0
0,,0,,,,0,1,0
0,,0,,,,0,1,0
0,,0,,,,0,1,0
0,,0,,,,0,1,0
0,,0,,,,0,1,0
0,,0,,,,0,1,0
0,,0,,,,0,1,0
0,,0,,,,0,1,0
0,,0,,,,0,1,0
0,,0,,,,0,1,0
0,,0,,,,0,1,0
0,,0,,,,0,1,0
0,,0,,,,0,1,0
0,,0,,,,0,1,0
0,,0,,,,0,1,0
0,,0,,,,0,1,0
0,,0,,,,0,1,0
0,,0,,,,0,1,0
0,,0,,,,0,1,0
0,,0,,,,0,1,0
0,,0,,,,0,1,0
0,,0,,,,0,1,0
0,,0,,,,0,1,0
0,,0,,,,0,1,0
0,,0,,,,0,1,0
0,,0,,,,0,1,0
0,,0,,,,0,1,0
0,,0,,,,0,1,0
0,,0,,,,0,1,0
0,,0,,,,0,1,0
0,,0,,,,0,1,0
0,,0,,,,0,1,0
0,,0,,,,0,1,0
0,,0,,,,0,1,0
0,,0,,,,0,1,0
0,,0,,,,0,1,0
0,,0,,,,0,1,0
0,,0,,,,0,1,0
0,,0,,,,0,1,0
0,,0,,,,0,1,0
0,,0,,,,0,1,0
0,,0,,,,0,1,0
0,,0,,,,0,1,0
0,,0,,,,0,1,0
0,,0,,,,0,1,0
0,,0,,,,0,1,0
0,,0,,,,0,1,0
0,,0,,,,0,1,0
0,,0,,,,0,1,0
0,,0,,,,0,1,0
0,,0,,,,0,1,0
0,,0,,,,0,1,0
0,,0,,,,0,1,0
0,,0,,,,0,1,0
0,,0,,,,0,1,0
0,,0,,,,0,1,0
0,,0,,,,0,1,0
0,,0,,,,0,1,0
0,,0,,,,0,1,0
0,,0,,,,0,1,0
0,,0,,,,0,1,0
0,,0,,,,0,1,0
0,,0,,,,0,1,0
0,,0,,,,0,1,0
0,,0,,,,0,1,0
0,,0,,,,0,1,0
0,,0,,,,0,1,0
0,,0,,,,0,1,0
0,,0,,,,0,1,0
0,,0,,,,0,1,0
0,,0,,,,0,1,0
0,,0,,,,0,1,0
0,,0,,,,0,1,0
0,,0,,,,0,1,0
0,,0,,,,0,1,0
0,,0,,,,0,1,0
0,,0,,,,0,1,0
0,,0,,,,0,1,0
0,,0,,,,0,1,0
0,,0,,,,0,1,0
0,,0,,,,0,1,0
0,,0,,,,0,1,0
0,,0,,,,0,1,0
0,,0,,,,0,1,0
0,,0,,,,0,1,0
0,,0,,,,0,1,0
0,,0,,,,0,1,0
0,,0,,,,0,1,0
0,,0,,,,0,1,0
0,,0,,,,0,1,0
0,,0,,,,0,1,0
0,,0,,,,0,1,0
0,,0,,,,0,1,0
0,,0,,,,0,1,0
0,,0,,,,0,1,0
0,,0,,,,0,1,0
0,,0,,,,0,1,0
0,,0,,,,0,1,0
0,,0,,,,0,1,0
0,,0,,,,0,1,0
0,,0,,,,0,1,0
0,,0,,,,0,1,0
0,,0,,,,0,1,0
0,,0,,,,0,1,0
0,,0,,,,0,1,0
0,,0,,,,0,1,0
0,,0,,,,0,1,0
0,,0,,,,0,1,0
0,,0,,,,0,1,0
0,,0,,,,0,1,0
0,,0,,,,0,1,0
0,,0,,,,0,1,0
0,,0,,,,0,1,0
0,,0,,,,0,1,0
0,,0,,,,0,1,0
0,,0,,,,0,1,0
0,,0,,,,0,1,0
0,,0,,,,0,1,0
0,,0,,,,0,1,0
0,,0,,,,0,1,0
0,,0,,,,0,1,0
0,,0,,,,0,1,0
0,,0,,,,0,1,0
0,,0,,,,0,1,0
0,,0,,,,0,1,0
0,,0,,,,0,1,0
0,,0,,,,0,1,0
0,,0,,,,0,1,0
0,,0,,,,0,1,0
0,,0,,,,0,1,0
0,,0,,,,0,1,0
0,,0,,,,0,1,0
0,,0,,,,0,1,0
0,,0,,,,0,1,0
0,,0,,,,0,1,0
0,,0,,,,0,1,0
0,,0,,,,0,1,0
0,,0,,,,0,1,0
0,,0,,,,0,1,0
0,,0,,,,0,1,0
0,,0,,,,0,1,0
0,,0,,,,0,1,0
0,,0,,,,0,1,0
0,,0,,,,0,1,0
0,,0,,,,0,1,0
0,,0,,,,0,1,0
0,,0,,,,0,1,0
0,,0,,,,0,1,0
0,,0,,,,0,1,0
0,,0,,,,0,1,0
0,,0,,,,0,1,0
0,,0,,,,0,1,0
0,,0,,,,0,1,0
0,,0,,,,0,1,0
0,,0,,,,0,1,0
0,,0,,,,0,1,0
0,,0,,,,0,1,0
0,,0,,,,0,1,0
0,,0,,,,0,1,0
0,,0,,,,0,1,0
0,,0,,,,0,1,0
0,,0,,,,0,1,0
0,,0,,,,0,1,0
0,,0,,,,0,1,0
0,,0,,,,0,1,0
0,,0,,,,0,1,0
0,,0,,,,0,1,0
0,,0,,,,0,1,0
0,,0,,,,0,1,0
0,,0,,,,0,1,0
0,,0,,,,0,1,0
0,,0,,,,0,1,0
0,,0,,,,0,1,0
0,,0,,,,0,1,0
0,,0,,,,0,1,0
0,,0,,,,0,1,0
0,,0,,,,0,1,0
0,,0,,,,0,1,0
0,,0,,,,0,1,0
0,,0,,,,0,1,0
0,,0,,,,0,1,0
0,,0,,,,0,1,0
0,,0,,,,0,1,0
0,,0,,,,0,1,0
0,,0,,,,0,1,0
0,,0,,,,0,1,0
0,,0,,,,0,1,0
0,,0,,,,0,1,0
0,,0,,,,0,1,0
0,,0,,,,0,1,0
0,,0,,,,0,1,0
0,,0,,,,0,1,0
0,,0,,,,0,1,0
0,,0,,,,0,1,0
0,,0,,,,0,1,0
0,,0,,,,0,1,0
0,,0,,,,0,1,0
0,,0,,,,0,1,0
0,,0,,,,0,1,0
0,,0,,,,0,1,0
0,,0,,,,0,1,0
0,,0,,,,0,1,0
0,,0,,,,0,1,0
0,,0,,,,0,1,0
0,,0,,,,0,1,0
0,,0,,,,0,1,0
0,,0,,,,0,1,0
0,,0,,,,0,1,0
0,,0,,,,0,1,0
0,,0,,,,0,1,0
0,,0,,,,0,1,0
0,,0,,,,0,1,0
0,,0,,,,0,1,0
0,,0,,,,0,1,0
0,,0,,,,0,1,0
0,,0,,,,0,1,0
0,,0,,,,0,1,0
0,,0,,,,0,1,0
0,,0,,,,0,1,0
0,,0,,,,0,1,0
0,,0,,,,0,1,0
0,,0,,,,0,1,0
0,,0,,,,0,1,0
0,,0,,,,0,1,0
0,,0,,,,0,1,0
0,,0,,,,0,1,0
0,,0,,,,0,1,0
0,,0,,,,0,1,0
0,,0,,,,0,1,0
0,,0,,,,0,1,0
0,,0,,,,0,1,0
0,,0,,,,0,1,0
0,,0,,,,0,1,0
0,,0,,,,0,1,0
0,,0,,,,0,1,0
0,,0,,,,0,1,0
0,,0,,,,0,1,0
0,,0,,,,0,1,0
0,,0,,,,0,1,0
0,,0,,,,0,1,0
0,,0,,,,0,1,0
0,,0,,,,0,1,0
0,,0,,,,0,1,0
0,,0,,,,0,1,0
0,,0,,,,0,1,0
0,,0,,,,0,1,0
0,,0,,,,0,1,0
0,,0,,,,0,1,0
0,,0,,,,0,1,0
0,,0,,,,0,1,0
0,,0,,,,0,1,0
0,,0,,,,0,1,0
0,,0,,,,0,1,0
0,,0,,,,0,1,0
0,,0,,,,0,1,0
0,,0,,,,0,1,0
0,,0,,,,0,1,0
0,,0,,,,0,1,0
0,,0,,,,0,1,0
0,,0,,,,0,1,0
0,,0,,,,0,1,0
0,,0,,,,0,1,0
0,,0,,,,0,1,0
0,,0,,,,0,1,0
0,,0,,,,0,1,0
0,,0,,,,0,1,0
0,,0,,,,0,1,0
0,,0,,,,0,1,0
0,,0,,,,0,1,0
0,,0,,,,0,1,0
0,,0,,,,0,1,0
0,,0,,,,0,1,0
0,,0,,,,0,1,0
0,,0,,,,0,1,0
0,,0,,,,0,1,0
0,,0,,,,0,1,0
0,,0,,,,0,1,0
0,,0,,,,0,1,0
0,,0,,,,0,1,0
0,,0,,,,0,1,0
0,,0,,,,0,1,0
0,,0,,,,0,1,0
0,,0,,,,0,1,0
0,,0,,,,0,1,0
0,,0,,,,0,1,0
0,,0,,,,0,1,0
0,,0,,,,0,1,0
0,,0,,,,0,1,0
0,,0,,,,0,1,0
0,,0,,,,0,1,0
0,,0,,,,0,1,0
0,,0,,,,0,1,0
0,,0,,,,0,1,0
0,,0,,,,0,1,0
0,,0,,,,0,1,0
0,,0,,,,0,1,0
0,,0,,,,0,1,0
0,,0,,,,0,1,0
0,,0,,,,0,1,0
0,,0,,,,0,1,0
0,,0,,,,0,1,0
0,,0,,,,0,1,0
0,,0,,,,0,1,0
0,,0,,,,0,1,0
0,,0,,,,0,1,0
0,,0,,,,0,1,0
0,,0,,,,0,1,0
0,,0,,,,0,1,0
0,,0,,,,0,1,0
0,,0,,,,0,1,0
0,,0,,,,0,1,0
0,,0,,,,0,1,0
0,,0,,,,0,1,0
0,,0,,,,0,1,0
0,,0,,,,0,1,0
0,,0,,,,0,1,0
0,,0,,,,0,1,0
0,,0,,,,0,1,0
0,,0,,,,0,1,0
0,,0,,,,0,1,0
0,,0,,,,0,1,0
0,,0,,,,0,1,0
0,,0,,,,0,1,0
0,,0,,,,0,1,0
0,,0,,,,0,1,0
0,,0,,,,0,1,0
0,,0,,,,0,1,0
0,,0,,,,0,1,0
0,,0,,,,0,1,0
0,,0,,,,0,1,0
0,,0,,,,0,1,0
0,,0,,,,0,1,0
0,,0,,,,0,1,0
0,,0,,,,0,1,0
0,,0,,,,0,1,0
0,,0,,,,0,1,0
0,,0,,,,0,1,0
0,,0,,,,0,1,0
0,,0,,,,0,1,0
0,,0,,,,0,1,0
0,,0,,,,0,1,0
0,,0,,,,0,1,0
0,,0,,,,0,1,0
0,,0,,,,0,1,0
0,,0,,,,0,1,0
0,,0,,,,0,1,0
0,,0,,,,0,1,0
0,,0,,,,0,1,0
0,,0,,,,0,1,0
0,,0,,,,0,1,0
0,,0,,,,0,1,0
0,,0,,,,0,1,0
0,,0,,,,0,1,0
0,,0,,,,0,1,0
0,,0,,,,0,1,0
0,,0,,,,0,1,0
0,,0,,,,0,1,0
0,,0,,,,0,1,0
0,,0,,,,0,1,0
0,,0,,,,0,1,0
0,,0,,,,0,1,0
0,,0,,,,0,1,0
0,,0,,,,0,1,0
0,,0,,,,0,1,0
0,,0,,,,0,1,0
0,,0,,,,0,1,0
0,,0,,,,0,1,0
0,,0,,,,0,1,0
0,,0,,,,0,1,0
0,,0,,,,0,1,0
0,,0,,,,0,1,0
0,,0,,,,0,1,0
0,,0,,,,0,1,0
0,,0,,,,0,1,0
0,,0,,,,0,1,0
0,,0,,,,0,1,0
0,,0,,,,0,1,0
0,,0,,,,0,1,0
0,,0,,,,0,1,0
0,,0,,,,0,1,0
0,,0,,,,0,1,0
0,,0,,,,0,1,0
0,,0,,,,0,1,0
0,,0,,,,0,1,0
0,,0,,,,0,1,0
0,,0,,,,0,1,0
0,,0,,,,0,1,0
0,,0,,,,0,1,0
0,,0,,,,0,1,0
0,,0,,,,0,1,0
0,,0,,,,0,1,0
0,,0,,,,0,1,0
0,,0,,,,0,1,0
0,,0,,,,0,1,0
0,,0,,,,0,1,0
0,,0,,,,0,1,0
0,,0,,,,0,1,0
0,,0,,,,0,1,0
0,,0,,,,0,1,0
0,,0,,,,0,1,0
0,,0,,,,0,1,0
0,,0,,,,0,1,0
0,,0,,,,0,1,0
0,,0,,,,0,1,0
0,,0,,,,0,1,0
0,,0,,,,0,1,0
0,,0,,,,0,1,0
0,,0,,,,0,1,0
0,,0,,,,0,1,0
0,,0,,,,0,1,0
0,,0,,,,0,1,0
0,,0,,,,0,1,0
0,,0,,,,0,1,0
0,,0,,,,0,1,0
0,,0,,,,0,1,0
0,,0,,,,0,1,0
0,,0,,,,0,1,0
0,,0,,,,0,1,0
0,,0,,,,0,1,0
0,,0,,,,0,1,0
0,,0,,,,0,1,0
0,,0,,,,0,1,0
0,,0,,,,0,1,0
0,,0,,,,0,1,0
0,,0,,,,0,1,0
0,,0,,,,0,1,0
0,,0,,,,0,1,0
0,,0,,,,0,1,0
0,,0,,,,0,1,0
0,,0,,,,0,1,0
0,,0,,,,0,1,0
0,,0,,,,0,1,0
0,,0,,,,0,1,0
0,,0,,,,0,1,0
0,,0,,,,0,1,0
0,,0,,,,0,1,0
0,,0,,,,0,1,0
0,,0,,,,0,1,0
0,,0,,,,0,1,0
0,,0,,,,0,1,0
0,,0,,,,0,1,0
0,,0,,,,0,1,0
0,,0,,,,0,1,0
0,,0,,,,0,1,0
0,,0,,,,0,1,0
0,,0,,,,0,1,0
0,,0,,,,0,1,0
0,,0,,,,0,1,0
0,,0,,,,0,1,0
0,,0,,,,0,1,0
0,,0,,,,0,1,0
0,,0,,,,0,1,0
0,,0,,,,0,1,0
0,,0,,,,0,1,0
0,,0,,,,0,1,0
0,,0,,,,0,1,0
0,,0,,,,0,1,0
0,,0,,,,0,1,0
0,,0,,,,0,1,0
0,,0,,,,0,1,0
0,,0,,,,0,1,0
0,,0,,,,0,1,0
0,,0,,,,0,1,0
0,,0,,,,0,1,0
0,,0,,,,0,1,0
0,,0,,,,0,1,0
0,,0,,,,0,1,0
0,,0,,,,0,1,0
0,,0,,,,0,1,0
0,,0,,,,0,1,0
0,,0,,,,0,1,0
0,,0,,,,0,1,0
0,,0,,,,0,1,0
0,,0,,,,0,1,0
0,,0,,,,0,1,0
0,,0,,,,0,1,0
0,,0,,,,0,1,0
0,,0,,,,0,1,0
0,,0,,,,0,1,0
0,,0,,,,0,1,0
0,,0,,,,0,1,0
0,,0,,,,0,1,0
0,,0,,,,0,1,0
0,,0,,,,0,1,0
0,,0,,,,0,1,0
0,,0,,,,0,1,0
0,,0,,,,0,1,0
0,,0,,,,0,1,0
0,,0,,,,0,1,0
0,,0,,,,0,1,0
0,,0,,,,0,1,0
0,,0,,,,0,1,0
0,,0,,,,0,1,0
0,,0,,,,0,1,0
0,,0,,,,0,1,0
0,,0,,,,0,1,0
0,,0,,,,0,1,0
0,,0,,,,0,1,0
0,,0,,,,0,1,0
0,,0,,,,0,1,0
0,,0,,,,0,1,0
0,,0,,,,0,1,0
0,,0,,,,0,1,0
0,,0,,,,0,1,0
0,,0,,,,0,1,0
0,,0,,,,0,1,0
0,,0,,,,0,1,0
0,,0,,,,0,1,0
0,,0,,,,0,1,0
0,,0,,,,0,1,0
0,,0,,,,0,1,0
0,,0,,,,0,1,0
0,,0,,,,0,1,0
0,,0,,,,0,1,0
0,,0,,,,0,1,0
0,,0,,,,0,1,0
0,,0,,,,0,1,0
0,,0,,,,0,1,0
0,,0,,,,0,1,0
0,,0,,,,0,1,0
0,,0,,,,0,1,0
0,,0,,,,0,1,0
0,,0,,,,0,1,0
0,,0,,,,0,1,0
0,,0,,,,0,1,0
0,,0,,,,0,1,0
0,,0,,,,0,1,0
0,,0,,,,0,1,0
0,,0,,,,0,1,0
0,,0,,,,0,1,0
0,,0,,,,0,1,0
0,,0,,,,0,1,0
0,,0,,,,0,1,0
0,,0,,,,0,1,0
0,,0,,,,0,1,0
0,,0,,,,0,1,0
0,,0,,,,0,1,0
0,,0,,,,0,1,0
0,,0,,,,0,1,0
0,,0,,,,0,1,0
0,,0,,,,0,1,0
0,,0,,,,0,1,0
0,,0,,,,0,1,0
0,,0,,,,0,1,0
0,,0,,,,0,1,0
0,,0,,,,0,1,0
0,,0,,,,0,1,0
0,,0,,,,0,1,0
0,,0,,,,0,1,0
0,,0,,,,0,1,0
0,,0,,,,0,1,0
0,,0,,,,0,1,0
0,,0,,,,0,1,0
0,,0,,,,0,1,0
0,,0,,,,0,1,0
0,,0,,,,0,1,0
0,,0,,,,0,1,0
0,,0,,,,0,1,0
0,,0,,,,0,1,0
0,,0,,,,0,1,0
0,,0,,,,0,1,0
0,,0,,,,0,1,0
0,,0,,,,0,1,0
0,,0,,,,0,1,0
0,,0,,,,0,1,0
0,,0,,,,0,1,0
0,,0,,,,0,1,0
0,,0,,,,0,1,0
0,,0,,,,0,1,0
0,,0,,,,0,1,0
0,,0,,,,0,1,0
0,,0,,,,0,1,0
0,,0,,,,0,1,0
0,,0,,,,0,1,0
0,,0,,,,0,1,0
0,,0,,,,0,1,0
0,,0,,,,0,1,0
0,,0,,,,0,1,0
0,,0,,,,0,1,0
0,,0,,,,0,1,0
0,,0,,,,0,1,0
0,,0,,,,0,1,0
0,,0,,,,0,1,0
0,,0,,,,0,1,0
0,,0,,,,0,1,0
0,,0,,,,0,1,0
0,,0,,,,0,1,0
0,,0,,,,0,1,0
0,,0,,,,0,1,0
0,,0,,,,0,1,0
0,,0,,,,0,1,0
0,,0,,,,0,1,0
0,,0,,,,0,1,0
0,,0,,,,0,1,0
0,,0,,,,0,1,0
0,,0,,,,0,1,0
0,,0,,,,0,1,0
0,,0,,,,0,1,0
0,,0,,,,0,1,0
0,,0,,,,0,1,0
0,,0,,,,0,1,0
0,,0,,,,0,1,0
0,,0,,,,0,1,0
0,,0,,,,0,1,0
0,,0,,,,0,1,0
0,,0,,,,0,1,0
0,,0,,,,0,1,0
0,,0,,,,0,1,0
0,,0,,,,0,1,0
0,,0,,,,0,1,0
0,,0,,,,0,1,0
0,,0,,,,0,1,0
0,,0,,,,0,1,0
0,,0,,,,0,1,0
0,,0,,,,0,1,0
0,,0,,,,0,1,0
0,,0,,,,0,1,0
0,,0,,,,0,1,0
0,,0,,,,0,1,0
0,,0,,,,0,1,0
0,,0,,,,0,1,0
0,,0,,,,0,1,0
0,,0,,,,0,1,0
0,,0,,,,0,1,0
0,,0,,,,0,1,0
0,,0,,,,0,1,0
0,,0,,,,0,1,0
0,,0,,,,0,1,0
0,,0,,,,0,1,0
0,,0,,,,0,1,0
0,,0,,,,0,1,0
0,,0,,,,0,1,0
0,,0,,,,0,1,0
0,,0,,,,0,1,0
0,,0,,,,0,1,0
0,,0,,,,0,1,0
0,,0,,,,0,1,0
0,,0,,,,0,1,0
0,,0,,,,0,1,0
0,,0,,,,0,1,0
0,,0,,,,0,1,0
0,,0,,,,0,1,0
0,,0,,,,0,1,0
0,,0,,,,0,1,0
0,,0,,,,0,1,0
0,,0,,,,0,1,0
0,,0,,,,0,1,0
0,,0,,,,0,1,0
0,,0,,,,0,1,0
0,,0,,,,0,1,0
0,,0,,,,0,1,0
0,,0,,,,0,1,0
0,,0,,,,0,1,0
0,,0,,,,0,1,0
0,,0,,,,0,1,0
0,,0,,,,0,1,0
0,,0,,,,0,1,0
0,,0,,,,0,1,0
0,,0,,,,0,1,0
0,,0,,,,0,1,0
0,,0,,,,0,1,0
0,,0,,,,0,1,0
0,,0,,,,0,1,0
0,,0,,,,0,1,0
0,,0,,,,0,1,0
0,,0,,,,0,1,0
0,,0,,,,0,1,0
0,,0,,,,0,1,0
0,,0,,,,0,1,0
0,,0,,,,0,1,0
0,,0,,,,0,1,0
0,,0,,,,0,1,0
0,,0,,,,0,1,0
0,,0,,,,0,1,0
0,,0,,,,0,1,0
0,,0,,,,0,1,0
0,,0,,,,0,1,0
0,,0,,,,0,1,0
0,,0,,,,0,1,0
0,,0,,,,0,1,0
0,,0,,,,0,1,0
0,,0,,,,0,1,0
0,,0,,,,0,1,0
0,,0,,,,0,1,0
0,,0,,,,0,1,0
0,,0,,,,0,1,0
0,,0,,,,0,1,0
0,,0,,,,0,1,0
0,,0,,,,0,1,0
0,,0,,,,0,1,0
0,,0,,,,0,1,0
0,,0,,,,0,1,0
0,,0,,,,0,1,0
0,,0,,,,0,1,0
0,,0,,,,0,1,0
0,,0,,,,0,1,0
0,,0,,,,0,1,0
0,,0,,,,0,1,0
0,,0,,,,0,1,0
0,,0,,,,0,1,0
0,,0,,,,0,1,0
0,,0,,,,0,1,0
0,,0,,,,0,1,0
0,,0,,,,0,1,0
0,,0,,,,0,1,0
0,,0,,,,0,1,0
0,,0,,,,0,1,0
0,,0,,,,0,1,0
0,,0,,,,0,1,0
0,,0,,,,0,1,0
0,,0,,,,0,1,0
0,,0,,,,0,1,0
0,,0,,,,0,1,0
0,,0,,,,0,1,0
0,,0,,,,0,1,0
0,,0,,,,0,1,0
0,,0,,,,0,1,0
0,,0,,,,0,1,0
0,,0,,,,0,1,0
0,,0,,,,0,1,0
0,,0,,,,0,1,0
0,,0,,,,0,1,0
0,,0,,,,0,1,0
0,,0,,,,0,1,0
0,,0,,,,0,1,0
0,,0,,,,0,1,0
0,,0,,,,0,1,0
0,,0,,,,0,1,0
0,,0,,,,0,1,0
0,,0,,,,0,1,0
0,,0,,,,0,1,0
0,,0,,,,0,1,0
0,,0,,,,0,1,0
0,,0,,,,0,1,0
0,,0,,,,0,1,0
0,,0,,,,0,1,0
0,,0,,,,0,1,0
0,,0,,,,0,1,0
0,,0,,,,0,1,0
0,,0,,,,0,1,0
0,,0,,,,0,1,0
0,,0,,,,0,1,0
0,,0,,,,0,1,0
0,,0,,,,0,1,0
0,,0,,,,0,1,0
0,,0,,,,0,1,0
0,,0,,,,0,1,0
0,,0,,,,0,1,0
0,,0,,,,0,1,0
0,,0,,,,0,1,0
0,,0,,,,0,1,0
0,,0,,,,0,1,0
0,,0,,,,0,1,0
0,,0,,,,0,1,0
0,,0,,,,0,1,0
0,,0,,,,0,1,0
0,,0,,,,0,1,0
0,,0,,,,0,1,0
0,,0,,,,0,1,0
0,,0,,,,0,1,0
0,,0,,,,0,1,0
0,,0,,,,0,1,0
0,,0,,,,0,1,0
0,,0,,,,0,1,0
0,,0,,,,0,1,0
0,,0,,,,0,1,0
0,,0,,,,0,1,0
0,,0,,,,0,1,0
0,,0,,,,0,1,0
0,,0,,,,0,1,0
0,,0,,,,0,1,0
0,,0,,,,0,1,0
0,,0,,,,0,1,0
0,,0,,,,0,1,0
0,,0,,,,0,1,0
0,,0,,,,0,1,0
0,,0,,,,0,1,0
0,,0,,,,0,1,0
0,,0,,,,0,1,0
0,,0,,,,0,1,0
0,,0,,,,0,1,0
0,,0,,,,0,1,0
0,,0,,,,0,1,0
0,,0,,,,0,1,0
0,,0,,,,0,1,0
0,,0,,,,0,1,0
0,,0,,,,0,1,0
0,,0,,,,0,1,0
0,,0,,,,0,1,0
0,,0,,,,0,1,0
0,,0,,,,0,1,0
0,,0,,,,0,1,0
0,,0,,,,0,1,0
0,,0,,,,0,1,0
0,,0,,,,0,1,0
0,,0,,,,0,1,0
0,,0,,,,0,1,0
0,,0,,,,0,1,0
0,,0,,,,0,1,0
0,,0,,,,0,1,0
0,,0,,,,0,1,0
0,,0,,,,0,1,0
0,,0,,,,0,1,0
0,,0,,,,0,1,0
0,,0,,,,0,1,0
0,,0,,,,0,1,0
0,,0,,,,0,1,0
0,,0,,,,0,1,0
0,,0,,,,0,1,0
0,,0,,,,0,1,0
0,,0,,,,0,1,0
0,,0,,,,0,1,0
0,,0,,,,0,1,0
0,,0,,,,0,1,0
0,,0,,,,0,1,0
0,,0,,,,0,1,0
0,,0,,,,0,1,0
0,,0,,,,0,1,0
0,,0,,,,0,1,0
0,,0,,,,0,1,0
0,,0,,,,0,1,0
0,,0,,,,0,1,0
0,,0,,,,0,1,0
0,,0,,,,0,1,0
0,,0,,,,0,1,0
0,,0,,,,0,1,0
0,,0,,,,0,1,0
0,,0,,,,0,1,0
0,,0,,,,0,1,0
0,,0,,,,0,1,0
0,,0,,,,0,1,0
0,,0,,,,0,1,0
0,,0,,,,0,1,0
0,,0,,,,0,1,0
0,,0,,,,0,1,0
0,,0,,,,0,1,0
0,,0,,,,0,1,0
0,,0,,,,0,1,0
0,,0,,,,0,1,0
0,,0,,,,0,1,0
0,,0,,,,0,1,0
0,,0,,,,0,1,0
0,,0,,,,0,1,0
0,,0,,,,0,1,0
0,,0,,,,0,1,0
0,,0,,,,0,1,0
0,,0,,,,0,1,0
0,,0,,,,0,1,0
0,,0,,,,0,1,0
0,,0,,,,0,1,0
0,,0,,,,0,1,0
0,,0,,,,0,1,0
0,,0,,,,0,1,0
0,,0,,,,0,1,0
0,,0,,,,0,1,0
0,,0,,,,0,1,0
0,,0,,,,0,1,0
0,,0,,,,0,1,0
0,,0,,,,0,1,0
0,,0,,,,0,1,0
0,,0,,,,0,1,0
0,,0,,,,0,1,0
0,,0,,,,0,1,0
0,,0,,,,0,1,0
0,,0,,,,0,1,0
0,,0,,,,0,1,0
0,,0,,,,0,1,0
0,,0,,,,0,1,0
0,,0,,,,0,1,0
0,,0,,,,0,1,0
0,,0,,,,0,1,0
0,,0,,,,0,1,0
0,,0,,,,0,1,0
0,,0,,,,0,1,0
0,,0,,,,0,1,0
0,,0,,,,0,1,0
0,,0,,,,0,1,0
0,,0,,,,0,1,0
0,,0,,,,0,1,0
0,,0,,,,0,1,0
0,,0,,,,0,1,0
0,,0,,,,0,1,0
0,,0,,,,0,1,0
0,,0,,,,0,1,0
0,,0,,,,0,1,0
0,,0,,,,0,1,0
0,,0,,,,0,1,0
0,,0,,,,0,1,0
0,,0,,,,0,1,0
0,,0,,,,0,1,0
0,,0,,,,0,1,0
0,,0,,,,0,1,0
0,,0,,,,0,1,0
0,,0,,,,0,1,0
0,,0,,,,0,1,0
0,,0,,,,0,1,0
0,,0,,,,0,1,0
0,,0,,,,0,1,0
0,,0,,,,0,1,0
0,,0,,,,0,1,0
0,,0,,,,0,1,0
0,,0,,,,0,1,0
0,,0,,,,0,1,0
0,,0,,,,0,1,0
0,,0,,,,0,1,0
0,,0,,,,0,1,0
0,,0,,,,0,1,0
0,,0,,,,0,1,0
0,,0,,,,0,1,0
0,,0,,,,0,1,0
0,,0,,,,0,1,0
0,,0,,,,0,1,0
0,,0,,,,0,1,0
0,,0,,,,0,1,0
0,,0,,,,0,1,0
0,,0,,,,0,1,0
0,,0,,,,0,1,0
0,,0,,,,0,1,0
0,,0,,,,0,1,0
0,,0,,,,0,1,0
0,,0,,,,0,1,0
0,,0,,,,0,1,0
0,,0,,,,0,1,0
0,,0,,,,0,1,0
0,,0,,,,0,1,0
0,,0,,,,0,1,0
0,,0,,,,0,1,0
0,,0,,,,0,1,0
0,,0,,,,0,1,0
0,,0,,,,0,1,0
0,,0,,,,0,1,0
0,,0,,,,0,1,0
0,,0,,,,0,1,0
0,,0,,,,0,1,0
0,,0,,,,0,1,0
0,,0,,,,0,1,0
0,,0,,,,0,1,0
0,,0,,,,0,1,0
0,,0,,,,0,1,0
0,,0,,,,0,1,0
0,,0,,,,0,1,0
0,,0,,,,0,1,0
0,,0,,,,0,1,0
0,,0,,,,0,1,0
0,,0,,,,0,1,0
0,,0,,,,0,1,0
0,,0,,,,0,1,0
0,,0,,,,0,1,0
0,,0,,,,0,1,0
0,,0,,,,0,1,0
0,,0,,,,0,1,0
0,,0,,,,0,1,0
0,,0,,,,0,1,0
0,,0,,,,0,1,0
0,,0,,,,0,1,0
0,,0,,,,0,1,0
0,,0,,,,0,1,0
0,,0,,,,0,1,0
0,,0,,,,0,1,0
0,,0,,,,0,1,0
0,,0,,,,0,1,0
0,,0,,,,0,1,0
0,,0,,,,0,1,0
0,,0,,,,0,1,0
0,,0,,,,0,1,0
0,,0,,,,0,1,0
0,,0,,,,0,1,0
0,,0,,,,0,1,0
0,,0,,,,0,1,0
0,,0,,,,0,1,0
0,,0,,,,0,1,0
0,,0,,,,0,1,0
0,,0,,,,0,1,0
0,,0,,,,0,1,0
0,,0,,,,0,1,0
0,,0,,,,0,1,0
0,,0,,,,0,1,0
0,,0,,,,0,1,0
0,,0,,,,0,1,0
0,,0,,,,0,1,0
0,,0,,,,0,1,0
0,,0,,,,0,1,0
0,,0,,,,0,1,0
0,,0,,,,0,1,0
0,,0,,,,0,1,0
0,,0,,,,0,1,0
0,,0,,,,0,1,0
0,,0,,,,0,1,0
0,,0,,,,0,1,0
0,,0,,,,0,1,0
0,,0,,,,0,1,0
0,,0,,,,0,1,0
0,,0,,,,0,1,0
0,,0,,,,0,1,0
0,,0,,,,0,1,0
0,,0,,,,0,1,0
0,,0,,,,0,1,0
0,,0,,,,0,1,0
0,,0,,,,0,1,0
0,,0,,,,0,1,0
0,,0,,,,0,1,0
0,,0,,,,0,1,0
0,,0,,,,0,1,0
0,,0,,,,0,1,0
0,,0,,,,0,1,0
0,,0,,,,0,1,0
0,,0,,,,0,1,0
0,,0,,,,0,1,0
0,,0,,,,0,1,0
0,,0,,,,0,1,0
0,,0,,,,0,1,0
0,,0,,,,0,1,0
0,,0,,,,0,1,0
0,,0,,,,0,1,0
0,,0,,,,0,1,0
0,,0,,,,0,1,0
0,,0,,,,0,1,0
0,,0,,,,0,1,0
0,,0,,,,0,1,0
0,,0,,,,0,1,0
0,,0,,,,0,1,0
0,,0,,,,0,1,0
0,,0,,,,0,1,0
0,,0,,,,0,1,0
0,,0,,,,0,1,0
0,,0,,,,0,1,0
0,,0,,,,0,1,0
0,,0,,,,0,1,0
0,,0,,,,0,1,0
0,,0,,,,0,1,0
0,,0,,,,0,1,0
0,,0,,,,0,1,0
0,,0,,,,0,1,0
0,,0,,,,0,1,0
0,,0,,,,0,1,0
0,,0,,,,0,1,0
0,,0,,,,0,1,0
0,,0,,,,0,1,0
0,,0,,,,0,1,0
0,,0,,,,0,1,0
0,,0,,,,0,1,0
0,,0,,,,0,1,0
0,,0,,,,0,1,0
0,,0,,,,0,1,0
0,,0,,,,0,1,0
0,,0,,,,0,1,0
0,,0,,,,0,1,0
0,,0,,,,0,1,0
0,,0,,,,0,1,0
0,,0,,,,0,1,0
0,,0,,,,0,1,0
0,,0,,,,0,1,0
0,,0,,,,0,1,0
0,,0,,,,0,1,0
0,,0,,,,0,1,0
0,,0,,,,0,1,0
0,,0,,,,0,1,0
0,,0,,,,0,1,0
0,,0,,,,0,1,0
0,,0,,,,0,1,0
0,,0,,,,0,1,0
0,,0,,,,0,1,0
0,,0,,,,0,1,0
0,,0,,,,0,1,0
0,,0,,,,0,1,0
0,,0,,,,0,1,0
0,,0,,,,0,1,0
0,,0,,,,0,1,0
0,,0,,,,0,1,0
0,,0,,,,0,1,0
0,,0,,,,0,1,0
0,,0,,,,0,1,0
0,,0,,,,0,1,0
0,,0,,,,0,1,0
0,,0,,,,0,1,0
0,,0,,,,0,1,0
0,,0,,,,0,1,0
0,,0,,,,0,1,0
0,,0,,,,0,1,0
0,,0,,,,0,1,0
0,,0,,,,0,1,0
0,,0,,,,0,1,0
0,,0,,,,0,1,0
0,,0,,,,0,1,0
0,,0,,,,0,1,0
0,,0,,,,0,1,0
0,,0,,,,0,1,0
0,,0,,,,0,1,0
0,,0,,,,0,1,0
0,,0,,,,0,1,0
0,,0,,,,0,1,0
0,,0,,,,0,1,0
0,,0,,,,0,1,0
0,,0,,,,0,1,0
0,,0,,,,0,1,0
0,,0,,,,0,1,0
0,,0,,,,0,1,0
0,,0,,,,0,1,0
0,,0,,,,0,1,0
0,,0,,,,0,1,0
0,,0,,,,0,1,0
0,,0,,,,0,1,0
0,,0,,,,0,1,0
0,,0,,,,0,1,0
0,,0,,,,0,1,0
0,,0,,,,0,1,0
0,,0,,,,0,1,0
0,,0,,,,0,1,0
0,,0,,,,0,1,0
0,,0,,,,0,1,0
0,,0,,,,0,1,0
0,,0,,,,0,1,0
0,,0,,,,0,1,0
0,,0,,,,0,1,0
0,,0,,,,0,1,0
0,,0,,,,0,1,0
0,,0,,,,0,1,0
0,,0,,,,0,1,0
0,,0,,,,0,1,0
0,,0,,,,0,1,0
0,,0,,,,0,1,0
0,,0,,,,0,1,0
0,,0,,,,0,1,0
0,,0,,,,0,1,0
0,,0,,,,0,1,0
0,,0,,,,0,1,0
0,,0,,,,0,1,0
0,,0,,,,0,1,0
0,,0,,,,0,1,0
0,,0,,,,0,1,0
0,,0,,,,0,1,0
0,,0,,,,0,1,0
0,,0,,,,0,1,0
0,,0,,,,0,1,0
0,,0,,,,0,1,0
0,,0,,,,0,1,0
0,,0,,,,0,1,0
0,,0,,,,0,1,0
0,,0,,,,0,1,0
0,,0,,,,0,1,0
0,,0,,,,0,1,0
0,,0,,,,0,1,0
0,,0,,,,0,1,0
0,,0,,,,0,1,0
0,,0,,,,0,1,0
0,,0,,,,0,1,0
0,,0,,,,0,1,0
0,,0,,,,0,1,0
0,,0,,,,0,1,0
0,,0,,,,0,1,0
0,,0,,,,0,1,0
0,,0,,,,0,1,0
0,,0,,,,0,1,0
0,,0,,,,0,1,0
0,,0,,,,0,1,0
0,,0,,,,0,1,0
0,,0,,,,0,1,0
0,,0,,,,0,1,0
0,,0,,,,0,1,0
0,,0,,,,0,1,0
0,,0,,,,0,1,0
0,,0,,,,0,1,0
0,,0,,,,0,1,0
0,,0,,,,0,1,0
0,,0,,,,0,1,0
0,,0,,,,0,1,0
0,,0,,,,0,1,0
0,,0,,,,0,1,0
0,,0,,,,0,1,0
0,,0,,,,0,1,0
0,,0,,,,0,1,0
0,,0,,,,0,1,0
0,,0,,,,0,1,0
0,,0,,,,0,1,0
0,,0,,,,0,1,0
0,,0,,,,0,1,0
0,,0,,,,0,1,0
0,,0,,,,0,1,0
0,,0,,,,0,1,0
0,,0,,,,0,1,0
0,,0,,,,0,1,0
0,,0,,,,0,1,0
0,,0,,,,0,1,0
0,,0,,,,0,1,0
0,,0,,,,0,1,0
0,,0,,,,0,1,0
0,,0,,,,0,1,0
0,,0,,,,0,1,0
0,,0,,,,0,1,0
0,,0,,,,0,1,0
0,,0,,,,0,1,0
0,,0,,,,0,1,0
0,,0,,,,0,1,0
0,,0,,,,0,1,0
0,,0,,,,0,1,0
0,,0,,,,0,1,0
0,,0,,,,0,1,0
0,,0,,,,0,1,0
0,,0,,,,0,1,0
0,,0,,,,0,1,0
0,,0,,,,0,1,0
0,,0,,,,0,1,0
0,,0,,,,0,1,0
0,,0,,,,0,1,0
0,,0,,,,0,1,0
0,,0,,,,0,1,0
0,,0,,,,0,1,0
0,,0,,,,0,1,0
0,,0,,,,0,1,0
0,,0,,,,0,1,0
0,,0,,,,0,1,0
0,,0,,,,0,1,0
0,,0,,,,0,1,0
0,,0,,,,0,1,0
0,,0,,,,0,1,0
0,,0,,,,0,1,0
0,,0,,,,0,1,0
0,,0,,,,0,1,0
0,,0,,,,0,1,0
0,,0,,,,0,1,0
0,,0,,,,0,1,0
0,,0,,,,0,1,0
0,,0,,,,0,1,0
0,,0,,,,0,1,0
0,,0,,,,0,1,0
0,,0,,,,0,1,0
0,,0,,,,0,1,0
0,,0,,,,0,1,0
0,,0,,,,0,1,0
0,,0,,,,0,1,0
0,,0,,,,0,1,0
0,,0,,,,0,1,0
0,,0,,,,0,1,0
0,,0,,,,0,1,0
0,,0,,,,0,1,0
0,,0,,,,0,1,0
0,,0,,,,0,1,0
0,,0,,,,0,1,0
0,,0,,,,0,1,0
0,,0,,,,0,1,0
0,,0,,,,0,1,0
0,,0,,,,0,1,0
0,,0,,,,0,1,0
0,,0,,,,0,1,0
0,,0,,,,0,1,0
0,,0,,,,0,1,0
0,,0,,,,0,1,0
0,,0,,,,0,1,0
0,,0,,,,0,1,0
0,,0,,,,0,1,0
0,,0,,,,0,1,0
0,,0,,,,0,1,0
0,,0,,,,0,1,0
0,,0,,,,0,1,0
0,,0,,,,0,1,0
0,,0,,,,0,1,0
0,,0,,,,0,1,0
0,,0,,,,0,1,0
0,,0,,,,0,1,0
0,,0,,,,0,1,0
0,,0,,,,0,1,0
0,,0,,,,0,1,0
0,,0,,,,0,1,0
0,,0,,,,0,1,0
0,,0,,,,0,1,0
0,,0,,,,0,1,0
0,,0,,,,0,1,0
0,,0,,,,0,1,0
0,,0,,,,0,1,0
0,,0,,,,0,1,0
0,,0,,,,0,1,0
0,,0,,,,0,1,0
0,,0,,,,0,1,0
0,,0,,,,0,1,0
0,,0,,,,0,1,0
0,,0,,,,0,1,0
0,,0,,,,0,1,0
0,,0,,,,0,1,0
0,,0,,,,0,1,0
0,,0,,,,0,1,0
0,,0,,,,0,1,0
0,,0,,,,0,1,0
0,,0,,,,0,1,0
0,,0,,,,0,1,0
0,,0,,,,0,1,0
0,,0,,,,0,1,0
0,,0,,,,0,1,0
0,,0,,,,0,1,0
0,,0,,,,0,1,0
0,,0,,,,0,1,0
0,,0,,,,0,1,0
0,,0,,,,0,1,0
0,,0,,,,0,1,0
0,,0,,,,0,1,0
0,,0,,,,0,1,0
0,,0,,,,0,1,0
0,,0,,,,0,1,0
0,,0,,,,0,1,0
0,,0,,,,0,1,0
0,,0,,,,0,1,0
0,,0,,,,0,1,0
0,,0,,,,0,1,0
0,,0,,,,0,1,0
0,,0,,,,0,1,0
0,,0,,,,0,1,0
0,,0,,,,0,1,0
0,,0,,,,0,1,0
0,,0,,,,0,1,0
0,,0,,,,0,1,0
0,,0,,,,0,1,0
0,,0,,,,0,1,0
0,,0,,,,0,1,0
0,,0,,,,0,1,0
0,,0,,,,0,1,0
0,,0,,,,0,1,0
0,,0,,,,0,1,0
0,,0,,,,0,1,0
0,,0,,,,0,1,0
0,,0,,,,0,1,0
0,,0,,,,0,1,0
0,,0,,,,0,1,0
0,,0,,,,0,1,0
0,,0,,,,0,1,0
0,,0,,,,0,1,0
0,,0,,,,0,1,0
0,,0,,,,0,1,0
0,,0,,,,0,1,0
0,,0,,,,0,1,0
0,,0,,,,0,1,0
0,,0,,,,0,1,0
0,,0,,,,0,1,0
0,,0,,,,0,1,0
0,,0,,,,0,1,0
0,,0,,,,0,1,0
0,,0,,,,0,1,0
0,,0,,,,0,1,0
0,,0,,,,0,1,0
0,,0,,,,0,1,0
0,,0,,,,0,1,0
0,,0,,,,0,1,0
0,,0,,,,0,1,0
0,,0,,,,0,1,0
0,,0,,,,0,1,0
0,,0,,,,0,1,0
0,,0,,,,0,1,0
0,,0,,,,0,1,0
0,,0,,,,0,1,0
0,,0,,,,0,1,0
0,,0,,,,0,1,0
0,,0,,,,0,1,0
0,,0,,,,0,1,0
0,,0,,,,0,1,0
0,,0,,,,0,1,0
0,,0,,,,0,1,0
0,,0,,,,0,1,0
0,,0,,,,0,1,0
0,,0,,,,0,1,0
0,,0,,,,0,1,0
0,,0,,,,0,1,0
0,,0,,,,0,1,0
0,,0,,,,0,1,0
0,,0,,,,0,1,0
0,,0,,,,0,1,0
0,,0,,,,0,1,0
0,,0,,,,0,1,0
0,,0,,,,0,1,0
0,,0,,,,0,1,0
0,,0,,,,0,1,0
0,,0,,,,0,1,0
0,,0,,,,0,1,0
0,,0,,,,0,1,0
0,,0,,,,0,1,0
0,,0,,,,0,1,0
0,,0,,,,0,1,0
0,,0,,,,0,1,0
0,,0,,,,0,1,0
0,,0,,,,0,1,0
0,,0,,,,0,1,0
0,,0,,,,0,1,0
0,,0,,,,0,1,0
0,,0,,,,0,1,0
0,,0,,,,0,1,0
0,,0,,,,0,1,0
0,,0,,,,0,1,0
0,,0,,,,0,1,0
0,,0,,,,0,1,0
0,,0,,,,0,1,0
0,,0,,,,0,1,0
0,,0,,,,0,1,0
0,,0,,,,0,1,0
0,,0,,,,0,1,0
0,,0,,,,0,1,0
0,,0,,,,0,1,0
0,,0,,,,0,1,0
0,,0,,,,0,1,0
0,,0,,,,0,1,0
0,,0,,,,0,1,0
0,,0,,,,0,1,0
0,,0,,,,0,1,0
0,,0,,,,0,1,0
0,,0,,,,0,1,0
0,,0,,,,0,1,0
0,,0,,,,0,1,0
0,,0,,,,0,1,0
0,,0,,,,0,1,0
0,,0,,,,0,1,0
0,,0,,,,0,1,0
0,,0,,,,0,1,0
0,,0,,,,0,1,0
0,,0,,,,0,1,0
0,,0,,,,0,1,0
0,,0,,,,0,1,0
0,,0,,,,0,1,0
0,,0,,,,0,1,0
0,,0,,,,0,1,0
0,,0,,,,0,1,0
0,,0,,,,0,1,0
0,,0,,,,0,1,0
0,,0,,,,0,1,0
0,,0,,,,0,1,0
0,,0,,,,0,1,0
0,,0,,,,0,1,0
0,,0,,,,0,1,0
0,,0,,,,0,1,0
0,,0,,,,0,1,0
0,,0,,,,0,1,0
0,,0,,,,0,1,0
0,,0,,,,0,1,0
0,,0,,,,0,1,0
0,,0,,,,0,1,0
0,,0,,,,0,1,0
0,,0,,,,0,1,0
0,,0,,,,0,1,0
0,,0,,,,0,1,0
0,,0,,,,0,1,0
0,,0,,,,0,1,0
0,,0,,,,0,1,0
0,,0,,,,0,1,0
0,,0,,,,0,1,0
0,,0,,,,0,1,0
0,,0,,,,0,1,0
0,,0,,,,0,1,0
0,,0,,,,0,1,0
0,,0,,,,0,1,0
0,,0,,,,0,1,0
0,,0,,,,0,1,0
0,,0,,,,0,1,0
0,,0,,,,0,1,0
0,,0,,,,0,1,0
0,,0,,,,0,1,0
0,,0,,,,0,1,0
0,,0,,,,0,1,0
0,,0,,,,0,1,0
0,,0,,,,0,1,0
0,,0,,,,0,1,0
0,,0,,,,0,1,0
0,,0,,,,0,1,0
0,,0,,,,0,1,0
0,,0,,,,0,1,0
0,,0,,,,0,1,0
0,,0,,,,0,1,0
0,,0,,,,0,1,0
0,,0,,,,0,1,0
0,,0,,,,0,1,0
0,,0,,,,0,1,0
0,,0,,,,0,1,0
0,,0,,,,0,1,0
0,,0,,,,0,1,0
0,,0,,,,0,1,0
0,,0,,,,0,1,0
0,,0,,,,0,1,0
0,,0,,,,0,1,0
0,,0,,,,0,1,0
0,,0,,,,0,1,0
0,,0,,,,0,1,0
0,,0,,,,0,1,0
0,,0,,,,0,1,0
0,,0,,,,0,1,0
0,,0,,,,0,1,0
0,,0,,,,0,1,0
0,,0,,,,0,1,0
0,,0,,,,0,1,0
0,,0,,,,0,1,0
0,,0,,,,0,1,0
0,,0,,,,0,1,0
0,,0,,,,0,1,0
0,,0,,,,0,1,0
0,,0,,,,0,1,0
0,,0,,,,0,1,0
0,,0,,,,0,1,0
0,,0,,,,0,1,0
0,,0,,,,0,1,0
0,,0,,,,0,1,0
0,,0,,,,0,1,0
0,,0,,,,0,1,0
0,,0,,,,0,1,0
0,,0,,,,0,1,0
0,,0,,,,0,1,0
0,,0,,,,0,1,0
0,,0,,,,0,1,0
0,,0,,,,0,1,0
0,,0,,,,0,1,0
0,,0,,,,0,1,0
0,,0,,,,0,1,0
0,,0,,,,0,1,0
0,,0,,,,0,1,0
0,,0,,,,0,1,0
0,,0,,,,0,1,0
0,,0,,,,0,1,0
0,,0,,,,0,1,0
0,,0,,,,0,1,0
0,,0,,,,0,1,0
0,,0,,,,0,1,0
0,,0,,,,0,1,0
0,,0,,,,0,1,0
0,,0,,,,0,1,0
0,,0,,,,0,1,0
0,,0,,,,0,1,0
0,,0,,,,0,1,0
0,,0,,,,0,1,0
0,,0,,,,0,1,0
0,,0,,,,0,1,0
0,,0,,,,0,1,0
0,,0,,,,0,1,0
0,,0,,,,0,1,0
0,,0,,,,0,1,0
0,,0,,,,0,1,0
0,,0,,,,0,1,0
0,,0,,,,0,1,0
0,,0,,,,0,1,0
0,,0,,,,0,1,0
0,,0,,,,0,1,0
0,,0,,,,0,1,0
0,,0,,,,0,1,0
0,,0,,,,0,1,0
0,,0,,,,0,1,0
0,,0,,,,0,1,0
0,,0,,,,0,1,0
0,,0,,,,0,1,0
0,,0,,,,0,1,0
0,,0,,,,0,1,0
0,,0,,,,0,1,0
0,,0,,,,0,1,0
0,,0,,,,0,1,0
0,,0,,,,0,1,0
0,,0,,,,0,1,0
0,,0,,,,0,1,0
0,,0,,,,0,1,0
0,,0,,,,0,1,0
0,,0,,,,0,1,0
0,,0,,,,0,1,0
0,,0,,,,0,1,0
0,,0,,,,0,1,0
0,,0,,,,0,1,0
0,,0,,,,0,1,0
0,,0,,,,0,1,0
0,,0,,,,0,1,0
0,,0,,,,0,1,0
0,,0,,,,0,1,0
0,,0,,,,0,1,0
0,,0,,,,0,1,0
0,,0,,,,0,1,0
0,,0,,,,0,1,0
0,,0,,,,0,1,0
0,,0,,,,0,1,0
0,,0,,,,0,1,0
0,,0,,,,0,1,0
0,,0,,,,0,1,0
0,,0,,,,0,1,0
0,,0,,,,0,1,0
0,,0,,,,0,1,0
0,,0,,,,0,1,0
0,,0,,,,0,1,0
0,,0,,,,0,1,0
0,,0,,,,0,1,0
0,,0,,,,0,1,0
0,,0,,,,0,1,0
0,,0,,,,0,1,0
0,,0,,,,0,1,0
0,,0,,,,0,1,0
0,,0,,,,0,1,0
0,,0,,,,0,1,0
0,,0,,,,0,1,0
0,,0,,,,0,1,0
0,,0,,,,0,1,0
0,,0,,,,0,1,0
0,,0,,,,0,1,0
0,,0,,,,0,1,0
0,,0,,,,0,1,0
0,,0,,,,0,1,0
0,,0,,,,0,1,0
0,,0,,,,0,1,0
0,,0,,,,0,1,0
0,,0,,,,0,1,0
0,,0,,,,0,1,0
0,,0,,,,0,1,0
0,,0,,,,0,1,0
0,,0,,,,0,1,0
0,,0,,,,0,1,0
0,,0,,,,0,1,0
0,,0,,,,0,1,0
0,,0,,,,0,1,0
0,,0,,,,0,1,0
0,,0,,,,0,1,0
0,,0,,,,0,1,0
0,,0,,,,0,1,0
0,,0,,,,0,1,0
0,,0,,,,0,1,0
0,,0,,,,0,1,0
0,,0,,,,0,1,0
0,,0,,,,0,1,0
0,,0,,,,0,1,0
0,,0,,,,0,1,0
0,,0,,,,0,1,0
0,,0,,,,0,1,0
0,,0,,,,0,1,0
0,,0,,,,0,1,0
0,,0,,,,0,1,0
0,,0,,,,0,1,0
0,,0,,,,0,1,0
0,,0,,,,0,1,0
0,,0,,,,0,1,0
0,,0,,,,0,1,0
0,,0,,,,0,1,0
0,,0,,,,0,1,0
0,,0,,,,0,1,0
0,,0,,,,0,1,0
0,,0,,,,0,1,0
0,,0,,,,0,1,0
0,,0,,,,0,1,0
0,,0,,,,0,1,0
0,,0,,,,0,1,0
0,,0,,,,0,1,0
0,,0,,,,0,1,0
0,,0,,,,0,1,0
0,,0,,,,0,1,0
0,,0,,,,0,1,0
0,,0,,,,0,1,0
0,,0,,,,0,1,0
0,,0,,,,0,1,0
0,,0,,,,0,1,0
0,,0,,,,0,1,0
0,,0,,,,0,1,0
0,,0,,,,0,1,0
0,,0,,,,0,1,0
0,,0,,,,0,1,0
0,,0,,,,0,1,0
0,,0,,,,0,1,0
0,,0,,,,0,1,0
0,,0,,,,0,1,0
0,,0,,,,0,1,0
0,,0,,,,0,1,0
0,,0,,,,0,1,0
0,,0,,,,0,1,0
0,,0,,,,0,1,0
0,,0,,,,0,1,0
0,,0,,,,0,1,0
0,,0,,,,0,1,0
0,,0,,,,0,1,0
0,,0,,,,0,1,0
0,,0,,,,0,1,0
0,,0,,,,0,1,0
0,,0,,,,0,1,0
0,,0,,,,0,1,0
0,,0,,,,0,1,0
0,,0,,,,0,1,0
0,,0,,,,0,1,0
0,,0,,,,0,1,0
0,,0,,,,0,1,0
0,,0,,,,0,1,0
0,,0,,,,0,1,0
0,,0,,,,0,1,0
0,,0,,,,0,1,0
0,,0,,,,0,1,0
0,,0,,,,0,1,0
0,,0,,,,0,1,0
0,,0,,,,0,1,0
0,,0,,,,0,1,0
0,,0,,,,0,1,0
0,,0,,,,0,1,0
0,,0,,,,0,1,0
0,,0,,,,0,1,0
0,,0,,,,0,1,0
0,,0,,,,0,1,0
0,,0,,,,0,1,0
0,,0,,,,0,1,0
0,,0,,,,0,1,0
0,,0,,,,0,1,0
0,,0,,,,0,1,0
0,,0,,,,0,1,0
0,,0,,,,0,1,0
0,,0,,,,0,1,0
0,,0,,,,0,1,0
0,,0,,,,0,1,0
0,,0,,,,0,1,0
0,,0,,,,0,1,0
0,,0,,,,0,1,0
0,,0,,,,0,1,0
0,,0,,,,0,1,0
0,,0,,,,0,1,0
0,,0,,,,0,1,0
0,,0,,,,0,1,0
0,,0,,,,0,1,0
0,,0,,,,0,1,0
0,,0,,,,0,1,0
0,,0,,,,0,1,0
0,,0,,,,0,1,0
0,,0,,,,0,1,0
0,,0,,,,0,1,0
0,,0,,,,0,1,0
0,,0,,,,0,1,0
0,,0,,,,0,1,0
0,,0,,,,0,1,0
0,,0,,,,0,1,0
0,,0,,,,0,1,0
0,,0,,,,0,1,0
0,,0,,,,0,1,0
0,,0,,,,0,1,0
0,,0,,,,0,1,0
0,,0,,,,0,1,0
0,,0,,,,0,1,0
0,,0,,,,0,1,0
0,,0,,,,0,1,0
0,,0,,,,0,1,0
0,,0,,,,0,1,0
0,,0,,,,0,1,0
0,,0,,,,0,1,0
0,,0,,,,0,1,0
0,,0,,,,0,1,0
0,,0,,,,0,1,0
0,,0,,,,0,1,0
0,,0,,,,0,1,0
0,,0,,,,0,1,0
0,,0,,,,0,1,0
0,,0,,,,0,1,0
0,,0,,,,0,1,0
0,,0,,,,0,1,0
0,,0,,,,0,1,0
0,,0,,,,0,1,0
0,,0,,,,0,1,0
0,,0,,,,0,1,0
0,,0,,,,0,1,0
0,,0,,,,0,1,0
0,,0,,,,0,1,0
0,,0,,,,0,1,0
0,,0,,,,0,1,0
0,,0,,,,0,1,0
0,,0,,,,0,1,0
0,,0,,,,0,1,0
0,,0,,,,0,1,0
0,,0,,,,0,1,0
0,,0,,,,0,1,0
0,,0,,,,0,1,0
0,,0,,,,0,1,0
0,,0,,,,0,1,0
0,,0,,,,0,1,0
0,,0,,,,0,1,0
0,,0,,,,0,1,0
0,,0,,,,0,1,0
0,,0,,,,0,1,0
0,,0,,,,0,1,0
0,,0,,,,0,1,0
0,,0,,,,0,1,0
0,,0,,,,0,1,0
0,,0,,,,0,1,0
0,,0,,,,0,1,0
0,,0,,,,0,1,0
0,,0,,,,0,1,0
0,,0,,,,0,1,0
0,,0,,,,0,1,0
0,,0,,,,0,1,0
0,,0,,,,0,1,0
0,,0,,,,0,1,0
0,,0,,,,0,1,0
0,,0,,,,0,1,0
0,,0,,,,0,1,0
0,,0,,,,0,1,0
0,,0,,,,0,1,0
0,,0,,,,0,1,0
0,,0,,,,0,1,0
0,,0,,,,0,1,0
0,,0,,,,0,1,0
0,,0,,,,0,1,0
0,,0,,,,0,1,0
0,,0,,,,0,1,0
0,,0,,,,0,1,0
0,,0,,,,0,1,0
0,,0,,,,0,1,0
0,,0,,,,0,1,0
0,,0,,,,0,1,0
0,,0,,,,0,1,0
0,,0,,,,0,1,0
0,,0,,,,0,1,0
0,,0,,,,0,1,0
0,,0,,,,0,1,0
0,,0,,,,0,1,0
0,,0,,,,0,1,0
0,,0,,,,0,1,0
0,,0,,,,0,1,0
0,,0,,,,0,1,0
0,,0,,,,0,1,0
0,,0,,,,0,1,0
0,,0,,,,0,1,0
0,,0,,,,0,1,0
0,,0,,,,0,1,0
0,,0,,,,0,1,0
0,,0,,,,0,1,0
0,,0,,,,0,1,0
0,,0,,,,0,1,0
0,,0,,,,0,1,0
0,,0,,,,0,1,0
0,,0,,,,0,1,0
0,,0,,,,0,1,0
0,,0,,,,0,1,0
0,,0,,,,0,1,0
0,,0,,,,0,1,0
0,,0,,,,0,1,0
0,,0,,,,0,1,0
0,,0,,,,0,1,0
0,,0,,,,0,1,0
0,,0,,,,0,1,0
0,,0,,,,0,1,0
0,,0,,,,0,1,0
0,,0,,,,0,1,0
0,,0,,,,0,1,0
0,,0,,,,0,1,0
0,,0,,,,0,1,0
0,,0,,,,0,1,0
0,,0,,,,0,1,0
0,,0,,,,0,1,0
0,,0,,,,0,1,0
0,,0,,,,0,1,0
0,,0,,,,0,1,0
0,,0,,,,0,1,0
0,,0,,,,0,1,0
0,,0,,,,0,1,0
0,,0,,,,0,1,0
0,,0,,,,0,1,0
0,,0,,,,0,1,0
0,,0,,,,0,1,0
0,,0,,,,0,1,0
0,,0,,,,0,1,0
0,,0,,,,0,1,0
0,,0,,,,0,1,0
0,,0,,,,0,1,0
0,,0,,,,0,1,0
0,,0,,,,0,1,0
0,,0,,,,0,1,0
0,,0,,,,0,1,0
0,,0,,,,0,1,0
0,,0,,,,0,1,0
0,,0,,,,0,1,0
0,,0,,,,0,1,0
0,,0,,,,0,1,0
0,,0,,,,0,1,0
0,,0,,,,0,1,0
0,,0,,,,0,1,0
0,,0,,,,0,1,0
0,,0,,,,0,1,0
0,,0,,,,0,1,0
0,,0,,,,0,1,0
0,,0,,,,0,1,0
0,,0,,,,0,1,0
0,,0,,,,0,1,0
0,,0,,,,0,1,0
0,,0,,,,0,1,0
0,,0,,,,0,1,0
0,,0,,,,0,1,0
0,,0,,,,0,1,0
0,,0,,,,0,1,0
0,,0,,,,0,1,0
0,,0,,,,0,1,0
0,,0,,,,0,1,0
0,,0,,,,0,1,0
0,,0,,,,0,1,0
0,,0,,,,0,1,0
0,,0,,,,0,1,0
0,,0,,,,0,1,0
0,,0,,,,0,1,0
0,,0,,,,0,1,0
0,,0,,,,0,1,0
0,,0,,,,0,1,0
0,,0,,,,0,1,0
0,,0,,,,0,1,0
0,,0,,,,0,1,0
0,,0,,,,0,1,0
0,,0,,,,0,1,0
0,,0,,,,0,1,0
0,,0,,,,0,1,0
0,,0,,,,0,1,0
0,,0,,,,0,1,0
0,,0,,,,0,1,0
0,,0,,,,0,1,0
0,,0,,,,0,1,0
0,,0,,,,0,1,0
0,,0,,,,0,1,0
0,,0,,,,0,1,0
0,,0,,,,0,1,0
0,,0,,,,0,1,0
0,,0,,,,0,1,0
0,,0,,,,0,1,0
0,,0,,,,0,1,0
0,,0,,,,0,1,0
0,,0,,,,0,1,0
0,,0,,,,0,1,0
0,,0,,,,0,1,0
0,,0,,,,0,1,0
0,,0,,,,0,1,0
0,,0,,,,0,1,0
0,,0,,,,0,1,0
0,,0,,,,0,1,0
0,,0,,,,0,1,0
0,,0,,,,0,1,0
0,,0,,,,0,1,0
0,,0,,,,0,1,0
0,,0,,,,0,1,0
0,,0,,,,0,1,0
0,,0,,,,0,1,0
0,,0,,,,0,1,0
0,,0,,,,0,1,0
0,,0,,,,0,1,0
0,,0,,,,0,1,0
0,,0,,,,0,1,0
0,,0,,,,0,1,0
0,,0,,,,0,1,0
0,,0,,,,0,1,0
0,,0,,,,0,1,0
0,,0,,,,0,1,0
0,,0,,,,0,1,0
0,,0,,,,0,1,0
0,,0,,,,0,1,0
0,,0,,,,0,1,0
0,,0,,,,0,1,0
0,,0,,,,0,1,0
0,,0,,,,0,1,0
0,,0,,,,0,1,0
0,,0,,,,0,1,0
0,,0,,,,0,1,0
0,,0,,,,0,1,0
0,,0,,,,0,1,0
0,,0,,,,0,1,0
0,,0,,,,0,1,0
0,,0,,,,0,1,0
0,,0,,,,0,1,0
0,,0,,,,0,1,0
0,,0,,,,0,1,0
0,,0,,,,0,1,0
0,,0,,,,0,1,0
0,,0,,,,0,1,0
0,,0,,,,0,1,0
0,,0,,,,0,1,0
0,,0,,,,0,1,0
0,,0,,,,0,1,0
0,,0,,,,0,1,0
0,,0,,,,0,1,0
0,,0,,,,0,1,0
0,,0,,,,0,1,0
0,,0,,,,0,1,0
0,,0,,,,0,1,0
0,,0,,,,0,1,0
0,,0,,,,0,1,0
0,,0,,,,0,1,0
0,,0,,,,0,1,0
0,,0,,,,0,1,0
0,,0,,,,0,1,0
0,,0,,,,0,1,0
0,,0,,,,0,1,0
0,,0,,,,0,1,0
0,,0,,,,0,1,0
0,,0,,,,0,1,0
0,,0,,,,0,1,0
0,,0,,,,0,1,0
0,,0,,,,0,1,0
0,,0,,,,0,1,0
0,,0,,,,0,1,0
0,,0,,,,0,1,0
0,,0,,,,0,1,0
0,,0,,,,0,1,0
0,,0,,,,0,1,0
0,,0,,,,0,1,0
0,,0,,,,0,1,0
0,,0,,,,0,1,0
0,,0,,,,0,1,0
0,,0,,,,0,1,0
0,,0,,,,0,1,0
0,,0,,,,0,1,0
0,,0,,,,0,1,0
0,,0,,,,0,1,0
0,,0,,,,0,1,0
0,,0,,,,0,1,0
0,,0,,,,0,1,0
0,,0,,,,0,1,0
0,,0,,,,0,1,0
0,,0,,,,0,1,0
0,,0,,,,0,1,0
0,,0,,,,0,1,0
0,,0,,,,0,1,0
0,,0,,,,0,1,0
0,,0,,,,0,1,0
0,,0,,,,0,1,0
0,,0,,,,0,1,0
0,,0,,,,0,1,0
0,,0,,,,0,1,0
0,,0,,,,0,1,0
0,,0,,,,0,1,0
0,,0,,,,0,1,0
0,,0,,,,0,1,0
0,,0,,,,0,1,0
0,,0,,,,0,1,0
0,,0,,,,0,1,0
0,,0,,,,0,1,0
0,,0,,,,0,1,0
0,,0,,,,0,1,0
0,,0,,,,0,1,0
0,,0,,,,0,1,0
0,,0,,,,0,1,0
0,,0,,,,0,1,0
0,,0,,,,0,1,0
0,,0,,,,0,1,0
0,,0,,,,0,1,0
0,,0,,,,0,1,0
0,,0,,,,0,1,0
0,,0,,,,0,1,0
0,,0,,,,0,1,0
0,,0,,,,0,1,0
0,,0,,,,0,1,0
0,,0,,,,0,1,0
0,,0,,,,0,1,0
0,,0,,,,0,1,0
0,,0,,,,0,1,0
0,,0,,,,0,1,0
0,,0,,,,0,1,0
0,,0,,,,0,1,0
0,,0,,,,0,1,0
0,,0,,,,0,1,0
0,,0,,,,0,1,0
0,,0,,,,0,1,0
0,,0,,,,0,1,0
0,,0,,,,0,1,0
0,,0,,,,0,1,0
0,,0,,,,0,1,0
0,,0,,,,0,1,0
0,,0,,,,0,1,0
0,,0,,,,0,1,0
0,,0,,,,0,1,0
0,,0,,,,0,1,0
0,,0,,,,0,1,0
0,,0,,,,0,1,0
0,,0,,,,0,1,0
0,,0,,,,0,1,0
0,,0,,,,0,1,0
0,,0,,,,0,1,0
0,,0,,,,0,1,0
0,,0,,,,0,1,0
0,,0,,,,0,1,0
0,,0,,,,0,1,0
0,,0,,,,0,1,0
0,,0,,,,0,1,0
0,,0,,,,0,1,0
0,,0,,,,0,1,0
0,,0,,,,0,1,0
0,,0,,,,0,1,0
0,,0,,,,0,1,0
0,,0,,,,0,1,0
0,,0,,,,0,1,0
0,,0,,,,0,1,0
0,,0,,,,0,1,0
0,,0,,,,0,1,0
0,,0,,,,0,1,0
0,,0,,,,0,1,0
0,,0,,,,0,1,0
0,,0,,,,0,1,0
0,,0,,,,0,1,0
0,,0,,,,0,1,0
0,,0,,,,0,1,0
0,,0,,,,0,1,0
0,,0,,,,0,1,0
0,,0,,,,0,1,0
0,,0,,,,0,1,0
0,,0,,,,0,1,0
0,,0,,,,0,1,0
0,,0,,,,0,1,0
0,,0,,,,0,1,0
0,,0,,,,0,1,0
0,,0,,,,0,1,0
0,,0,,,,0,1,0
0,,0,,,,0,1,0
0,,0,,,,0,1,0
0,,0,,,,0,1,0
0,,0,,,,0,1,0
0,,0,,,,0,1,0
0,,0,,,,0,1,0
0,,0,,,,0,1,0
0,,0,,,,0,1,0
0,,0,,,,0,1,0
0,,0,,,,0,1,0
0,,0,,,,0,1,0
0,,0,,,,0,1,0
0,,0,,,,0,1,0
0,,0,,,,0,1,0
0,,0,,,,0,1,0
0,,0,,,,0,1,0
0,,0,,,,0,1,0
0,,0,,,,0,1,0
0,,0,,,,0,1,0
0,,0,,,,0,1,0
0,,0,,,,0,1,0
0,,0,,,,0,1,0
0,,0,,,,0,1,0
0,,0,,,,0,1,0
0,,0,,,,0,1,0
0,,0,,,,0,1,0
0,,0,,,,0,1,0
0,,0,,,,0,1,0
0,,0,,,,0,1,0
0,,0,,,,0,1,0
0,,0,,,,0,1,0
0,,0,,,,0,1,0
0,,0,,,,0,1,0
0,,0,,,,0,1,0
0,,0,,,,0,1,0
0,,0,,,,0,1,0
0,,0,,,,0,1,0
0,,0,,,,0,1,0
0,,0,,,,0,1,0
0,,0,,,,0,1,0
0,,0,,,,0,1,0
0,,0,,,,0,1,0
0,,0,,,,0,1,0
0,,0,,,,0,1,0
0,,0,,,,0,1,0
0,,0,,,,0,1,0
0,,0,,,,0,1,0
0,,0,,,,0,1,0
0,,0,,,,0,1,0
0,,0,,,,0,1,0
0,,0,,,,0,1,0
0,,0,,,,0,1,0
0,,0,,,,0,1,0
0,,0,,,,0,1,0
0,,0,,,,0,1,0
0,,0,,,,0,1,0
0,,0,,,,0,1,0
0,,0,,,,0,1,0
0,,0,,,,0,1,0
0,,0,,,,0,1,0
0,,0,,,,0,1,0
0,,0,,,,0,1,0
0,,0,,,,0,1,0
0,,0,,,,0,1,0
0,,0,,,,0,1,0
0,,0,,,,0,1,0
0,,0,,,,0,1,0
0,,0,,,,0,1,0
0,,0,,,,0,1,0
0,,0,,,,0,1,0
0,,0,,,,0,1,0
0,,0,,,,0,1,0
0,,0,,,,0,1,0
0,,0,,,,0,1,0
0,,0,,,,0,1,0
0,,0,,,,0,1,0
0,,0,,,,0,1,0
0,,0,,,,0,1,0
0,,0,,,,0,1,0
0,,0,,,,0,1,0
0,,0,,,,0,1,0
0,,0,,,,0,1,0
0,,0,,,,0,1,0
0,,0,,,,0,1,0
0,,0,,,,0,1,0
0,,0,,,,0,1,0
0,,0,,,,0,1,0
0,,0,,,,0,1,0
0,,0,,,,0,1,0
0,,0,,,,0,1,0
0,,0,,,,0,1,0
0,,0,,,,0,1,0
0,,0,,,,0,1,0
0,,0,,,,0,1,0
0,,0,,,,0,1,0
0,,0,,,,0,1,0
0,,0,,,,0,1,0
0,,0,,,,0,1,0
0,,0,,,,0,1,0
0,,0,,,,0,1,0
0,,0,,,,0,1,0
0,,0,,,,0,1,0
0,,0,,,,0,1,0
0,,0,,,,0,1,0
0,,0,,,,0,1,0
0,,0,,,,0,1,0
0,,0,,,,0,1,0
0,,0,,,,0,1,0
0,,0,,,,0,1,0
0,,0,,,,0,1,0
0,,0,,,,0,1,0
0,,0,,,,0,1,0
0,,0,,,,0,1,0
0,,0,,,,0,1,0
0,,0,,,,0,1,0
0,,0,,,,0,1,0
0,,0,,,,0,1,0
0,,0,,,,0,1,0
0,,0,,,,0,1,0
0,,0,,,,0,1,0
0,,0,,,,0,1,0
0,,0,,,,0,1,0
0,,0,,,,0,1,0
0,,0,,,,0,1,0
0,,0,,,,0,1,0
0,,0,,,,0,1,0
0,,0,,,,0,1,0
0,,0,,,,0,1,0
0,,0,,,,0,1,0
0,,0,,,,0,1,0
0,,0,,,,0,1,0
0,,0,,,,0,1,0
0,,0,,,,0,1,0
0,,0,,,,0,1,0
0,,0,,,,0,1,0
0,,0,,,,0,1,0
0,,0,,,,0,1,0
0,,0,,,,0,1,0
0,,0,,,,0,1,0
0,,0,,,,0,1,0
0,,0,,,,0,1,0
0,,0,,,,0,1,0
0,,0,,,,0,1,0
0,,0,,,,0,1,0
0,,0,,,,0,1,0
0,,0,,,,0,1,0
0,,0,,,,0,1,0
0,,0,,,,0,1,0
0,,0,,,,0,1,0
0,,0,,,,0,1,0
0,,0,,,,0,1,0
0,,0,,,,0,1,0
0,,0,,,,0,1,0
0,,0,,,,0,1,0
0,,0,,,,0,1,0
0,,0,,,,0,1,0
0,,0,,,,0,1,0
0,,0,,,,0,1,0
0,,0,,,,0,1,0
0,,0,,,,0,1,0
0,,0,,,,0,1,0
0,,0,,,,0,1,0
0,,0,,,,0,1,0
0,,0,,,,0,1,0
0,,0,,,,0,1,0
0,,0,,,,0,1,0
0,,0,,,,0,1,0
0,,0,,,,0,1,0
0,,0,,,,0,1,0
0,,0,,,,0,1,0
0,,0,,,,0,1,0
0,,0,,,,0,1,0
0,,0,,,,0,1,0
0,,0,,,,0,1,0
0,,0,,,,0,1,0
0,,0,,,,0,1,0
0,,0,,,,0,1,0
0,,0,,,,0,1,0
0,,0,,,,0,1,0
0,,0,,,,0,1,0
0,,0,,,,0,1,0
0,,0,,,,0,1,0
0,,0,,,,0,1,0
0,,0,,,,0,1,0
0,,0,,,,0,1,0
0,,0,,,,0,1,0
0,,0,,,,0,1,0
0,,0,,,,0,1,0
0,,0,,,,0,1,0
0,,0,,,,0,1,0
0,,0,,,,0,1,0
0,,0,,,,0,1,0
0,,0,,,,0,1,0
0,,0,,,,0,1,0
0,,0,,,,0,1,0
0,,0,,,,0,1,0
0,,0,,,,0,1,0
0,,0,,,,0,1,0
0,,0,,,,0,1,0
0,,0,,,,0,1,0
0,,0,,,,0,1,0
0,,0,,,,0,1,0
0,,0,,,,0,1,0
0,,0,,,,0,1,0
0,,0,,,,0,1,0
0,,0,,,,0,1,0
0,,0,,,,0,1,0
0,,0,,,,0,1,0
0,,0,,,,0,1,0
0,,0,,,,0,1,0
0,,0,,,,0,1,0
0,,0,,,,0,1,0
0,,0,,,,0,1,0
0,,0,,,,0,1,0
0,,0,,,,0,1,0
0,,0,,,,0,1,0
0,,0,,,,0,1,0
0,,0,,,,0,1,0
0,,0,,,,0,1,0
0,,0,,,,0,1,0
0,,0,,,,0,1,0
0,,0,,,,0,1,0
0,,0,,,,0,1,0
0,,0,,,,0,1,0
0,,0,,,,0,1,0
0,,0,,,,0,1,0
0,,0,,,,0,1,0
0,,0,,,,0,1,0
0,,0,,,,0,1,0
0,,0,,,,0,1,0
0,,0,,,,0,1,0
0,,0,,,,0,1,0
0,,0,,,,0,1,0
0,,0,,,,0,1,0
0,,0,,,,0,1,0
0,,0,,,,0,1,0
0,,0,,,,0,1,0
0,,0,,,,0,1,0
0,,0,,,,0,1,0
0,,0,,,,0,1,0
0,,0,,,,0,1,0
0,,0,,,,0,1,0
0,,0,,,,0,1,0
0,,0,,,,0,1,0
0,,0,,,,0,1,0
0,,0,,,,0,1,0
0,,0,,,,0,1,0
0,,0,,,,0,1,0
0,,0,,,,0,1,0
0,,0,,,,0,1,0
0,,0,,,,0,1,0
0,,0,,,,0,1,0
0,,0,,,,0,1,0
0,,0,,,,0,1,0
0,,0,,,,0,1,0
0,,0,,,,0,1,0
0,,0,,,,0,1,0
0,,0,,,,0,1,0
0,,0,,,,0,1,0
0,,0,,,,0,1,0
0,,0,,,,0,1,0
0,,0,,,,0,1,0
0,,0,,,,0,1,0
0,,0,,,,0,1,0
0,,0,,,,0,1,0
0,,0,,,,0,1,0
0,,0,,,,0,1,0
0,,0,,,,0,1,0
0,,0,,,,0,1,0
0,,0,,,,0,1,0
0,,0,,,,0,1,0
0,,0,,,,0,1,0
0,,0,,,,0,1,0
0,,0,,,,0,1,0
0,,0,,,,0,1,0
0,,0,,,,0,1,0
0,,0,,,,0,1,0
0,,0,,,,0,1,0
0,,0,,,,0,1,0
0,,0,,,,0,1,0
0,,0,,,,0,1,0
0,,0,,,,0,1,0
0,,0,,,,0,1,0
0,,0,,,,0,1,0
0,,0,,,,0,1,0
0,,0,,,,0,1,0
0,,0,,,,0,1,0
0,,0,,,,0,1,0
0,,0,,,,0,1,0
0,,0,,,,0,1,0
0,,0,,,,0,1,0
0,,0,,,,0,1,0
0,,0,,,,0,1,0
0,,0,,,,0,1,0
0,,0,,,,0,1,0
0,,0,,,,0,1,0
0,,0,,,,0,1,0
0,,0,,,,0,1,0
0,,0,,,,0,1,0
0,,0,,,,0,1,0
0,,0,,,,0,1,0
0,,0,,,,0,1,0
0,,0,,,,0,1,0
0,,0,,,,0,1,0
0,,0,,,,0,1,0
0,,0,,,,0,1,0
0,,0,,,,0,1,0
0,,0,,,,0,1,0
0,,0,,,,0,1,0
0,,0,,,,0,1,0
0,,0,,,,0,1,0
0,,0,,,,0,1,0
0,,0,,,,0,1,0
0,,0,,,,0,1,0
0,,0,,,,0,1,0
0,,0,,,,0,1,0
0,,0,,,,0,1,0
0,,0,,,,0,1,0
0,,0,,,,0,1,0
0,,0,,,,0,1,0
0,,0,,,,0,1,0
0,,0,,,,0,1,0
0,,0,,,,0,1,0
0,,0,,,,0,1,0
0,,0,,,,0,1,0
0,,0,,,,0,1,0
0,,0,,,,0,1,0
0,,0,,,,0,1,0
0,,0,,,,0,1,0
0,,0,,,,0,1,0
0,,0,,,,0,1,0
0,,0,,,,0,1,0
0,,0,,,,0,1,0
0,,0,,,,0,1,0
0,,0,,,,0,1,0
0,,0,,,,0,1,0
0,,0,,,,0,1,0
0,,0,,,,0,1,0
0,,0,,,,0,1,0
0,,0,,,,0,1,0
0,,0,,,,0,1,0
0,,0,,,,0,1,0
0,,0,,,,0,1,0
0,,0,,,,0,1,0
0,,0,,,,0,1,0
0,,0,,,,0,1,0
0,,0,,,,0,1,0
0,,0,,,,0,1,0
0,,0,,,,0,1,0
0,,0,,,,0,1,0
0,,0,,,,0,1,0
0,,0,,,,0,1,0
0,,0,,,,0,1,0
0,,0,,,,0,1,0
0,,0,,,,0,1,0
0,,0,,,,0,1,0
0,,0,,,,0,1,0
0,,0,,,,0,1,0
0,,0,,,,0,1,0
0,,0,,,,0,1,0
0,,0,,,,0,1,0
0,,0,,,,0,1,0
0,,0,,,,0,1,0
0,,0,,,,0,1,0
0,,0,,,,0,1,0
0,,0,,,,0,1,0
0,,0,,,,0,1,0
0,,0,,,,0,1,0
0,,0,,,,0,1,0
0,,0,,,,0,1,0
0,,0,,,,0,1,0
0,,0,,,,0,1,0
0,,0,,,,0,1,0
0,,0,,,,0,1,0
0,,0,,,,0,1,0
0,,0,,,,0,1,0
0,,0,,,,0,1,0
0,,0,,,,0,1,0
0,,0,,,,0,1,0
0,,0,,,,0,1,0
0,,0,,,,0,1,0
0,,0,,,,0,1,0
0,,0,,,,0,1,0
0,,0,,,,0,1,0
0,,0,,,,0,1,0
0,,0,,,,0,1,0
0,,0,,,,0,1,0
0,,0,,,,0,1,0
0,,0,,,,0,1,0
0,,0,,,,0,1,0
0,,0,,,,0,1,0
0,,0,,,,0,1,0
0,,0,,,,0,1,0
0,,0,,,,0,1,0
0,,0,,,,0,1,0
0,,0,,,,0,1,0
0,,0,,,,0,1,0
0,,0,,,,0,1,0
0,,0,,,,0,1,0
0,,0,,,,0,1,0
0,,0,,,,0,1,0
0,,0,,,,0,1,0
0,,0,,,,0,1,0
0,,0,,,,0,1,0
0,,0,,,,0,1,0
0,,0,,,,0,1,0
0,,0,,,,0,1,0
0,,0,,,,0,1,0
0,,0,,,,0,1,0
0,,0,,,,0,1,0
0,,0,,,,0,1,0
0,,0,,,,0,1,0
0,,0,,,,0,1,0
0,,0,,,,0,1,0
0,,0,,,,0,1,0
0,,0,,,,0,1,0
0,,0,,,,0,1,0
0,,0,,,,0,1,0
0,,0,,,,0,1,0
0,,0,,,,0,1,0
0,,0,,,,0,1,0
0,,0,,,,0,1,0
0,,0,,,,0,1,0
0,,0,,,,0,1,0
0,,0,,,,0,1,0
0,,0,,,,0,1,0
0,,0,,,,0,1,0
0,,0,,,,0,1,0
0,,0,,,,0,1,0
0,,0,,,,0,1,0
0,,0,,,,0,1,0
0,,0,,,,0,1,0
0,,0,,,,0,1,0
0,,0,,,,0,1,0
0,,0,,,,0,1,0
0,,0,,,,0,1,0
0,,0,,,,0,1,0
0,,0,,,,0,1,0
0,,0,,,,0,1,0
0,,0,,,,0,1,0
0,,0,,,,0,1,0
0,,0,,,,0,1,0
0,,0,,,,0,1,0
0,,0,,,,0,1,0
0,,0,,,,0,1,0
0,,0,,,,0,1,0
0,,0,,,,0,1,0
0,,0,,,,0,1,0
0,,0,,,,0,1,0
0,,0,,,,0,1,0
0,,0,,,,0,1,0
0,,0,,,,0,1,0
0,,0,,,,0,1,0
0,,0,,,,0,1,0
0,,0,,,,0,1,0
0,,0,,,,0,1,0
0,,0,,,,0,1,0
0,,0,,,,0,1,0
0,,0,,,,0,1,0
0,,0,,,,0,1,0
0,,0,,,,0,1,0
0,,0,,,,0,1,0
0,,0,,,,0,1,0
0,,0,,,,0,1,0
0,,0,,,,0,1,0
0,,0,,,,0,1,0
0,,0,,,,0,1,0
0,,0,,,,0,1,0
0,,0,,,,0,1,0
0,,0,,,,0,1,0
0,,0,,,,0,1,0
0,,0,,,,0,1,0
0,,0,,,,0,1,0
0,,0,,,,0,1,0
0,,0,,,,0,1,0
0,,0,,,,0,1,0
0,,0,,,,0,1,0
0,,0,,,,0,1,0
0,,0,,,,0,1,0
0,,0,,,,0,1,0
0,,0,,,,0,1,0
0,,0,,,,0,1,0
0,,0,,,,0,1,0
0,,0,,,,0,1,0
0,,0,,,,0,1,0
0,,0,,,,0,1,0
0,,0,,,,0,1,0
0,,0,,,,0,1,0
0,,0,,,,0,1,0
0,,0,,,,0,1,0
0,,0,,,,0,1,0
0,,0,,,,0,1,0
0,,0,,,,0,1,0
0,,0,,,,0,1,0
0,,0,,,,0,1,0
0,,0,,,,0,1,0
0,,0,,,,0,1,0
0,,0,,,,0,1,0
0,,0,,,,0,1,0
0,,0,,,,0,1,0
0,,0,,,,0,1,0
0,,0,,,,0,1,0
0,,0,,,,0,1,0
0,,0,,,,0,1,0
0,,0,,,,0,1,0
0,,0,,,,0,1,0
0,,0,,,,0,1,0
0,,0,,,,0,1,0
0,,0,,,,0,1,0
0,,0,,,,0,1,0
0,,0,,,,0,1,0
0,,0,,,,0,1,0
0,,0,,,,0,1,0
0,,0,,,,0,1,0
0,,0,,,,0,1,0
0,,0,,,,0,1,0
0,,0,,,,0,1,0
0,,0,,,,0,1,0
0,,0,,,,0,1,0
0,,0,,,,0,1,0
0,,0,,,,0,1,0
0,,0,,,,0,1,0
0,,0,,,,0,1,0
0,,0,,,,0,1,0
0,,0,,,,0,1,0
0,,0,,,,0,1,0
0,,0,,,,0,1,0
0,,0,,,,0,1,0
0,,0,,,,0,1,0
0,,0,,,,0,1,0
0,,0,,,,0,1,0
0,,0,,,,0,1,0
0,,0,,,,0,1,0
0,,0,,,,0,1,0
0,,0,,,,0,1,0
0,,0,,,,0,1,0
0,,0,,,,0,1,0
0,,0,,,,0,1,0
0,,0,,,,0,1,0
0,,0,,,,0,1,0
0,,0,,,,0,1,0
0,,0,,,,0,1,0
0,,0,,,,0,1,0
0,,0,,,,0,1,0
0,,0,,,,0,1,0
0,,0,,,,0,1,0
0,,0,,,,0,1,0
0,,0,,,,0,1,0
0,,0,,,,0,1,0
0,,0,,,,0,1,0
0,,0,,,,0,1,0
0,,0,,,,0,1,0
0,,0,,,,0,1,0
0,,0,,,,0,1,0
0,,0,,,,0,1,0
0,,0,,,,0,1,0
0,,0,,,,0,1,0
0,,0,,,,0,1,0
0,,0,,,,0,1,0
0,,0,,,,0,1,0
0,,0,,,,0,1,0
0,,0,,,,0,1,0
0,,0,,,,0,1,0
0,,0,,,,0,1,0
0,,0,,,,0,1,0
0,,0,,,,0,1,0
0,,0,,,,0,1,0
0,,0,,,,0,1,0
0,,0,,,,0,1,0
0,,0,,,,0,1,0
0,,0,,,,0,1,0
0,,0,,,,0,1,0
0,,0,,,,0,1,0
0,,0,,,,0,1,0
0,,0,,,,0,1,0
0,,0,,,,0,1,0
0,,0,,,,0,1,0
0,,0,,,,0,1,0
0,,0,,,,0,1,0
0,,0,,,,0,1,0
0,,0,,,,0,1,0
0,,0,,,,0,1,0
0,,0,,,,0,1,0
0,,0,,,,0,1,0
0,,0,,,,0,1,0
0,,0,,,,0,1,0
0,,0,,,,0,1,0
0,,0,,,,0,1,0
0,,0,,,,0,1,0
0,,0,,,,0,1,0
0,,0,,,,0,1,0
0,,0,,,,0,1,0
0,,0,,,,0,1,0
0,,0,,,,0,1,0
0,,0,,,,0,1,0
0,,0,,,,0,1,0
0,,0,,,,0,1,0
0,,0,,,,0,1,0
0,,0,,,,0,1,0
0,,0,,,,0,1,0
0,,0,,,,0,1,0
0,,0,,,,0,1,0
0,,0,,,,0,1,0
0,,0,,,,0,1,0
0,,0,,,,0,1,0
0,,0,,,,0,1,0
0,,0,,,,0,1,0
0,,0,,,,0,1,0
0,,0,,,,0,1,0
0,,0,,,,0,1,0
0,,0,,,,0,1,0
0,,0,,,,0,1,0
0,,0,,,,0,1,0
0,,0,,,,0,1,0
0,,0,,,,0,1,0
0,,0,,,,0,1,0
0,,0,,,,0,1,0
0,,0,,,,0,1,0
0,,0,,,,0,1,0
0,,0,,,,0,1,0
0,,0,,,,0,1,0
0,,0,,,,0,1,0
0,,0,,,,0,1,0
0,,0,,,,0,1,0
0,,0,,,,0,1,0
0,,0,,,,0,1,0
0,,0,,,,0,1,0
0,,0,,,,0,1,0
0,,0,,,,0,1,0
0,,0,,,,0,1,0
0,,0,,,,0,1,0
0,,0,,,,,,
