x_center,y_center,z_center,cp
225.1294911702474,-573.0191243489584,293.5191243489583,0.0
205.78296915690103,-592.0765177408854,322.84691365559894,0.0
217.64972941080728,-630.1913045247396,344.5688781738281,0.0
250.09651692708334,-649.2486979166666,336.81219482421875,0.0
-148.28996785481772,-649.2486979166666,-392.4293619791667,0.0
-172.3480656941732,-630.1913045247396,-369.3172912597656,0.0
-160.48130544026694,-592.0765177408854,-347.59532674153644,0.0
-125.349853515625,-573.0191243489584,-348.02899169921875,0.0
-82.02384948730469,-592.0765177408854,-374.32494099934894,0.0
0.4266802469889323,-592.0765177408854,-383.20607503255206,0.0
-39.63554382324219,-573.0191243489584,-367.9680887858073,0.0
-60.94303639729818,-649.2486979166666,-415.24232991536456,0.0
-93.09720357259114,-630.1913045247396,-397.0033467610677,0.0
82.77671432495117,-592.0765177408854,-373.7977803548177,0.0
48.35878117879232,-573.0191243489584,-366.7399597167969,0.0
29.29384994506836,-649.2486979166666,-418.7742614746094,0.0
-9.8074582417806,-630.1913045247396,-407.8019104003906,0.0
118.19965362548828,-649.2486979166666,-402.85081990559894,0.0
73.94592157999675,-630.1913045247396,-401.2362467447917,0.0
206.6880849202474,-592.0765177408854,-322.68731689453125,0.0
157.4579340616862,-573.0191243489584,-334.72939046223956,0.0
201.61477661132812,-649.2486979166666,-368.21392822265625,0.0
154.56552378336588,-630.1913045247396,-377.58180745442706,0.0
271.2693125406901,-592.0765177408854,-270.6658986409505,0.0
232.1661631266276,-573.0191243489584,-288.2192840576172,0.0
275.638188680013,-649.2486979166666,-316.48671468098956,0.0
228.58900451660156,-630.1913045247396,-337.85448201497394,0.0
322.84691365559894,-592.0765177408854,-205.78296915690103,0.0
293.5191243489583,-573.0191243489584,-225.1294911702474,0.0
336.81219482421875,-649.2486979166666,-250.09651692708334,0.0
292.8404184977214,-630.1913045247396,-283.7661641438802,0.0
374.32494099934894,-592.0765177408854,-82.02384948730469,0.0
348.02899169921875,-573.0191243489584,-125.349853515625,0.0
392.4293619791667,-649.2486979166666,-148.28996785481772,0.0
369.3172912597656,-630.1913045247396,-172.3480656941732,0.0
383.20607503255206,-592.0765177408854,0.4266802469889323,0.0
367.9680887858073,-573.0191243489584,-39.63554382324219,0.0
415.24232991536456,-649.2486979166666,-60.94303639729818,0.0
397.0033467610677,-630.1913045247396,-93.09720357259114,0.0
373.7977803548177,-592.0765177408854,82.77671432495117,0.0
366.7399597167969,-573.0191243489584,48.35878117879232,0.0
418.7742614746094,-649.2486979166666,29.29384994506836,0.0
407.8019104003906,-630.1913045247396,-9.8074582417806,0.0
402.85081990559894,-649.2486979166666,118.19965362548828,0.0
401.2362467447917,-630.1913045247396,73.94592157999675,0.0
322.68731689453125,-592.0765177408854,206.6880849202474,0.0
334.72939046223956,-573.0191243489584,157.4579340616862,0.0
368.21392822265625,-649.2486979166666,201.61477661132812,0.0
377.58180745442706,-630.1913045247396,154.56552378336588,0.0
270.6658986409505,-592.0765177408854,271.2693125406901,0.0
288.2192840576172,-573.0191243489584,232.1661631266276,0.0
316.48671468098956,-649.2486979166666,275.638188680013,0.0
337.85448201497394,-630.1913045247396,228.58900451660156,0.0
283.7661641438802,-630.1913045247396,292.8404184977214,0.0
132.30960083007812,-592.0765177408854,-359.2644348144531,0.0
344.5688781738281,-630.1913045247396,-217.64972941080728,0.0
347.59532674153644,-592.0765177408854,-160.48130544026694,0.0
359.2644348144531,-592.0765177408854,132.30960083007812,0.0
-225.1294911702474,-573.0191243489584,-293.5191243489583,0.0
-205.78296915690103,-592.0765177408854,-322.84691365559894,0.0
-217.64972941080728,-630.1913045247396,-344.5688781738281,0.0
-250.09651692708334,-649.2486979166666,-336.81219482421875,0.0
148.28996785481772,-649.2486979166666,392.4293619791667,0.0
172.3480656941732,-630.1913045247396,369.3172912597656,0.0
160.48130544026694,-592.0765177408854,347.59532674153644,0.0
125.349853515625,-573.0191243489584,348.02899169921875,0.0
82.02384948730469,-592.0765177408854,374.32494099934894,0.0
-0.4266802469889323,-592.0765177408854,383.20607503255206,0.0
39.63554382324219,-573.0191243489584,367.9680887858073,0.0
60.94303639729818,-649.2486979166666,415.24232991536456,0.0
93.09720357259114,-630.1913045247396,397.0033467610677,0.0
-82.77671432495117,-592.0765177408854,373.7977803548177,0.0
-48.35878117879232,-573.0191243489584,366.7399597167969,0.0
-29.29384994506836,-649.2486979166666,418.7742614746094,0.0
9.8074582417806,-630.1913045247396,407.8019104003906,0.0
-118.19965362548828,-649.2486979166666,402.85081990559894,0.0
-73.94592157999675,-630.1913045247396,401.2362467447917,0.0
-206.6880849202474,-592.0765177408854,322.68731689453125,0.0
-157.4579340616862,-573.0191243489584,334.72939046223956,0.0
-201.61477661132812,-649.2486979166666,368.21392822265625,0.0
-154.56552378336588,-630.1913045247396,377.58180745442706,0.0
-271.2693125406901,-592.0765177408854,270.6658986409505,0.0
-232.1661631266276,-573.0191243489584,288.2192840576172,0.0
-275.638188680013,-649.2486979166666,316.48671468098956,0.0
-228.58900451660156,-630.1913045247396,337.85448201497394,0.0
-322.84691365559894,-592.0765177408854,205.78296915690103,0.0
-293.5191243489583,-573.0191243489584,225.1294911702474,0.0
-336.81219482421875,-649.2486979166666,250.09651692708334,0.0
-292.8404184977214,-630.1913045247396,283.7661641438802,0.0
-374.32494099934894,-592.0765177408854,82.02384948730469,0.0
-348.02899169921875,-573.0191243489584,125.349853515625,0.0
-392.4293619791667,-649.2486979166666,148.28996785481772,0.0
-369.3172912597656,-630.1913045247396,172.3480656941732,0.0
-383.20607503255206,-592.0765177408854,-0.4266802469889323,0.0
-367.9680887858073,-573.0191243489584,39.63554382324219,0.0
-415.24232991536456,-649.2486979166666,60.94303639729818,0.0
-397.0033467610677,-630.1913045247396,93.09720357259114,0.0
-373.7977803548177,-592.0765177408854,-82.77671432495117,0.0
-366.7399597167969,-573.0191243489584,-48.35878117879232,0.0
-418.7742614746094,-649.2486979166666,-29.29384994506836,0.0
-407.8019104003906,-630.1913045247396,9.8074582417806,0.0
-402.85081990559894,-649.2486979166666,-118.19965362548828,0.0
-401.2362467447917,-630.1913045247396,-73.94592157999675,0.0
-322.68731689453125,-592.0765177408854,-206.6880849202474,0.0
-334.72939046223956,-573.0191243489584,-157.4579340616862,0.0
-368.21392822265625,-649.2486979166666,-201.61477661132812,0.0
-377.58180745442706,-630.1913045247396,-154.56552378336588,0.0
-270.6658986409505,-592.0765177408854,-271.2693125406901,0.0
-288.2192840576172,-573.0191243489584,-232.1661631266276,0.0
-316.48671468098956,-649.2486979166666,-275.638188680013,0.0
-337.85448201497394,-630.1913045247396,-228.58900451660156,0.0
-283.7661641438802,-630.1913045247396,-292.8404184977214,0.0
-132.30960083007812,-592.0765177408854,359.2644348144531,0.0
-344.5688781738281,-630.1913045247396,217.64972941080728,0.0
-347.59532674153644,-592.0765177408854,160.48130544026694,0.0
-359.2644348144531,-592.0765177408854,-132.30960083007812,0.0
267.7774200439453,-985.1570841471354,421.32509358723956,0.0
291.2545471191406,-956.3524373372396,397.9529520670573,0.0
257.9795735677083,-898.7431640625,405.88170369466144,0.0
280.46485392252606,-869.9385375976562,383.1854553222656,0.0
248.1817169189453,-812.3292846679688,390.4383036295573,0.0
269.67515563964844,-783.524658203125,368.41794840494794,0.0
238.3838653564453,-725.9153849283854,374.9949035644531,0.0
-180.43569946289062,-985.1570841471354,-465.47023518880206,0.023536412882087587
-208.02139282226562,-956.3524373372396,-447.12732950846356,0.023536503893312032
-173.8389689127604,-898.7431640625,-448.412109375,0.02353646299462834
-200.3200225830078,-869.9385375976562,-430.5386250813802,0.023536473908524067
-167.24224344889322,-812.3292846679688,-431.35399373372394,0.023536491036156987
-192.61865743001303,-783.524658203125,-413.9499206542969,0.02353644005044928
-186.74798075358072,-725.9153849283854,-403.20372517903644,0.02353649844717859
-86.15993881225586,-985.1570841471354,-491.7276306152344,0.03237467667177722
-116.79410552978516,-956.3524373372396,-479.11887613932294,0.0323745877518629
-83.01784133911133,-898.7431640625,-473.71030680338544,0.032374604100154594
-112.4770113627116,-869.9385375976562,-461.34644571940106,0.032374666539938375
-79.87573877970378,-812.3292846679688,-455.6929931640625,0.032374606859964454
-108.15991719563802,-783.524658203125,-443.5740254720052,0.032374690034276385
-100.60951487223308,-725.9153849283854,-433.0479431152344,0.03806418688156686
11.426898956298828,-985.1570841471354,-499.0881856282552,0.03588235948158172
-21.07848358154297,-956.3524373372396,-492.6981506347656,0.035882230788701244
10.99362055460612,-898.7431640625,-480.8040771484375,0.035882117760259596
-20.31157048543294,-869.9385375976562,-474.42498779296875,0.03588215918487112
10.560342152913412,-812.3292846679688,-462.51995849609375,0.03588211689662789
-19.54465611775716,-783.524658203125,-456.1518249511719,0.03588216017611672
-10.143470764160156,-725.9153849283854,-444.61948649088544,0.04612992319668499
108.57460912068684,-985.1570841471354,-487.26906331380206,0.03295694163705538
75.44717152913411,-956.3524373372396,-487.3432922363281,0.0329570090459174
104.5826047261556,-898.7431640625,-469.4208170572917,0.0329568820097948
72.6344362894694,-869.9385375976562,-469.2716369628906,0.032956779139977355
100.5905990600586,-812.3292846679688,-451.5725504557292,0.03295671425337974
69.82169596354167,-783.524658203125,-451.19996134440106,0.0329567799469998
80.7991205851237,-725.9153849283854,-437.4119364420573,0.04492103680492124
201.54985555013022,-985.1570841471354,-456.72446695963544,0.024515844297477146
169.07343546549478,-956.3524373372396,-463.26011149088544,0.024515902355170538
194.15253194173178,-898.7431640625,-439.9979654947917,0.024515906429621877
162.7891387939453,-869.9385375976562,-446.0844421386719,0.024515873013923557
186.75521341959634,-812.3292846679688,-423.27146402994794,0.024515781097168843
156.50484212239584,-783.524658203125,-428.90875244140625,0.024515723047379374
168.34456888834634,-725.9153849283854,-411.72540283203125,0.03491925851483764
286.7796579996745,-985.1570841471354,-408.6282145182292,0.013338144742250887
256.2023010253906,-956.3524373372396,-421.3741048177083,0.013338134859838322
276.26129659016925,-898.7431640625,-393.66623942057294,0.013338103336458879
246.68794759114584,-869.9385375976562,-405.75445556640625,0.013338165403830413
265.74293518066406,-812.3292846679688,-378.70428466796875,0.013338174680214886
237.17359415690103,-783.524658203125,-390.1348164876302,0.013338095313469144
248.7643788655599,-725.9153849283854,-368.65386962890625,0.019757227121433314
360.9886779785156,-985.1570841471354,-344.82861328125,0.0035838986040641046
333.48546346028644,-956.3524373372396,-363.29494222005206,0.003583875617729367
347.7534891764323,-898.7431640625,-332.20615641276044,0.0035838082763796067
321.10667928059894,-869.9385375976562,-349.83156331380206,0.003583843428996776
334.51829020182294,-812.3292846679688,-319.5836995442708,0.003583834645356511
308.72789510091144,-783.524658203125,-336.3682047526042,0.0035838707587579686
318.6367899576823,-725.9153849283854,-310.03772989908856,0.005588436070249824
421.32509358723956,-985.1570841471354,-267.7774200439453,0.0
397.9529520670573,-956.3524373372396,-291.2545471191406,0.0
405.88170369466144,-898.7431640625,-257.9795735677083,0.0
383.1854553222656,-869.9385375976562,-280.46485392252606,0.0
390.4383036295573,-812.3292846679688,-248.1817169189453,0.0
368.41794840494794,-783.524658203125,-269.67515563964844,0.0
374.9949035644531,-725.9153849283854,-238.3838653564453,0.0
465.47023518880206,-985.1570841471354,-180.43569946289062,0.0
447.12732950846356,-956.3524373372396,-208.02139282226562,0.0
448.412109375,-898.7431640625,-173.8389689127604,0.0
430.5386250813802,-869.9385375976562,-200.3200225830078,0.0
431.35399373372394,-812.3292846679688,-167.24224344889322,0.0
413.9499206542969,-783.524658203125,-192.61865743001303,0.0
403.20372517903644,-725.9153849283854,-186.74798075358072,0.0
491.7276306152344,-985.1570841471354,-86.15993881225586,0.0
479.11887613932294,-956.3524373372396,-116.79410552978516,0.0
473.71030680338544,-898.7431640625,-83.01784133911133,0.0
461.34644571940106,-869.9385375976562,-112.4770113627116,0.0
455.6929931640625,-812.3292846679688,-79.87573877970378,0.0
443.5740254720052,-783.524658203125,-108.15991719563802,0.0
433.0479431152344,-725.9153849283854,-100.60951487223308,0.0
499.0881856282552,-985.1570841471354,11.426898956298828,0.0
492.6981506347656,-956.3524373372396,-21.07848358154297,0.0
480.8040771484375,-898.7431640625,10.99362055460612,0.0
474.42498779296875,-869.9385375976562,-20.31157048543294,0.0
462.51995849609375,-812.3292846679688,10.560342152913412,0.0
456.1518249511719,-783.524658203125,-19.54465611775716,0.0
444.61948649088544,-725.9153849283854,-10.143470764160156,0.0
487.26906331380206,-985.1570841471354,108.57460912068684,0.0
487.3432922363281,-956.3524373372396,75.44717152913411,0.0
469.4208170572917,-898.7431640625,104.5826047261556,0.0
469.2716369628906,-869.9385375976562,72.6344362894694,0.0
451.5725504557292,-812.3292846679688,100.5905990600586,0.0
451.19996134440106,-783.524658203125,69.82169596354167,0.0
437.4119364420573,-725.9153849283854,80.7991205851237,0.0
456.72446695963544,-985.1570841471354,201.54985555013022,0.0
463.26011149088544,-956.3524373372396,169.07343546549478,0.0
439.9979654947917,-898.7431640625,194.15253194173178,0.0
446.0844421386719,-869.9385375976562,162.7891387939453,0.0
423.27146402994794,-812.3292846679688,186.75521341959634,0.0
428.90875244140625,-783.524658203125,156.50484212239584,0.0
411.72540283203125,-725.9153849283854,168.34456888834634,0.0
408.6282145182292,-985.1570841471354,286.7796579996745,0.0
421.3741048177083,-956.3524373372396,256.2023010253906,0.0
393.66623942057294,-898.7431640625,276.26129659016925,0.0
405.75445556640625,-869.9385375976562,246.68794759114584,0.0
378.70428466796875,-812.3292846679688,265.74293518066406,0.0
390.1348164876302,-783.524658203125,237.17359415690103,0.0
368.65386962890625,-725.9153849283854,248.7643788655599,0.0
344.82861328125,-985.1570841471354,360.9886779785156,0.0
363.29494222005206,-956.3524373372396,333.48546346028644,0.0
332.20615641276044,-898.7431640625,347.7534891764323,0.0
349.83156331380206,-869.9385375976562,321.10667928059894,0.0
319.5836995442708,-812.3292846679688,334.51829020182294,0.0
336.3682047526042,-783.524658203125,308.72789510091144,0.0
310.03772989908856,-725.9153849283854,318.6367899576823,0.0
261.96193440755206,-697.1107381184896,351.00414021809894,0.0
-153.821164449056,-697.1107381184896,-410.0817159016927,0.01903069200700824
-62.92415110270182,-697.1107381184896,-433.6345723470052,0.023207940614116202
30.93895212809245,-697.1107381184896,-437.19959513346356,0.02239618914748031
123.40775044759114,-697.1107381184896,-420.60117594401044,0.016824290748488152
210.18572489420572,-697.1107381184896,-384.60716756184894,0.008714178518533646
287.24261474609375,-697.1107381184896,-330.8928629557292,0.0017981036949559672
351.00414021809894,-697.1107381184896,-261.96193440755206,0.0
410.0817159016927,-697.1107381184896,-153.821164449056,0.0
433.6345723470052,-697.1107381184896,-62.92415110270182,0.0
437.19959513346356,-697.1107381184896,30.93895212809245,0.0
420.60117594401044,-697.1107381184896,123.40775044759114,0.0
384.60716756184894,-697.1107381184896,210.18572489420572,0.0
330.8928629557292,-697.1107381184896,287.24261474609375,0.0
-267.7774200439453,-985.1570841471354,-421.32509358723956,0.012299741208391791
-291.2545471191406,-956.3524373372396,-397.9529520670573,0.012299798902904181
-257.9795735677083,-898.7431640625,-405.88170369466144,0.012299735003781677
-280.46485392252606,-869.9385375976562,-383.1854553222656,0.012299595184246044
-248.1817169189453,-812.3292846679688,-390.4383036295573,0.0122996875365269
-269.67515563964844,-783.524658203125,-368.41794840494794,0.012299643085759919
-238.3838653564453,-725.9153849283854,-374.9949035644531,0.012299723039689426
180.43569946289062,-985.1570841471354,465.47023518880206,0.0
208.02139282226562,-956.3524373372396,447.12732950846356,0.0
173.8389689127604,-898.7431640625,448.412109375,0.0
200.3200225830078,-869.9385375976562,430.5386250813802,0.0
167.24224344889322,-812.3292846679688,431.35399373372394,0.0
192.61865743001303,-783.524658203125,413.9499206542969,0.0
186.74798075358072,-725.9153849283854,403.20372517903644,0.0
86.15993881225586,-985.1570841471354,491.7276306152344,0.0
116.79410552978516,-956.3524373372396,479.11887613932294,0.0
83.01784133911133,-898.7431640625,473.71030680338544,0.0
112.4770113627116,-869.9385375976562,461.34644571940106,0.0
79.87573877970378,-812.3292846679688,455.6929931640625,0.0
108.15991719563802,-783.524658203125,443.5740254720052,0.0
100.60951487223308,-725.9153849283854,433.0479431152344,0.0
-11.426898956298828,-985.1570841471354,499.0881856282552,0.0
21.07848358154297,-956.3524373372396,492.6981506347656,0.0
-10.99362055460612,-898.7431640625,480.8040771484375,0.0
20.31157048543294,-869.9385375976562,474.42498779296875,0.0
-10.560342152913412,-812.3292846679688,462.51995849609375,0.0
19.54465611775716,-783.524658203125,456.1518249511719,0.0
10.143470764160156,-725.9153849283854,444.61948649088544,0.0
-108.57460912068684,-985.1570841471354,487.26906331380206,0.0
-75.44717152913411,-956.3524373372396,487.3432922363281,0.0
-104.5826047261556,-898.7431640625,469.4208170572917,0.0
-72.6344362894694,-869.9385375976562,469.2716369628906,0.0
-100.5905990600586,-812.3292846679688,451.5725504557292,0.0
-69.82169596354167,-783.524658203125,451.19996134440106,0.0
-80.7991205851237,-725.9153849283854,437.4119364420573,0.0
-201.54985555013022,-985.1570841471354,456.72446695963544,0.0
-169.07343546549478,-956.3524373372396,463.26011149088544,0.0
-194.15253194173178,-898.7431640625,439.9979654947917,0.0
-162.7891387939453,-869.9385375976562,446.0844421386719,0.0
-186.75521341959634,-812.3292846679688,423.27146402994794,0.0
-156.50484212239584,-783.524658203125,428.90875244140625,0.0
-168.34456888834634,-725.9153849283854,411.72540283203125,0.0
-286.7796579996745,-985.1570841471354,408.6282145182292,0.0
-256.2023010253906,-956.3524373372396,421.3741048177083,0.0
-276.26129659016925,-898.7431640625,393.66623942057294,0.0
-246.68794759114584,-869.9385375976562,405.75445556640625,0.0
-265.74293518066406,-812.3292846679688,378.70428466796875,0.0
-237.17359415690103,-783.524658203125,390.1348164876302,0.0
-248.7643788655599,-725.9153849283854,368.65386962890625,0.0
-360.9886779785156,-985.1570841471354,344.82861328125,0.0
-333.48546346028644,-956.3524373372396,363.29494222005206,0.0
-347.7534891764323,-898.7431640625,332.20615641276044,0.0
-321.10667928059894,-869.9385375976562,349.83156331380206,0.0
-334.51829020182294,-812.3292846679688,319.5836995442708,0.0
-308.72789510091144,-783.524658203125,336.3682047526042,0.0
-318.6367899576823,-725.9153849283854,310.03772989908856,0.0
-421.32509358723956,-985.1570841471354,267.7774200439453,0.0
-397.9529520670573,-956.3524373372396,291.2545471191406,0.0
-405.88170369466144,-898.7431640625,257.9795735677083,0.0
-383.1854553222656,-869.9385375976562,280.46485392252606,0.0
-390.4383036295573,-812.3292846679688,248.1817169189453,0.0
-368.41794840494794,-783.524658203125,269.67515563964844,0.0
-374.9949035644531,-725.9153849283854,238.3838653564453,0.0
-465.47023518880206,-985.1570841471354,180.43569946289062,0.0
-447.12732950846356,-956.3524373372396,208.02139282226562,0.0
-448.412109375,-898.7431640625,173.8389689127604,0.0
-430.5386250813802,-869.9385375976562,200.3200225830078,0.0
-431.35399373372394,-812.3292846679688,167.24224344889322,0.0
-413.9499206542969,-783.524658203125,192.61865743001303,0.0
-403.20372517903644,-725.9153849283854,186.74798075358072,0.0
-491.7276306152344,-985.1570841471354,86.15993881225586,0.0
-479.11887613932294,-956.3524373372396,116.79410552978516,0.0
-473.71030680338544,-898.7431640625,83.01784133911133,0.0
-461.34644571940106,-869.9385375976562,112.4770113627116,0.0
-455.6929931640625,-812.3292846679688,79.87573877970378,0.0
-443.5740254720052,-783.524658203125,108.15991719563802,0.0
-433.0479431152344,-725.9153849283854,100.60951487223308,0.0
-499.0881856282552,-985.1570841471354,-11.426898956298828,0.0
-492.6981506347656,-956.3524373372396,21.07848358154297,0.0
-480.8040771484375,-898.7431640625,-10.99362055460612,0.0
-474.42498779296875,-869.9385375976562,20.31157048543294,0.0
-462.51995849609375,-812.3292846679688,-10.560342152913412,0.0
-456.1518249511719,-783.524658203125,19.54465611775716,0.0
-444.61948649088544,-725.9153849283854,10.143470764160156,0.0
-487.26906331380206,-985.1570841471354,-108.57460912068684,0.0
-487.3432922363281,-956.3524373372396,-75.44717152913411,0.0
-469.4208170572917,-898.7431640625,-104.5826047261556,0.0
-469.2716369628906,-869.9385375976562,-72.6344362894694,0.0
-451.5725504557292,-812.3292846679688,-100.5905990600586,0.0
-451.19996134440106,-783.524658203125,-69.82169596354167,0.0
-437.4119364420573,-725.9153849283854,-80.7991205851237,0.0
-456.72446695963544,-985.1570841471354,-201.54985555013022,0.0
-463.26011149088544,-956.3524373372396,-169.07343546549478,0.0
-439.9979654947917,-898.7431640625,-194.15253194173178,0.0
-446.0844421386719,-869.9385375976562,-162.7891387939453,0.0
-423.27146402994794,-812.3292846679688,-186.75521341959634,0.0
-428.90875244140625,-783.524658203125,-156.50484212239584,0.0
-411.72540283203125,-725.9153849283854,-168.34456888834634,0.0
-408.6282145182292,-985.1570841471354,-286.7796579996745,0.0
-421.3741048177083,-956.3524373372396,-256.2023010253906,0.0
-393.66623942057294,-898.7431640625,-276.26129659016925,0.0
-405.75445556640625,-869.9385375976562,-246.68794759114584,0.0
-378.70428466796875,-812.3292846679688,-265.74293518066406,0.0
-390.1348164876302,-783.524658203125,-237.17359415690103,0.0
-368.65386962890625,-725.9153849283854,-248.7643788655599,9.103750636673229e-05
-344.82861328125,-985.1570841471354,-360.9886779785156,0.0029190046288266247
-363.29494222005206,-956.3524373372396,-333.48546346028644,0.0029189718642464576
-332.20615641276044,-898.7431640625,-347.7534891764323,0.0029189111471748385
-349.83156331380206,-869.9385375976562,-321.10667928059894,0.0029189621708801436
-319.5836995442708,-812.3292846679688,-334.51829020182294,0.002918954251248675
-336.3682047526042,-783.524658203125,-308.72789510091144,0.002919007711071576
-310.03772989908856,-725.9153849283854,-318.6367899576823,0.0047478431349354845
-261.96193440755206,-697.1107381184896,-351.00414021809894,0.008016262374285122
153.821164449056,-697.1107381184896,410.0817159016927,0.0
62.92415110270182,-697.1107381184896,433.6345723470052,0.0
-30.93895212809245,-697.1107381184896,437.19959513346356,0.0
-123.40775044759114,-697.1107381184896,420.60117594401044,0.0
-210.18572489420572,-697.1107381184896,384.60716756184894,0.0
-287.24261474609375,-697.1107381184896,330.8928629557292,0.0
-351.00414021809894,-697.1107381184896,261.96193440755206,0.0
-410.0817159016927,-697.1107381184896,153.821164449056,0.0
-433.6345723470052,-697.1107381184896,62.92415110270182,0.0
-437.19959513346356,-697.1107381184896,-30.93895212809245,0.0
-420.60117594401044,-697.1107381184896,-123.40775044759114,0.0
-384.60716756184894,-697.1107381184896,-210.18572489420572,0.0
-330.8928629557292,-697.1107381184896,-287.24261474609375,9.672482225747708e-05
15.862802505493164,-1037.0248616536458,-672.0626627604166,0.0
47.948825200398765,-1060.0879923502605,-686.3986409505209,0.0
32.27144813537598,-1106.2142333984375,-717.345703125,0.0
48.922837575276695,-1129.27734375,-731.3999633789062,0.0
34.31023025512695,-1175.4036051432292,-762.2101236979166,0.0
51.94015757242838,-1198.4667561848958,-776.2092081705729,0.0
36.34901237487793,-1244.593017578125,-807.0745442708334,0.0
54.9574769337972,-1267.6561279296875,-821.0184733072916,0.0
38.387794494628906,-1313.7823893229167,-851.9389851888021,0.0
57.97479693094889,-1336.8455403645833,-865.8277384440104,0.0
40.42657661437988,-1382.9718017578125,-896.8034261067709,0.0
60.99211629231771,-1406.034912109375,-910.6370035807291,0.0
42.46535873413086,-1452.1611735026042,-941.6678670247396,0.0
64.0094362894694,-1475.2243245442708,-955.4462687174479,0.0
44.504140853881836,-1521.3505859375,-986.5323079427084,0.0
67.02675565083821,-1544.4136962890625,-1000.2555338541666,0.0
46.54292297363281,-1590.5399576822917,-1031.396748860677,0.0
70.04407564798991,-1613.6031087239583,-1045.0647786458333,0.0
48.58170509338379,-1659.7293701171875,-1076.2611490885417,0.0
73.06139500935872,-1682.79248046875,-1089.8740234375,0.0
50.620487213134766,-1728.9187418619792,-1121.1256103515625,0.0
76.07871500651042,-1751.9818929036458,-1134.6833089192708,0.0
52.65926933288574,-1798.108154296875,-1165.9900309244792,0.0
79.09603436787923,-1821.1712646484375,-1179.4925537109375,0.0
54.69805145263672,-1867.2975260416667,-1210.8544514973958,0.0
82.11335436503093,-1890.3606770833333,-1224.3017985026042,0.0
56.736833572387695,-1936.4869384765625,-1255.7188720703125,0.0
85.13067372639973,-1959.550048828125,-1269.111083984375,0.0
58.77561569213867,-2005.67626953125,-1300.5833333333333,0.0
88.14799372355144,-2028.7393798828125,-1313.9203287760417,0.0
82.64270655314128,-2074.8656412760415,-1344.4123128255208,0.0
589.9547322591146,-1037.0248616536458,-322.2937418619792,0.0
618.4130655924479,-1060.0879923502605,-301.67441813151044,0.0
637.3753255208334,-1106.2142333984375,-330.7249450683594,0.0
657.8723754882812,-1129.27734375,-323.33155314127606,0.0
677.2484537760416,-1175.4036051432292,-351.3915303548177,0.0
698.1869913736979,-1198.4667561848958,-343.1231180826823,0.0
717.12158203125,-1244.593017578125,-372.05811564127606,0.0
738.5016072591146,-1267.6561279296875,-362.9146728515625,0.0
756.9947102864584,-1313.7823893229167,-392.7246907552083,0.0
778.8162231445312,-1336.8455403645833,-382.7062276204427,0.0
796.8678385416666,-1382.9718017578125,-413.3912760416667,0.0
819.1308390299479,-1406.034912109375,-402.49778238932294,0.0
836.740966796875,-1452.1611735026042,-434.05785115559894,0.0
859.4454549153646,-1475.2243245442708,-422.28932698567706,0.0
876.6140950520834,-1521.3505859375,-454.72442626953125,0.0
899.7600708007812,-1544.4136962890625,-442.0808817545573,0.0
916.4872233072916,-1590.5399576822917,-475.39101155598956,0.0
940.0746866861979,-1613.6031087239583,-461.87244669596356,0.0
956.3603515625,-1659.7293701171875,-496.0575866699219,0.0
980.3893025716146,-1682.79248046875,-481.6639912923177,0.0
996.2334798177084,-1728.9187418619792,-516.7241617838541,0.0
1020.7039184570312,-1751.9818929036458,-501.45555623372394,0.0
1036.1066284179688,-1798.108154296875,-537.3907572428385,0.0
1061.0185546875,-1821.1712646484375,-521.2471110026041,0.0
1075.9797770182292,-1867.2975260416667,-558.0573221842448,0.0
1101.3331705729167,-1890.3606770833333,-541.0386454264323,0.0
1115.8529052734375,-1936.4869384765625,-578.7238972981771,0.0
1141.6477864583333,-1959.550048828125,-560.8302205403646,0.0
1155.7260335286458,-2005.67626953125,-599.3905029296875,0.0
1181.96240234375,-2028.7393798828125,-580.6217854817709,0.0
1195.5991617838542,-2074.8656412760415,-620.0570678710938,0.0
574.0919596354166,-1037.0248616536458,349.76891072591144,0.0
570.4642537434896,-1060.0879923502605,384.7242126464844,0.0
605.1038818359375,-1106.2142333984375,386.62073771158856,0.0
608.9495239257812,-1129.27734375,408.0684000651042,0.0
642.938232421875,-1175.4036051432292,410.81859334309894,0.0
646.246826171875,-1198.4667561848958,433.0861002604167,0.0
680.7725830078125,-1244.593017578125,435.0164489746094,0.0
683.5441284179688,-1267.6561279296875,458.1038106282552,0.0
718.60693359375,-1313.7823893229167,459.2143046061198,0.0
720.8414306640625,-1336.8455403645833,483.12152099609375,0.0
756.4412638346354,-1382.9718017578125,483.4121602376302,0.0
758.1387125651041,-1406.034912109375,508.1392313639323,0.0
794.2755940755209,-1452.1611735026042,507.6100158691406,0.0
795.4360148111979,-1475.2243245442708,533.1569315592448,0.0
832.1099446614584,-1521.3505859375,531.807871500651,0.0
832.7333170572916,-1544.4136962890625,558.1746419270834,0.0
869.9442952473959,-1590.5399576822917,556.0057373046875,0.0
870.0306193033854,-1613.6031087239583,583.1923421223959,0.0
907.7786458333334,-1659.7293701171875,580.2035725911459,0.0
907.3279215494791,-1682.79248046875,608.2100423177084,0.0
945.6129964192709,-1728.9187418619792,604.4014282226562,0.0
944.6252034505209,-1751.9818929036458,633.2277628580729,0.0
983.4473266601562,-1798.108154296875,628.5992838541666,0.0
981.9224853515625,-1821.1712646484375,658.2454630533854,0.0
1021.2816975911459,-1867.2975260416667,652.797119140625,0.0
1019.2198079427084,-1890.3606770833333,683.2631632486979,0.0
1059.1160481770833,-1936.4869384765625,676.9949951171875,0.0
1056.51708984375,-1959.550048828125,708.2808837890625,0.0
1096.9503987630208,-2005.67626953125,701.1928507486979,0.0
1093.8144124348958,-2028.7393798828125,733.298583984375,0.0
1128.9887288411458,-2074.8656412760415,734.6540730794271,0.0
510.058349609375,-1518.0558675130208,843.1191202799479,0.0
498.9556884765625,-1541.1189778645833,867.0424601236979,0.0
534.3142903645834,-1590.5399576822917,883.4329020182291,0.0
-453.6986389160156,-1518.0558675130208,-874.7364095052084,0.0
-442.0808817545573,-1544.4136962890625,-899.7600708007812,0.0
-454.69190470377606,-1590.5399576822917,-926.9308064778646,0.0
-288.33050028483075,-1106.2142333984375,-657.64111328125,0.0
-279.61237080891925,-1129.27734375,-677.6107177734375,0.0
-306.3450113932292,-1175.4036051432292,-698.780517578125,0.0
-296.724853515625,-1198.4667561848958,-719.1334431966146,0.0
-324.35951741536456,-1244.593017578125,-739.9199422200521,0.0
-313.8373311360677,-1267.6561279296875,-760.6561686197916,0.0
-342.3740234375,-1313.7823893229167,-781.0593465169271,0.0
-330.94980875651044,-1336.8455403645833,-802.1788940429688,0.0
-360.3885192871094,-1382.9718017578125,-822.1987711588541,0.0
-348.06227620442706,-1406.034912109375,-843.7016398111979,0.0
-378.40301513671875,-1452.1611735026042,-863.3381958007812,0.0
-365.1747538248698,-1475.2243245442708,-885.224365234375,0.0
-396.4175211588542,-1521.3505859375,-904.4776000976562,0.0
-382.2872314453125,-1544.4136962890625,-926.7470906575521,0.0
-414.43202718098956,-1590.5399576822917,-945.6170247395834,0.0
-399.3997090657552,-1613.6031087239583,-968.2698160807291,0.0
-432.446533203125,-1659.7293701171875,-986.7564290364584,0.0
-416.51218668619794,-1682.79248046875,-1009.7925618489584,0.0
-450.46103922526044,-1728.9187418619792,-1027.8958740234375,0.0
-433.6246643066406,-1751.9818929036458,-1051.3153076171875,0.0
-468.4755350748698,-1798.108154296875,-1069.0352783203125,0.0
-450.7371317545573,-1821.1712646484375,-1092.8380126953125,0.0
-486.4900309244792,-1867.2975260416667,-1110.1746826171875,0.0
-467.849609375,-1890.3606770833333,-1134.3607177734375,0.0
-504.5045471191406,-1936.4869384765625,-1151.3140869140625,0.0
-484.9621073404948,-1959.550048828125,-1175.8834635416667,0.0
-522.5190633138021,-2005.67626953125,-1192.4535319010417,0.0
-502.0745849609375,-2028.7393798828125,-1217.4062093098958,0.0
-538.0521850585938,-2074.8656412760415,-1234.7356770833333,0.0
-421.37743123372394,-2028.7393798828125,-1247.6368815104167,0.0
-443.4101155598958,-2005.67626953125,-1224.0747884114583,0.0
-407.0173034667969,-1959.550048828125,-1205.0838623046875,0.0
-428.12481689453125,-1936.4869384765625,-1181.84521484375,0.0
-392.6571756998698,-1890.3606770833333,-1162.5308024088542,0.0
-412.8395284016927,-1867.2975260416667,-1139.6156819661458,0.0
-378.29705810546875,-1821.1712646484375,-1119.977783203125,0.0
-397.5542399088542,-1798.108154296875,-1097.3861490885417,0.0
-363.9369303385417,-1751.9818929036458,-1077.4247639973958,0.0
-382.2689514160156,-1728.9187418619792,-1055.1566569010417,0.0
-349.5768127441406,-1682.79248046875,-1034.8717447916667,0.0
-366.9836730957031,-1659.7293701171875,-1012.9270833333334,0.0
-335.21669514973956,-1613.6031087239583,-992.3186645507812,0.0
-351.69838460286456,-1590.5399576822917,-970.6975301106771,0.0
-320.8565673828125,-1544.4136962890625,-949.7656453450521,0.0
-336.41309611002606,-1521.3505859375,-928.4679972330729,0.0
-306.49644978841144,-1475.2243245442708,-907.2126057942709,0.0
-321.12781778971356,-1452.1611735026042,-886.2384643554688,0.0
-292.13633219401044,-1406.034912109375,-864.6595865885416,0.0
-305.842529296875,-1382.9718017578125,-844.0089314778646,0.0
-277.7762044270833,-1336.8455403645833,-822.1065266927084,0.0
-290.55724080403644,-1313.7823893229167,-801.7793579101562,0.0
-263.41608174641925,-1267.6561279296875,-779.553466796875,0.0
-275.27195739746094,-1244.593017578125,-759.5498250325521,0.0
-249.05596415201822,-1198.4667561848958,-737.0004475911459,0.0
-259.98667399088544,-1175.4036051432292,-717.3202921549479,0.0
-234.69584147135416,-1129.27734375,-694.4474080403646,0.0
-244.70138041178384,-1106.2142333984375,-675.0907592773438,0.0
-230.0525868733724,-1060.0879923502605,-648.598388671875,0.0
-338.87586466471356,-2028.7393798828125,-1272.5249837239583,0.0
-362.4024149576823,-2005.67626953125,-1250.454345703125,0.0
-327.32958984375,-1959.550048828125,-1229.1239013671875,0.0
-349.9117940266927,-1936.4869384765625,-1207.3155110677083,0.0
-315.78331502278644,-1890.3606770833333,-1185.7227376302083,0.0
-337.4211832682292,-1867.2975260416667,-1164.1766764322917,0.0
-304.23705037434894,-1821.1712646484375,-1142.3216552734375,0.0
-324.9305725097656,-1798.108154296875,-1121.0378824869792,0.0
-292.69077555338544,-1751.9818929036458,-1098.9205322265625,0.0
-312.43995157877606,-1728.9187418619792,-1077.8990478515625,0.0
-281.1444956461589,-1682.79248046875,-1055.5194091796875,0.0
-299.9493357340495,-1659.7293701171875,-1034.7602132161458,0.0
-269.5982259114583,-1613.6031087239583,-1012.1182657877604,0.0
-287.45872497558594,-1590.5399576822917,-991.6213785807291,0.0
-258.0519510904948,-1544.4136962890625,-968.7171427408854,0.0
-274.9681040445964,-1521.3505859375,-948.4825439453125,0.0
-246.50567118326822,-1475.2243245442708,-925.3160196940104,0.0
-262.4774881998698,-1452.1611735026042,-905.3437296549479,0.0
-234.95940144856772,-1406.034912109375,-881.9148966471354,0.0
-249.98687744140625,-1382.9718017578125,-862.2048950195312,0.0
-223.41312662760416,-1336.8455403645833,-838.5137736002604,0.0
-237.49625651041666,-1313.7823893229167,-819.0660603841146,0.0
-211.86685180664062,-1267.6561279296875,-795.1126302083334,0.0
-225.0056406656901,-1244.593017578125,-775.9272054036459,0.0
-200.3205769856771,-1198.4667561848958,-751.7115071614584,0.0
-212.51502482096353,-1175.4036051432292,-732.7883911132812,0.0
-188.77430216471353,-1129.27734375,-708.3103841145834,0.0
-200.02440897623697,-1106.2142333984375,-689.6495564778646,0.0
-200.7846425374349,-1060.0879923502605,-657.7692057291666,0.0
-254.92318725585938,-2028.7393798828125,-1291.9639892578125,0.0
-279.8428497314453,-2005.67626953125,-1271.4792887369792,0.0
-246.24020385742188,-1959.550048828125,-1247.900634765625,0.0
-270.2003936767578,-1936.4869384765625,-1227.6158854166667,0.0
-237.55722045898438,-1890.3606770833333,-1203.8372395833333,0.0
-260.5579376220703,-1867.2975260416667,-1183.7524820963542,0.0
-228.87423706054688,-1821.1712646484375,-1159.7738850911458,0.0
-250.9154815673828,-1798.108154296875,-1139.8891194661458,0.0
-220.19125366210938,-1751.9818929036458,-1115.7105712890625,0.0
-241.2730255126953,-1728.9187418619792,-1096.0257568359375,0.0
-211.50827026367188,-1682.79248046875,-1071.6471761067708,0.0
-231.63056437174478,-1659.7293701171875,-1052.1623128255208,0.0
-202.82528686523438,-1613.6031087239583,-1027.5837809244792,0.0
-221.98810831705728,-1590.5399576822917,-1008.2989298502604,0.0
-194.1423085530599,-1544.4136962890625,-983.5204467773438,0.0
-212.34565226236978,-1521.3505859375,-964.435546875,0.0
-185.4593251546224,-1475.2243245442708,-939.4570719401041,0.0
-202.70319112141928,-1452.1611735026042,-920.5721435546875,0.0
-176.77633666992188,-1406.034912109375,-895.3937174479166,0.0
-193.06072998046875,-1382.9718017578125,-876.7087605794271,0.0
-168.09335327148438,-1336.8455403645833,-851.3303629557291,0.0
-183.41827392578125,-1313.7823893229167,-832.8453776041666,0.0
-159.41036987304688,-1267.6561279296875,-807.2670084635416,0.0
-173.77581787109375,-1244.593017578125,-788.9819742838541,0.0
-150.7273915608724,-1198.4667561848958,-763.2036336263021,0.0
-164.13336181640625,-1175.4036051432292,-745.1185913085938,0.0
-142.0444081624349,-1129.27734375,-719.1402791341146,0.0
-154.49090067545572,-1106.2142333984375,-701.2551879882812,0.0
-139.4111073811849,-1060.0879923502605,-673.9336344401041,0.0
-169.87889099121094,-2028.7393798828125,-1305.8705647786458,0.0
-196.08496602376303,-2005.67626953125,-1287.0595703125,0.0
-164.09637959798178,-1959.550048828125,-1261.3336588541667,0.0
-189.3319549560547,-1936.4869384765625,-1242.659423828125,0.0
-158.3138682047526,-1890.3606770833333,-1216.7967122395833,0.0
-182.57894388834634,-1867.2975260416667,-1198.25927734375,0.0
-152.53135681152344,-1821.1712646484375,-1172.2598063151042,0.0
-175.82593282063803,-1798.108154296875,-1153.8591715494792,0.0
-146.74884541829428,-1751.9818929036458,-1127.722900390625,0.0
-169.0729217529297,-1728.9187418619792,-1109.4590657552083,0.0
-140.9663340250651,-1682.79248046875,-1083.1859944661458,0.0
-162.31991068522134,-1659.7293701171875,-1065.0589192708333,0.0
-135.18382263183594,-1613.6031087239583,-1038.6490478515625,0.0
-155.56690470377603,-1590.5399576822917,-1020.6587727864584,0.0
-129.40131632486978,-1544.4136962890625,-994.1121419270834,0.0
-148.81389872233072,-1521.3505859375,-976.2586669921875,0.0
-123.61880493164062,-1475.2243245442708,-949.5752563476562,0.0
-142.0608876546224,-1452.1611735026042,-931.8585611979166,0.0
-117.83629353841145,-1406.034912109375,-905.0383504231771,0.0
-135.30787658691406,-1382.9718017578125,-887.4584350585938,0.0
-112.0537846883138,-1336.8455403645833,-860.5014444986979,0.0
-128.55486806233725,-1313.7823893229167,-843.0583292643229,0.0
-106.27127583821614,-1267.6561279296875,-815.9645385742188,0.0
-121.8018569946289,-1244.593017578125,-798.658203125,0.0
-100.48876444498698,-1198.4667561848958,-771.4276123046875,0.0
-115.0488510131836,-1175.4036051432292,-754.2580769856771,0.0
-94.70625813802083,-1129.27734375,-726.8907063802084,0.0
-108.29584503173828,-1106.2142333984375,-709.8579508463541,0.0
-109.19652048746745,-1060.0879923502605,-679.2057902018229,0.0
-84.10714340209961,-2028.7393798828125,-1314.1852213541667,0.0
-111.48740768432617,-2005.67626953125,-1297.12841796875,0.0
-81.24986775716145,-1959.550048828125,-1269.3654378255208,0.0
-107.65276463826497,-1936.4869384765625,-1252.3816731770833,0.0
-78.39259211222331,-1890.3606770833333,-1224.5456949869792,0.0
-103.81812032063802,-1867.2975260416667,-1207.6349690755208,0.0
-75.5353151957194,-1821.1712646484375,-1179.7259521484375,0.0
-99.98347600301106,-1798.108154296875,-1162.8882242838542,0.0
-72.6780382792155,-1751.9818929036458,-1134.9061686197917,0.0
-96.14883168538411,-1728.9187418619792,-1118.1414794921875,0.0
-69.82076263427734,-1682.79248046875,-1090.08642578125,0.0
-92.31418863932292,-1659.7293701171875,-1073.394775390625,0.0
-66.96348698933919,-1613.6031087239583,-1045.2667032877605,0.0
-88.47954432169597,-1590.5399576822917,-1028.6480509440105,0.0
-64.10621007283528,-1544.4136962890625,-1000.4469401041666,0.0
-84.64490000406902,-1521.3505859375,-983.9013061523438,0.0
-61.24893442789713,-1475.2243245442708,-955.6271769205729,0.0
-80.81025695800781,-1452.1611735026042,-939.1546020507812,0.0
-58.391658782958984,-1406.034912109375,-910.8074544270834,0.0
-76.97561264038086,-1382.9718017578125,-894.4078979492188,0.0
-55.53438186645508,-1336.8455403645833,-865.9877115885416,0.0
-73.14097086588542,-1313.7823893229167,-849.6611735026041,0.0
-52.67710876464844,-1267.6561279296875,-821.16796875,0.0
-69.30633036295573,-1244.593017578125,-804.9144490559896,0.0
-49.81983311971029,-1198.4667561848958,-776.3482055664062,0.0
-65.47168604532878,-1175.4036051432292,-760.1677042643229,0.0
-46.96255620320638,-1129.27734375,-731.5284423828125,0.0
-61.63704172770182,-1106.2142333984375,-715.4209798177084,0.0
-46.15537134806315,-1060.0879923502605,-686.6132405598959,0.0
2.024761199951172,-2028.7393798828125,-1316.872314453125,0.0
-26.41244633992513,-2005.67626953125,-1301.642822265625,0.0
1.9445679982503254,-1959.550048828125,-1271.9616292317708,0.0
-25.51258913675944,-1936.4869384765625,-1256.7410481770833,0.0
1.8643735249837239,-1890.3606770833333,-1227.0509440104167,0.0
-24.61273256937663,-1867.2975260416667,-1211.83935546875,0.0
1.7841803232828777,-1821.1712646484375,-1182.1403401692708,0.0
-23.712874094645183,-1798.108154296875,-1166.9376627604167,0.0
1.7039871215820312,-1751.9818929036458,-1137.2296549479167,0.0
-22.813016255696613,-1728.9187418619792,-1122.035888671875,0.0
1.6237939198811848,-1682.79248046875,-1092.3189697265625,0.0
-21.913159052530926,-1659.7293701171875,-1077.1341959635417,0.0
1.5435994466145833,-1613.6031087239583,-1047.4083455403645,0.0
-21.013302485148113,-1590.5399576822917,-1032.2325032552083,0.0
1.463406244913737,-1544.4136962890625,-1002.4976806640625,0.0
-20.113444010416668,-1521.3505859375,-987.3307698567709,0.0
1.3832130432128906,-1475.2243245442708,-957.5869954427084,0.0
-19.213587443033855,-1452.1611735026042,-942.4290364583334,0.0
1.303018569946289,-1406.034912109375,-912.6763305664062,0.0
-18.313730239868164,-1382.9718017578125,-897.5273234049479,0.0
1.2228253682454426,-1336.8455403645833,-867.7656656901041,0.0
-17.413872400919598,-1313.7823893229167,-852.6256103515625,0.0
1.1426321665445964,-1267.6561279296875,-822.8550008138021,0.0
-16.514015197753906,-1244.593017578125,-807.7238972981771,0.0
1.0624376932779949,-1198.4667561848958,-777.9443562825521,0.0
-15.614158630371094,-1175.4036051432292,-762.8221842447916,0.0
0.9822444915771484,-1129.27734375,-733.03369140625,0.0
-14.714300155639648,-1106.2142333984375,-717.9204508463541,0.0
-15.51111920674642,-1060.0879923502605,-687.896484375,0.0
173.89376576741537,-2028.7393798828125,-1305.3419596354167,0.0
143.7119928995768,-2005.67626953125,-1293.9545491536458,0.0
167.95223999023438,-1959.550048828125,-1260.8260091145833,0.0
138.74329884847006,-1936.4869384765625,-1249.3195393880208,0.0
162.01071421305338,-1890.3606770833333,-1216.3100179036458,0.0
133.7746098836263,-1867.2975260416667,-1204.6844889322917,0.0
156.0691884358724,-1821.1712646484375,-1171.7940673828125,0.0
128.80591583251953,-1798.108154296875,-1160.0494791666667,0.0
150.1276626586914,-1751.9818929036458,-1127.278076171875,0.0
123.83722686767578,-1728.9187418619792,-1115.4144287109375,0.0
144.1861368815104,-1682.79248046875,-1082.7620849609375,0.0
118.86853281656902,-1659.7293701171875,-1070.7793782552083,0.0
138.24461110432944,-1613.6031087239583,-1038.24609375,0.0
113.89984385172527,-1590.5399576822917,-1026.1443684895833,0.0
132.30309041341147,-1544.4136962890625,-993.7301432291666,0.0
108.93115488688152,-1521.3505859375,-981.5093383789062,0.0
126.36156463623047,-1475.2243245442708,-949.2141520182291,0.0
103.96246083577473,-1452.1611735026042,-936.8743082682291,0.0
120.42003885904948,-1406.034912109375,-904.6981811523438,0.0
98.99377187093098,-1382.9718017578125,-892.2392781575521,0.0
114.47851308186848,-1336.8455403645833,-860.1822102864584,0.0
94.02507781982422,-1313.7823893229167,-847.604248046875,0.0
108.5369873046875,-1267.6561279296875,-815.6662394205729,0.0
89.05638885498047,-1244.593017578125,-802.9692179361979,0.0
102.59546407063802,-1198.4667561848958,-771.1502482096354,0.0
84.0876973470052,-1175.4036051432292,-758.3341674804688,0.0
96.65393829345703,-1129.27734375,-726.6342569986979,0.0
79.11900583902995,-1106.2142333984375,-713.6991373697916,0.0
78.49840799967448,-1060.0879923502605,-683.6710205078125,0.0
258.8948974609375,-2028.7393798828125,-1291.1739501953125,0.0
228.03297424316406,-2005.67626953125,-1281.7848714192708,0.0
250.0546112060547,-1959.550048828125,-1247.141845703125,0.0
220.15564982096353,-1936.4869384765625,-1237.5703938802083,0.0
241.21431986490884,-1890.3606770833333,-1203.1098225911458,0.0
212.27832539876303,-1867.2975260416667,-1193.3559163411458,0.0
232.37403361002603,-1821.1712646484375,-1159.0777587890625,0.0
204.4010009765625,-1798.108154296875,-1149.1414388020833,0.0
223.53374226888022,-1751.9818929036458,-1115.0456949869792,0.0
196.52367655436197,-1728.9187418619792,-1104.9269205729167,0.0
214.6934560139974,-1682.79248046875,-1071.0135904947917,0.0
188.64635213216147,-1659.7293701171875,-1060.71240234375,0.0
205.85316467285156,-1613.6031087239583,-1026.9815063476562,0.0
180.76902770996094,-1590.5399576822917,-1016.4979044596354,0.0
197.01287841796875,-1544.4136962890625,-982.949462890625,0.0
172.89170837402344,-1521.3505859375,-972.2834269205729,0.0
188.17259216308594,-1475.2243245442708,-938.9173787434896,0.0
165.0143839518229,-1452.1611735026042,-928.0689086914062,0.0
179.3323008219401,-1406.034912109375,-894.8852945963541,0.0
157.1370595296224,-1382.9718017578125,-883.8544108072916,0.0
170.49201456705728,-1336.8455403645833,-850.8532307942709,0.0
149.25973510742188,-1313.7823893229167,-839.6399332682291,0.0
161.65172322591147,-1267.6561279296875,-806.8211669921875,0.0
141.38241068522134,-1244.593017578125,-795.4254353841146,0.0
152.81143697102866,-1198.4667561848958,-762.7891031901041,0.0
133.50508880615234,-1175.4036051432292,-751.2109375,0.0
143.9711481730143,-1129.27734375,-718.7570190429688,0.0
125.62776438395183,-1106.2142333984375,-706.9964192708334,0.0
108.80418650309245,-1060.0879923502605,-678.9512125651041,0.0
342.7874043782552,-2028.7393798828125,-1271.4769287109375,0.0
311.3774820963542,-2005.67626953125,-1264.1264241536458,0.0
331.08620198567706,-1959.550048828125,-1228.1172688802083,0.0
300.62525431315106,-1936.4869384765625,-1220.5217692057292,0.0
319.385009765625,-1890.3606770833333,-1184.7576904296875,0.0
289.87303670247394,-1867.2975260416667,-1176.9171956380208,0.0
307.68381754557294,-1821.1712646484375,-1141.3981119791667,0.0
279.1208089192708,-1798.108154296875,-1133.3125813802083,0.0
295.9826151529948,-1751.9818929036458,-1098.0384928385417,0.0
268.3685811360677,-1728.9187418619792,-1089.7079264322917,0.0
284.2814229329427,-1682.79248046875,-1054.6788330078125,0.0
257.6163635253906,-1659.7293701171875,-1046.103271484375,0.0
272.5802307128906,-1613.6031087239583,-1011.3192342122396,0.0
246.8641357421875,-1590.5399576822917,-1002.4986572265625,0.0
260.8790283203125,-1544.4136962890625,-967.9596150716146,0.0
236.11190795898438,-1521.3505859375,-958.8940226236979,0.0
249.1778361002604,-1475.2243245442708,-924.6000162760416,0.0
225.35969034830728,-1452.1611735026042,-915.2894083658854,0.0
237.47664388020834,-1406.034912109375,-881.2403971354166,0.0
214.60746256510416,-1382.9718017578125,-871.6847534179688,0.0
225.77544148763022,-1336.8455403645833,-837.8807779947916,0.0
203.85523478190103,-1313.7823893229167,-828.0801391601562,0.0
214.0742441813151,-1267.6561279296875,-794.5211791992188,0.0
193.10301208496094,-1244.593017578125,-784.4755045572916,0.0
202.37305196126303,-1198.4667561848958,-751.1615600585938,0.0
182.35078938802084,-1175.4036051432292,-740.8708902994791,0.0
190.6718546549479,-1129.27734375,-707.8019612630209,0.0
171.59856160481772,-1106.2142333984375,-697.2662556966146,0.0
171.05206298828125,-1060.0879923502605,-666.6057332356771,0.0
425.2120361328125,-2028.7393798828125,-1246.335205078125,0.0
393.3886210123698,-2005.67626953125,-1241.0547688802083,0.0
410.7000325520833,-1959.550048828125,-1203.8336995442708,0.0
379.8075358072917,-1936.4869384765625,-1198.2467041015625,0.0
396.1880391438802,-1890.3606770833333,-1161.3322347005208,0.0
366.22646077473956,-1867.2975260416667,-1155.438720703125,0.0
381.67604573567706,-1821.1712646484375,-1118.830810546875,0.0
352.64537556966144,-1798.108154296875,-1112.6306966145833,0.0
367.16404215494794,-1751.9818929036458,-1076.3293050130208,0.0
339.0642903645833,-1728.9187418619792,-1069.8226318359375,0.0
352.6520487467448,-1682.79248046875,-1033.8277994791667,0.0
325.48321533203125,-1659.7293701171875,-1027.0145670572917,0.0
338.1400553385417,-1613.6031087239583,-991.3263142903646,0.0
311.9021301269531,-1590.5399576822917,-984.20654296875,0.0
323.6280517578125,-1544.4136962890625,-948.8248494466146,0.0
298.321044921875,-1521.3505859375,-941.3984985351562,0.0
309.1160583496094,-1475.2243245442708,-906.3233439127604,0.0
284.73996988932294,-1452.1611735026042,-898.5904541015625,0.0
294.60406494140625,-1406.034912109375,-863.8218790690104,0.0
271.1588846842448,-1382.9718017578125,-855.7824300130209,0.0
280.09206136067706,-1336.8455403645833,-821.3203938802084,0.0
257.5777994791667,-1313.7823893229167,-812.9743855794271,0.0
265.58006795247394,-1267.6561279296875,-778.8189290364584,0.0
243.99671936035156,-1244.593017578125,-770.1663614908854,0.0
251.0680694580078,-1198.4667561848958,-736.3174438476562,0.0
230.41563415527344,-1175.4036051432292,-727.3583170572916,0.0
236.55607096354166,-1129.27734375,-693.8159586588541,0.0
216.83455403645834,-1106.2142333984375,-684.5502726236979,0.0
200.48251342773438,-1060.0879923502605,-657.9706013997396,0.0
505.81585693359375,-2028.7393798828125,-1215.8565266927083,0.0
473.7152099609375,-2005.67626953125,-1212.6687418619792,0.0
488.55518595377606,-1959.550048828125,-1174.3951822916667,0.0
457.36342366536456,-1936.4869384765625,-1170.840576171875,0.0
471.29453531901044,-1890.3606770833333,-1132.9337972005208,0.0
441.0116475423177,-1867.2975260416667,-1129.012451171875,0.0
454.0338846842448,-1821.1712646484375,-1091.4724527994792,0.0
424.6598612467448,-1798.108154296875,-1087.184326171875,0.0
436.7732238769531,-1751.9818929036458,-1050.0110880533855,0.0
408.3080749511719,-1728.9187418619792,-1045.356180826823,0.0
419.5125732421875,-1682.79248046875,-1008.5497436523438,0.0
391.956298828125,-1659.7293701171875,-1003.5280354817709,0.0
402.2519226074219,-1613.6031087239583,-967.0883992513021,0.0
375.60451253255206,-1590.5399576822917,-961.6999104817709,0.0
384.9912618001302,-1544.4136962890625,-925.6270548502604,0.0
359.2527262369792,-1521.3505859375,-919.8717651367188,0.0
367.73060099283856,-1475.2243245442708,-884.1656901041666,0.0
342.90093994140625,-1452.1611735026042,-878.0436197916666,0.0
350.4699401855469,-1406.034912109375,-842.704345703125,0.0
326.5491536458333,-1382.9718017578125,-836.2154947916666,0.0
333.2092793782552,-1336.8455403645833,-801.2430013020834,0.0
310.19736735026044,-1313.7823893229167,-794.3873494466146,0.0
315.94862874348956,-1267.6561279296875,-759.7816365559896,0.0
293.84559122721356,-1244.593017578125,-752.5592244466146,0.0
298.68797810872394,-1198.4667561848958,-718.3202921549479,0.0
277.4938049316406,-1175.4036051432292,-710.7310791015625,0.0
281.4273173014323,-1129.27734375,-676.8589274088541,0.0
261.1420186360677,-1106.2142333984375,-668.9029337565104,0.0
260.3972930908203,-1060.0879923502605,-637.0221964518229,0.0
584.2536824544271,-2028.7393798828125,-1180.1713460286458,0.0
552.0132853190104,-2005.67626953125,-1179.0898844401042,0.0
564.3182779947916,-1959.550048828125,-1139.9276936848958,0.0
532.9608256022135,-1936.4869384765625,-1138.4207763671875,0.0
544.3828837076823,-1890.3606770833333,-1099.6840006510417,0.0
513.9083557128906,-1867.2975260416667,-1097.7516276041667,0.0
524.4474690755209,-1821.1712646484375,-1059.4403076171875,0.0
494.8558858235677,-1798.108154296875,-1057.0824788411458,0.0
504.51207478841144,-1751.9818929036458,-1019.1966145833334,0.0
475.8034362792969,-1728.9187418619792,-1016.4133504231771,0.0
484.57668050130206,-1682.79248046875,-978.9529418945312,0.0
456.75096638997394,-1659.7293701171875,-975.7442423502604,0.0
464.6412760416667,-1613.6031087239583,-938.7092692057291,0.0
437.69850667317706,-1590.5399576822917,-935.0751342773438,0.0
444.70587158203125,-1544.4136962890625,-898.4655965169271,0.0
418.6460367838542,-1521.3505859375,-894.406005859375,0.0
424.7704671223958,-1475.2243245442708,-858.2219034830729,0.0
399.59356689453125,-1452.1611735026042,-853.7368774414062,0.0
404.83506266276044,-1406.034912109375,-817.9782307942709,0.0
380.5410970052083,-1382.9718017578125,-813.0677693684896,0.0
384.899658203125,-1336.8455403645833,-777.7345581054688,0.0
361.48862711588544,-1313.7823893229167,-772.3986409505209,0.0
364.96425374348956,-1267.6561279296875,-737.4908650716146,0.0
342.43616739908856,-1244.593017578125,-731.7295125325521,0.0
345.0288594563802,-1198.4667561848958,-697.2471923828125,0.0
323.3837076822917,-1175.4036051432292,-691.0603841145834,0.0
325.0934549967448,-1129.27734375,-657.0034993489584,0.0
304.33123779296875,-1106.2142333984375,-650.3912556966146,0.0
288.4488474527995,-1060.0879923502605,-624.6195068359375,0.0
660.1896565755209,-2028.7393798828125,-1139.4324951171875,0.0
627.9475504557291,-2005.67626953125,-1140.4619547526042,0.0
637.6648559570312,-1959.550048828125,-1100.5788167317708,0.0
606.2759806315104,-1936.4869384765625,-1101.1260172526042,0.0
615.1400756835938,-1890.3606770833333,-1061.7251383463542,0.0
584.6044311523438,-1867.2975260416667,-1061.7900390625,0.0
592.6152954101562,-1821.1712646484375,-1022.8714396158854,0.0
562.932861328125,-1798.108154296875,-1022.4540812174479,0.0
570.0905151367188,-1751.9818929036458,-984.0177612304688,0.0
541.2613118489584,-1728.9187418619792,-983.1181233723959,0.0
547.5657552083334,-1682.79248046875,-945.1640828450521,0.0
519.5897623697916,-1659.7293701171875,-943.7821655273438,0.0
525.0409749348959,-1613.6031087239583,-906.3104044596354,0.0
497.91820271809894,-1590.5399576822917,-904.4462076822916,0.0
502.5161946614583,-1544.4136962890625,-867.4567260742188,0.0
476.2466328938802,-1521.3505859375,-865.1102498372396,0.0
479.99139404296875,-1475.2243245442708,-828.6030476888021,0.0
454.57506306966144,-1452.1611735026042,-825.7742919921875,0.0
457.46661376953125,-1406.034912109375,-789.7493896484375,0.0
432.9035135904948,-1382.9718017578125,-786.4383544921875,0.0
434.9418436686198,-1336.8455403645833,-750.8957316080729,0.0
411.23195393880206,-1313.7823893229167,-747.1023966471354,0.0
412.41705322265625,-1267.6561279296875,-712.0420532226562,0.0
389.5603841145833,-1244.593017578125,-707.7664388020834,0.0
389.89227294921875,-1198.4667561848958,-673.1883748372396,0.0
367.8888346354167,-1175.4036051432292,-668.4304809570312,0.0
367.36749267578125,-1129.27734375,-634.3346964518229,0.0
346.21726481119794,-1106.2142333984375,-629.0945231119791,0.0
344.8427022298177,-1060.0879923502605,-595.4810180664062,0.0
733.298583984375,-2028.7393798828125,-1093.8144124348958,0.0
701.1928507486979,-2005.67626953125,-1096.9503987630208,0.0
708.2808837890625,-1959.550048828125,-1056.51708984375,0.0
676.9949951171875,-1936.4869384765625,-1059.1160481770833,0.0
683.2631632486979,-1890.3606770833333,-1019.2198079427084,0.0
652.797119140625,-1867.2975260416667,-1021.2816975911459,0.0
658.2454630533854,-1821.1712646484375,-981.9224853515625,0.0
628.5992838541666,-1798.108154296875,-983.4473266601562,0.0
633.2277628580729,-1751.9818929036458,-944.6252034505209,0.0
604.4014282226562,-1728.9187418619792,-945.6129964192709,0.0
608.2100423177084,-1682.79248046875,-907.3279215494791,0.0
580.2035725911459,-1659.7293701171875,-907.7786458333334,0.0
583.1923421223959,-1613.6031087239583,-870.0306193033854,0.0
556.0057373046875,-1590.5399576822917,-869.9442952473959,0.0
558.1746419270834,-1544.4136962890625,-832.7333170572916,0.0
531.807871500651,-1521.3505859375,-832.1099446614584,0.0
533.1569315592448,-1475.2243245442708,-795.4360148111979,0.0
507.6100158691406,-1452.1611735026042,-794.2755940755209,0.0
508.1392313639323,-1406.034912109375,-758.1387125651041,0.0
483.4121602376302,-1382.9718017578125,-756.4412638346354,0.0
483.12152099609375,-1336.8455403645833,-720.8414306640625,0.0
459.2143046061198,-1313.7823893229167,-718.60693359375,0.0
458.1038106282552,-1267.6561279296875,-683.5441284179688,0.0
435.0164489746094,-1244.593017578125,-680.7725830078125,0.0
433.0861002604167,-1198.4667561848958,-646.246826171875,0.0
410.81859334309894,-1175.4036051432292,-642.938232421875,0.0
408.0684000651042,-1129.27734375,-608.9495239257812,0.0
386.62073771158856,-1106.2142333984375,-605.1038818359375,0.0
371.035400390625,-1060.0879923502605,-579.52294921875,0.0
803.2674153645834,-2028.7393798828125,-1043.512451171875,0.0
771.4355265299479,-2005.67626953125,-1048.7415364583333,0.0
775.8639119466146,-1959.550048828125,-1007.9312337239584,0.0
744.8150024414062,-1936.4869384765625,-1012.57080078125,0.0
748.4604288736979,-1890.3606770833333,-972.3500162760416,0.0
718.1944783528646,-1867.2975260416667,-976.4000651041666,0.0
721.0569254557291,-1821.1712646484375,-936.7688191731771,0.0
691.5739542643229,-1798.108154296875,-940.2293497721354,0.0
693.6534220377604,-1751.9818929036458,-901.1876220703125,0.0
664.9534098307291,-1728.9187418619792,-904.0586344401041,0.0
666.2498982747396,-1682.79248046875,-865.6064249674479,0.0
638.3328653971354,-1659.7293701171875,-867.8879191080729,0.0
638.8463948567709,-1613.6031087239583,-830.0252075195312,0.0
611.7123413085938,-1590.5399576822917,-831.7171834309896,0.0
611.4429117838541,-1544.4136962890625,-794.4440104166666,0.0
585.0918172200521,-1521.3505859375,-795.5464680989584,0.0
584.0394083658854,-1475.2243245442708,-758.8628133138021,0.0
558.4712931315104,-1452.1611735026042,-759.375732421875,0.0
556.6359252929688,-1406.034912109375,-723.2815958658854,0.0
531.8507792154948,-1382.9718017578125,-723.2049967447916,0.0
529.232411702474,-1336.8455403645833,-687.7003784179688,0.0
505.230224609375,-1313.7823893229167,-687.0342610677084,0.0
501.8288879394531,-1267.6561279296875,-652.1191813151041,0.0
478.6096903483073,-1244.593017578125,-650.8635457356771,0.0
474.42539469401044,-1198.4667561848958,-616.5379842122396,0.0
451.9891662597656,-1175.4036051432292,-614.6928100585938,0.0
447.0219014485677,-1129.27734375,-580.9567667643229,0.0
425.36864217122394,-1106.2142333984375,-578.5220743815104,0.0
396.12831624348956,-1060.0879923502605,-561.8859659830729,0.0
869.7965291341146,-2028.7393798828125,-988.7420043945312,0.0
838.3747965494791,-2005.67626953125,-996.0418090820312,0.0
840.1245930989584,-1959.550048828125,-955.0292561848959,0.0
809.4455973307291,-1936.4869384765625,-961.6895955403646,0.0
810.45263671875,-1890.3606770833333,-921.3165079752604,0.0
780.5163777669271,-1867.2975260416667,-927.3373616536459,0.0
780.7806803385416,-1821.1712646484375,-887.6037394205729,0.0
751.5871785481771,-1798.108154296875,-892.9851481119791,0.0
751.1087443033854,-1751.9818929036458,-853.8910115559896,0.0
722.657958984375,-1728.9187418619792,-858.6329549153646,0.0
721.4367879231771,-1682.79248046875,-820.1782633463541,0.0
693.7287394205729,-1659.7293701171875,-824.2807210286459,0.0
691.7648315429688,-1613.6031087239583,-786.4654947916666,0.0
664.7995198567709,-1590.5399576822917,-789.9284871419271,0.0
662.0928751627604,-1544.4136962890625,-752.7527465820312,0.0
635.8703206380209,-1521.3505859375,-755.5762939453125,0.0
632.4209391276041,-1475.2243245442708,-719.0400187174479,0.0
606.9411214192709,-1452.1611735026042,-721.2240804036459,0.0
602.7490030924479,-1406.034912109375,-685.3272705078125,0.0
578.0119222005209,-1382.9718017578125,-686.8718668619791,0.0
573.0770467122396,-1336.8455403645833,-651.6145222981771,0.0
549.0826822916666,-1313.7823893229167,-652.5196329752604,0.0
543.4050699869791,-1267.6561279296875,-617.9017537434896,0.0
520.1534627278646,-1244.593017578125,-618.1674194335938,0.0
513.7331339518229,-1198.4667561848958,-584.1890258789062,0.0
491.22426350911456,-1175.4036051432292,-583.8152262369791,0.0
484.0611877441406,-1129.27734375,-550.4762776692709,0.0
462.29505411783856,-1106.2142333984375,-549.4629923502604,0.0
446.67637125651044,-1060.0879923502605,-523.5305684407552,0.0
932.6010538736979,-2028.7393798828125,-929.7376098632812,0.0
901.7240193684896,-2005.67626953125,-939.0768636067709,0.0
900.7877197265625,-1959.550048828125,-898.0376790364584,0.0
870.6100260416666,-1936.4869384765625,-906.6902669270834,0.0
868.9743855794271,-1890.3606770833333,-866.3377685546875,0.0
839.4959920247396,-1867.2975260416667,-874.3036702473959,0.0
837.1610310872396,-1821.1712646484375,-834.6378377278646,0.0
808.3819783528646,-1798.108154296875,-841.9170532226562,0.0
805.3476969401041,-1751.9818929036458,-802.9379069010416,0.0
777.2679646809896,-1728.9187418619792,-809.5304565429688,0.0
773.5343627929688,-1682.79248046875,-771.2379760742188,0.0
746.1539713541666,-1659.7293701171875,-777.1438395182291,0.0
741.7210286458334,-1613.6031087239583,-739.5380249023438,0.0
715.0399373372396,-1590.5399576822917,-744.7572224934896,0.0
709.9076741536459,-1544.4136962890625,-707.8380940755209,0.0
683.9259236653646,-1521.3505859375,-712.3706258138021,0.0
678.0943400065104,-1475.2243245442708,-676.13818359375,0.0
652.8119099934896,-1452.1611735026042,-679.9840291341146,0.0
646.281005859375,-1406.034912109375,-644.4382527669271,0.0
621.6979166666666,-1382.9718017578125,-647.5974324544271,0.0
614.4676717122396,-1336.8455403645833,-612.7383422851562,0.0
590.5838826497396,-1313.7823893229167,-615.2108357747396,0.0
582.6543172200521,-1267.6561279296875,-581.0384114583334,0.0
559.4698689778646,-1244.593017578125,-582.82421875,0.0
550.8409830729166,-1198.4667561848958,-549.3384602864584,0.0
528.3558553059896,-1175.4036051432292,-550.4376017252604,0.0
519.0276387532552,-1129.27734375,-517.6385396321615,0.0
497.24184163411456,-1106.2142333984375,-518.051015218099,0.0
469.2525126139323,-1060.0879923502605,-502.7692057291667,0.0
991.4120483398438,-2028.7393798828125,-866.751953125,0.0
961.2119344075521,-2005.67626953125,-878.0906575520834,0.0
957.5935262044271,-1959.550048828125,-837.2005818684896,0.0
928.0463460286459,-1936.4869384765625,-847.808349609375,0.0
923.7750447591146,-1890.3606770833333,-807.6492106119791,0.0
894.8807779947916,-1867.2975260416667,-817.5260416666666,0.0
889.95654296875,-1821.1712646484375,-778.0978393554688,0.0
861.7151896158854,-1798.108154296875,-787.2437337239584,0.0
856.1380411783854,-1751.9818929036458,-748.5464884440104,0.0
828.5496012369791,-1728.9187418619792,-756.9614461263021,0.0
822.3195393880209,-1682.79248046875,-718.9951375325521,0.0
795.384033203125,-1659.7293701171875,-726.6791178385416,0.0
788.5010579427084,-1613.6031087239583,-689.4437459309896,0.0
762.2184448242188,-1590.5399576822917,-696.3967895507812,0.0
754.6825358072916,-1544.4136962890625,-659.8923746744791,0.0
729.0528564453125,-1521.3505859375,-666.1144816080729,0.0
720.8640340169271,-1475.2243245442708,-630.3410237630209,0.0
695.8872680664062,-1452.1611735026042,-635.8321940104166,0.0
687.0455322265625,-1406.034912109375,-600.7896728515625,0.0
662.7217000325521,-1382.9718017578125,-605.5498860677084,0.0
653.22705078125,-1336.8455403645833,-571.2383015950521,0.0
629.5561116536459,-1313.7823893229167,-575.267578125,0.0
619.4085286458334,-1267.6561279296875,-541.6869405110677,0.0
596.3905232747396,-1244.593017578125,-544.9852803548177,0.0
585.5900472005209,-1198.4667561848958,-512.1355794270834,0.0
563.2249552408854,-1175.4036051432292,-514.7029520670573,0.0
551.7715454101562,-1129.27734375,-482.5841979980469,0.0
530.0593566894531,-1106.2142333984375,-484.42064412434894,0.0
513.9381103515625,-1060.0879923502605,-457.7003987630208,0.0
1045.9776407877605,-2028.7393798828125,-800.0547078450521,0.0
1016.5837809244791,-2005.67626953125,-813.3443400065104,0.0
1010.2987874348959,-1959.550048828125,-772.7784627278646,0.0
981.5086466471354,-1936.4869384765625,-785.2960001627604,0.0
974.6199340820312,-1890.3606770833333,-745.502197265625,0.0
946.4335123697916,-1867.2975260416667,-757.2476399739584,0.0
938.9411010742188,-1821.1712646484375,-718.2259318033854,0.0
911.3583984375,-1798.108154296875,-729.1993001302084,0.0
903.2622680664062,-1751.9818929036458,-690.9496663411459,0.0
876.2832641601562,-1728.9187418619792,-701.1509602864584,0.0
867.5834147135416,-1682.79248046875,-663.6734212239584,0.0
841.2081298828125,-1659.7293701171875,-673.1026407877604,0.0
831.9045817057291,-1613.6031087239583,-636.3971761067709,0.0
806.1330159505209,-1590.5399576822917,-645.0543009440104,0.0
796.2257486979166,-1544.4136962890625,-609.1209106445312,0.0
771.0578816731771,-1521.3505859375,-617.0059407552084,0.0
760.5468953450521,-1475.2243245442708,-581.8446451822916,0.0
735.9827270507812,-1452.1611735026042,-588.9576212565104,0.0
724.8680419921875,-1406.034912109375,-554.5684000651041,0.0
700.9076131184896,-1382.9718017578125,-560.9092814127604,0.0
689.189208984375,-1336.8455403645833,-527.2921346028646,0.0
665.8324788411459,-1313.7823893229167,-532.8609415690104,0.0
653.5103556315104,-1267.6561279296875,-500.01587931315106,0.0
630.7573445638021,-1244.593017578125,-504.81260172526044,0.0
617.8315226236979,-1198.4667561848958,-472.7396240234375,0.0
595.6822306315104,-1175.4036051432292,-476.76426188151044,0.0
582.1526896158854,-1129.27734375,-445.46336873372394,0.0
560.6070963541666,-1106.2142333984375,-448.71593221028644,0.0
533.6112162272135,-1060.0879923502605,-434.1698710123698,0.0
1096.064208984375,-2028.7393798828125,-729.9315185546875,0.0
1067.6024576822917,-2005.67626953125,-745.1151326497396,0.0
1058.6777750651042,-1959.550048828125,-705.0471801757812,0.0
1030.7679646809895,-1936.4869384765625,-719.4208780924479,0.0
1021.2913818359375,-1890.3606770833333,-680.1628214518229,0.0
993.9334920247396,-1867.2975260416667,-693.7266031901041,0.0
983.9049682617188,-1821.1712646484375,-655.2784627278646,0.0
957.0989990234375,-1798.108154296875,-668.0323486328125,0.0
946.5185750325521,-1751.9818929036458,-630.3941243489584,0.0
920.2645467122396,-1728.9187418619792,-642.3380737304688,0.0
909.1321818033854,-1682.79248046875,-605.509765625,0.0
883.4300537109375,-1659.7293701171875,-616.6438191731771,0.0
871.7457682291666,-1613.6031087239583,-580.6254272460938,0.0
846.5955810546875,-1590.5399576822917,-590.9495646158854,0.0
834.359375,-1544.4136962890625,-555.7410888671875,0.0
809.7611083984375,-1521.3505859375,-565.2553100585938,0.0
796.9729614257812,-1475.2243245442708,-530.8567301432291,0.0
772.9266153971354,-1452.1611735026042,-539.56103515625,0.0
759.5865478515625,-1406.034912109375,-505.9723815917969,0.0
736.0921427408854,-1382.9718017578125,-513.8667704264323,0.0
722.2001546223959,-1336.8455403645833,-481.08802286783856,0.0
699.2576497395834,-1313.7823893229167,-488.17250569661456,0.0
684.8137410481771,-1267.6561279296875,-456.2036844889323,0.0
662.4231770833334,-1244.593017578125,-462.47825113932294,0.0
647.4273478190104,-1198.4667561848958,-431.3193359375,0.0
625.5887044270834,-1175.4036051432292,-436.7839864095052,0.0
610.0409545898438,-1129.27734375,-406.4349873860677,0.0
588.7542317708334,-1106.2142333984375,-411.08973185221356,0.0
571.5468343098959,-1060.0879923502605,-383.2783508300781,0.0
1141.457275390625,-2028.7393798828125,-656.6826578776041,0.0
1114.0495198567708,-2005.67626953125,-673.6952514648438,0.0
1102.5233968098958,-1959.550048828125,-634.2967732747396,0.0
1075.6134033203125,-1936.4869384765625,-650.465087890625,0.0
1063.5895182291667,-1890.3606770833333,-611.910888671875,0.0
1037.1773071289062,-1867.2975260416667,-627.2349243164062,0.0
1024.6556396484375,-1821.1712646484375,-589.5250040690104,0.0
998.7411905924479,-1798.108154296875,-604.0047607421875,0.0
985.7217407226562,-1751.9818929036458,-567.1391194661459,0.0
960.3050944010416,-1728.9187418619792,-580.7745971679688,0.0
946.7878824869791,-1682.79248046875,-544.7532348632812,0.0
921.8689982096354,-1659.7293701171875,-557.5444539388021,0.0
907.85400390625,-1613.6031087239583,-522.3673706054688,0.0
883.4329020182291,-1590.5399576822917,-534.3142903645834,0.0
868.9201456705729,-1544.4136962890625,-499.9814758300781,0.0
844.9968058268229,-1521.3505859375,-511.0841369628906,0.0
829.9862670898438,-1475.2243245442708,-477.5956115722656,0.0
806.5606892903646,-1452.1611735026042,-487.85398356119794,0.0
791.0523885091146,-1406.034912109375,-455.209716796875,0.0
768.1245930989584,-1382.9718017578125,-464.6238098144531,0.0
752.1185302734375,-1336.8455403645833,-432.82383219401044,0.0
729.6884969075521,-1313.7823893229167,-441.39365641276044,0.0
713.1846516927084,-1267.6561279296875,-410.4379577636719,0.0
691.2524007161459,-1244.593017578125,-418.1635030110677,0.0
674.2507934570312,-1198.4667561848958,-388.0520731608073,0.0
652.8163045247396,-1175.4036051432292,-394.93333943684894,0.0
635.3169148763021,-1129.27734375,-365.6661885579427,0.0
614.3802083333334,-1106.2142333984375,-371.70318603515625,0.0
587.9802856445312,-1060.0879923502605,-357.3812662760417,0.0
1217.4062093098958,-2028.7393798828125,-502.0745849609375,0.0
1192.4535319010417,-2005.67626953125,-522.5190633138021,0.0
1175.8834635416667,-1959.550048828125,-484.9621073404948,0.0
1151.3140869140625,-1936.4869384765625,-504.5045471191406,0.0
1134.3607177734375,-1890.3606770833333,-467.849609375,0.0
1110.1746826171875,-1867.2975260416667,-486.4900309244792,0.0
1092.8380126953125,-1821.1712646484375,-450.7371317545573,0.0
1069.0352783203125,-1798.108154296875,-468.4755350748698,0.0
1051.3153076171875,-1751.9818929036458,-433.6246643066406,0.0
1027.8958740234375,-1728.9187418619792,-450.46103922526044,0.0
1009.7925618489584,-1682.79248046875,-416.51218668619794,0.0
986.7564290364584,-1659.7293701171875,-432.446533203125,0.0
968.2698160807291,-1613.6031087239583,-399.3997090657552,0.0
945.6170247395834,-1590.5399576822917,-414.43202718098956,0.0
926.7470906575521,-1544.4136962890625,-382.2872314453125,0.0
904.4776000976562,-1521.3505859375,-396.4175211588542,0.0
885.224365234375,-1475.2243245442708,-365.1747538248698,0.0
863.3381958007812,-1452.1611735026042,-378.40301513671875,0.0
843.7016398111979,-1406.034912109375,-348.06227620442706,0.0
822.1987711588541,-1382.9718017578125,-360.3885192871094,0.0
802.1788940429688,-1336.8455403645833,-330.94980875651044,0.0
781.0593465169271,-1313.7823893229167,-342.3740234375,0.0
760.6561686197916,-1267.6561279296875,-313.8373311360677,0.0
739.9199422200521,-1244.593017578125,-324.35951741536456,0.0
719.1334431966146,-1198.4667561848958,-296.724853515625,0.0
698.780517578125,-1175.4036051432292,-306.3450113932292,0.0
677.6107177734375,-1129.27734375,-279.61237080891925,0.0
657.64111328125,-1106.2142333984375,-288.33050028483075,0.0
631.32568359375,-1060.0879923502605,-273.85389709472656,0.0
1247.6368815104167,-2028.7393798828125,-421.37743123372394,0.0
1224.0747884114583,-2005.67626953125,-443.4101155598958,0.0
1205.0838623046875,-1959.550048828125,-407.0173034667969,0.0
1181.84521484375,-1936.4869384765625,-428.12481689453125,0.0
1162.5308024088542,-1890.3606770833333,-392.6571756998698,0.0
1139.6156819661458,-1867.2975260416667,-412.8395284016927,0.0
1119.977783203125,-1821.1712646484375,-378.29705810546875,0.0
1097.3861490885417,-1798.108154296875,-397.5542399088542,0.0
1077.4247639973958,-1751.9818929036458,-363.9369303385417,0.0
1055.1566569010417,-1728.9187418619792,-382.2689514160156,0.0
1034.8717447916667,-1682.79248046875,-349.5768127441406,0.0
1012.9270833333334,-1659.7293701171875,-366.9836730957031,0.0
992.3186645507812,-1613.6031087239583,-335.21669514973956,0.0
970.6975301106771,-1590.5399576822917,-351.69838460286456,0.0
949.7656453450521,-1544.4136962890625,-320.8565673828125,0.0
928.4679972330729,-1521.3505859375,-336.41309611002606,0.0
907.2126057942709,-1475.2243245442708,-306.49644978841144,0.0
886.2384643554688,-1452.1611735026042,-321.12781778971356,0.0
864.6595865885416,-1406.034912109375,-292.13633219401044,0.0
844.0089314778646,-1382.9718017578125,-305.842529296875,0.0
822.1065266927084,-1336.8455403645833,-277.7762044270833,0.0
801.7793579101562,-1313.7823893229167,-290.55724080403644,0.0
779.553466796875,-1267.6561279296875,-263.41608174641925,0.0
759.5498250325521,-1244.593017578125,-275.27195739746094,0.0
737.0004475911459,-1198.4667561848958,-249.05596415201822,0.0
717.3202921549479,-1175.4036051432292,-259.98667399088544,0.0
694.4474080403646,-1129.27734375,-234.69584147135416,0.0
675.0907592773438,-1106.2142333984375,-244.70138041178384,0.0
642.3910929361979,-1060.0879923502605,-245.24841817220053,0.0
1272.5249837239583,-2028.7393798828125,-338.87586466471356,0.0
1250.454345703125,-2005.67626953125,-362.4024149576823,0.0
1229.1239013671875,-1959.550048828125,-327.32958984375,0.0
1207.3155110677083,-1936.4869384765625,-349.9117940266927,0.0
1185.7227376302083,-1890.3606770833333,-315.78331502278644,0.0
1164.1766764322917,-1867.2975260416667,-337.4211832682292,0.0
1142.3216552734375,-1821.1712646484375,-304.23705037434894,0.0
1121.0378824869792,-1798.108154296875,-324.9305725097656,0.0
1098.9205322265625,-1751.9818929036458,-292.69077555338544,0.0
1077.8990478515625,-1728.9187418619792,-312.43995157877606,0.0
1055.5194091796875,-1682.79248046875,-281.1444956461589,0.0
1034.7602132161458,-1659.7293701171875,-299.9493357340495,0.0
1012.1182657877604,-1613.6031087239583,-269.5982259114583,0.0
991.6213785807291,-1590.5399576822917,-287.45872497558594,0.0
968.7171427408854,-1544.4136962890625,-258.0519510904948,0.0
948.4825439453125,-1521.3505859375,-274.9681040445964,0.0
925.3160196940104,-1475.2243245442708,-246.50567118326822,0.0
905.3437296549479,-1452.1611735026042,-262.4774881998698,0.0
881.9148966471354,-1406.034912109375,-234.95940144856772,0.0
862.2048950195312,-1382.9718017578125,-249.98687744140625,0.0
838.5137736002604,-1336.8455403645833,-223.41312662760416,0.0
819.0660603841146,-1313.7823893229167,-237.49625651041666,0.0
795.1126302083334,-1267.6561279296875,-211.86685180664062,0.0
775.9272054036459,-1244.593017578125,-225.0056406656901,0.0
751.7115071614584,-1198.4667561848958,-200.3205769856771,0.0
732.7883911132812,-1175.4036051432292,-212.51502482096353,0.0
708.3103841145834,-1129.27734375,-188.77430216471353,0.0
689.6495564778646,-1106.2142333984375,-200.02440897623697,0.0
662.8235270182291,-1060.0879923502605,-185.1674346923828,0.0
1291.9639892578125,-2028.7393798828125,-254.92318725585938,0.0
1271.4792887369792,-2005.67626953125,-279.8428497314453,0.0
1247.900634765625,-1959.550048828125,-246.24020385742188,0.0
1227.6158854166667,-1936.4869384765625,-270.2003936767578,0.0
1203.8372395833333,-1890.3606770833333,-237.55722045898438,0.0
1183.7524820963542,-1867.2975260416667,-260.5579376220703,0.0
1159.7738850911458,-1821.1712646484375,-228.87423706054688,0.0
1139.8891194661458,-1798.108154296875,-250.9154815673828,0.0
1115.7105712890625,-1751.9818929036458,-220.19125366210938,0.0
1096.0257568359375,-1728.9187418619792,-241.2730255126953,0.0
1071.6471761067708,-1682.79248046875,-211.50827026367188,0.0
1052.1623128255208,-1659.7293701171875,-231.63056437174478,0.0
1027.5837809244792,-1613.6031087239583,-202.82528686523438,0.0
1008.2989298502604,-1590.5399576822917,-221.98810831705728,0.0
983.5204467773438,-1544.4136962890625,-194.1423085530599,0.0
964.435546875,-1521.3505859375,-212.34565226236978,0.0
939.4570719401041,-1475.2243245442708,-185.4593251546224,0.0
920.5721435546875,-1452.1611735026042,-202.70319112141928,0.0
895.3937174479166,-1406.034912109375,-176.77633666992188,0.0
876.7087605794271,-1382.9718017578125,-193.06072998046875,0.0
851.3303629557291,-1336.8455403645833,-168.09335327148438,0.0
832.8453776041666,-1313.7823893229167,-183.41827392578125,0.0
807.2670084635416,-1267.6561279296875,-159.41036987304688,0.0
788.9819742838541,-1244.593017578125,-173.77581787109375,0.0
763.2036336263021,-1198.4667561848958,-150.7273915608724,0.0
745.1185913085938,-1175.4036051432292,-164.13336181640625,0.0
719.1402791341146,-1129.27734375,-142.0444081624349,0.0
701.2551879882812,-1106.2142333984375,-154.49090067545572,0.0
670.0605061848959,-1060.0879923502605,-155.36235555013022,0.0
1305.8705647786458,-2028.7393798828125,-169.87889099121094,0.0
1287.0595703125,-2005.67626953125,-196.08496602376303,0.0
1261.3336588541667,-1959.550048828125,-164.09637959798178,0.0
1242.659423828125,-1936.4869384765625,-189.3319549560547,0.0
1216.7967122395833,-1890.3606770833333,-158.3138682047526,0.0
1198.25927734375,-1867.2975260416667,-182.57894388834634,0.0
1172.2598063151042,-1821.1712646484375,-152.53135681152344,0.0
1153.8591715494792,-1798.108154296875,-175.82593282063803,0.0
1127.722900390625,-1751.9818929036458,-146.74884541829428,0.0
1109.4590657552083,-1728.9187418619792,-169.0729217529297,0.0
1083.1859944661458,-1682.79248046875,-140.9663340250651,0.0
1065.0589192708333,-1659.7293701171875,-162.31991068522134,0.0
1038.6490478515625,-1613.6031087239583,-135.18382263183594,0.0
1020.6587727864584,-1590.5399576822917,-155.56690470377603,0.0
994.1121419270834,-1544.4136962890625,-129.40131632486978,0.0
976.2586669921875,-1521.3505859375,-148.81389872233072,0.0
949.5752563476562,-1475.2243245442708,-123.61880493164062,0.0
931.8585611979166,-1452.1611735026042,-142.0608876546224,0.0
905.0383504231771,-1406.034912109375,-117.83629353841145,0.0
887.4584350585938,-1382.9718017578125,-135.30787658691406,0.0
860.5014444986979,-1336.8455403645833,-112.0537846883138,0.0
843.0583292643229,-1313.7823893229167,-128.55486806233725,0.0
815.9645385742188,-1267.6561279296875,-106.27127583821614,0.0
798.658203125,-1244.593017578125,-121.8018569946289,0.0
771.4276123046875,-1198.4667561848958,-100.48876444498698,0.0
754.2580769856771,-1175.4036051432292,-115.0488510131836,0.0
726.8907063802084,-1129.27734375,-94.70625813802083,0.0
709.8579508463541,-1106.2142333984375,-108.29584503173828,0.0
681.8760579427084,-1060.0879923502605,-93.00043233235677,0.0
1314.1852213541667,-2028.7393798828125,-84.10714340209961,0.0
1297.12841796875,-2005.67626953125,-111.48740768432617,0.0
1269.3654378255208,-1959.550048828125,-81.24986775716145,0.0
1252.3816731770833,-1936.4869384765625,-107.65276463826497,0.0
1224.5456949869792,-1890.3606770833333,-78.39259211222331,0.0
1207.6349690755208,-1867.2975260416667,-103.81812032063802,0.0
1179.7259521484375,-1821.1712646484375,-75.5353151957194,0.0
1162.8882242838542,-1798.108154296875,-99.98347600301106,0.0
1134.9061686197917,-1751.9818929036458,-72.6780382792155,0.0
1118.1414794921875,-1728.9187418619792,-96.14883168538411,0.0
1090.08642578125,-1682.79248046875,-69.82076263427734,0.0
1073.394775390625,-1659.7293701171875,-92.31418863932292,0.0
1045.2667032877605,-1613.6031087239583,-66.96348698933919,0.0
1028.6480509440105,-1590.5399576822917,-88.47954432169597,0.0
1000.4469401041666,-1544.4136962890625,-64.10621007283528,0.0
983.9013061523438,-1521.3505859375,-84.64490000406902,0.0
955.6271769205729,-1475.2243245442708,-61.24893442789713,0.0
939.1546020507812,-1452.1611735026042,-80.81025695800781,0.0
910.8074544270834,-1406.034912109375,-58.391658782958984,0.0
894.4078979492188,-1382.9718017578125,-76.97561264038086,0.0
865.9877115885416,-1336.8455403645833,-55.53438186645508,0.0
849.6611735026041,-1313.7823893229167,-73.14097086588542,0.0
821.16796875,-1267.6561279296875,-52.67710876464844,0.0
804.9144490559896,-1244.593017578125,-69.30633036295573,0.0
776.3482055664062,-1198.4667561848958,-49.81983311971029,0.0
760.1677042643229,-1175.4036051432292,-65.47168604532878,0.0
731.5284423828125,-1129.27734375,-46.96255620320638,0.0
715.4209798177084,-1106.2142333984375,-61.63704172770182,0.0
685.1607869466146,-1060.0879923502605,-62.50571950276693,0.0
1316.872314453125,-2028.7393798828125,2.024761199951172,0.0
1301.642822265625,-2005.67626953125,-26.41244633992513,0.0
1271.9616292317708,-1959.550048828125,1.9445679982503254,0.0
1256.7410481770833,-1936.4869384765625,-25.51258913675944,0.0
1227.0509440104167,-1890.3606770833333,1.8643735249837239,0.0
1211.83935546875,-1867.2975260416667,-24.61273256937663,0.0
1182.1403401692708,-1821.1712646484375,1.7841803232828777,0.0
1166.9376627604167,-1798.108154296875,-23.712874094645183,0.0
1137.2296549479167,-1751.9818929036458,1.7039871215820312,0.0
1122.035888671875,-1728.9187418619792,-22.813016255696613,0.0
1092.3189697265625,-1682.79248046875,1.6237939198811848,0.0
1077.1341959635417,-1659.7293701171875,-21.913159052530926,0.0
1047.4083455403645,-1613.6031087239583,1.5435994466145833,0.0
1032.2325032552083,-1590.5399576822917,-21.013302485148113,0.0
1002.4976806640625,-1544.4136962890625,1.463406244913737,0.0
987.3307698567709,-1521.3505859375,-20.113444010416668,0.0
957.5869954427084,-1475.2243245442708,1.3832130432128906,0.0
942.4290364583334,-1452.1611735026042,-19.213587443033855,0.0
912.6763305664062,-1406.034912109375,1.303018569946289,0.0
897.5273234049479,-1382.9718017578125,-18.313730239868164,0.0
867.7656656901041,-1336.8455403645833,1.2228253682454426,0.0
852.6256103515625,-1313.7823893229167,-17.413872400919598,0.0
822.8550008138021,-1267.6561279296875,1.1426321665445964,0.0
807.7238972981771,-1244.593017578125,-16.514015197753906,0.0
777.9443562825521,-1198.4667561848958,1.0624376932779949,0.0
762.8221842447916,-1175.4036051432292,-15.614158630371094,0.0
733.03369140625,-1129.27734375,0.9822444915771484,0.0
717.9204508463541,-1106.2142333984375,-14.714300155639648,0.0
688.1230265299479,-1060.0879923502605,0.9020512898763021,0.0
1313.9203287760417,-2028.7393798828125,88.14799372355144,0.0
1300.5833333333333,-2005.67626953125,58.77561569213867,0.0
1269.111083984375,-1959.550048828125,85.13067372639973,0.0
1255.7188720703125,-1936.4869384765625,56.736833572387695,0.0
1224.3017985026042,-1890.3606770833333,82.11335436503093,0.0
1210.8544514973958,-1867.2975260416667,54.69805145263672,0.0
1179.4925537109375,-1821.1712646484375,79.09603436787923,0.0
1165.9900309244792,-1798.108154296875,52.65926933288574,0.0
1134.6833089192708,-1751.9818929036458,76.07871500651042,0.0
1121.1256103515625,-1728.9187418619792,50.620487213134766,0.0
1089.8740234375,-1682.79248046875,73.06139500935872,0.0
1076.2611490885417,-1659.7293701171875,48.58170509338379,0.0
1045.0647786458333,-1613.6031087239583,70.04407564798991,0.0
1031.396748860677,-1590.5399576822917,46.54292297363281,0.0
1000.2555338541666,-1544.4136962890625,67.02675565083821,0.0
986.5323079427084,-1521.3505859375,44.504140853881836,0.0
955.4462687174479,-1475.2243245442708,64.0094362894694,0.0
941.6678670247396,-1452.1611735026042,42.46535873413086,0.0
910.6370035807291,-1406.034912109375,60.99211629231771,0.0
896.8034261067709,-1382.9718017578125,40.42657661437988,0.0
865.8277384440104,-1336.8455403645833,57.97479693094889,0.0
851.9389851888021,-1313.7823893229167,38.387794494628906,0.0
821.0184733072916,-1267.6561279296875,54.9574769337972,0.0
807.0745442708334,-1244.593017578125,36.34901237487793,0.0
776.2092081705729,-1198.4667561848958,51.94015757242838,0.0
762.2101236979166,-1175.4036051432292,34.31023025512695,0.0
731.3999633789062,-1129.27734375,48.922837575276695,0.0
717.345703125,-1106.2142333984375,32.27144813537598,0.0
687.3992919921875,-1060.0879923502605,31.564618428548176,0.0
1305.3419596354167,-2028.7393798828125,173.89376576741537,0.0
1293.9545491536458,-2005.67626953125,143.7119928995768,0.0
1260.8260091145833,-1959.550048828125,167.95223999023438,0.0
1249.3195393880208,-1936.4869384765625,138.74329884847006,0.0
1216.3100179036458,-1890.3606770833333,162.01071421305338,0.0
1204.6844889322917,-1867.2975260416667,133.7746098836263,0.0
1171.7940673828125,-1821.1712646484375,156.0691884358724,0.0
1160.0494791666667,-1798.108154296875,128.80591583251953,0.0
1127.278076171875,-1751.9818929036458,150.1276626586914,0.0
1115.4144287109375,-1728.9187418619792,123.83722686767578,0.0
1082.7620849609375,-1682.79248046875,144.1861368815104,0.0
1070.7793782552083,-1659.7293701171875,118.86853281656902,0.0
1038.24609375,-1613.6031087239583,138.24461110432944,0.0
1026.1443684895833,-1590.5399576822917,113.89984385172527,0.0
993.7301432291666,-1544.4136962890625,132.30309041341147,0.0
981.5093383789062,-1521.3505859375,108.93115488688152,0.0
949.2141520182291,-1475.2243245442708,126.36156463623047,0.0
936.8743082682291,-1452.1611735026042,103.96246083577473,0.0
904.6981811523438,-1406.034912109375,120.42003885904948,0.0
892.2392781575521,-1382.9718017578125,98.99377187093098,0.0
860.1822102864584,-1336.8455403645833,114.47851308186848,0.0
847.604248046875,-1313.7823893229167,94.02507781982422,0.0
815.6662394205729,-1267.6561279296875,108.5369873046875,0.0
802.9692179361979,-1244.593017578125,89.05638885498047,0.0
771.1502482096354,-1198.4667561848958,102.59546407063802,0.0
758.3341674804688,-1175.4036051432292,84.0876973470052,0.0
726.6342569986979,-1129.27734375,96.65393829345703,0.0
713.6991373697916,-1106.2142333984375,79.11900583902995,0.0
684.6716715494791,-1060.0879923502605,62.11420122782389,0.0
1291.1739501953125,-2028.7393798828125,258.8948974609375,0.0
1281.7848714192708,-2005.67626953125,228.03297424316406,0.0
1247.141845703125,-1959.550048828125,250.0546112060547,0.0
1237.5703938802083,-1936.4869384765625,220.15564982096353,0.0
1203.1098225911458,-1890.3606770833333,241.21431986490884,0.0
1193.3559163411458,-1867.2975260416667,212.27832539876303,0.0
1159.0777587890625,-1821.1712646484375,232.37403361002603,0.0
1149.1414388020833,-1798.108154296875,204.4010009765625,0.0
1115.0456949869792,-1751.9818929036458,223.53374226888022,0.0
1104.9269205729167,-1728.9187418619792,196.52367655436197,0.0
1071.0135904947917,-1682.79248046875,214.6934560139974,0.0
1060.71240234375,-1659.7293701171875,188.64635213216147,0.0
1026.9815063476562,-1613.6031087239583,205.85316467285156,0.0
1016.4979044596354,-1590.5399576822917,180.76902770996094,0.0
982.949462890625,-1544.4136962890625,197.01287841796875,0.0
972.2834269205729,-1521.3505859375,172.89170837402344,0.0
938.9173787434896,-1475.2243245442708,188.17259216308594,0.0
928.0689086914062,-1452.1611735026042,165.0143839518229,0.0
894.8852945963541,-1406.034912109375,179.3323008219401,0.0
883.8544108072916,-1382.9718017578125,157.1370595296224,0.0
850.8532307942709,-1336.8455403645833,170.49201456705728,0.0
839.6399332682291,-1313.7823893229167,149.25973510742188,0.0
806.8211669921875,-1267.6561279296875,161.65172322591147,0.0
795.4254353841146,-1244.593017578125,141.38241068522134,0.0
762.7891031901041,-1198.4667561848958,152.81143697102866,0.0
751.2109375,-1175.4036051432292,133.50508880615234,0.0
718.7570190429688,-1129.27734375,143.9711481730143,0.0
706.9964192708334,-1106.2142333984375,125.62776438395183,0.0
676.7289632161459,-1060.0879923502605,125.0677973429362,0.0
1271.4769287109375,-2028.7393798828125,342.7874043782552,0.0
1264.1264241536458,-2005.67626953125,311.3774820963542,0.0
1228.1172688802083,-1959.550048828125,331.08620198567706,0.0
1220.5217692057292,-1936.4869384765625,300.62525431315106,0.0
1184.7576904296875,-1890.3606770833333,319.385009765625,0.0
1176.9171956380208,-1867.2975260416667,289.87303670247394,0.0
1141.3981119791667,-1821.1712646484375,307.68381754557294,0.0
1133.3125813802083,-1798.108154296875,279.1208089192708,0.0
1098.0384928385417,-1751.9818929036458,295.9826151529948,0.0
1089.7079264322917,-1728.9187418619792,268.3685811360677,0.0
1054.6788330078125,-1682.79248046875,284.2814229329427,0.0
1046.103271484375,-1659.7293701171875,257.6163635253906,0.0
1011.3192342122396,-1613.6031087239583,272.5802307128906,0.0
1002.4986572265625,-1590.5399576822917,246.8641357421875,0.0
967.9596150716146,-1544.4136962890625,260.8790283203125,0.0
958.8940226236979,-1521.3505859375,236.11190795898438,0.0
924.6000162760416,-1475.2243245442708,249.1778361002604,0.0
915.2894083658854,-1452.1611735026042,225.35969034830728,0.0
881.2403971354166,-1406.034912109375,237.47664388020834,0.0
871.6847534179688,-1382.9718017578125,214.60746256510416,0.0
837.8807779947916,-1336.8455403645833,225.77544148763022,0.0
828.0801391601562,-1313.7823893229167,203.85523478190103,0.0
794.5211791992188,-1267.6561279296875,214.0742441813151,0.0
784.4755045572916,-1244.593017578125,193.10301208496094,0.0
751.1615600585938,-1198.4667561848958,202.37305196126303,0.0
740.8708902994791,-1175.4036051432292,182.35078938802084,0.0
707.8019612630209,-1129.27734375,190.6718546549479,0.0
697.2662556966146,-1106.2142333984375,171.59856160481772,0.0
670.0371704101562,-1060.0879923502605,154.9999974568685,0.0
1246.335205078125,-2028.7393798828125,425.2120361328125,0.0
1241.0547688802083,-2005.67626953125,393.3886210123698,0.0
1203.8336995442708,-1959.550048828125,410.7000325520833,0.0
1198.2467041015625,-1936.4869384765625,379.8075358072917,0.0
1161.3322347005208,-1890.3606770833333,396.1880391438802,0.0
1155.438720703125,-1867.2975260416667,366.22646077473956,0.0
1118.830810546875,-1821.1712646484375,381.67604573567706,0.0
1112.6306966145833,-1798.108154296875,352.64537556966144,0.0
1076.3293050130208,-1751.9818929036458,367.16404215494794,0.0
1069.8226318359375,-1728.9187418619792,339.0642903645833,0.0
1033.8277994791667,-1682.79248046875,352.6520487467448,0.0
1027.0145670572917,-1659.7293701171875,325.48321533203125,0.0
991.3263142903646,-1613.6031087239583,338.1400553385417,0.0
984.20654296875,-1590.5399576822917,311.9021301269531,0.0
948.8248494466146,-1544.4136962890625,323.6280517578125,0.0
941.3984985351562,-1521.3505859375,298.321044921875,0.0
906.3233439127604,-1475.2243245442708,309.1160583496094,0.0
898.5904541015625,-1452.1611735026042,284.73996988932294,0.0
863.8218790690104,-1406.034912109375,294.60406494140625,0.0
855.7824300130209,-1382.9718017578125,271.1588846842448,0.0
821.3203938802084,-1336.8455403645833,280.09206136067706,0.0
812.9743855794271,-1313.7823893229167,257.5777994791667,0.0
778.8189290364584,-1267.6561279296875,265.58006795247394,0.0
770.1663614908854,-1244.593017578125,243.99671936035156,0.0
736.3174438476562,-1198.4667561848958,251.0680694580078,0.0
727.3583170572916,-1175.4036051432292,230.41563415527344,0.0
693.8159586588541,-1129.27734375,236.55607096354166,0.0
684.5502726236979,-1106.2142333984375,216.83455403645834,0.0
653.3492228190104,-1060.0879923502605,216.23326619466147,0.0
1215.8565266927083,-2028.7393798828125,505.81585693359375,0.0
1212.6687418619792,-2005.67626953125,473.7152099609375,0.0
1174.3951822916667,-1959.550048828125,488.55518595377606,0.0
1170.840576171875,-1936.4869384765625,457.36342366536456,0.0
1132.9337972005208,-1890.3606770833333,471.29453531901044,0.0
1129.012451171875,-1867.2975260416667,441.0116475423177,0.0
1091.4724527994792,-1821.1712646484375,454.0338846842448,0.0
1087.184326171875,-1798.108154296875,424.6598612467448,0.0
1050.0110880533855,-1751.9818929036458,436.7732238769531,0.0
1045.356180826823,-1728.9187418619792,408.3080749511719,0.0
1008.5497436523438,-1682.79248046875,419.5125732421875,0.0
1003.5280354817709,-1659.7293701171875,391.956298828125,0.0
967.0883992513021,-1613.6031087239583,402.2519226074219,0.0
961.6999104817709,-1590.5399576822917,375.60451253255206,0.0
925.6270548502604,-1544.4136962890625,384.9912618001302,0.0
919.8717651367188,-1521.3505859375,359.2527262369792,0.0
884.1656901041666,-1475.2243245442708,367.73060099283856,0.0
878.0436197916666,-1452.1611735026042,342.90093994140625,0.0
842.704345703125,-1406.034912109375,350.4699401855469,0.0
836.2154947916666,-1382.9718017578125,326.5491536458333,0.0
801.2430013020834,-1336.8455403645833,333.2092793782552,0.0
794.3873494466146,-1313.7823893229167,310.19736735026044,0.0
759.7816365559896,-1267.6561279296875,315.94862874348956,0.0
752.5592244466146,-1244.593017578125,293.84559122721356,0.0
718.3202921549479,-1198.4667561848958,298.68797810872394,0.0
710.7310791015625,-1175.4036051432292,277.4938049316406,0.0
676.8589274088541,-1129.27734375,281.4273173014323,0.0
668.9029337565104,-1106.2142333984375,261.1420186360677,0.0
642.8077392578125,-1060.0879923502605,245.03593953450522,0.0
1180.1713460286458,-2028.7393798828125,584.2536824544271,0.0
1179.0898844401042,-2005.67626953125,552.0132853190104,0.0
1139.9276936848958,-1959.550048828125,564.3182779947916,0.0
1138.4207763671875,-1936.4869384765625,532.9608256022135,0.0
1099.6840006510417,-1890.3606770833333,544.3828837076823,0.0
1097.7516276041667,-1867.2975260416667,513.9083557128906,0.0
1059.4403076171875,-1821.1712646484375,524.4474690755209,0.0
1057.0824788411458,-1798.108154296875,494.8558858235677,0.0
1019.1966145833334,-1751.9818929036458,504.51207478841144,0.0
1016.4133504231771,-1728.9187418619792,475.8034362792969,0.0
978.9529418945312,-1682.79248046875,484.57668050130206,0.0
975.7442423502604,-1659.7293701171875,456.75096638997394,0.0
938.7092692057291,-1613.6031087239583,464.6412760416667,0.0
935.0751342773438,-1590.5399576822917,437.69850667317706,0.0
898.4655965169271,-1544.4136962890625,444.70587158203125,0.0
894.406005859375,-1521.3505859375,418.6460367838542,0.0
858.2219034830729,-1475.2243245442708,424.7704671223958,0.0
853.7368774414062,-1452.1611735026042,399.59356689453125,0.0
817.9782307942709,-1406.034912109375,404.83506266276044,0.0
813.0677693684896,-1382.9718017578125,380.5410970052083,0.0
777.7345581054688,-1336.8455403645833,384.899658203125,0.0
772.3986409505209,-1313.7823893229167,361.48862711588544,0.0
737.4908650716146,-1267.6561279296875,364.96425374348956,0.0
731.7295125325521,-1244.593017578125,342.43616739908856,0.0
697.2471923828125,-1198.4667561848958,345.0288594563802,0.0
691.0603841145834,-1175.4036051432292,323.3837076822917,0.0
657.0034993489584,-1129.27734375,325.0934549967448,0.0
650.3912556966146,-1106.2142333984375,304.33123779296875,0.0
617.7022094726562,-1060.0879923502605,303.3348897298177,0.0
1139.4324951171875,-2028.7393798828125,660.1896565755209,0.0
1140.4619547526042,-2005.67626953125,627.9475504557291,0.0
1100.5788167317708,-1959.550048828125,637.6648559570312,0.0
1101.1260172526042,-1936.4869384765625,606.2759806315104,0.0
1061.7251383463542,-1890.3606770833333,615.1400756835938,0.0
1061.7900390625,-1867.2975260416667,584.6044311523438,0.0
1022.8714396158854,-1821.1712646484375,592.6152954101562,0.0
1022.4540812174479,-1798.108154296875,562.932861328125,0.0
984.0177612304688,-1751.9818929036458,570.0905151367188,0.0
983.1181233723959,-1728.9187418619792,541.2613118489584,0.0
945.1640828450521,-1682.79248046875,547.5657552083334,0.0
943.7821655273438,-1659.7293701171875,519.5897623697916,0.0
906.3104044596354,-1613.6031087239583,525.0409749348959,0.0
904.4462076822916,-1590.5399576822917,497.91820271809894,0.0
867.4567260742188,-1544.4136962890625,502.5161946614583,0.0
865.1102498372396,-1521.3505859375,476.2466328938802,0.0
828.6030476888021,-1475.2243245442708,479.99139404296875,0.0
825.7742919921875,-1452.1611735026042,454.57506306966144,0.0
789.7493896484375,-1406.034912109375,457.46661376953125,0.0
786.4383544921875,-1382.9718017578125,432.9035135904948,0.0
750.8957316080729,-1336.8455403645833,434.9418436686198,0.0
747.1023966471354,-1313.7823893229167,411.23195393880206,0.0
712.0420532226562,-1267.6561279296875,412.41705322265625,0.0
707.7664388020834,-1244.593017578125,389.5603841145833,0.0
673.1883748372396,-1198.4667561848958,389.89227294921875,0.0
668.4304809570312,-1175.4036051432292,367.8888346354167,0.0
634.3346964518229,-1129.27734375,367.36749267578125,0.0
629.0945231119791,-1106.2142333984375,346.21726481119794,0.0
603.4914143880209,-1060.0879923502605,330.5152079264323,0.0
1043.512451171875,-2028.7393798828125,803.2674153645834,0.0
1048.7415364583333,-2005.67626953125,771.4355265299479,0.0
1007.9312337239584,-1959.550048828125,775.8639119466146,0.0
1012.57080078125,-1936.4869384765625,744.8150024414062,0.0
972.3500162760416,-1890.3606770833333,748.4604288736979,0.0
976.4000651041666,-1867.2975260416667,718.1944783528646,0.0
936.7688191731771,-1821.1712646484375,721.0569254557291,0.0
940.2293497721354,-1798.108154296875,691.5739542643229,0.0
901.1876220703125,-1751.9818929036458,693.6534220377604,0.0
904.0586344401041,-1728.9187418619792,664.9534098307291,0.0
865.6064249674479,-1682.79248046875,666.2498982747396,0.0
867.8879191080729,-1659.7293701171875,638.3328653971354,0.0
830.0252075195312,-1613.6031087239583,638.8463948567709,0.0
831.7171834309896,-1590.5399576822917,611.7123413085938,0.0
794.4440104166666,-1544.4136962890625,611.4429117838541,0.0
795.5464680989584,-1521.3505859375,585.0918172200521,0.0
758.8628133138021,-1475.2243245442708,584.0394083658854,0.0
759.375732421875,-1452.1611735026042,558.4712931315104,0.0
723.2815958658854,-1406.034912109375,556.6359252929688,0.0
723.2049967447916,-1382.9718017578125,531.8507792154948,0.0
687.7003784179688,-1336.8455403645833,529.232411702474,0.0
687.0342610677084,-1313.7823893229167,505.230224609375,0.0
652.1191813151041,-1267.6561279296875,501.8288879394531,0.0
650.8635457356771,-1244.593017578125,478.6096903483073,0.0
616.5379842122396,-1198.4667561848958,474.42539469401044,0.0
614.6928100585938,-1175.4036051432292,451.9891662597656,0.0
580.9567667643229,-1129.27734375,447.0219014485677,0.0
578.5220743815104,-1106.2142333984375,425.36864217122394,0.0
552.8272705078125,-1060.0879923502605,409.81712849934894,0.0
988.7420043945312,-2028.7393798828125,869.7965291341146,0.0
996.0418090820312,-2005.67626953125,838.3747965494791,0.0
955.0292561848959,-1959.550048828125,840.1245930989584,0.0
961.6895955403646,-1936.4869384765625,809.4455973307291,0.0
921.3165079752604,-1890.3606770833333,810.45263671875,0.0
927.3373616536459,-1867.2975260416667,780.5163777669271,0.0
887.6037394205729,-1821.1712646484375,780.7806803385416,0.0
892.9851481119791,-1798.108154296875,751.5871785481771,0.0
853.8910115559896,-1751.9818929036458,751.1087443033854,0.0
858.6329549153646,-1728.9187418619792,722.657958984375,0.0
820.1782633463541,-1682.79248046875,721.4367879231771,0.0
824.2807210286459,-1659.7293701171875,693.7287394205729,0.0
786.4654947916666,-1613.6031087239583,691.7648315429688,0.0
789.9284871419271,-1590.5399576822917,664.7995198567709,0.0
752.7527465820312,-1544.4136962890625,662.0928751627604,0.0
755.5762939453125,-1521.3505859375,635.8703206380209,0.0
719.0400187174479,-1475.2243245442708,632.4209391276041,0.0
721.2240804036459,-1452.1611735026042,606.9411214192709,0.0
685.3272705078125,-1406.034912109375,602.7490030924479,0.0
686.8718668619791,-1382.9718017578125,578.0119222005209,0.0
651.6145222981771,-1336.8455403645833,573.0770467122396,0.0
652.5196329752604,-1313.7823893229167,549.0826822916666,0.0
617.9017537434896,-1267.6561279296875,543.4050699869791,0.0
618.1674194335938,-1244.593017578125,520.1534627278646,0.0
584.1890258789062,-1198.4667561848958,513.7331339518229,0.0
583.8152262369791,-1175.4036051432292,491.22426350911456,0.0
550.4762776692709,-1129.27734375,484.0611877441406,0.0
549.4629923502604,-1106.2142333984375,462.29505411783856,0.0
533.5869140625,-1060.0879923502605,433.7027994791667,0.0
929.7376098632812,-2028.7393798828125,932.6010538736979,0.0
939.0768636067709,-2005.67626953125,901.7240193684896,0.0
898.0376790364584,-1959.550048828125,900.7877197265625,0.0
906.6902669270834,-1936.4869384765625,870.6100260416666,0.0
866.3377685546875,-1890.3606770833333,868.9743855794271,0.0
874.3036702473959,-1867.2975260416667,839.4959920247396,0.0
834.6378377278646,-1821.1712646484375,837.1610310872396,0.0
841.9170532226562,-1798.108154296875,808.3819783528646,0.0
802.9379069010416,-1751.9818929036458,805.3476969401041,0.0
809.5304565429688,-1728.9187418619792,777.2679646809896,0.0
771.2379760742188,-1682.79248046875,773.5343627929688,0.0
777.1438395182291,-1659.7293701171875,746.1539713541666,0.0
739.5380249023438,-1613.6031087239583,741.7210286458334,0.0
744.7572224934896,-1590.5399576822917,715.0399373372396,0.0
707.8380940755209,-1544.4136962890625,709.9076741536459,0.0
712.3706258138021,-1521.3505859375,683.9259236653646,0.0
676.13818359375,-1475.2243245442708,678.0943400065104,0.0
679.9840291341146,-1452.1611735026042,652.8119099934896,0.0
644.4382527669271,-1406.034912109375,646.281005859375,0.0
647.5974324544271,-1382.9718017578125,621.6979166666666,0.0
612.7383422851562,-1336.8455403645833,614.4676717122396,0.0
615.2108357747396,-1313.7823893229167,590.5838826497396,0.0
581.0384114583334,-1267.6561279296875,582.6543172200521,0.0
582.82421875,-1244.593017578125,559.4698689778646,0.0
549.3384602864584,-1198.4667561848958,550.8409830729166,0.0
550.4376017252604,-1175.4036051432292,528.3558553059896,0.0
517.6385396321615,-1129.27734375,519.0276387532552,0.0
518.051015218099,-1106.2142333984375,497.24184163411456,0.0
491.77147420247394,-1060.0879923502605,481.4383036295573,0.0
866.751953125,-2028.7393798828125,991.4120483398438,0.0
878.0906575520834,-2005.67626953125,961.2119344075521,0.0
837.2005818684896,-1959.550048828125,957.5935262044271,0.0
847.808349609375,-1936.4869384765625,928.0463460286459,0.0
807.6492106119791,-1890.3606770833333,923.7750447591146,0.0
817.5260416666666,-1867.2975260416667,894.8807779947916,0.0
778.0978393554688,-1821.1712646484375,889.95654296875,0.0
787.2437337239584,-1798.108154296875,861.7151896158854,0.0
748.5464884440104,-1751.9818929036458,856.1380411783854,0.0
756.9614461263021,-1728.9187418619792,828.5496012369791,0.0
718.9951375325521,-1682.79248046875,822.3195393880209,0.0
726.6791178385416,-1659.7293701171875,795.384033203125,0.0
689.4437459309896,-1613.6031087239583,788.5010579427084,0.0
696.3967895507812,-1590.5399576822917,762.2184448242188,0.0
659.8923746744791,-1544.4136962890625,754.6825358072916,0.0
666.1144816080729,-1521.3505859375,729.0528564453125,0.0
630.3410237630209,-1475.2243245442708,720.8640340169271,0.0
635.8321940104166,-1452.1611735026042,695.8872680664062,0.0
600.7896728515625,-1406.034912109375,687.0455322265625,0.0
605.5498860677084,-1382.9718017578125,662.7217000325521,0.0
571.2383015950521,-1336.8455403645833,653.22705078125,0.0
575.267578125,-1313.7823893229167,629.5561116536459,0.0
541.6869405110677,-1267.6561279296875,619.4085286458334,0.0
544.9852803548177,-1244.593017578125,596.3905232747396,0.0
512.1355794270834,-1198.4667561848958,585.5900472005209,0.0
514.7029520670573,-1175.4036051432292,563.2249552408854,0.0
482.5841979980469,-1129.27734375,551.7715454101562,0.0
484.42064412434894,-1106.2142333984375,530.0593566894531,0.0
469.57801310221356,-1060.0879923502605,502.60825602213544,0.0
800.0547078450521,-2028.7393798828125,1045.9776407877605,0.0
813.3443400065104,-2005.67626953125,1016.5837809244791,0.0
772.7784627278646,-1959.550048828125,1010.2987874348959,0.0
785.2960001627604,-1936.4869384765625,981.5086466471354,0.0
745.502197265625,-1890.3606770833333,974.6199340820312,0.0
757.2476399739584,-1867.2975260416667,946.4335123697916,0.0
718.2259318033854,-1821.1712646484375,938.9411010742188,0.0
729.1993001302084,-1798.108154296875,911.3583984375,0.0
690.9496663411459,-1751.9818929036458,903.2622680664062,0.0
701.1509602864584,-1728.9187418619792,876.2832641601562,0.0
663.6734212239584,-1682.79248046875,867.5834147135416,0.0
673.1026407877604,-1659.7293701171875,841.2081298828125,0.0
636.3971761067709,-1613.6031087239583,831.9045817057291,0.0
645.0543009440104,-1590.5399576822917,806.1330159505209,0.0
609.1209106445312,-1544.4136962890625,796.2257486979166,0.0
617.0059407552084,-1521.3505859375,771.0578816731771,0.0
581.8446451822916,-1475.2243245442708,760.5468953450521,0.0
588.9576212565104,-1452.1611735026042,735.9827270507812,0.0
554.5684000651041,-1406.034912109375,724.8680419921875,0.0
560.9092814127604,-1382.9718017578125,700.9076131184896,0.0
527.2921346028646,-1336.8455403645833,689.189208984375,0.0
532.8609415690104,-1313.7823893229167,665.8324788411459,0.0
500.01587931315106,-1267.6561279296875,653.5103556315104,0.0
504.81260172526044,-1244.593017578125,630.7573445638021,0.0
472.7396240234375,-1198.4667561848958,617.8315226236979,0.0
476.76426188151044,-1175.4036051432292,595.6822306315104,0.0
445.46336873372394,-1129.27734375,582.1526896158854,0.0
448.71593221028644,-1106.2142333984375,560.6070963541666,0.0
421.47878011067706,-1060.0879923502605,544.0217692057291,0.0
729.9315185546875,-2028.7393798828125,1096.064208984375,0.0
745.1151326497396,-2005.67626953125,1067.6024576822917,0.0
705.0471801757812,-1959.550048828125,1058.6777750651042,0.0
719.4208780924479,-1936.4869384765625,1030.7679646809895,0.0
680.1628214518229,-1890.3606770833333,1021.2913818359375,0.0
693.7266031901041,-1867.2975260416667,993.9334920247396,0.0
655.2784627278646,-1821.1712646484375,983.9049682617188,0.0
668.0323486328125,-1798.108154296875,957.0989990234375,0.0
630.3941243489584,-1751.9818929036458,946.5185750325521,0.0
642.3380737304688,-1728.9187418619792,920.2645467122396,0.0
605.509765625,-1682.79248046875,909.1321818033854,0.0
616.6438191731771,-1659.7293701171875,883.4300537109375,0.0
580.6254272460938,-1613.6031087239583,871.7457682291666,0.0
590.9495646158854,-1590.5399576822917,846.5955810546875,0.0
555.7410888671875,-1544.4136962890625,834.359375,0.0
565.2553100585938,-1521.3505859375,809.7611083984375,0.0
530.8567301432291,-1475.2243245442708,796.9729614257812,0.0
539.56103515625,-1452.1611735026042,772.9266153971354,0.0
505.9723815917969,-1406.034912109375,759.5865478515625,0.0
513.8667704264323,-1382.9718017578125,736.0921427408854,0.0
481.08802286783856,-1336.8455403645833,722.2001546223959,0.0
488.17250569661456,-1313.7823893229167,699.2576497395834,0.0
456.2036844889323,-1267.6561279296875,684.8137410481771,0.0
462.47825113932294,-1244.593017578125,662.4231770833334,0.0
431.3193359375,-1198.4667561848958,647.4273478190104,0.0
436.7839864095052,-1175.4036051432292,625.5887044270834,0.0
406.4349873860677,-1129.27734375,610.0409545898438,0.0
411.08973185221356,-1106.2142333984375,588.7542317708334,0.0
396.7119445800781,-1060.0879923502605,562.1137898763021,0.0
-265.1764373779297,-1037.0248616536458,-617.4774169921875,0.0
-288.5433603922526,-1060.0879923502605,-624.0001831054688,0.0
-317.38966878255206,-1063.3827107747395,-612.9652709960938,0.0
363.6343282063802,-1037.0248616536458,565.4033610026041,0.0
344.3061014811198,-1063.3827107747395,598.2607625325521,0.0
670.0179239908854,-2071.5709635416665,1165.8673095703125,0.0
706.408203125,-2097.9287923177085,1164.158935546875,0.0
-597.9319458007812,-2097.9287923177085,-1223.4197591145833,0.0
-619.0312703450521,-2071.5709635416665,-1193.721435546875,0.0
-511.5983174641927,-2097.9287923177085,-1262.0124918619792,0.0
-422.78806559244794,-2097.9287923177085,-1294.5113525390625,0.0
-453.58803304036456,-2074.8656412760415,-1268.2451171875,0.0
-174.45474243164062,-1037.0248616536458,-649.1084798177084,0.0
-331.9314270019531,-2097.9287923177085,-1320.7585042317708,0.0
-367.05091349283856,-2074.8656412760415,-1295.9737548828125,0.0
-239.4686279296875,-2097.9287923177085,-1340.6265869140625,0.0
-278.8367156982422,-2074.8656412760415,-1317.79443359375,0.0
-80.12526321411133,-1037.0248616536458,-667.4308064778646,0.0
-145.84766133626303,-2097.9287923177085,-1354.0191243489583,0.0
-189.3490244547526,-2074.8656412760415,-1333.6071370442708,0.0
-51.52218904097875,-2097.9287923177085,-1360.8711751302083,0.0
-98.9972635904948,-2074.8656412760415,-1343.33935546875,0.0
43.050706009070076,-2097.9287923177085,-1361.1495361328125,0.0
-8.194861312707266,-2074.8656412760415,-1346.946533203125,0.0
137.41275024414062,-2097.9287923177085,-1354.8531494140625,0.0
231.1067148844401,-2097.9287923177085,-1342.0126953125,0.0
173.0998102823893,-2074.8656412760415,-1335.7485758463542,0.0
126.60107167561848,-1037.0248616536458,-660.0512898763021,0.0
323.6786193847656,-2097.9287923177085,-1322.6907145182292,0.0
262.76259358723956,-2074.8656412760415,-1320.9951578776042,0.0
219.4593048095703,-1037.0248616536458,-635.3555501302084,0.0
442.2866617838542,-2097.9287923177085,-1287.89013671875,0.0
406.96970621744794,-2074.8656412760415,-1283.8628336588542,0.0
530.6229654947916,-2097.9287923177085,-1254.1322021484375,0.0
492.629638671875,-2074.8656412760415,-1253.55029296875,0.0
307.8365020751953,-1037.0248616536458,-597.6182454427084,0.0
616.4014485677084,-2097.9287923177085,-1214.3140462239583,0.0
576.0495808919271,-2074.8656412760415,-1217.5198974609375,0.0
699.2063395182291,-2097.9287923177085,-1168.6282552083333,0.0
656.84765625,-2074.8656412760415,-1175.93603515625,0.0
778.6362508138021,-2097.9287923177085,-1117.2960205078125,0.0
734.6540730794271,-2074.8656412760415,-1128.9887288411458,0.0
402.1628926595052,-1037.0248616536458,-538.3882344563802,0.0
854.3061930338541,-2097.9287923177085,-1060.5659586588542,0.0
809.1126505533854,-2074.8656412760415,-1076.8926188151042,0.0
925.8495076497396,-2097.9287923177085,-998.7129109700521,0.0
879.8826904296875,-2074.8656412760415,-1019.885986328125,0.0
474.9170633951823,-1037.0248616536458,-475.63648478190106,0.0
992.9195353190104,-2097.9287923177085,-932.0366414388021,0.0
946.640380859375,-2074.8656412760415,-958.2296752929688,0.0
1055.1913452148438,-2097.9287923177085,-860.8603719075521,0.0
1009.080322265625,-2074.8656412760415,-892.2058715820312,0.0
537.9494120279948,-1037.0248616536458,-403.1059265136719,0.0
1112.3634033203125,-2097.9287923177085,-785.5291341145834,0.0
1066.9169311523438,-2074.8656412760415,-822.1168212890625,0.0
1164.158935546875,-2097.9287923177085,-706.408203125,0.0
1119.8858642578125,-2074.8656412760415,-748.2834065755209,0.0
1223.4197591145833,-2097.9287923177085,-597.9319458007812,0.0
1262.0124918619792,-2097.9287923177085,-511.5983174641927,0.0
1234.7356770833333,-2074.8656412760415,-538.0521850585938,0.0
634.9217122395834,-1037.0248616536458,-220.38590494791666,0.0
1294.5113525390625,-2097.9287923177085,-422.78806559244794,0.0
1268.2451171875,-2074.8656412760415,-453.58803304036456,0.0
1320.7585042317708,-2097.9287923177085,-331.9314270019531,0.0
1295.9737548828125,-2074.8656412760415,-367.05091349283856,0.0
659.9637044270834,-1037.0248616536458,-127.62045033772786,0.0
1340.6265869140625,-2097.9287923177085,-239.4686279296875,0.0
1317.79443359375,-2074.8656412760415,-278.8367156982422,0.0
1354.0191243489583,-2097.9287923177085,-145.84766133626303,0.0
1333.6071370442708,-2074.8656412760415,-189.3490244547526,0.0
671.4708251953125,-1037.0248616536458,-32.21488253275553,0.0
1360.8711751302083,-2097.9287923177085,-51.52218904097875,0.0
1343.33935546875,-2074.8656412760415,-98.9972635904948,0.0
1361.1495361328125,-2097.9287923177085,43.050706009070076,0.0
1346.946533203125,-2074.8656412760415,-8.194861312707266,0.0
1354.8531494140625,-2097.9287923177085,137.41275024414062,0.0
1344.4123128255208,-2074.8656412760415,82.64270655314128,0.0
667.3393351236979,-1037.0248616536458,79.08916664123535,0.0
1342.0126953125,-2097.9287923177085,231.1067148844401,0.0
1335.7485758463542,-2074.8656412760415,173.0998102823893,0.0
1322.6907145182292,-2097.9287923177085,323.6786193847656,0.0
1320.9951578776042,-2074.8656412760415,262.76259358723956,0.0
649.371826171875,-1037.0248616536458,173.4720026652018,0.0
1287.89013671875,-2097.9287923177085,442.2866617838542,0.0
1283.8628336588542,-2074.8656412760415,406.96970621744794,0.0
618.0746866861979,-1037.0248616536458,264.32489013671875,0.0
1254.1322021484375,-2097.9287923177085,530.6229654947916,0.0
1253.55029296875,-2074.8656412760415,492.629638671875,0.0
1214.3140462239583,-2097.9287923177085,616.4014485677084,0.0
1217.5198974609375,-2074.8656412760415,576.0495808919271,0.0
1168.6282552083333,-2097.9287923177085,699.2063395182291,0.0
1175.93603515625,-2074.8656412760415,656.84765625,0.0
1117.2960205078125,-2097.9287923177085,778.6362508138021,0.0
1060.5659586588542,-2097.9287923177085,854.3061930338541,0.0
1076.8926188151042,-2074.8656412760415,809.1126505533854,0.0
508.32065836588544,-1037.0248616536458,439.66539510091144,0.0
998.7129109700521,-2097.9287923177085,925.8495076497396,0.0
1019.885986328125,-2074.8656412760415,879.8826904296875,0.0
932.0366414388021,-2097.9287923177085,992.9195353190104,0.0
958.2296752929688,-2074.8656412760415,946.640380859375,0.0
440.50441487630206,-1037.0248616536458,507.73511759440106,0.0
860.8603719075521,-2097.9287923177085,1055.1913452148438,0.0
892.2058715820312,-2074.8656412760415,1009.080322265625,0.0
785.5291341145834,-2097.9287923177085,1112.3634033203125,0.0
822.1168212890625,-2074.8656412760415,1066.9169311523438,0.0
748.2834065755209,-2074.8656412760415,1119.8858642578125,0.0
679.8499959309896,-2025.4447021484375,1125.315673828125,0.0
645.5804850260416,-1995.7921549479167,1123.1780192057292,0.0
655.5940551757812,-1952.9606119791667,1085.0018717447917,0.0
621.1430053710938,-1920.0133056640625,1080.48876953125,0.0
631.3380737304688,-1880.4764811197917,1044.6880900065105,0.0
596.7055257161459,-1844.2344156901042,1037.799540201823,0.0
607.0821329752604,-1807.9923502604167,1004.3743082682291,0.0
572.2680867513021,-1768.45556640625,995.1102498372396,0.0
582.8261922200521,-1735.5082194010417,964.0604858398438,0.0
547.8306070963541,-1692.6766764322917,952.4209798177084,0.0
558.5702311197916,-1663.0240885416667,923.7467041015625,0.0
523.3931477864584,-1616.8978271484375,909.7317097981771,0.0
494.00872802734375,-1471.9296061197917,817.8268839518229,0.0
466.49341837565106,-1442.2770182291667,811.7070719401041,0.0
469.7527669270833,-1399.4454752604167,777.5130818684896,0.0
442.0559488932292,-1366.4981689453125,769.0178019205729,0.0
445.49681599934894,-1326.9613444010417,737.1992797851562,0.0
417.6184895833333,-1290.7192789713542,726.3285319010416,0.0
421.2408752441406,-1254.4772135416667,696.885498046875,0.0
393.1810302734375,-1214.9404296875,683.6392822265625,0.0
396.98492431640625,-1181.9930826822917,656.5716959635416,0.0
368.7435607910156,-1139.1615397135417,640.9500122070312,0.0
372.7289733886719,-1109.5089518229167,616.2579142252604,0.0
-579.5959879557291,-2025.4447021484375,-1180.0846761067708,0.0
-596.3131306966146,-1995.7921549479167,-1150.0928955078125,0.0
-558.7786458333334,-1952.9606119791667,-1137.8923746744792,0.0
-573.5949503580729,-1920.0133056640625,-1106.4643961588542,0.0
-537.9612731933594,-1880.4764811197917,-1095.7000732421875,0.0
-550.8767801920573,-1844.2344156901042,-1062.8358968098958,0.0
-517.1439412434896,-1807.9923502604167,-1053.5077718098958,0.0
-528.1586405436198,-1768.45556640625,-1019.2073567708334,0.0
-496.3266092936198,-1735.5082194010417,-1011.3154296875,0.0
-505.4404703776042,-1692.6766764322917,-975.5788167317709,0.0
-475.5092468261719,-1663.0240885416667,-969.1231282552084,0.0
-482.72230021158856,-1616.8978271484375,-931.9502970377604,0.0
-421.26353963216144,-1471.9296061197917,-857.5677693684896,0.0
-430.98047892252606,-1442.2770182291667,-831.1078898111979,0.0
-400.4461975097656,-1399.4454752604167,-815.3754475911459,0.0
-408.26231892903644,-1366.4981689453125,-787.4793497721354,0.0
-379.6288553873698,-1326.9613444010417,-773.1831258138021,0.0
-385.5441589355469,-1290.7192789713542,-743.850830078125,0.0
-358.81151326497394,-1254.4772135416667,-730.9908243815104,0.0
-362.8259989420573,-1214.9404296875,-700.2223103841146,0.0
-337.99416097005206,-1181.9930826822917,-688.7985026041666,0.0
-340.1078287760417,-1139.1615397135417,-656.5937906901041,0.0
-317.1768086751302,-1109.5089518229167,-646.606201171875,0.0
351.22084554036456,-2074.8656412760415,-1300.2200113932292,0.0
1167.7450358072917,-2074.8656412760415,-671.0437215169271,0.0
1300.2200113932292,-2074.8656412760415,351.22084554036456,0.0
-15.862802505493164,-1037.0248616536458,672.0626627604166,0.0
-47.948825200398765,-1060.0879923502605,686.3986409505209,0.0
-32.27144813537598,-1106.2142333984375,717.345703125,0.0
-48.922837575276695,-1129.27734375,731.3999633789062,0.0
-34.31023025512695,-1175.4036051432292,762.2101236979166,0.0
-51.94015757242838,-1198.4667561848958,776.2092081705729,0.0
-36.34901237487793,-1244.593017578125,807.0745442708334,0.0
-54.9574769337972,-1267.6561279296875,821.0184733072916,0.0
-38.387794494628906,-1313.7823893229167,851.9389851888021,0.0
-57.97479693094889,-1336.8455403645833,865.8277384440104,0.0
-40.42657661437988,-1382.9718017578125,896.8034261067709,0.0
-60.99211629231771,-1406.034912109375,910.6370035807291,0.0
-42.46535873413086,-1452.1611735026042,941.6678670247396,0.0
-64.0094362894694,-1475.2243245442708,955.4462687174479,0.0
-44.504140853881836,-1521.3505859375,986.5323079427084,0.0
-67.02675565083821,-1544.4136962890625,1000.2555338541666,0.0
-46.54292297363281,-1590.5399576822917,1031.396748860677,0.0
-70.04407564798991,-1613.6031087239583,1045.0647786458333,0.0
-48.58170509338379,-1659.7293701171875,1076.2611490885417,0.0
-73.06139500935872,-1682.79248046875,1089.8740234375,0.0
-50.620487213134766,-1728.9187418619792,1121.1256103515625,0.0
-76.07871500651042,-1751.9818929036458,1134.6833089192708,0.0
-52.65926933288574,-1798.108154296875,1165.9900309244792,0.0
-79.09603436787923,-1821.1712646484375,1179.4925537109375,0.0
-54.69805145263672,-1867.2975260416667,1210.8544514973958,0.0
-82.11335436503093,-1890.3606770833333,1224.3017985026042,0.0
-56.736833572387695,-1936.4869384765625,1255.7188720703125,0.0
-85.13067372639973,-1959.550048828125,1269.111083984375,0.0
-58.77561569213867,-2005.67626953125,1300.5833333333333,0.0
-88.14799372355144,-2028.7393798828125,1313.9203287760417,0.0
-82.64270655314128,-2074.8656412760415,1344.4123128255208,0.0
-589.9547322591146,-1037.0248616536458,322.2937418619792,0.0
-618.4130655924479,-1060.0879923502605,301.67441813151044,0.0
-637.3753255208334,-1106.2142333984375,330.7249450683594,0.0
-657.8723754882812,-1129.27734375,323.33155314127606,0.0
-677.2484537760416,-1175.4036051432292,351.3915303548177,0.0
-698.1869913736979,-1198.4667561848958,343.1231180826823,0.0
-717.12158203125,-1244.593017578125,372.05811564127606,0.0
-738.5016072591146,-1267.6561279296875,362.9146728515625,0.0
-756.9947102864584,-1313.7823893229167,392.7246907552083,0.0
-778.8162231445312,-1336.8455403645833,382.7062276204427,0.0
-796.8678385416666,-1382.9718017578125,413.3912760416667,0.0
-819.1308390299479,-1406.034912109375,402.49778238932294,0.0
-836.740966796875,-1452.1611735026042,434.05785115559894,0.0
-859.4454549153646,-1475.2243245442708,422.28932698567706,0.0
-876.6140950520834,-1521.3505859375,454.72442626953125,0.0
-899.7600708007812,-1544.4136962890625,442.0808817545573,0.0
-916.4872233072916,-1590.5399576822917,475.39101155598956,0.0
-940.0746866861979,-1613.6031087239583,461.87244669596356,0.0
-956.3603515625,-1659.7293701171875,496.0575866699219,0.0
-980.3893025716146,-1682.79248046875,481.6639912923177,0.0
-996.2334798177084,-1728.9187418619792,516.7241617838541,0.0
-1020.7039184570312,-1751.9818929036458,501.45555623372394,0.0
-1036.1066284179688,-1798.108154296875,537.3907572428385,0.0
-1061.0185546875,-1821.1712646484375,521.2471110026041,0.0
-1075.9797770182292,-1867.2975260416667,558.0573221842448,0.0
-1101.3331705729167,-1890.3606770833333,541.0386454264323,0.0
-1115.8529052734375,-1936.4869384765625,578.7238972981771,0.0
-1141.6477864583333,-1959.550048828125,560.8302205403646,0.0
-1155.7260335286458,-2005.67626953125,599.3905029296875,0.0
-1181.96240234375,-2028.7393798828125,580.6217854817709,0.0
-1195.5991617838542,-2074.8656412760415,620.0570678710938,0.0
-574.0919596354166,-1037.0248616536458,-349.76891072591144,0.0
-570.4642537434896,-1060.0879923502605,-384.7242126464844,0.0
-605.1038818359375,-1106.2142333984375,-386.62073771158856,0.0
-608.9495239257812,-1129.27734375,-408.0684000651042,0.0
-642.938232421875,-1175.4036051432292,-410.81859334309894,0.0
-646.246826171875,-1198.4667561848958,-433.0861002604167,0.0
-680.7725830078125,-1244.593017578125,-435.0164489746094,0.0
-683.5441284179688,-1267.6561279296875,-458.1038106282552,0.0
-718.60693359375,-1313.7823893229167,-459.2143046061198,0.0
-720.8414306640625,-1336.8455403645833,-483.12152099609375,0.0
-756.4412638346354,-1382.9718017578125,-483.4121602376302,0.0
-758.1387125651041,-1406.034912109375,-508.1392313639323,0.0
-794.2755940755209,-1452.1611735026042,-507.6100158691406,0.0
-795.4360148111979,-1475.2243245442708,-533.1569315592448,0.0
-832.1099446614584,-1521.3505859375,-531.807871500651,0.0
-832.7333170572916,-1544.4136962890625,-558.1746419270834,0.0
-869.9442952473959,-1590.5399576822917,-556.0057373046875,0.0
-870.0306193033854,-1613.6031087239583,-583.1923421223959,0.0
-907.7786458333334,-1659.7293701171875,-580.2035725911459,0.0
-907.3279215494791,-1682.79248046875,-608.2100423177084,0.0
-945.6129964192709,-1728.9187418619792,-604.4014282226562,0.0
-944.6252034505209,-1751.9818929036458,-633.2277628580729,0.0
-983.4473266601562,-1798.108154296875,-628.5992838541666,0.0
-981.9224853515625,-1821.1712646484375,-658.2454630533854,0.0
-1021.2816975911459,-1867.2975260416667,-652.797119140625,0.0
-1019.2198079427084,-1890.3606770833333,-683.2631632486979,0.0
-1059.1160481770833,-1936.4869384765625,-676.9949951171875,0.0
-1056.51708984375,-1959.550048828125,-708.2808837890625,0.0
-1096.9503987630208,-2005.67626953125,-701.1928507486979,0.0
-1093.8144124348958,-2028.7393798828125,-733.298583984375,0.0
-1128.9887288411458,-2074.8656412760415,-734.6540730794271,0.0
-510.058349609375,-1518.0558675130208,-843.1191202799479,0.0
-498.9556884765625,-1541.1189778645833,-867.0424601236979,0.0
-534.3142903645834,-1590.5399576822917,-883.4329020182291,0.0
453.6986389160156,-1518.0558675130208,874.7364095052084,0.0
442.0808817545573,-1544.4136962890625,899.7600708007812,0.0
454.69190470377606,-1590.5399576822917,926.9308064778646,0.0
288.33050028483075,-1106.2142333984375,657.64111328125,0.0
279.61237080891925,-1129.27734375,677.6107177734375,0.0
306.3450113932292,-1175.4036051432292,698.780517578125,0.0
296.724853515625,-1198.4667561848958,719.1334431966146,0.0
324.35951741536456,-1244.593017578125,739.9199422200521,0.0
313.8373311360677,-1267.6561279296875,760.6561686197916,0.0
342.3740234375,-1313.7823893229167,781.0593465169271,0.0
330.94980875651044,-1336.8455403645833,802.1788940429688,0.0
360.3885192871094,-1382.9718017578125,822.1987711588541,0.0
348.06227620442706,-1406.034912109375,843.7016398111979,0.0
378.40301513671875,-1452.1611735026042,863.3381958007812,0.0
365.1747538248698,-1475.2243245442708,885.224365234375,0.0
396.4175211588542,-1521.3505859375,904.4776000976562,0.0
382.2872314453125,-1544.4136962890625,926.7470906575521,0.0
414.43202718098956,-1590.5399576822917,945.6170247395834,0.0
399.3997090657552,-1613.6031087239583,968.2698160807291,0.0
432.446533203125,-1659.7293701171875,986.7564290364584,0.0
416.51218668619794,-1682.79248046875,1009.7925618489584,0.0
450.46103922526044,-1728.9187418619792,1027.8958740234375,0.0
433.6246643066406,-1751.9818929036458,1051.3153076171875,0.0
468.4755350748698,-1798.108154296875,1069.0352783203125,0.0
450.7371317545573,-1821.1712646484375,1092.8380126953125,0.0
486.4900309244792,-1867.2975260416667,1110.1746826171875,0.0
467.849609375,-1890.3606770833333,1134.3607177734375,0.0
504.5045471191406,-1936.4869384765625,1151.3140869140625,0.0
484.9621073404948,-1959.550048828125,1175.8834635416667,0.0
522.5190633138021,-2005.67626953125,1192.4535319010417,0.0
502.0745849609375,-2028.7393798828125,1217.4062093098958,0.0
538.0521850585938,-2074.8656412760415,1234.7356770833333,0.0
421.37743123372394,-2028.7393798828125,1247.6368815104167,0.0
443.4101155598958,-2005.67626953125,1224.0747884114583,0.0
407.0173034667969,-1959.550048828125,1205.0838623046875,0.0
428.12481689453125,-1936.4869384765625,1181.84521484375,0.0
392.6571756998698,-1890.3606770833333,1162.5308024088542,0.0
412.8395284016927,-1867.2975260416667,1139.6156819661458,0.0
378.29705810546875,-1821.1712646484375,1119.977783203125,0.0
397.5542399088542,-1798.108154296875,1097.3861490885417,0.0
363.9369303385417,-1751.9818929036458,1077.4247639973958,0.0
382.2689514160156,-1728.9187418619792,1055.1566569010417,0.0
349.5768127441406,-1682.79248046875,1034.8717447916667,0.0
366.9836730957031,-1659.7293701171875,1012.9270833333334,0.0
335.21669514973956,-1613.6031087239583,992.3186645507812,0.0
351.69838460286456,-1590.5399576822917,970.6975301106771,0.0
320.8565673828125,-1544.4136962890625,949.7656453450521,0.0
336.41309611002606,-1521.3505859375,928.4679972330729,0.0
306.49644978841144,-1475.2243245442708,907.2126057942709,0.0
321.12781778971356,-1452.1611735026042,886.2384643554688,0.0
292.13633219401044,-1406.034912109375,864.6595865885416,0.0
305.842529296875,-1382.9718017578125,844.0089314778646,0.0
277.7762044270833,-1336.8455403645833,822.1065266927084,0.0
290.55724080403644,-1313.7823893229167,801.7793579101562,0.0
263.41608174641925,-1267.6561279296875,779.553466796875,0.0
275.27195739746094,-1244.593017578125,759.5498250325521,0.0
249.05596415201822,-1198.4667561848958,737.0004475911459,0.0
259.98667399088544,-1175.4036051432292,717.3202921549479,0.0
234.69584147135416,-1129.27734375,694.4474080403646,0.0
244.70138041178384,-1106.2142333984375,675.0907592773438,0.0
230.0525868733724,-1060.0879923502605,648.598388671875,0.0
338.87586466471356,-2028.7393798828125,1272.5249837239583,0.0
362.4024149576823,-2005.67626953125,1250.454345703125,0.0
327.32958984375,-1959.550048828125,1229.1239013671875,0.0
349.9117940266927,-1936.4869384765625,1207.3155110677083,0.0
315.78331502278644,-1890.3606770833333,1185.7227376302083,0.0
337.4211832682292,-1867.2975260416667,1164.1766764322917,0.0
304.23705037434894,-1821.1712646484375,1142.3216552734375,0.0
324.9305725097656,-1798.108154296875,1121.0378824869792,0.0
292.69077555338544,-1751.9818929036458,1098.9205322265625,0.0
312.43995157877606,-1728.9187418619792,1077.8990478515625,0.0
281.1444956461589,-1682.79248046875,1055.5194091796875,0.0
299.9493357340495,-1659.7293701171875,1034.7602132161458,0.0
269.5982259114583,-1613.6031087239583,1012.1182657877604,0.0
287.45872497558594,-1590.5399576822917,991.6213785807291,0.0
258.0519510904948,-1544.4136962890625,968.7171427408854,0.0
274.9681040445964,-1521.3505859375,948.4825439453125,0.0
246.50567118326822,-1475.2243245442708,925.3160196940104,0.0
262.4774881998698,-1452.1611735026042,905.3437296549479,0.0
234.95940144856772,-1406.034912109375,881.9148966471354,0.0
249.98687744140625,-1382.9718017578125,862.2048950195312,0.0
223.41312662760416,-1336.8455403645833,838.5137736002604,0.0
237.49625651041666,-1313.7823893229167,819.0660603841146,0.0
211.86685180664062,-1267.6561279296875,795.1126302083334,0.0
225.0056406656901,-1244.593017578125,775.9272054036459,0.0
200.3205769856771,-1198.4667561848958,751.7115071614584,0.0
212.51502482096353,-1175.4036051432292,732.7883911132812,0.0
188.77430216471353,-1129.27734375,708.3103841145834,0.0
200.02440897623697,-1106.2142333984375,689.6495564778646,0.0
200.7846425374349,-1060.0879923502605,657.7692057291666,0.0
254.92318725585938,-2028.7393798828125,1291.9639892578125,0.0
279.8428497314453,-2005.67626953125,1271.4792887369792,0.0
246.24020385742188,-1959.550048828125,1247.900634765625,0.0
270.2003936767578,-1936.4869384765625,1227.6158854166667,0.0
237.55722045898438,-1890.3606770833333,1203.8372395833333,0.0
260.5579376220703,-1867.2975260416667,1183.7524820963542,0.0
228.87423706054688,-1821.1712646484375,1159.7738850911458,0.0
250.9154815673828,-1798.108154296875,1139.8891194661458,0.0
220.19125366210938,-1751.9818929036458,1115.7105712890625,0.0
241.2730255126953,-1728.9187418619792,1096.0257568359375,0.0
211.50827026367188,-1682.79248046875,1071.6471761067708,0.0
231.63056437174478,-1659.7293701171875,1052.1623128255208,0.0
202.82528686523438,-1613.6031087239583,1027.5837809244792,0.0
221.98810831705728,-1590.5399576822917,1008.2989298502604,0.0
194.1423085530599,-1544.4136962890625,983.5204467773438,0.0
212.34565226236978,-1521.3505859375,964.435546875,0.0
185.4593251546224,-1475.2243245442708,939.4570719401041,0.0
202.70319112141928,-1452.1611735026042,920.5721435546875,0.0
176.77633666992188,-1406.034912109375,895.3937174479166,0.0
193.06072998046875,-1382.9718017578125,876.7087605794271,0.0
168.09335327148438,-1336.8455403645833,851.3303629557291,0.0
183.41827392578125,-1313.7823893229167,832.8453776041666,0.0
159.41036987304688,-1267.6561279296875,807.2670084635416,0.0
173.77581787109375,-1244.593017578125,788.9819742838541,0.0
150.7273915608724,-1198.4667561848958,763.2036336263021,0.0
164.13336181640625,-1175.4036051432292,745.1185913085938,0.0
142.0444081624349,-1129.27734375,719.1402791341146,0.0
154.49090067545572,-1106.2142333984375,701.2551879882812,0.0
139.4111073811849,-1060.0879923502605,673.9336344401041,0.0
169.87889099121094,-2028.7393798828125,1305.8705647786458,0.0
196.08496602376303,-2005.67626953125,1287.0595703125,0.0
164.09637959798178,-1959.550048828125,1261.3336588541667,0.0
189.3319549560547,-1936.4869384765625,1242.659423828125,0.0
158.3138682047526,-1890.3606770833333,1216.7967122395833,0.0
182.57894388834634,-1867.2975260416667,1198.25927734375,0.0
152.53135681152344,-1821.1712646484375,1172.2598063151042,0.0
175.82593282063803,-1798.108154296875,1153.8591715494792,0.0
146.74884541829428,-1751.9818929036458,1127.722900390625,0.0
169.0729217529297,-1728.9187418619792,1109.4590657552083,0.0
140.9663340250651,-1682.79248046875,1083.1859944661458,0.0
162.31991068522134,-1659.7293701171875,1065.0589192708333,0.0
135.18382263183594,-1613.6031087239583,1038.6490478515625,0.0
155.56690470377603,-1590.5399576822917,1020.6587727864584,0.0
129.40131632486978,-1544.4136962890625,994.1121419270834,0.0
148.81389872233072,-1521.3505859375,976.2586669921875,0.0
123.61880493164062,-1475.2243245442708,949.5752563476562,0.0
142.0608876546224,-1452.1611735026042,931.8585611979166,0.0
117.83629353841145,-1406.034912109375,905.0383504231771,0.0
135.30787658691406,-1382.9718017578125,887.4584350585938,0.0
112.0537846883138,-1336.8455403645833,860.5014444986979,0.0
128.55486806233725,-1313.7823893229167,843.0583292643229,0.0
106.27127583821614,-1267.6561279296875,815.9645385742188,0.0
121.8018569946289,-1244.593017578125,798.658203125,0.0
100.48876444498698,-1198.4667561848958,771.4276123046875,0.0
115.0488510131836,-1175.4036051432292,754.2580769856771,0.0
94.70625813802083,-1129.27734375,726.8907063802084,0.0
108.29584503173828,-1106.2142333984375,709.8579508463541,0.0
109.19652048746745,-1060.0879923502605,679.2057902018229,0.0
84.10714340209961,-2028.7393798828125,1314.1852213541667,0.0
111.48740768432617,-2005.67626953125,1297.12841796875,0.0
81.24986775716145,-1959.550048828125,1269.3654378255208,0.0
107.65276463826497,-1936.4869384765625,1252.3816731770833,0.0
78.39259211222331,-1890.3606770833333,1224.5456949869792,0.0
103.81812032063802,-1867.2975260416667,1207.6349690755208,0.0
75.5353151957194,-1821.1712646484375,1179.7259521484375,0.0
99.98347600301106,-1798.108154296875,1162.8882242838542,0.0
72.6780382792155,-1751.9818929036458,1134.9061686197917,0.0
96.14883168538411,-1728.9187418619792,1118.1414794921875,0.0
69.82076263427734,-1682.79248046875,1090.08642578125,0.0
92.31418863932292,-1659.7293701171875,1073.394775390625,0.0
66.96348698933919,-1613.6031087239583,1045.2667032877605,0.0
88.47954432169597,-1590.5399576822917,1028.6480509440105,0.0
64.10621007283528,-1544.4136962890625,1000.4469401041666,0.0
84.64490000406902,-1521.3505859375,983.9013061523438,0.0
61.24893442789713,-1475.2243245442708,955.6271769205729,0.0
80.81025695800781,-1452.1611735026042,939.1546020507812,0.0
58.391658782958984,-1406.034912109375,910.8074544270834,0.0
76.97561264038086,-1382.9718017578125,894.4078979492188,0.0
55.53438186645508,-1336.8455403645833,865.9877115885416,0.0
73.14097086588542,-1313.7823893229167,849.6611735026041,0.0
52.67710876464844,-1267.6561279296875,821.16796875,0.0
69.30633036295573,-1244.593017578125,804.9144490559896,0.0
49.81983311971029,-1198.4667561848958,776.3482055664062,0.0
65.47168604532878,-1175.4036051432292,760.1677042643229,0.0
46.96255620320638,-1129.27734375,731.5284423828125,0.0
61.63704172770182,-1106.2142333984375,715.4209798177084,0.0
46.15537134806315,-1060.0879923502605,686.6132405598959,0.0
-2.024761199951172,-2028.7393798828125,1316.872314453125,0.0
26.41244633992513,-2005.67626953125,1301.642822265625,0.0
-1.9445679982503254,-1959.550048828125,1271.9616292317708,0.0
25.51258913675944,-1936.4869384765625,1256.7410481770833,0.0
-1.8643735249837239,-1890.3606770833333,1227.0509440104167,0.0
24.61273256937663,-1867.2975260416667,1211.83935546875,0.0
-1.7841803232828777,-1821.1712646484375,1182.1403401692708,0.0
23.712874094645183,-1798.108154296875,1166.9376627604167,0.0
-1.7039871215820312,-1751.9818929036458,1137.2296549479167,0.0
22.813016255696613,-1728.9187418619792,1122.035888671875,0.0
-1.6237939198811848,-1682.79248046875,1092.3189697265625,0.0
21.913159052530926,-1659.7293701171875,1077.1341959635417,0.0
-1.5435994466145833,-1613.6031087239583,1047.4083455403645,0.0
21.013302485148113,-1590.5399576822917,1032.2325032552083,0.0
-1.463406244913737,-1544.4136962890625,1002.4976806640625,0.0
20.113444010416668,-1521.3505859375,987.3307698567709,0.0
-1.3832130432128906,-1475.2243245442708,957.5869954427084,0.0
19.213587443033855,-1452.1611735026042,942.4290364583334,0.0
-1.303018569946289,-1406.034912109375,912.6763305664062,0.0
18.313730239868164,-1382.9718017578125,897.5273234049479,0.0
-1.2228253682454426,-1336.8455403645833,867.7656656901041,0.0
17.413872400919598,-1313.7823893229167,852.6256103515625,0.0
-1.1426321665445964,-1267.6561279296875,822.8550008138021,0.0
16.514015197753906,-1244.593017578125,807.7238972981771,0.0
-1.0624376932779949,-1198.4667561848958,777.9443562825521,0.0
15.614158630371094,-1175.4036051432292,762.8221842447916,0.0
-0.9822444915771484,-1129.27734375,733.03369140625,0.0
14.714300155639648,-1106.2142333984375,717.9204508463541,0.0
15.51111920674642,-1060.0879923502605,687.896484375,0.0
-173.89376576741537,-2028.7393798828125,1305.3419596354167,0.0
-143.7119928995768,-2005.67626953125,1293.9545491536458,0.0
-167.95223999023438,-1959.550048828125,1260.8260091145833,0.0
-138.74329884847006,-1936.4869384765625,1249.3195393880208,0.0
-162.01071421305338,-1890.3606770833333,1216.3100179036458,0.0
-133.7746098836263,-1867.2975260416667,1204.6844889322917,0.0
-156.0691884358724,-1821.1712646484375,1171.7940673828125,0.0
-128.80591583251953,-1798.108154296875,1160.0494791666667,0.0
-150.1276626586914,-1751.9818929036458,1127.278076171875,0.0
-123.83722686767578,-1728.9187418619792,1115.4144287109375,0.0
-144.1861368815104,-1682.79248046875,1082.7620849609375,0.0
-118.86853281656902,-1659.7293701171875,1070.7793782552083,0.0
-138.24461110432944,-1613.6031087239583,1038.24609375,0.0
-113.89984385172527,-1590.5399576822917,1026.1443684895833,0.0
-132.30309041341147,-1544.4136962890625,993.7301432291666,0.0
-108.93115488688152,-1521.3505859375,981.5093383789062,0.0
-126.36156463623047,-1475.2243245442708,949.2141520182291,0.0
-103.96246083577473,-1452.1611735026042,936.8743082682291,0.0
-120.42003885904948,-1406.034912109375,904.6981811523438,0.0
-98.99377187093098,-1382.9718017578125,892.2392781575521,0.0
-114.47851308186848,-1336.8455403645833,860.1822102864584,0.0
-94.02507781982422,-1313.7823893229167,847.604248046875,0.0
-108.5369873046875,-1267.6561279296875,815.6662394205729,0.0
-89.05638885498047,-1244.593017578125,802.9692179361979,0.0
-102.59546407063802,-1198.4667561848958,771.1502482096354,0.0
-84.0876973470052,-1175.4036051432292,758.3341674804688,0.0
-96.65393829345703,-1129.27734375,726.6342569986979,0.0
-79.11900583902995,-1106.2142333984375,713.6991373697916,0.0
-78.49840799967448,-1060.0879923502605,683.6710205078125,0.0
-258.8948974609375,-2028.7393798828125,1291.1739501953125,0.0
-228.03297424316406,-2005.67626953125,1281.7848714192708,0.0
-250.0546112060547,-1959.550048828125,1247.141845703125,0.0
-220.15564982096353,-1936.4869384765625,1237.5703938802083,0.0
-241.21431986490884,-1890.3606770833333,1203.1098225911458,0.0
-212.27832539876303,-1867.2975260416667,1193.3559163411458,0.0
-232.37403361002603,-1821.1712646484375,1159.0777587890625,0.0
-204.4010009765625,-1798.108154296875,1149.1414388020833,0.0
-223.53374226888022,-1751.9818929036458,1115.0456949869792,0.0
-196.52367655436197,-1728.9187418619792,1104.9269205729167,0.0
-214.6934560139974,-1682.79248046875,1071.0135904947917,0.0
-188.64635213216147,-1659.7293701171875,1060.71240234375,0.0
-205.85316467285156,-1613.6031087239583,1026.9815063476562,0.0
-180.76902770996094,-1590.5399576822917,1016.4979044596354,0.0
-197.01287841796875,-1544.4136962890625,982.949462890625,0.0
-172.89170837402344,-1521.3505859375,972.2834269205729,0.0
-188.17259216308594,-1475.2243245442708,938.9173787434896,0.0
-165.0143839518229,-1452.1611735026042,928.0689086914062,0.0
-179.3323008219401,-1406.034912109375,894.8852945963541,0.0
-157.1370595296224,-1382.9718017578125,883.8544108072916,0.0
-170.49201456705728,-1336.8455403645833,850.8532307942709,0.0
-149.25973510742188,-1313.7823893229167,839.6399332682291,0.0
-161.65172322591147,-1267.6561279296875,806.8211669921875,0.0
-141.38241068522134,-1244.593017578125,795.4254353841146,0.0
-152.81143697102866,-1198.4667561848958,762.7891031901041,0.0
-133.50508880615234,-1175.4036051432292,751.2109375,0.0
-143.9711481730143,-1129.27734375,718.7570190429688,0.0
-125.62776438395183,-1106.2142333984375,706.9964192708334,0.0
-108.80418650309245,-1060.0879923502605,678.9512125651041,0.0
-342.7874043782552,-2028.7393798828125,1271.4769287109375,0.0
-311.3774820963542,-2005.67626953125,1264.1264241536458,0.0
-331.08620198567706,-1959.550048828125,1228.1172688802083,0.0
-300.62525431315106,-1936.4869384765625,1220.5217692057292,0.0
-319.385009765625,-1890.3606770833333,1184.7576904296875,0.0
-289.87303670247394,-1867.2975260416667,1176.9171956380208,0.0
-307.68381754557294,-1821.1712646484375,1141.3981119791667,0.0
-279.1208089192708,-1798.108154296875,1133.3125813802083,0.0
-295.9826151529948,-1751.9818929036458,1098.0384928385417,0.0
-268.3685811360677,-1728.9187418619792,1089.7079264322917,0.0
-284.2814229329427,-1682.79248046875,1054.6788330078125,0.0
-257.6163635253906,-1659.7293701171875,1046.103271484375,0.0
-272.5802307128906,-1613.6031087239583,1011.3192342122396,0.0
-246.8641357421875,-1590.5399576822917,1002.4986572265625,0.0
-260.8790283203125,-1544.4136962890625,967.9596150716146,0.0
-236.11190795898438,-1521.3505859375,958.8940226236979,0.0
-249.1778361002604,-1475.2243245442708,924.6000162760416,0.0
-225.35969034830728,-1452.1611735026042,915.2894083658854,0.0
-237.47664388020834,-1406.034912109375,881.2403971354166,0.0
-214.60746256510416,-1382.9718017578125,871.6847534179688,0.0
-225.77544148763022,-1336.8455403645833,837.8807779947916,0.0
-203.85523478190103,-1313.7823893229167,828.0801391601562,0.0
-214.0742441813151,-1267.6561279296875,794.5211791992188,0.0
-193.10301208496094,-1244.593017578125,784.4755045572916,0.0
-202.37305196126303,-1198.4667561848958,751.1615600585938,0.0
-182.35078938802084,-1175.4036051432292,740.8708902994791,0.0
-190.6718546549479,-1129.27734375,707.8019612630209,0.0
-171.59856160481772,-1106.2142333984375,697.2662556966146,0.0
-171.05206298828125,-1060.0879923502605,666.6057332356771,0.0
-425.2120361328125,-2028.7393798828125,1246.335205078125,0.0
-393.3886210123698,-2005.67626953125,1241.0547688802083,0.0
-410.7000325520833,-1959.550048828125,1203.8336995442708,0.0
-379.8075358072917,-1936.4869384765625,1198.2467041015625,0.0
-396.1880391438802,-1890.3606770833333,1161.3322347005208,0.0
-366.22646077473956,-1867.2975260416667,1155.438720703125,0.0
-381.67604573567706,-1821.1712646484375,1118.830810546875,0.0
-352.64537556966144,-1798.108154296875,1112.6306966145833,0.0
-367.16404215494794,-1751.9818929036458,1076.3293050130208,0.0
-339.0642903645833,-1728.9187418619792,1069.8226318359375,0.0
-352.6520487467448,-1682.79248046875,1033.8277994791667,0.0
-325.48321533203125,-1659.7293701171875,1027.0145670572917,0.0
-338.1400553385417,-1613.6031087239583,991.3263142903646,0.0
-311.9021301269531,-1590.5399576822917,984.20654296875,0.0
-323.6280517578125,-1544.4136962890625,948.8248494466146,0.0
-298.321044921875,-1521.3505859375,941.3984985351562,0.0
-309.1160583496094,-1475.2243245442708,906.3233439127604,0.0
-284.73996988932294,-1452.1611735026042,898.5904541015625,0.0
-294.60406494140625,-1406.034912109375,863.8218790690104,0.0
-271.1588846842448,-1382.9718017578125,855.7824300130209,0.0
-280.09206136067706,-1336.8455403645833,821.3203938802084,0.0
-257.5777994791667,-1313.7823893229167,812.9743855794271,0.0
-265.58006795247394,-1267.6561279296875,778.8189290364584,0.0
-243.99671936035156,-1244.593017578125,770.1663614908854,0.0
-251.0680694580078,-1198.4667561848958,736.3174438476562,0.0
-230.41563415527344,-1175.4036051432292,727.3583170572916,0.0
-236.55607096354166,-1129.27734375,693.8159586588541,0.0
-216.83455403645834,-1106.2142333984375,684.5502726236979,0.0
-200.48251342773438,-1060.0879923502605,657.9706013997396,0.0
-505.81585693359375,-2028.7393798828125,1215.8565266927083,0.0
-473.7152099609375,-2005.67626953125,1212.6687418619792,0.0
-488.55518595377606,-1959.550048828125,1174.3951822916667,0.0
-457.36342366536456,-1936.4869384765625,1170.840576171875,0.0
-471.29453531901044,-1890.3606770833333,1132.9337972005208,0.0
-441.0116475423177,-1867.2975260416667,1129.012451171875,0.0
-454.0338846842448,-1821.1712646484375,1091.4724527994792,0.0
-424.6598612467448,-1798.108154296875,1087.184326171875,0.0
-436.7732238769531,-1751.9818929036458,1050.0110880533855,0.0
-408.3080749511719,-1728.9187418619792,1045.356180826823,0.0
-419.5125732421875,-1682.79248046875,1008.5497436523438,0.0
-391.956298828125,-1659.7293701171875,1003.5280354817709,0.0
-402.2519226074219,-1613.6031087239583,967.0883992513021,0.0
-375.60451253255206,-1590.5399576822917,961.6999104817709,0.0
-384.9912618001302,-1544.4136962890625,925.6270548502604,0.0
-359.2527262369792,-1521.3505859375,919.8717651367188,0.0
-367.73060099283856,-1475.2243245442708,884.1656901041666,0.0
-342.90093994140625,-1452.1611735026042,878.0436197916666,0.0
-350.4699401855469,-1406.034912109375,842.704345703125,0.0
-326.5491536458333,-1382.9718017578125,836.2154947916666,0.0
-333.2092793782552,-1336.8455403645833,801.2430013020834,0.0
-310.19736735026044,-1313.7823893229167,794.3873494466146,0.0
-315.94862874348956,-1267.6561279296875,759.7816365559896,0.0
-293.84559122721356,-1244.593017578125,752.5592244466146,0.0
-298.68797810872394,-1198.4667561848958,718.3202921549479,0.0
-277.4938049316406,-1175.4036051432292,710.7310791015625,0.0
-281.4273173014323,-1129.27734375,676.8589274088541,0.0
-261.1420186360677,-1106.2142333984375,668.9029337565104,0.0
-260.3972930908203,-1060.0879923502605,637.0221964518229,0.0
-584.2536824544271,-2028.7393798828125,1180.1713460286458,0.0
-552.0132853190104,-2005.67626953125,1179.0898844401042,0.0
-564.3182779947916,-1959.550048828125,1139.9276936848958,0.0
-532.9608256022135,-1936.4869384765625,1138.4207763671875,0.0
-544.3828837076823,-1890.3606770833333,1099.6840006510417,0.0
-513.9083557128906,-1867.2975260416667,1097.7516276041667,0.0
-524.4474690755209,-1821.1712646484375,1059.4403076171875,0.0
-494.8558858235677,-1798.108154296875,1057.0824788411458,0.0
-504.51207478841144,-1751.9818929036458,1019.1966145833334,0.0
-475.8034362792969,-1728.9187418619792,1016.4133504231771,0.0
-484.57668050130206,-1682.79248046875,978.9529418945312,0.0
-456.75096638997394,-1659.7293701171875,975.7442423502604,0.0
-464.6412760416667,-1613.6031087239583,938.7092692057291,0.0
-437.69850667317706,-1590.5399576822917,935.0751342773438,0.0
-444.70587158203125,-1544.4136962890625,898.4655965169271,0.0
-418.6460367838542,-1521.3505859375,894.406005859375,0.0
-424.7704671223958,-1475.2243245442708,858.2219034830729,0.0
-399.59356689453125,-1452.1611735026042,853.7368774414062,0.0
-404.83506266276044,-1406.034912109375,817.9782307942709,0.0
-380.5410970052083,-1382.9718017578125,813.0677693684896,0.0
-384.899658203125,-1336.8455403645833,777.7345581054688,0.0
-361.48862711588544,-1313.7823893229167,772.3986409505209,0.0
-364.96425374348956,-1267.6561279296875,737.4908650716146,0.0
-342.43616739908856,-1244.593017578125,731.7295125325521,0.0
-345.0288594563802,-1198.4667561848958,697.2471923828125,0.0
-323.3837076822917,-1175.4036051432292,691.0603841145834,0.0
-325.0934549967448,-1129.27734375,657.0034993489584,0.0
-304.33123779296875,-1106.2142333984375,650.3912556966146,0.0
-288.4488474527995,-1060.0879923502605,624.6195068359375,0.0
-660.1896565755209,-2028.7393798828125,1139.4324951171875,0.0
-627.9475504557291,-2005.67626953125,1140.4619547526042,0.0
-637.6648559570312,-1959.550048828125,1100.5788167317708,0.0
-606.2759806315104,-1936.4869384765625,1101.1260172526042,0.0
-615.1400756835938,-1890.3606770833333,1061.7251383463542,0.0
-584.6044311523438,-1867.2975260416667,1061.7900390625,0.0
-592.6152954101562,-1821.1712646484375,1022.8714396158854,0.0
-562.932861328125,-1798.108154296875,1022.4540812174479,0.0
-570.0905151367188,-1751.9818929036458,984.0177612304688,0.0
-541.2613118489584,-1728.9187418619792,983.1181233723959,0.0
-547.5657552083334,-1682.79248046875,945.1640828450521,0.0
-519.5897623697916,-1659.7293701171875,943.7821655273438,0.0
-525.0409749348959,-1613.6031087239583,906.3104044596354,0.0
-497.91820271809894,-1590.5399576822917,904.4462076822916,0.0
-502.5161946614583,-1544.4136962890625,867.4567260742188,0.0
-476.2466328938802,-1521.3505859375,865.1102498372396,0.0
-479.99139404296875,-1475.2243245442708,828.6030476888021,0.0
-454.57506306966144,-1452.1611735026042,825.7742919921875,0.0
-457.46661376953125,-1406.034912109375,789.7493896484375,0.0
-432.9035135904948,-1382.9718017578125,786.4383544921875,0.0
-434.9418436686198,-1336.8455403645833,750.8957316080729,0.0
-411.23195393880206,-1313.7823893229167,747.1023966471354,0.0
-412.41705322265625,-1267.6561279296875,712.0420532226562,0.0
-389.5603841145833,-1244.593017578125,707.7664388020834,0.0
-389.89227294921875,-1198.4667561848958,673.1883748372396,0.0
-367.8888346354167,-1175.4036051432292,668.4304809570312,0.0
-367.36749267578125,-1129.27734375,634.3346964518229,0.0
-346.21726481119794,-1106.2142333984375,629.0945231119791,0.0
-344.8427022298177,-1060.0879923502605,595.4810180664062,0.0
-733.298583984375,-2028.7393798828125,1093.8144124348958,0.0
-701.1928507486979,-2005.67626953125,1096.9503987630208,0.0
-708.2808837890625,-1959.550048828125,1056.51708984375,0.0
-676.9949951171875,-1936.4869384765625,1059.1160481770833,0.0
-683.2631632486979,-1890.3606770833333,1019.2198079427084,0.0
-652.797119140625,-1867.2975260416667,1021.2816975911459,0.0
-658.2454630533854,-1821.1712646484375,981.9224853515625,0.0
-628.5992838541666,-1798.108154296875,983.4473266601562,0.0
-633.2277628580729,-1751.9818929036458,944.6252034505209,0.0
-604.4014282226562,-1728.9187418619792,945.6129964192709,0.0
-608.2100423177084,-1682.79248046875,907.3279215494791,0.0
-580.2035725911459,-1659.7293701171875,907.7786458333334,0.0
-583.1923421223959,-1613.6031087239583,870.0306193033854,0.0
-556.0057373046875,-1590.5399576822917,869.9442952473959,0.0
-558.1746419270834,-1544.4136962890625,832.7333170572916,0.0
-531.807871500651,-1521.3505859375,832.1099446614584,0.0
-533.1569315592448,-1475.2243245442708,795.4360148111979,0.0
-507.6100158691406,-1452.1611735026042,794.2755940755209,0.0
-508.1392313639323,-1406.034912109375,758.1387125651041,0.0
-483.4121602376302,-1382.9718017578125,756.4412638346354,0.0
-483.12152099609375,-1336.8455403645833,720.8414306640625,0.0
-459.2143046061198,-1313.7823893229167,718.60693359375,0.0
-458.1038106282552,-1267.6561279296875,683.5441284179688,0.0
-435.0164489746094,-1244.593017578125,680.7725830078125,0.0
-433.0861002604167,-1198.4667561848958,646.246826171875,0.0
-410.81859334309894,-1175.4036051432292,642.938232421875,0.0
-408.0684000651042,-1129.27734375,608.9495239257812,0.0
-386.62073771158856,-1106.2142333984375,605.1038818359375,0.0
-371.035400390625,-1060.0879923502605,579.52294921875,0.0
-803.2674153645834,-2028.7393798828125,1043.512451171875,0.0
-771.4355265299479,-2005.67626953125,1048.7415364583333,0.0
-775.8639119466146,-1959.550048828125,1007.9312337239584,0.0
-744.8150024414062,-1936.4869384765625,1012.57080078125,0.0
-748.4604288736979,-1890.3606770833333,972.3500162760416,0.0
-718.1944783528646,-1867.2975260416667,976.4000651041666,0.0
-721.0569254557291,-1821.1712646484375,936.7688191731771,0.0
-691.5739542643229,-1798.108154296875,940.2293497721354,0.0
-693.6534220377604,-1751.9818929036458,901.1876220703125,0.0
-664.9534098307291,-1728.9187418619792,904.0586344401041,0.0
-666.2498982747396,-1682.79248046875,865.6064249674479,0.0
-638.3328653971354,-1659.7293701171875,867.8879191080729,0.0
-638.8463948567709,-1613.6031087239583,830.0252075195312,0.0
-611.7123413085938,-1590.5399576822917,831.7171834309896,0.0
-611.4429117838541,-1544.4136962890625,794.4440104166666,0.0
-585.0918172200521,-1521.3505859375,795.5464680989584,0.0
-584.0394083658854,-1475.2243245442708,758.8628133138021,0.0
-558.4712931315104,-1452.1611735026042,759.375732421875,0.0
-556.6359252929688,-1406.034912109375,723.2815958658854,0.0
-531.8507792154948,-1382.9718017578125,723.2049967447916,0.0
-529.232411702474,-1336.8455403645833,687.7003784179688,0.0
-505.230224609375,-1313.7823893229167,687.0342610677084,0.0
-501.8288879394531,-1267.6561279296875,652.1191813151041,0.0
-478.6096903483073,-1244.593017578125,650.8635457356771,0.0
-474.42539469401044,-1198.4667561848958,616.5379842122396,0.0
-451.9891662597656,-1175.4036051432292,614.6928100585938,0.0
-447.0219014485677,-1129.27734375,580.9567667643229,0.0
-425.36864217122394,-1106.2142333984375,578.5220743815104,0.0
-396.12831624348956,-1060.0879923502605,561.8859659830729,0.0
-869.7965291341146,-2028.7393798828125,988.7420043945312,0.0
-838.3747965494791,-2005.67626953125,996.0418090820312,0.0
-840.1245930989584,-1959.550048828125,955.0292561848959,0.0
-809.4455973307291,-1936.4869384765625,961.6895955403646,0.0
-810.45263671875,-1890.3606770833333,921.3165079752604,0.0
-780.5163777669271,-1867.2975260416667,927.3373616536459,0.0
-780.7806803385416,-1821.1712646484375,887.6037394205729,0.0
-751.5871785481771,-1798.108154296875,892.9851481119791,0.0
-751.1087443033854,-1751.9818929036458,853.8910115559896,0.0
-722.657958984375,-1728.9187418619792,858.6329549153646,0.0
-721.4367879231771,-1682.79248046875,820.1782633463541,0.0
-693.7287394205729,-1659.7293701171875,824.2807210286459,0.0
-691.7648315429688,-1613.6031087239583,786.4654947916666,0.0
-664.7995198567709,-1590.5399576822917,789.9284871419271,0.0
-662.0928751627604,-1544.4136962890625,752.7527465820312,0.0
-635.8703206380209,-1521.3505859375,755.5762939453125,0.0
-632.4209391276041,-1475.2243245442708,719.0400187174479,0.0
-606.9411214192709,-1452.1611735026042,721.2240804036459,0.0
-602.7490030924479,-1406.034912109375,685.3272705078125,0.0
-578.0119222005209,-1382.9718017578125,686.8718668619791,0.0
-573.0770467122396,-1336.8455403645833,651.6145222981771,0.0
-549.0826822916666,-1313.7823893229167,652.5196329752604,0.0
-543.4050699869791,-1267.6561279296875,617.9017537434896,0.0
-520.1534627278646,-1244.593017578125,618.1674194335938,0.0
-513.7331339518229,-1198.4667561848958,584.1890258789062,0.0
-491.22426350911456,-1175.4036051432292,583.8152262369791,0.0
-484.0611877441406,-1129.27734375,550.4762776692709,0.0
-462.29505411783856,-1106.2142333984375,549.4629923502604,0.0
-446.67637125651044,-1060.0879923502605,523.5305684407552,0.0
-932.6010538736979,-2028.7393798828125,929.7376098632812,0.0
-901.7240193684896,-2005.67626953125,939.0768636067709,0.0
-900.7877197265625,-1959.550048828125,898.0376790364584,0.0
-870.6100260416666,-1936.4869384765625,906.6902669270834,0.0
-868.9743855794271,-1890.3606770833333,866.3377685546875,0.0
-839.4959920247396,-1867.2975260416667,874.3036702473959,0.0
-837.1610310872396,-1821.1712646484375,834.6378377278646,0.0
-808.3819783528646,-1798.108154296875,841.9170532226562,0.0
-805.3476969401041,-1751.9818929036458,802.9379069010416,0.0
-777.2679646809896,-1728.9187418619792,809.5304565429688,0.0
-773.5343627929688,-1682.79248046875,771.2379760742188,0.0
-746.1539713541666,-1659.7293701171875,777.1438395182291,0.0
-741.7210286458334,-1613.6031087239583,739.5380249023438,0.0
-715.0399373372396,-1590.5399576822917,744.7572224934896,0.0
-709.9076741536459,-1544.4136962890625,707.8380940755209,0.0
-683.9259236653646,-1521.3505859375,712.3706258138021,0.0
-678.0943400065104,-1475.2243245442708,676.13818359375,0.0
-652.8119099934896,-1452.1611735026042,679.9840291341146,0.0
-646.281005859375,-1406.034912109375,644.4382527669271,0.0
-621.6979166666666,-1382.9718017578125,647.5974324544271,0.0
-614.4676717122396,-1336.8455403645833,612.7383422851562,0.0
-590.5838826497396,-1313.7823893229167,615.2108357747396,0.0
-582.6543172200521,-1267.6561279296875,581.0384114583334,0.0
-559.4698689778646,-1244.593017578125,582.82421875,0.0
-550.8409830729166,-1198.4667561848958,549.3384602864584,0.0
-528.3558553059896,-1175.4036051432292,550.4376017252604,0.0
-519.0276387532552,-1129.27734375,517.6385396321615,0.0
-497.24184163411456,-1106.2142333984375,518.051015218099,0.0
-469.2525126139323,-1060.0879923502605,502.7692057291667,0.0
-991.4120483398438,-2028.7393798828125,866.751953125,0.0
-961.2119344075521,-2005.67626953125,878.0906575520834,0.0
-957.5935262044271,-1959.550048828125,837.2005818684896,0.0
-928.0463460286459,-1936.4869384765625,847.808349609375,0.0
-923.7750447591146,-1890.3606770833333,807.6492106119791,0.0
-894.8807779947916,-1867.2975260416667,817.5260416666666,0.0
-889.95654296875,-1821.1712646484375,778.0978393554688,0.0
-861.7151896158854,-1798.108154296875,787.2437337239584,0.0
-856.1380411783854,-1751.9818929036458,748.5464884440104,0.0
-828.5496012369791,-1728.9187418619792,756.9614461263021,0.0
-822.3195393880209,-1682.79248046875,718.9951375325521,0.0
-795.384033203125,-1659.7293701171875,726.6791178385416,0.0
-788.5010579427084,-1613.6031087239583,689.4437459309896,0.0
-762.2184448242188,-1590.5399576822917,696.3967895507812,0.0
-754.6825358072916,-1544.4136962890625,659.8923746744791,0.0
-729.0528564453125,-1521.3505859375,666.1144816080729,0.0
-720.8640340169271,-1475.2243245442708,630.3410237630209,0.0
-695.8872680664062,-1452.1611735026042,635.8321940104166,0.0
-687.0455322265625,-1406.034912109375,600.7896728515625,0.0
-662.7217000325521,-1382.9718017578125,605.5498860677084,0.0
-653.22705078125,-1336.8455403645833,571.2383015950521,0.0
-629.5561116536459,-1313.7823893229167,575.267578125,0.0
-619.4085286458334,-1267.6561279296875,541.6869405110677,0.0
-596.3905232747396,-1244.593017578125,544.9852803548177,0.0
-585.5900472005209,-1198.4667561848958,512.1355794270834,0.0
-563.2249552408854,-1175.4036051432292,514.7029520670573,0.0
-551.7715454101562,-1129.27734375,482.5841979980469,0.0
-530.0593566894531,-1106.2142333984375,484.42064412434894,0.0
-513.9381103515625,-1060.0879923502605,457.7003987630208,0.0
-1045.9776407877605,-2028.7393798828125,800.0547078450521,0.0
-1016.5837809244791,-2005.67626953125,813.3443400065104,0.0
-1010.2987874348959,-1959.550048828125,772.7784627278646,0.0
-981.5086466471354,-1936.4869384765625,785.2960001627604,0.0
-974.6199340820312,-1890.3606770833333,745.502197265625,0.0
-946.4335123697916,-1867.2975260416667,757.2476399739584,0.0
-938.9411010742188,-1821.1712646484375,718.2259318033854,0.0
-911.3583984375,-1798.108154296875,729.1993001302084,0.0
-903.2622680664062,-1751.9818929036458,690.9496663411459,0.0
-876.2832641601562,-1728.9187418619792,701.1509602864584,0.0
-867.5834147135416,-1682.79248046875,663.6734212239584,0.0
-841.2081298828125,-1659.7293701171875,673.1026407877604,0.0
-831.9045817057291,-1613.6031087239583,636.3971761067709,0.0
-806.1330159505209,-1590.5399576822917,645.0543009440104,0.0
-796.2257486979166,-1544.4136962890625,609.1209106445312,0.0
-771.0578816731771,-1521.3505859375,617.0059407552084,0.0
-760.5468953450521,-1475.2243245442708,581.8446451822916,0.0
-735.9827270507812,-1452.1611735026042,588.9576212565104,0.0
-724.8680419921875,-1406.034912109375,554.5684000651041,0.0
-700.9076131184896,-1382.9718017578125,560.9092814127604,0.0
-689.189208984375,-1336.8455403645833,527.2921346028646,0.0
-665.8324788411459,-1313.7823893229167,532.8609415690104,0.0
-653.5103556315104,-1267.6561279296875,500.01587931315106,0.0
-630.7573445638021,-1244.593017578125,504.81260172526044,0.0
-617.8315226236979,-1198.4667561848958,472.7396240234375,0.0
-595.6822306315104,-1175.4036051432292,476.76426188151044,0.0
-582.1526896158854,-1129.27734375,445.46336873372394,0.0
-560.6070963541666,-1106.2142333984375,448.71593221028644,0.0
-533.6112162272135,-1060.0879923502605,434.1698710123698,0.0
-1096.064208984375,-2028.7393798828125,729.9315185546875,0.0
-1067.6024576822917,-2005.67626953125,745.1151326497396,0.0
-1058.6777750651042,-1959.550048828125,705.0471801757812,0.0
-1030.7679646809895,-1936.4869384765625,719.4208780924479,0.0
-1021.2913818359375,-1890.3606770833333,680.1628214518229,0.0
-993.9334920247396,-1867.2975260416667,693.7266031901041,0.0
-983.9049682617188,-1821.1712646484375,655.2784627278646,0.0
-957.0989990234375,-1798.108154296875,668.0323486328125,0.0
-946.5185750325521,-1751.9818929036458,630.3941243489584,0.0
-920.2645467122396,-1728.9187418619792,642.3380737304688,0.0
-909.1321818033854,-1682.79248046875,605.509765625,0.0
-883.4300537109375,-1659.7293701171875,616.6438191731771,0.0
-871.7457682291666,-1613.6031087239583,580.6254272460938,0.0
-846.5955810546875,-1590.5399576822917,590.9495646158854,0.0
-834.359375,-1544.4136962890625,555.7410888671875,0.0
-809.7611083984375,-1521.3505859375,565.2553100585938,0.0
-796.9729614257812,-1475.2243245442708,530.8567301432291,0.0
-772.9266153971354,-1452.1611735026042,539.56103515625,0.0
-759.5865478515625,-1406.034912109375,505.9723815917969,0.0
-736.0921427408854,-1382.9718017578125,513.8667704264323,0.0
-722.2001546223959,-1336.8455403645833,481.08802286783856,0.0
-699.2576497395834,-1313.7823893229167,488.17250569661456,0.0
-684.8137410481771,-1267.6561279296875,456.2036844889323,0.0
-662.4231770833334,-1244.593017578125,462.47825113932294,0.0
-647.4273478190104,-1198.4667561848958,431.3193359375,0.0
-625.5887044270834,-1175.4036051432292,436.7839864095052,0.0
-610.0409545898438,-1129.27734375,406.4349873860677,0.0
-588.7542317708334,-1106.2142333984375,411.08973185221356,0.0
-571.5468343098959,-1060.0879923502605,383.2783508300781,0.0
-1141.457275390625,-2028.7393798828125,656.6826578776041,0.0
-1114.0495198567708,-2005.67626953125,673.6952514648438,0.0
-1102.5233968098958,-1959.550048828125,634.2967732747396,0.0
-1075.6134033203125,-1936.4869384765625,650.465087890625,0.0
-1063.5895182291667,-1890.3606770833333,611.910888671875,0.0
-1037.1773071289062,-1867.2975260416667,627.2349243164062,0.0
-1024.6556396484375,-1821.1712646484375,589.5250040690104,0.0
-998.7411905924479,-1798.108154296875,604.0047607421875,0.0
-985.7217407226562,-1751.9818929036458,567.1391194661459,0.0
-960.3050944010416,-1728.9187418619792,580.7745971679688,0.0
-946.7878824869791,-1682.79248046875,544.7532348632812,0.0
-921.8689982096354,-1659.7293701171875,557.5444539388021,0.0
-907.85400390625,-1613.6031087239583,522.3673706054688,0.0
-883.4329020182291,-1590.5399576822917,534.3142903645834,0.0
-868.9201456705729,-1544.4136962890625,499.9814758300781,0.0
-844.9968058268229,-1521.3505859375,511.0841369628906,0.0
-829.9862670898438,-1475.2243245442708,477.5956115722656,0.0
-806.5606892903646,-1452.1611735026042,487.85398356119794,0.0
-791.0523885091146,-1406.034912109375,455.209716796875,0.0
-768.1245930989584,-1382.9718017578125,464.6238098144531,0.0
-752.1185302734375,-1336.8455403645833,432.82383219401044,0.0
-729.6884969075521,-1313.7823893229167,441.39365641276044,0.0
-713.1846516927084,-1267.6561279296875,410.4379577636719,0.0
-691.2524007161459,-1244.593017578125,418.1635030110677,0.0
-674.2507934570312,-1198.4667561848958,388.0520731608073,0.0
-652.8163045247396,-1175.4036051432292,394.93333943684894,0.0
-635.3169148763021,-1129.27734375,365.6661885579427,0.0
-614.3802083333334,-1106.2142333984375,371.70318603515625,0.0
-587.9802856445312,-1060.0879923502605,357.3812662760417,0.0
-1217.4062093098958,-2028.7393798828125,502.0745849609375,0.0
-1192.4535319010417,-2005.67626953125,522.5190633138021,0.0
-1175.8834635416667,-1959.550048828125,484.9621073404948,0.0
-1151.3140869140625,-1936.4869384765625,504.5045471191406,0.0
-1134.3607177734375,-1890.3606770833333,467.849609375,0.0
-1110.1746826171875,-1867.2975260416667,486.4900309244792,0.0
-1092.8380126953125,-1821.1712646484375,450.7371317545573,0.0
-1069.0352783203125,-1798.108154296875,468.4755350748698,0.0
-1051.3153076171875,-1751.9818929036458,433.6246643066406,0.0
-1027.8958740234375,-1728.9187418619792,450.46103922526044,0.0
-1009.7925618489584,-1682.79248046875,416.51218668619794,0.0
-986.7564290364584,-1659.7293701171875,432.446533203125,0.0
-968.2698160807291,-1613.6031087239583,399.3997090657552,0.0
-945.6170247395834,-1590.5399576822917,414.43202718098956,0.0
-926.7470906575521,-1544.4136962890625,382.2872314453125,0.0
-904.4776000976562,-1521.3505859375,396.4175211588542,0.0
-885.224365234375,-1475.2243245442708,365.1747538248698,0.0
-863.3381958007812,-1452.1611735026042,378.40301513671875,0.0
-843.7016398111979,-1406.034912109375,348.06227620442706,0.0
-822.1987711588541,-1382.9718017578125,360.3885192871094,0.0
-802.1788940429688,-1336.8455403645833,330.94980875651044,0.0
-781.0593465169271,-1313.7823893229167,342.3740234375,0.0
-760.6561686197916,-1267.6561279296875,313.8373311360677,0.0
-739.9199422200521,-1244.593017578125,324.35951741536456,0.0
-719.1334431966146,-1198.4667561848958,296.724853515625,0.0
-698.780517578125,-1175.4036051432292,306.3450113932292,0.0
-677.6107177734375,-1129.27734375,279.61237080891925,0.0
-657.64111328125,-1106.2142333984375,288.33050028483075,0.0
-631.32568359375,-1060.0879923502605,273.85389709472656,0.0
-1247.6368815104167,-2028.7393798828125,421.37743123372394,0.0
-1224.0747884114583,-2005.67626953125,443.4101155598958,0.0
-1205.0838623046875,-1959.550048828125,407.0173034667969,0.0
-1181.84521484375,-1936.4869384765625,428.12481689453125,0.0
-1162.5308024088542,-1890.3606770833333,392.6571756998698,0.0
-1139.6156819661458,-1867.2975260416667,412.8395284016927,0.0
-1119.977783203125,-1821.1712646484375,378.29705810546875,0.0
-1097.3861490885417,-1798.108154296875,397.5542399088542,0.0
-1077.4247639973958,-1751.9818929036458,363.9369303385417,0.0
-1055.1566569010417,-1728.9187418619792,382.2689514160156,0.0
-1034.8717447916667,-1682.79248046875,349.5768127441406,0.0
-1012.9270833333334,-1659.7293701171875,366.9836730957031,0.0
-992.3186645507812,-1613.6031087239583,335.21669514973956,0.0
-970.6975301106771,-1590.5399576822917,351.69838460286456,0.0
-949.7656453450521,-1544.4136962890625,320.8565673828125,0.0
-928.4679972330729,-1521.3505859375,336.41309611002606,0.0
-907.2126057942709,-1475.2243245442708,306.49644978841144,0.0
-886.2384643554688,-1452.1611735026042,321.12781778971356,0.0
-864.6595865885416,-1406.034912109375,292.13633219401044,0.0
-844.0089314778646,-1382.9718017578125,305.842529296875,0.0
-822.1065266927084,-1336.8455403645833,277.7762044270833,0.0
-801.7793579101562,-1313.7823893229167,290.55724080403644,0.0
-779.553466796875,-1267.6561279296875,263.41608174641925,0.0
-759.5498250325521,-1244.593017578125,275.27195739746094,0.0
-737.0004475911459,-1198.4667561848958,249.05596415201822,0.0
-717.3202921549479,-1175.4036051432292,259.98667399088544,0.0
-694.4474080403646,-1129.27734375,234.69584147135416,0.0
-675.0907592773438,-1106.2142333984375,244.70138041178384,0.0
-642.3910929361979,-1060.0879923502605,245.24841817220053,0.0
-1272.5249837239583,-2028.7393798828125,338.87586466471356,0.0
-1250.454345703125,-2005.67626953125,362.4024149576823,0.0
-1229.1239013671875,-1959.550048828125,327.32958984375,0.0
-1207.3155110677083,-1936.4869384765625,349.9117940266927,0.0
-1185.7227376302083,-1890.3606770833333,315.78331502278644,0.0
-1164.1766764322917,-1867.2975260416667,337.4211832682292,0.0
-1142.3216552734375,-1821.1712646484375,304.23705037434894,0.0
-1121.0378824869792,-1798.108154296875,324.9305725097656,0.0
-1098.9205322265625,-1751.9818929036458,292.69077555338544,0.0
-1077.8990478515625,-1728.9187418619792,312.43995157877606,0.0
-1055.5194091796875,-1682.79248046875,281.1444956461589,0.0
-1034.7602132161458,-1659.7293701171875,299.9493357340495,0.0
-1012.1182657877604,-1613.6031087239583,269.5982259114583,0.0
-991.6213785807291,-1590.5399576822917,287.45872497558594,0.0
-968.7171427408854,-1544.4136962890625,258.0519510904948,0.0
-948.4825439453125,-1521.3505859375,274.9681040445964,0.0
-925.3160196940104,-1475.2243245442708,246.50567118326822,0.0
-905.3437296549479,-1452.1611735026042,262.4774881998698,0.0
-881.9148966471354,-1406.034912109375,234.95940144856772,0.0
-862.2048950195312,-1382.9718017578125,249.98687744140625,0.0
-838.5137736002604,-1336.8455403645833,223.41312662760416,0.0
-819.0660603841146,-1313.7823893229167,237.49625651041666,0.0
-795.1126302083334,-1267.6561279296875,211.86685180664062,0.0
-775.9272054036459,-1244.593017578125,225.0056406656901,0.0
-751.7115071614584,-1198.4667561848958,200.3205769856771,0.0
-732.7883911132812,-1175.4036051432292,212.51502482096353,0.0
-708.3103841145834,-1129.27734375,188.77430216471353,0.0
-689.6495564778646,-1106.2142333984375,200.02440897623697,0.0
-662.8235270182291,-1060.0879923502605,185.1674346923828,0.0
-1291.9639892578125,-2028.7393798828125,254.92318725585938,0.0
-1271.4792887369792,-2005.67626953125,279.8428497314453,0.0
-1247.900634765625,-1959.550048828125,246.24020385742188,0.0
-1227.6158854166667,-1936.4869384765625,270.2003936767578,0.0
-1203.8372395833333,-1890.3606770833333,237.55722045898438,0.0
-1183.7524820963542,-1867.2975260416667,260.5579376220703,0.0
-1159.7738850911458,-1821.1712646484375,228.87423706054688,0.0
-1139.8891194661458,-1798.108154296875,250.9154815673828,0.0
-1115.7105712890625,-1751.9818929036458,220.19125366210938,0.0
-1096.0257568359375,-1728.9187418619792,241.2730255126953,0.0
-1071.6471761067708,-1682.79248046875,211.50827026367188,0.0
-1052.1623128255208,-1659.7293701171875,231.63056437174478,0.0
-1027.5837809244792,-1613.6031087239583,202.82528686523438,0.0
-1008.2989298502604,-1590.5399576822917,221.98810831705728,0.0
-983.5204467773438,-1544.4136962890625,194.1423085530599,0.0
-964.435546875,-1521.3505859375,212.34565226236978,0.0
-939.4570719401041,-1475.2243245442708,185.4593251546224,0.0
-920.5721435546875,-1452.1611735026042,202.70319112141928,0.0
-895.3937174479166,-1406.034912109375,176.77633666992188,0.0
-876.7087605794271,-1382.9718017578125,193.06072998046875,0.0
-851.3303629557291,-1336.8455403645833,168.09335327148438,0.0
-832.8453776041666,-1313.7823893229167,183.41827392578125,0.0
-807.2670084635416,-1267.6561279296875,159.41036987304688,0.0
-788.9819742838541,-1244.593017578125,173.77581787109375,0.0
-763.2036336263021,-1198.4667561848958,150.7273915608724,0.0
-745.1185913085938,-1175.4036051432292,164.13336181640625,0.0
-719.1402791341146,-1129.27734375,142.0444081624349,0.0
-701.2551879882812,-1106.2142333984375,154.49090067545572,0.0
-670.0605061848959,-1060.0879923502605,155.36235555013022,0.0
-1305.8705647786458,-2028.7393798828125,169.87889099121094,0.0
-1287.0595703125,-2005.67626953125,196.08496602376303,0.0
-1261.3336588541667,-1959.550048828125,164.09637959798178,0.0
-1242.659423828125,-1936.4869384765625,189.3319549560547,0.0
-1216.7967122395833,-1890.3606770833333,158.3138682047526,0.0
-1198.25927734375,-1867.2975260416667,182.57894388834634,0.0
-1172.2598063151042,-1821.1712646484375,152.53135681152344,0.0
-1153.8591715494792,-1798.108154296875,175.82593282063803,0.0
-1127.722900390625,-1751.9818929036458,146.74884541829428,0.0
-1109.4590657552083,-1728.9187418619792,169.0729217529297,0.0
-1083.1859944661458,-1682.79248046875,140.9663340250651,0.0
-1065.0589192708333,-1659.7293701171875,162.31991068522134,0.0
-1038.6490478515625,-1613.6031087239583,135.18382263183594,0.0
-1020.6587727864584,-1590.5399576822917,155.56690470377603,0.0
-994.1121419270834,-1544.4136962890625,129.40131632486978,0.0
-976.2586669921875,-1521.3505859375,148.81389872233072,0.0
-949.5752563476562,-1475.2243245442708,123.61880493164062,0.0
-931.8585611979166,-1452.1611735026042,142.0608876546224,0.0
-905.0383504231771,-1406.034912109375,117.83629353841145,0.0
-887.4584350585938,-1382.9718017578125,135.30787658691406,0.0
-860.5014444986979,-1336.8455403645833,112.0537846883138,0.0
-843.0583292643229,-1313.7823893229167,128.55486806233725,0.0
-815.9645385742188,-1267.6561279296875,106.27127583821614,0.0
-798.658203125,-1244.593017578125,121.8018569946289,0.0
-771.4276123046875,-1198.4667561848958,100.48876444498698,0.0
-754.2580769856771,-1175.4036051432292,115.0488510131836,0.0
-726.8907063802084,-1129.27734375,94.70625813802083,0.0
-709.8579508463541,-1106.2142333984375,108.29584503173828,0.0
-681.8760579427084,-1060.0879923502605,93.00043233235677,0.0
-1314.1852213541667,-2028.7393798828125,84.10714340209961,0.0
-1297.12841796875,-2005.67626953125,111.48740768432617,0.0
-1269.3654378255208,-1959.550048828125,81.24986775716145,0.0
-1252.3816731770833,-1936.4869384765625,107.65276463826497,0.0
-1224.5456949869792,-1890.3606770833333,78.39259211222331,0.0
-1207.6349690755208,-1867.2975260416667,103.81812032063802,0.0
-1179.7259521484375,-1821.1712646484375,75.5353151957194,0.0
-1162.8882242838542,-1798.108154296875,99.98347600301106,0.0
-1134.9061686197917,-1751.9818929036458,72.6780382792155,0.0
-1118.1414794921875,-1728.9187418619792,96.14883168538411,0.0
-1090.08642578125,-1682.79248046875,69.82076263427734,0.0
-1073.394775390625,-1659.7293701171875,92.31418863932292,0.0
-1045.2667032877605,-1613.6031087239583,66.96348698933919,0.0
-1028.6480509440105,-1590.5399576822917,88.47954432169597,0.0
-1000.4469401041666,-1544.4136962890625,64.10621007283528,0.0
-983.9013061523438,-1521.3505859375,84.64490000406902,0.0
-955.6271769205729,-1475.2243245442708,61.24893442789713,0.0
-939.1546020507812,-1452.1611735026042,80.81025695800781,0.0
-910.8074544270834,-1406.034912109375,58.391658782958984,0.0
-894.4078979492188,-1382.9718017578125,76.97561264038086,0.0
-865.9877115885416,-1336.8455403645833,55.53438186645508,0.0
-849.6611735026041,-1313.7823893229167,73.14097086588542,0.0
-821.16796875,-1267.6561279296875,52.67710876464844,0.0
-804.9144490559896,-1244.593017578125,69.30633036295573,0.0
-776.3482055664062,-1198.4667561848958,49.81983311971029,0.0
-760.1677042643229,-1175.4036051432292,65.47168604532878,0.0
-731.5284423828125,-1129.27734375,46.96255620320638,0.0
-715.4209798177084,-1106.2142333984375,61.63704172770182,0.0
-685.1607869466146,-1060.0879923502605,62.50571950276693,0.0
-1316.872314453125,-2028.7393798828125,-2.024761199951172,0.0
-1301.642822265625,-2005.67626953125,26.41244633992513,0.0
-1271.9616292317708,-1959.550048828125,-1.9445679982503254,0.0
-1256.7410481770833,-1936.4869384765625,25.51258913675944,0.0
-1227.0509440104167,-1890.3606770833333,-1.8643735249837239,0.0
-1211.83935546875,-1867.2975260416667,24.61273256937663,0.0
-1182.1403401692708,-1821.1712646484375,-1.7841803232828777,0.0
-1166.9376627604167,-1798.108154296875,23.712874094645183,0.0
-1137.2296549479167,-1751.9818929036458,-1.7039871215820312,0.0
-1122.035888671875,-1728.9187418619792,22.813016255696613,0.0
-1092.3189697265625,-1682.79248046875,-1.6237939198811848,0.0
-1077.1341959635417,-1659.7293701171875,21.913159052530926,0.0
-1047.4083455403645,-1613.6031087239583,-1.5435994466145833,0.0
-1032.2325032552083,-1590.5399576822917,21.013302485148113,0.0
-1002.4976806640625,-1544.4136962890625,-1.463406244913737,0.0
-987.3307698567709,-1521.3505859375,20.113444010416668,0.0
-957.5869954427084,-1475.2243245442708,-1.3832130432128906,0.0
-942.4290364583334,-1452.1611735026042,19.213587443033855,0.0
-912.6763305664062,-1406.034912109375,-1.303018569946289,0.0
-897.5273234049479,-1382.9718017578125,18.313730239868164,0.0
-867.7656656901041,-1336.8455403645833,-1.2228253682454426,0.0
-852.6256103515625,-1313.7823893229167,17.413872400919598,0.0
-822.8550008138021,-1267.6561279296875,-1.1426321665445964,0.0
-807.7238972981771,-1244.593017578125,16.514015197753906,0.0
-777.9443562825521,-1198.4667561848958,-1.0624376932779949,0.0
-762.8221842447916,-1175.4036051432292,15.614158630371094,0.0
-733.03369140625,-1129.27734375,-0.9822444915771484,0.0
-717.9204508463541,-1106.2142333984375,14.714300155639648,0.0
-688.1230265299479,-1060.0879923502605,-0.9020512898763021,0.0
-1313.9203287760417,-2028.7393798828125,-88.14799372355144,0.0
-1300.5833333333333,-2005.67626953125,-58.77561569213867,0.0
-1269.111083984375,-1959.550048828125,-85.13067372639973,0.0
-1255.7188720703125,-1936.4869384765625,-56.736833572387695,0.0
-1224.3017985026042,-1890.3606770833333,-82.11335436503093,0.0
-1210.8544514973958,-1867.2975260416667,-54.69805145263672,0.0
-1179.4925537109375,-1821.1712646484375,-79.09603436787923,0.0
-1165.9900309244792,-1798.108154296875,-52.65926933288574,0.0
-1134.6833089192708,-1751.9818929036458,-76.07871500651042,0.0
-1121.1256103515625,-1728.9187418619792,-50.620487213134766,0.0
-1089.8740234375,-1682.79248046875,-73.06139500935872,0.0
-1076.2611490885417,-1659.7293701171875,-48.58170509338379,0.0
-1045.0647786458333,-1613.6031087239583,-70.04407564798991,0.0
-1031.396748860677,-1590.5399576822917,-46.54292297363281,0.0
-1000.2555338541666,-1544.4136962890625,-67.02675565083821,0.0
-986.5323079427084,-1521.3505859375,-44.504140853881836,0.0
-955.4462687174479,-1475.2243245442708,-64.0094362894694,0.0
-941.6678670247396,-1452.1611735026042,-42.46535873413086,0.0
-910.6370035807291,-1406.034912109375,-60.99211629231771,0.0
-896.8034261067709,-1382.9718017578125,-40.42657661437988,0.0
-865.8277384440104,-1336.8455403645833,-57.97479693094889,0.0
-851.9389851888021,-1313.7823893229167,-38.387794494628906,0.0
-821.0184733072916,-1267.6561279296875,-54.9574769337972,0.0
-807.0745442708334,-1244.593017578125,-36.34901237487793,0.0
-776.2092081705729,-1198.4667561848958,-51.94015757242838,0.0
-762.2101236979166,-1175.4036051432292,-34.31023025512695,0.0
-731.3999633789062,-1129.27734375,-48.922837575276695,0.0
-717.345703125,-1106.2142333984375,-32.27144813537598,0.0
-687.3992919921875,-1060.0879923502605,-31.564618428548176,0.0
-1305.3419596354167,-2028.7393798828125,-173.89376576741537,0.0
-1293.9545491536458,-2005.67626953125,-143.7119928995768,0.0
-1260.8260091145833,-1959.550048828125,-167.95223999023438,0.0
-1249.3195393880208,-1936.4869384765625,-138.74329884847006,0.0
-1216.3100179036458,-1890.3606770833333,-162.01071421305338,0.0
-1204.6844889322917,-1867.2975260416667,-133.7746098836263,0.0
-1171.7940673828125,-1821.1712646484375,-156.0691884358724,0.0
-1160.0494791666667,-1798.108154296875,-128.80591583251953,0.0
-1127.278076171875,-1751.9818929036458,-150.1276626586914,0.0
-1115.4144287109375,-1728.9187418619792,-123.83722686767578,0.0
-1082.7620849609375,-1682.79248046875,-144.1861368815104,0.0
-1070.7793782552083,-1659.7293701171875,-118.86853281656902,0.0
-1038.24609375,-1613.6031087239583,-138.24461110432944,0.0
-1026.1443684895833,-1590.5399576822917,-113.89984385172527,0.0
-993.7301432291666,-1544.4136962890625,-132.30309041341147,0.0
-981.5093383789062,-1521.3505859375,-108.93115488688152,0.0
-949.2141520182291,-1475.2243245442708,-126.36156463623047,0.0
-936.8743082682291,-1452.1611735026042,-103.96246083577473,0.0
-904.6981811523438,-1406.034912109375,-120.42003885904948,0.0
-892.2392781575521,-1382.9718017578125,-98.99377187093098,0.0
-860.1822102864584,-1336.8455403645833,-114.47851308186848,0.0
-847.604248046875,-1313.7823893229167,-94.02507781982422,0.0
-815.6662394205729,-1267.6561279296875,-108.5369873046875,0.0
-802.9692179361979,-1244.593017578125,-89.05638885498047,0.0
-771.1502482096354,-1198.4667561848958,-102.59546407063802,0.0
-758.3341674804688,-1175.4036051432292,-84.0876973470052,0.0
-726.6342569986979,-1129.27734375,-96.65393829345703,0.0
-713.6991373697916,-1106.2142333984375,-79.11900583902995,0.0
-684.6716715494791,-1060.0879923502605,-62.11420122782389,0.0
-1291.1739501953125,-2028.7393798828125,-258.8948974609375,0.0
-1281.7848714192708,-2005.67626953125,-228.03297424316406,0.0
-1247.141845703125,-1959.550048828125,-250.0546112060547,0.0
-1237.5703938802083,-1936.4869384765625,-220.15564982096353,0.0
-1203.1098225911458,-1890.3606770833333,-241.21431986490884,0.0
-1193.3559163411458,-1867.2975260416667,-212.27832539876303,0.0
-1159.0777587890625,-1821.1712646484375,-232.37403361002603,0.0
-1149.1414388020833,-1798.108154296875,-204.4010009765625,0.0
-1115.0456949869792,-1751.9818929036458,-223.53374226888022,0.0
-1104.9269205729167,-1728.9187418619792,-196.52367655436197,0.0
-1071.0135904947917,-1682.79248046875,-214.6934560139974,0.0
-1060.71240234375,-1659.7293701171875,-188.64635213216147,0.0
-1026.9815063476562,-1613.6031087239583,-205.85316467285156,0.0
-1016.4979044596354,-1590.5399576822917,-180.76902770996094,0.0
-982.949462890625,-1544.4136962890625,-197.01287841796875,0.0
-972.2834269205729,-1521.3505859375,-172.89170837402344,0.0
-938.9173787434896,-1475.2243245442708,-188.17259216308594,0.0
-928.0689086914062,-1452.1611735026042,-165.0143839518229,0.0
-894.8852945963541,-1406.034912109375,-179.3323008219401,0.0
-883.8544108072916,-1382.9718017578125,-157.1370595296224,0.0
-850.8532307942709,-1336.8455403645833,-170.49201456705728,0.0
-839.6399332682291,-1313.7823893229167,-149.25973510742188,0.0
-806.8211669921875,-1267.6561279296875,-161.65172322591147,0.0
-795.4254353841146,-1244.593017578125,-141.38241068522134,0.0
-762.7891031901041,-1198.4667561848958,-152.81143697102866,0.0
-751.2109375,-1175.4036051432292,-133.50508880615234,0.0
-718.7570190429688,-1129.27734375,-143.9711481730143,0.0
-706.9964192708334,-1106.2142333984375,-125.62776438395183,0.0
-676.7289632161459,-1060.0879923502605,-125.0677973429362,0.0
-1271.4769287109375,-2028.7393798828125,-342.7874043782552,0.0
-1264.1264241536458,-2005.67626953125,-311.3774820963542,0.0
-1228.1172688802083,-1959.550048828125,-331.08620198567706,0.0
-1220.5217692057292,-1936.4869384765625,-300.62525431315106,0.0
-1184.7576904296875,-1890.3606770833333,-319.385009765625,0.0
-1176.9171956380208,-1867.2975260416667,-289.87303670247394,0.0
-1141.3981119791667,-1821.1712646484375,-307.68381754557294,0.0
-1133.3125813802083,-1798.108154296875,-279.1208089192708,0.0
-1098.0384928385417,-1751.9818929036458,-295.9826151529948,0.0
-1089.7079264322917,-1728.9187418619792,-268.3685811360677,0.0
-1054.6788330078125,-1682.79248046875,-284.2814229329427,0.0
-1046.103271484375,-1659.7293701171875,-257.6163635253906,0.0
-1011.3192342122396,-1613.6031087239583,-272.5802307128906,0.0
-1002.4986572265625,-1590.5399576822917,-246.8641357421875,0.0
-967.9596150716146,-1544.4136962890625,-260.8790283203125,0.0
-958.8940226236979,-1521.3505859375,-236.11190795898438,0.0
-924.6000162760416,-1475.2243245442708,-249.1778361002604,0.0
-915.2894083658854,-1452.1611735026042,-225.35969034830728,0.0
-881.2403971354166,-1406.034912109375,-237.47664388020834,0.0
-871.6847534179688,-1382.9718017578125,-214.60746256510416,0.0
-837.8807779947916,-1336.8455403645833,-225.77544148763022,0.0
-828.0801391601562,-1313.7823893229167,-203.85523478190103,0.0
-794.5211791992188,-1267.6561279296875,-214.0742441813151,0.0
-784.4755045572916,-1244.593017578125,-193.10301208496094,0.0
-751.1615600585938,-1198.4667561848958,-202.37305196126303,0.0
-740.8708902994791,-1175.4036051432292,-182.35078938802084,0.0
-707.8019612630209,-1129.27734375,-190.6718546549479,0.0
-697.2662556966146,-1106.2142333984375,-171.59856160481772,0.0
-670.0371704101562,-1060.0879923502605,-154.9999974568685,0.0
-1246.335205078125,-2028.7393798828125,-425.2120361328125,0.0
-1241.0547688802083,-2005.67626953125,-393.3886210123698,0.0
-1203.8336995442708,-1959.550048828125,-410.7000325520833,0.0
-1198.2467041015625,-1936.4869384765625,-379.8075358072917,0.0
-1161.3322347005208,-1890.3606770833333,-396.1880391438802,0.0
-1155.438720703125,-1867.2975260416667,-366.22646077473956,0.0
-1118.830810546875,-1821.1712646484375,-381.67604573567706,0.0
-1112.6306966145833,-1798.108154296875,-352.64537556966144,0.0
-1076.3293050130208,-1751.9818929036458,-367.16404215494794,0.0
-1069.8226318359375,-1728.9187418619792,-339.0642903645833,0.0
-1033.8277994791667,-1682.79248046875,-352.6520487467448,0.0
-1027.0145670572917,-1659.7293701171875,-325.48321533203125,0.0
-991.3263142903646,-1613.6031087239583,-338.1400553385417,0.0
-984.20654296875,-1590.5399576822917,-311.9021301269531,0.0
-948.8248494466146,-1544.4136962890625,-323.6280517578125,0.0
-941.3984985351562,-1521.3505859375,-298.321044921875,0.0
-906.3233439127604,-1475.2243245442708,-309.1160583496094,0.0
-898.5904541015625,-1452.1611735026042,-284.73996988932294,0.0
-863.8218790690104,-1406.034912109375,-294.60406494140625,0.0
-855.7824300130209,-1382.9718017578125,-271.1588846842448,0.0
-821.3203938802084,-1336.8455403645833,-280.09206136067706,0.0
-812.9743855794271,-1313.7823893229167,-257.5777994791667,0.0
-778.8189290364584,-1267.6561279296875,-265.58006795247394,0.0
-770.1663614908854,-1244.593017578125,-243.99671936035156,0.0
-736.3174438476562,-1198.4667561848958,-251.0680694580078,0.0
-727.3583170572916,-1175.4036051432292,-230.41563415527344,0.0
-693.8159586588541,-1129.27734375,-236.55607096354166,0.0
-684.5502726236979,-1106.2142333984375,-216.83455403645834,0.0
-653.3492228190104,-1060.0879923502605,-216.23326619466147,0.0
-1215.8565266927083,-2028.7393798828125,-505.81585693359375,0.0
-1212.6687418619792,-2005.67626953125,-473.7152099609375,0.0
-1174.3951822916667,-1959.550048828125,-488.55518595377606,0.0
-1170.840576171875,-1936.4869384765625,-457.36342366536456,0.0
-1132.9337972005208,-1890.3606770833333,-471.29453531901044,0.0
-1129.012451171875,-1867.2975260416667,-441.0116475423177,0.0
-1091.4724527994792,-1821.1712646484375,-454.0338846842448,0.0
-1087.184326171875,-1798.108154296875,-424.6598612467448,0.0
-1050.0110880533855,-1751.9818929036458,-436.7732238769531,0.0
-1045.356180826823,-1728.9187418619792,-408.3080749511719,0.0
-1008.5497436523438,-1682.79248046875,-419.5125732421875,0.0
-1003.5280354817709,-1659.7293701171875,-391.956298828125,0.0
-967.0883992513021,-1613.6031087239583,-402.2519226074219,0.0
-961.6999104817709,-1590.5399576822917,-375.60451253255206,0.0
-925.6270548502604,-1544.4136962890625,-384.9912618001302,0.0
-919.8717651367188,-1521.3505859375,-359.2527262369792,0.0
-884.1656901041666,-1475.2243245442708,-367.73060099283856,0.0
-878.0436197916666,-1452.1611735026042,-342.90093994140625,0.0
-842.704345703125,-1406.034912109375,-350.4699401855469,0.0
-836.2154947916666,-1382.9718017578125,-326.5491536458333,0.0
-801.2430013020834,-1336.8455403645833,-333.2092793782552,0.0
-794.3873494466146,-1313.7823893229167,-310.19736735026044,0.0
-759.7816365559896,-1267.6561279296875,-315.94862874348956,0.0
-752.5592244466146,-1244.593017578125,-293.84559122721356,0.0
-718.3202921549479,-1198.4667561848958,-298.68797810872394,0.0
-710.7310791015625,-1175.4036051432292,-277.4938049316406,0.0
-676.8589274088541,-1129.27734375,-281.4273173014323,0.0
-668.9029337565104,-1106.2142333984375,-261.1420186360677,0.0
-642.8077392578125,-1060.0879923502605,-245.03593953450522,0.0
-1180.1713460286458,-2028.7393798828125,-584.2536824544271,0.0
-1179.0898844401042,-2005.67626953125,-552.0132853190104,0.0
-1139.9276936848958,-1959.550048828125,-564.3182779947916,0.0
-1138.4207763671875,-1936.4869384765625,-532.9608256022135,0.0
-1099.6840006510417,-1890.3606770833333,-544.3828837076823,0.0
-1097.7516276041667,-1867.2975260416667,-513.9083557128906,0.0
-1059.4403076171875,-1821.1712646484375,-524.4474690755209,0.0
-1057.0824788411458,-1798.108154296875,-494.8558858235677,0.0
-1019.1966145833334,-1751.9818929036458,-504.51207478841144,0.0
-1016.4133504231771,-1728.9187418619792,-475.8034362792969,0.0
-978.9529418945312,-1682.79248046875,-484.57668050130206,0.0
-975.7442423502604,-1659.7293701171875,-456.75096638997394,0.0
-938.7092692057291,-1613.6031087239583,-464.6412760416667,0.0
-935.0751342773438,-1590.5399576822917,-437.69850667317706,0.0
-898.4655965169271,-1544.4136962890625,-444.70587158203125,0.0
-894.406005859375,-1521.3505859375,-418.6460367838542,0.0
-858.2219034830729,-1475.2243245442708,-424.7704671223958,0.0
-853.7368774414062,-1452.1611735026042,-399.59356689453125,0.0
-817.9782307942709,-1406.034912109375,-404.83506266276044,0.0
-813.0677693684896,-1382.9718017578125,-380.5410970052083,0.0
-777.7345581054688,-1336.8455403645833,-384.899658203125,0.0
-772.3986409505209,-1313.7823893229167,-361.48862711588544,0.0
-737.4908650716146,-1267.6561279296875,-364.96425374348956,0.0
-731.7295125325521,-1244.593017578125,-342.43616739908856,0.0
-697.2471923828125,-1198.4667561848958,-345.0288594563802,0.0
-691.0603841145834,-1175.4036051432292,-323.3837076822917,0.0
-657.0034993489584,-1129.27734375,-325.0934549967448,0.0
-650.3912556966146,-1106.2142333984375,-304.33123779296875,0.0
-617.7022094726562,-1060.0879923502605,-303.3348897298177,0.0
-1139.4324951171875,-2028.7393798828125,-660.1896565755209,0.0
-1140.4619547526042,-2005.67626953125,-627.9475504557291,0.0
-1100.5788167317708,-1959.550048828125,-637.6648559570312,0.0
-1101.1260172526042,-1936.4869384765625,-606.2759806315104,0.0
-1061.7251383463542,-1890.3606770833333,-615.1400756835938,0.0
-1061.7900390625,-1867.2975260416667,-584.6044311523438,0.0
-1022.8714396158854,-1821.1712646484375,-592.6152954101562,0.0
-1022.4540812174479,-1798.108154296875,-562.932861328125,0.0
-984.0177612304688,-1751.9818929036458,-570.0905151367188,0.0
-983.1181233723959,-1728.9187418619792,-541.2613118489584,0.0
-945.1640828450521,-1682.79248046875,-547.5657552083334,0.0
-943.7821655273438,-1659.7293701171875,-519.5897623697916,0.0
-906.3104044596354,-1613.6031087239583,-525.0409749348959,0.0
-904.4462076822916,-1590.5399576822917,-497.91820271809894,0.0
-867.4567260742188,-1544.4136962890625,-502.5161946614583,0.0
-865.1102498372396,-1521.3505859375,-476.2466328938802,0.0
-828.6030476888021,-1475.2243245442708,-479.99139404296875,0.0
-825.7742919921875,-1452.1611735026042,-454.57506306966144,0.0
-789.7493896484375,-1406.034912109375,-457.46661376953125,0.0
-786.4383544921875,-1382.9718017578125,-432.9035135904948,0.0
-750.8957316080729,-1336.8455403645833,-434.9418436686198,0.0
-747.1023966471354,-1313.7823893229167,-411.23195393880206,0.0
-712.0420532226562,-1267.6561279296875,-412.41705322265625,0.0
-707.7664388020834,-1244.593017578125,-389.5603841145833,0.0
-673.1883748372396,-1198.4667561848958,-389.89227294921875,0.0
-668.4304809570312,-1175.4036051432292,-367.8888346354167,0.0
-634.3346964518229,-1129.27734375,-367.36749267578125,0.0
-629.0945231119791,-1106.2142333984375,-346.21726481119794,0.0
-603.4914143880209,-1060.0879923502605,-330.5152079264323,0.0
-1043.512451171875,-2028.7393798828125,-803.2674153645834,0.0
-1048.7415364583333,-2005.67626953125,-771.4355265299479,0.0
-1007.9312337239584,-1959.550048828125,-775.8639119466146,0.0
-1012.57080078125,-1936.4869384765625,-744.8150024414062,0.0
-972.3500162760416,-1890.3606770833333,-748.4604288736979,0.0
-976.4000651041666,-1867.2975260416667,-718.1944783528646,0.0
-936.7688191731771,-1821.1712646484375,-721.0569254557291,0.0
-940.2293497721354,-1798.108154296875,-691.5739542643229,0.0
-901.1876220703125,-1751.9818929036458,-693.6534220377604,0.0
-904.0586344401041,-1728.9187418619792,-664.9534098307291,0.0
-865.6064249674479,-1682.79248046875,-666.2498982747396,0.0
-867.8879191080729,-1659.7293701171875,-638.3328653971354,0.0
-830.0252075195312,-1613.6031087239583,-638.8463948567709,0.0
-831.7171834309896,-1590.5399576822917,-611.7123413085938,0.0
-794.4440104166666,-1544.4136962890625,-611.4429117838541,0.0
-795.5464680989584,-1521.3505859375,-585.0918172200521,0.0
-758.8628133138021,-1475.2243245442708,-584.0394083658854,0.0
-759.375732421875,-1452.1611735026042,-558.4712931315104,0.0
-723.2815958658854,-1406.034912109375,-556.6359252929688,0.0
-723.2049967447916,-1382.9718017578125,-531.8507792154948,0.0
-687.7003784179688,-1336.8455403645833,-529.232411702474,0.0
-687.0342610677084,-1313.7823893229167,-505.230224609375,0.0
-652.1191813151041,-1267.6561279296875,-501.8288879394531,0.0
-650.8635457356771,-1244.593017578125,-478.6096903483073,0.0
-616.5379842122396,-1198.4667561848958,-474.42539469401044,0.0
-614.6928100585938,-1175.4036051432292,-451.9891662597656,0.0
-580.9567667643229,-1129.27734375,-447.0219014485677,0.0
-578.5220743815104,-1106.2142333984375,-425.36864217122394,0.0
-552.8272705078125,-1060.0879923502605,-409.81712849934894,0.0
-988.7420043945312,-2028.7393798828125,-869.7965291341146,0.0
-996.0418090820312,-2005.67626953125,-838.3747965494791,0.0
-955.0292561848959,-1959.550048828125,-840.1245930989584,0.0
-961.6895955403646,-1936.4869384765625,-809.4455973307291,0.0
-921.3165079752604,-1890.3606770833333,-810.45263671875,0.0
-927.3373616536459,-1867.2975260416667,-780.5163777669271,0.0
-887.6037394205729,-1821.1712646484375,-780.7806803385416,0.0
-892.9851481119791,-1798.108154296875,-751.5871785481771,0.0
-853.8910115559896,-1751.9818929036458,-751.1087443033854,0.0
-858.6329549153646,-1728.9187418619792,-722.657958984375,0.0
-820.1782633463541,-1682.79248046875,-721.4367879231771,0.0
-824.2807210286459,-1659.7293701171875,-693.7287394205729,0.0
-786.4654947916666,-1613.6031087239583,-691.7648315429688,0.0
-789.9284871419271,-1590.5399576822917,-664.7995198567709,0.0
-752.7527465820312,-1544.4136962890625,-662.0928751627604,0.0
-755.5762939453125,-1521.3505859375,-635.8703206380209,0.0
-719.0400187174479,-1475.2243245442708,-632.4209391276041,0.0
-721.2240804036459,-1452.1611735026042,-606.9411214192709,0.0
-685.3272705078125,-1406.034912109375,-602.7490030924479,0.0
-686.8718668619791,-1382.9718017578125,-578.0119222005209,0.0
-651.6145222981771,-1336.8455403645833,-573.0770467122396,0.0
-652.5196329752604,-1313.7823893229167,-549.0826822916666,0.0
-617.9017537434896,-1267.6561279296875,-543.4050699869791,0.0
-618.1674194335938,-1244.593017578125,-520.1534627278646,0.0
-584.1890258789062,-1198.4667561848958,-513.7331339518229,0.0
-583.8152262369791,-1175.4036051432292,-491.22426350911456,0.0
-550.4762776692709,-1129.27734375,-484.0611877441406,0.0
-549.4629923502604,-1106.2142333984375,-462.29505411783856,0.0
-533.5869140625,-1060.0879923502605,-433.7027994791667,0.0
-929.7376098632812,-2028.7393798828125,-932.6010538736979,0.0
-939.0768636067709,-2005.67626953125,-901.7240193684896,0.0
-898.0376790364584,-1959.550048828125,-900.7877197265625,0.0
-906.6902669270834,-1936.4869384765625,-870.6100260416666,0.0
-866.3377685546875,-1890.3606770833333,-868.9743855794271,0.0
-874.3036702473959,-1867.2975260416667,-839.4959920247396,0.0
-834.6378377278646,-1821.1712646484375,-837.1610310872396,0.0
-841.9170532226562,-1798.108154296875,-808.3819783528646,0.0
-802.9379069010416,-1751.9818929036458,-805.3476969401041,0.0
-809.5304565429688,-1728.9187418619792,-777.2679646809896,0.0
-771.2379760742188,-1682.79248046875,-773.5343627929688,0.0
-777.1438395182291,-1659.7293701171875,-746.1539713541666,0.0
-739.5380249023438,-1613.6031087239583,-741.7210286458334,0.0
-744.7572224934896,-1590.5399576822917,-715.0399373372396,0.0
-707.8380940755209,-1544.4136962890625,-709.9076741536459,0.0
-712.3706258138021,-1521.3505859375,-683.9259236653646,0.0
-676.13818359375,-1475.2243245442708,-678.0943400065104,0.0
-679.9840291341146,-1452.1611735026042,-652.8119099934896,0.0
-644.4382527669271,-1406.034912109375,-646.281005859375,0.0
-647.5974324544271,-1382.9718017578125,-621.6979166666666,0.0
-612.7383422851562,-1336.8455403645833,-614.4676717122396,0.0
-615.2108357747396,-1313.7823893229167,-590.5838826497396,0.0
-581.0384114583334,-1267.6561279296875,-582.6543172200521,0.0
-582.82421875,-1244.593017578125,-559.4698689778646,0.0
-549.3384602864584,-1198.4667561848958,-550.8409830729166,0.0
-550.4376017252604,-1175.4036051432292,-528.3558553059896,0.0
-517.6385396321615,-1129.27734375,-519.0276387532552,0.0
-518.051015218099,-1106.2142333984375,-497.24184163411456,0.0
-491.77147420247394,-1060.0879923502605,-481.4383036295573,0.0
-866.751953125,-2028.7393798828125,-991.4120483398438,0.0
-878.0906575520834,-2005.67626953125,-961.2119344075521,0.0
-837.2005818684896,-1959.550048828125,-957.5935262044271,0.0
-847.808349609375,-1936.4869384765625,-928.0463460286459,0.0
-807.6492106119791,-1890.3606770833333,-923.7750447591146,0.0
-817.5260416666666,-1867.2975260416667,-894.8807779947916,0.0
-778.0978393554688,-1821.1712646484375,-889.95654296875,0.0
-787.2437337239584,-1798.108154296875,-861.7151896158854,0.0
-748.5464884440104,-1751.9818929036458,-856.1380411783854,0.0
-756.9614461263021,-1728.9187418619792,-828.5496012369791,0.0
-718.9951375325521,-1682.79248046875,-822.3195393880209,0.0
-726.6791178385416,-1659.7293701171875,-795.384033203125,0.0
-689.4437459309896,-1613.6031087239583,-788.5010579427084,0.0
-696.3967895507812,-1590.5399576822917,-762.2184448242188,0.0
-659.8923746744791,-1544.4136962890625,-754.6825358072916,0.0
-666.1144816080729,-1521.3505859375,-729.0528564453125,0.0
-630.3410237630209,-1475.2243245442708,-720.8640340169271,0.0
-635.8321940104166,-1452.1611735026042,-695.8872680664062,0.0
-600.7896728515625,-1406.034912109375,-687.0455322265625,0.0
-605.5498860677084,-1382.9718017578125,-662.7217000325521,0.0
-571.2383015950521,-1336.8455403645833,-653.22705078125,0.0
-575.267578125,-1313.7823893229167,-629.5561116536459,0.0
-541.6869405110677,-1267.6561279296875,-619.4085286458334,0.0
-544.9852803548177,-1244.593017578125,-596.3905232747396,0.0
-512.1355794270834,-1198.4667561848958,-585.5900472005209,0.0
-514.7029520670573,-1175.4036051432292,-563.2249552408854,0.0
-482.5841979980469,-1129.27734375,-551.7715454101562,0.0
-484.42064412434894,-1106.2142333984375,-530.0593566894531,0.0
-469.57801310221356,-1060.0879923502605,-502.60825602213544,0.0
-800.0547078450521,-2028.7393798828125,-1045.9776407877605,0.0
-813.3443400065104,-2005.67626953125,-1016.5837809244791,0.0
-772.7784627278646,-1959.550048828125,-1010.2987874348959,0.0
-785.2960001627604,-1936.4869384765625,-981.5086466471354,0.0
-745.502197265625,-1890.3606770833333,-974.6199340820312,0.0
-757.2476399739584,-1867.2975260416667,-946.4335123697916,0.0
-718.2259318033854,-1821.1712646484375,-938.9411010742188,0.0
-729.1993001302084,-1798.108154296875,-911.3583984375,0.0
-690.9496663411459,-1751.9818929036458,-903.2622680664062,0.0
-701.1509602864584,-1728.9187418619792,-876.2832641601562,0.0
-663.6734212239584,-1682.79248046875,-867.5834147135416,0.0
-673.1026407877604,-1659.7293701171875,-841.2081298828125,0.0
-636.3971761067709,-1613.6031087239583,-831.9045817057291,0.0
-645.0543009440104,-1590.5399576822917,-806.1330159505209,0.0
-609.1209106445312,-1544.4136962890625,-796.2257486979166,0.0
-617.0059407552084,-1521.3505859375,-771.0578816731771,0.0
-581.8446451822916,-1475.2243245442708,-760.5468953450521,0.0
-588.9576212565104,-1452.1611735026042,-735.9827270507812,0.0
-554.5684000651041,-1406.034912109375,-724.8680419921875,0.0
-560.9092814127604,-1382.9718017578125,-700.9076131184896,0.0
-527.2921346028646,-1336.8455403645833,-689.189208984375,0.0
-532.8609415690104,-1313.7823893229167,-665.8324788411459,0.0
-500.01587931315106,-1267.6561279296875,-653.5103556315104,0.0
-504.81260172526044,-1244.593017578125,-630.7573445638021,0.0
-472.7396240234375,-1198.4667561848958,-617.8315226236979,0.0
-476.76426188151044,-1175.4036051432292,-595.6822306315104,0.0
-445.46336873372394,-1129.27734375,-582.1526896158854,0.0
-448.71593221028644,-1106.2142333984375,-560.6070963541666,0.0
-421.47878011067706,-1060.0879923502605,-544.0217692057291,0.0
-729.9315185546875,-2028.7393798828125,-1096.064208984375,0.0
-745.1151326497396,-2005.67626953125,-1067.6024576822917,0.0
-705.0471801757812,-1959.550048828125,-1058.6777750651042,0.0
-719.4208780924479,-1936.4869384765625,-1030.7679646809895,0.0
-680.1628214518229,-1890.3606770833333,-1021.2913818359375,0.0
-693.7266031901041,-1867.2975260416667,-993.9334920247396,0.0
-655.2784627278646,-1821.1712646484375,-983.9049682617188,0.0
-668.0323486328125,-1798.108154296875,-957.0989990234375,0.0
-630.3941243489584,-1751.9818929036458,-946.5185750325521,0.0
-642.3380737304688,-1728.9187418619792,-920.2645467122396,0.0
-605.509765625,-1682.79248046875,-909.1321818033854,0.0
-616.6438191731771,-1659.7293701171875,-883.4300537109375,0.0
-580.6254272460938,-1613.6031087239583,-871.7457682291666,0.0
-590.9495646158854,-1590.5399576822917,-846.5955810546875,0.0
-555.7410888671875,-1544.4136962890625,-834.359375,0.0
-565.2553100585938,-1521.3505859375,-809.7611083984375,0.0
-530.8567301432291,-1475.2243245442708,-796.9729614257812,0.0
-539.56103515625,-1452.1611735026042,-772.9266153971354,0.0
-505.9723815917969,-1406.034912109375,-759.5865478515625,0.0
-513.8667704264323,-1382.9718017578125,-736.0921427408854,0.0
-481.08802286783856,-1336.8455403645833,-722.2001546223959,0.0
-488.17250569661456,-1313.7823893229167,-699.2576497395834,0.0
-456.2036844889323,-1267.6561279296875,-684.8137410481771,0.0
-462.47825113932294,-1244.593017578125,-662.4231770833334,0.0
-431.3193359375,-1198.4667561848958,-647.4273478190104,0.0
-436.7839864095052,-1175.4036051432292,-625.5887044270834,0.0
-406.4349873860677,-1129.27734375,-610.0409545898438,0.0
-411.08973185221356,-1106.2142333984375,-588.7542317708334,0.0
-396.7119445800781,-1060.0879923502605,-562.1137898763021,0.0
265.1764373779297,-1037.0248616536458,617.4774169921875,0.0
288.5433603922526,-1060.0879923502605,624.0001831054688,0.0
317.38966878255206,-1063.3827107747395,612.9652709960938,0.0
-363.6343282063802,-1037.0248616536458,-565.4033610026041,0.0
-344.3061014811198,-1063.3827107747395,-598.2607625325521,0.0
-670.0179239908854,-2071.5709635416665,-1165.8673095703125,0.0
-706.408203125,-2097.9287923177085,-1164.158935546875,0.0
597.9319458007812,-2097.9287923177085,1223.4197591145833,0.0
619.0312703450521,-2071.5709635416665,1193.721435546875,0.0
511.5983174641927,-2097.9287923177085,1262.0124918619792,0.0
422.78806559244794,-2097.9287923177085,1294.5113525390625,0.0
453.58803304036456,-2074.8656412760415,1268.2451171875,0.0
174.45474243164062,-1037.0248616536458,649.1084798177084,0.0
331.9314270019531,-2097.9287923177085,1320.7585042317708,0.0
367.05091349283856,-2074.8656412760415,1295.9737548828125,0.0
239.4686279296875,-2097.9287923177085,1340.6265869140625,0.0
278.8367156982422,-2074.8656412760415,1317.79443359375,0.0
80.12526321411133,-1037.0248616536458,667.4308064778646,0.0
145.84766133626303,-2097.9287923177085,1354.0191243489583,0.0
189.3490244547526,-2074.8656412760415,1333.6071370442708,0.0
51.52218904097875,-2097.9287923177085,1360.8711751302083,0.0
98.9972635904948,-2074.8656412760415,1343.33935546875,0.0
-43.050706009070076,-2097.9287923177085,1361.1495361328125,0.0
8.194861312707266,-2074.8656412760415,1346.946533203125,0.0
-137.41275024414062,-2097.9287923177085,1354.8531494140625,0.0
-231.1067148844401,-2097.9287923177085,1342.0126953125,0.0
-173.0998102823893,-2074.8656412760415,1335.7485758463542,0.0
-126.60107167561848,-1037.0248616536458,660.0512898763021,0.0
-323.6786193847656,-2097.9287923177085,1322.6907145182292,0.0
-262.76259358723956,-2074.8656412760415,1320.9951578776042,0.0
-219.4593048095703,-1037.0248616536458,635.3555501302084,0.0
-442.2866617838542,-2097.9287923177085,1287.89013671875,0.0
-406.96970621744794,-2074.8656412760415,1283.8628336588542,0.0
-530.6229654947916,-2097.9287923177085,1254.1322021484375,0.0
-492.629638671875,-2074.8656412760415,1253.55029296875,0.0
-307.8365020751953,-1037.0248616536458,597.6182454427084,0.0
-616.4014485677084,-2097.9287923177085,1214.3140462239583,0.0
-576.0495808919271,-2074.8656412760415,1217.5198974609375,0.0
-699.2063395182291,-2097.9287923177085,1168.6282552083333,0.0
-656.84765625,-2074.8656412760415,1175.93603515625,0.0
-778.6362508138021,-2097.9287923177085,1117.2960205078125,0.0
-734.6540730794271,-2074.8656412760415,1128.9887288411458,0.0
-402.1628926595052,-1037.0248616536458,538.3882344563802,0.0
-854.3061930338541,-2097.9287923177085,1060.5659586588542,0.0
-809.1126505533854,-2074.8656412760415,1076.8926188151042,0.0
-925.8495076497396,-2097.9287923177085,998.7129109700521,0.0
-879.8826904296875,-2074.8656412760415,1019.885986328125,0.0
-474.9170633951823,-1037.0248616536458,475.63648478190106,0.0
-992.9195353190104,-2097.9287923177085,932.0366414388021,0.0
-946.640380859375,-2074.8656412760415,958.2296752929688,0.0
-1055.1913452148438,-2097.9287923177085,860.8603719075521,0.0
-1009.080322265625,-2074.8656412760415,892.2058715820312,0.0
-537.9494120279948,-1037.0248616536458,403.1059265136719,0.0
-1112.3634033203125,-2097.9287923177085,785.5291341145834,0.0
-1066.9169311523438,-2074.8656412760415,822.1168212890625,0.0
-1164.158935546875,-2097.9287923177085,706.408203125,0.0
-1119.8858642578125,-2074.8656412760415,748.2834065755209,0.0
-1223.4197591145833,-2097.9287923177085,597.9319458007812,0.0
-1262.0124918619792,-2097.9287923177085,511.5983174641927,0.0
-1234.7356770833333,-2074.8656412760415,538.0521850585938,0.0
-634.9217122395834,-1037.0248616536458,220.38590494791666,0.0
-1294.5113525390625,-2097.9287923177085,422.78806559244794,0.0
-1268.2451171875,-2074.8656412760415,453.58803304036456,0.0
-1320.7585042317708,-2097.9287923177085,331.9314270019531,0.0
-1295.9737548828125,-2074.8656412760415,367.05091349283856,0.0
-659.9637044270834,-1037.0248616536458,127.62045033772786,0.0
-1340.6265869140625,-2097.9287923177085,239.4686279296875,0.0
-1317.79443359375,-2074.8656412760415,278.8367156982422,0.0
-1354.0191243489583,-2097.9287923177085,145.84766133626303,0.0
-1333.6071370442708,-2074.8656412760415,189.3490244547526,0.0
-671.4708251953125,-1037.0248616536458,32.21488253275553,0.0
-1360.8711751302083,-2097.9287923177085,51.52218904097875,0.0
-1343.33935546875,-2074.8656412760415,98.9972635904948,0.0
-1361.1495361328125,-2097.9287923177085,-43.050706009070076,0.0
-1346.946533203125,-2074.8656412760415,8.194861312707266,0.0
-1354.8531494140625,-2097.9287923177085,-137.41275024414062,0.0
-1344.4123128255208,-2074.8656412760415,-82.64270655314128,0.0
-667.3393351236979,-1037.0248616536458,-79.08916664123535,0.0
-1342.0126953125,-2097.9287923177085,-231.1067148844401,0.0
-1335.7485758463542,-2074.8656412760415,-173.0998102823893,0.0
-1322.6907145182292,-2097.9287923177085,-323.6786193847656,0.0
-1320.9951578776042,-2074.8656412760415,-262.76259358723956,0.0
-649.371826171875,-1037.0248616536458,-173.4720026652018,0.0
-1287.89013671875,-2097.9287923177085,-442.2866617838542,0.0
-1283.8628336588542,-2074.8656412760415,-406.96970621744794,0.0
-618.0746866861979,-1037.0248616536458,-264.32489013671875,0.0
-1254.1322021484375,-2097.9287923177085,-530.6229654947916,0.0
-1253.55029296875,-2074.8656412760415,-492.629638671875,0.0
-1214.3140462239583,-2097.9287923177085,-616.4014485677084,0.0
-1217.5198974609375,-2074.8656412760415,-576.0495808919271,0.0
-1168.6282552083333,-2097.9287923177085,-699.2063395182291,0.0
-1175.93603515625,-2074.8656412760415,-656.84765625,0.0
-1117.2960205078125,-2097.9287923177085,-778.6362508138021,0.0
-1060.5659586588542,-2097.9287923177085,-854.3061930338541,0.0
-1076.8926188151042,-2074.8656412760415,-809.1126505533854,0.0
-508.32065836588544,-1037.0248616536458,-439.66539510091144,0.0
-998.7129109700521,-2097.9287923177085,-925.8495076497396,0.0
-1019.885986328125,-2074.8656412760415,-879.8826904296875,0.0
-932.0366414388021,-2097.9287923177085,-992.9195353190104,0.0
-958.2296752929688,-2074.8656412760415,-946.640380859375,0.0
-440.50441487630206,-1037.0248616536458,-507.73511759440106,0.0
-860.8603719075521,-2097.9287923177085,-1055.1913452148438,0.0
-892.2058715820312,-2074.8656412760415,-1009.080322265625,0.0
-785.5291341145834,-2097.9287923177085,-1112.3634033203125,0.0
-822.1168212890625,-2074.8656412760415,-1066.9169311523438,0.0
-748.2834065755209,-2074.8656412760415,-1119.8858642578125,0.0
-679.8499959309896,-2025.4447021484375,-1125.315673828125,0.0
-645.5804850260416,-1995.7921549479167,-1123.1780192057292,0.0
-655.5940551757812,-1952.9606119791667,-1085.0018717447917,0.0
-621.1430053710938,-1920.0133056640625,-1080.48876953125,0.0
-631.3380737304688,-1880.4764811197917,-1044.6880900065105,0.0
-596.7055257161459,-1844.2344156901042,-1037.799540201823,0.0
-607.0821329752604,-1807.9923502604167,-1004.3743082682291,0.0
-572.2680867513021,-1768.45556640625,-995.1102498372396,0.0
-582.8261922200521,-1735.5082194010417,-964.0604858398438,0.0
-547.8306070963541,-1692.6766764322917,-952.4209798177084,0.0
-558.5702311197916,-1663.0240885416667,-923.7467041015625,0.0
-523.3931477864584,-1616.8978271484375,-909.7317097981771,0.0
-494.00872802734375,-1471.9296061197917,-817.8268839518229,0.0
-466.49341837565106,-1442.2770182291667,-811.7070719401041,0.0
-469.7527669270833,-1399.4454752604167,-777.5130818684896,0.0
-442.0559488932292,-1366.4981689453125,-769.0178019205729,0.0
-445.49681599934894,-1326.9613444010417,-737.1992797851562,0.0
-417.6184895833333,-1290.7192789713542,-726.3285319010416,0.0
-421.2408752441406,-1254.4772135416667,-696.885498046875,0.0
-393.1810302734375,-1214.9404296875,-683.6392822265625,0.0
-396.98492431640625,-1181.9930826822917,-656.5716959635416,0.0
-368.7435607910156,-1139.1615397135417,-640.9500122070312,0.0
-372.7289733886719,-1109.5089518229167,-616.2579142252604,0.0
579.5959879557291,-2025.4447021484375,1180.0846761067708,0.0
596.3131306966146,-1995.7921549479167,1150.0928955078125,0.0
558.7786458333334,-1952.9606119791667,1137.8923746744792,0.0
573.5949503580729,-1920.0133056640625,1106.4643961588542,0.0
537.9612731933594,-1880.4764811197917,1095.7000732421875,0.0
550.8767801920573,-1844.2344156901042,1062.8358968098958,0.0
517.1439412434896,-1807.9923502604167,1053.5077718098958,0.0
528.1586405436198,-1768.45556640625,1019.2073567708334,0.0
496.3266092936198,-1735.5082194010417,1011.3154296875,0.0
505.4404703776042,-1692.6766764322917,975.5788167317709,0.0
475.5092468261719,-1663.0240885416667,969.1231282552084,0.0
482.72230021158856,-1616.8978271484375,931.9502970377604,0.0
421.26353963216144,-1471.9296061197917,857.5677693684896,0.0
430.98047892252606,-1442.2770182291667,831.1078898111979,0.0
400.4461975097656,-1399.4454752604167,815.3754475911459,0.0
408.26231892903644,-1366.4981689453125,787.4793497721354,0.0
379.6288553873698,-1326.9613444010417,773.1831258138021,0.0
385.5441589355469,-1290.7192789713542,743.850830078125,0.0
358.81151326497394,-1254.4772135416667,730.9908243815104,0.0
362.8259989420573,-1214.9404296875,700.2223103841146,0.0
337.99416097005206,-1181.9930826822917,688.7985026041666,0.0
340.1078287760417,-1139.1615397135417,656.5937906901041,0.0
317.1768086751302,-1109.5089518229167,646.606201171875,0.0
-351.22084554036456,-2074.8656412760415,1300.2200113932292,0.0
-1167.7450358072917,-2074.8656412760415,671.0437215169271,0.0
-1300.2200113932292,-2074.8656412760415,-351.22084554036456,0.0
-634.6708374023438,-2146.6702473958335,-1230.0775553385417,0.001565869206940013
-608.4938151041666,-2172.3485514322915,-1251.601318359375,0.0015658504904280046
-637.6615600585938,-2223.6190592447915,-1236.6721598307292,0.5870461981841321
-604.6272583007812,-2249.2112630208335,-1244.4808756510417,0.5870443004989782
-620.7952677408854,-2291.89501953125,-1204.6357421875,1.5407942954467952
720.8064982096354,-2146.6702473958335,1181.6665852864583,0.0
696.2316487630209,-2172.3485514322915,1205.0029703776042,0.0
724.2600504557291,-2223.6190592447915,1188.0310465494792,0.0
691.8669840494791,-2249.2112630208335,1198.1764729817708,0.0
678.2488606770834,-2291.89501953125,1173.2486979166667,0.5228870565826094
803.2690836588541,-2146.6702473958335,1127.2340494791667,0.0
780.4216512044271,-2172.3485514322915,1152.26416015625,0.0
807.1678670247396,-2223.6190592447915,1133.3359375,5.7935186089933705e-05
775.5811157226562,-2249.2112630208335,1145.7664388020833,5.7934802731656115e-05
761.4713745117188,-2291.89501953125,1121.065673828125,0.5375482793220873
881.6384073893229,-2146.6702473958335,1067.0574137369792,0.0
860.6348063151041,-2172.3485514322915,1093.6536458333333,0.0
885.9625651041666,-2223.6190592447915,1072.8656412760417,0.0007039992455865317
855.3430582682291,-2249.2112630208335,1087.517822265625,0.000704026001606327
840.6952718098959,-2291.89501953125,1062.9873046875,0.5544943803347486
955.5150960286459,-2146.6702473958335,1001.4433186848959,0.0
936.4623616536459,-2172.3485514322915,1029.4701741536458,0.0
960.2425944010416,-2223.6190592447915,1006.9282430013021,0.002228801994182702
930.7463989257812,-2249.2112630208335,1023.7274780273438,0.0022287671352570356
915.5035196940104,-2291.89501953125,999.3188680013021,0.5737294112046859
1024.522725423177,-2146.6702473958335,930.72607421875,0.0
1007.5179443359375,-2172.3485514322915,960.0407307942709,0.0
1029.6294555664062,-2223.6190592447915,935.8597819010416,0.004835196232636624
1001.4068400065104,-2249.2112630208335,954.7204386393229,0.004835192900105167
985.5023396809896,-2291.89501953125,930.3951009114584,0.5952421318826884
1088.3095703125,-2146.6702473958335,855.2660929361979,0.0
1073.4394124348958,-2172.3485514322915,885.7191569010416,0.0
1093.76953125,-2223.6190592447915,860.0223999023438,0.008722912040874923
1066.96435546875,-2249.2112630208335,880.8483683268229,0.008722896200820214
1050.3232421875,-2291.89501953125,856.5785115559896,0.6190178199848907
1146.5506591796875,-2146.6702473958335,775.4478556315104,0.0
1133.890869140625,-2172.3485514322915,806.8841552734375,0.0
1152.3360188802083,-2223.6190592447915,779.8025309244791,0.01408248516320477
1127.0848388671875,-2249.2112630208335,802.4877115885416,0.01408268737747179
1109.6250406901042,-2291.89501953125,778.2573038736979,0.6450268294007132
1198.9491780598958,-2146.6702473958335,691.6781209309896,0.0
1188.5642903645833,-2172.3485514322915,723.9374593098959,0.0
1205.0304361979167,-2223.6190592447915,695.6089680989584,0.02109167760787729
1181.4619547526042,-2249.2112630208335,720.0377400716146,0.02109139588072244
1163.0954996744792,-2291.89501953125,695.8434651692709,0.6732306704319042
1245.2381591796875,-2146.6702473958335,604.3837483723959,0.0
1237.1810709635417,-2172.3485514322915,637.3017374674479,0.0
1251.5843505859375,-2223.6190592447915,607.8707478841146,0.029907685783698408
1229.818603515625,-2249.2112630208335,633.9186401367188,0.029907617235542538
1210.4532063802083,-2291.89501953125,609.7705281575521,0.7035685730063835
1285.1816813151042,-2146.6702473958335,514.0095723470052,0.0
1279.4934895833333,-2172.3485514322915,547.4184875488281,0.0
1291.760498046875,-2223.6190592447915,517.0349629720052,0.040664411159827954
1271.908447265625,-2249.2112630208335,544.5692342122396,0.040664704903421896
1251.448974609375,-2291.89501953125,520.4912821451823,0.7359690095270235
1318.5762125651042,-2146.6702473958335,421.01611328125,0.0
1315.2858479817708,-2172.3485514322915,454.7456970214844,0.0
1325.3540852864583,-2223.6190592447915,423.5644836425781,0.053468308592170846
1307.5169270833333,-2249.2112630208335,452.44483439127606,0.05346858765353254
1285.8669840494792,-2291.89501953125,428.47547403971356,0.7703374036648526
1345.2516276041667,-2146.6702473958335,325.8772684733073,0.0
1344.3758951822917,-2172.3485514322915,359.75563557942706,0.0
1352.1939697265625,-2223.6190592447915,327.93560791015625,0.0683950432592644
1336.4625244140625,-2249.2112630208335,358.01487223307294,0.06839387056948343
1313.5260009765625,-2291.89501953125,334.2072041829427,0.8065609110046901
1365.0718587239583,-2146.6702473958335,229.07781982421875,0.0
1366.615234375,-2172.3485514322915,262.9323476155599,0.0
1372.1434326171875,-2223.6190592447915,230.6356455485026,0.08547961645235681
1358.597900390625,-2249.2112630208335,261.7605387369792,0.08548089880101309
1334.2806396484375,-2291.89501953125,238.18245442708334,0.8445031799861848
1377.93603515625,-2146.6702473958335,131.1110407511393,0.0
1381.890625,-2172.3485514322915,164.76920572916666,0.0
1385.1006673177083,-2223.6190592447915,132.1604232788086,0.1047276822265802
1373.8100992838542,-2249.2112630208335,164.17233530680338,0.10472682121464937
1348.021728515625,-2291.89501953125,140.9064712524414,0.8840100616908843
1383.778564453125,-2146.6702473958335,32.47615393996239,0.0
1390.1242268880208,-2172.3485514322915,65.76644499103229,0.0
1390.9998372395833,-2223.6190592447915,33.01174189647039,0.12609872272882966
1382.0216878255208,-2249.2112630208335,65.74755520621936,0.1260984064762878
1354.6769205729167,-2291.89501953125,42.89108827710152,0.9249031642072264
1382.5697021484375,-2146.6702473958335,-66.32422405481339,0.0
1391.2740885416667,-2172.3485514322915,-33.57144839564959,0.0
1389.810791015625,-2223.6190592447915,-66.30516196290652,0.14951323132746405
1383.1908772786458,-2249.2112630208335,-33.01226272185644,0.14951403672073446
1354.2114664713542,-2291.89501953125,-55.34799787402153,0.9669841496079937
1374.3155924479167,-2146.6702473958335,-164.78663126627603,0.0
1385.3343505859375,-2172.3485514322915,-132.73826853434244,0.0
1381.53955078125,-2223.6190592447915,-165.28418731689453,0.17485416289236508
1377.3116048177083,-2249.2112630208335,-131.6038564046224,0.17485374361491926
1346.6278889973958,-2291.89501953125,-153.2939020792643,1.0100323638358517
1359.0582275390625,-2146.6702473958335,-262.40931701660156,0.0
1372.3352457682292,-2172.3485514322915,-231.2286834716797,0.0
1366.2283121744792,-2223.6190592447915,-263.42095947265625,0.20196092414485692
1364.4138590494792,-2249.2112630208335,-229.5248260498047,0.20196072653567798
1331.9662679036458,-2291.89501953125,-250.4312998453776,1.0538068412715322
1336.8754069010417,-2146.6702473958335,-358.69483439127606,0.0
1352.3429768880208,-2172.3485514322915,-328.5408121744792,0.0
1343.9550374348958,-2223.6190592447915,-360.2154134114583,0.2306345353002495
1344.5633544921875,-2249.2112630208335,-326.2761942545573,0.23063499432096285
1310.3039143880208,-2291.89501953125,-346.24915568033856,1.0980541561662152
1307.8802490234375,-2146.6702473958335,-453.1525166829427,0.0
1325.4595540364583,-2172.3485514322915,-424.17877197265625,0.0
1314.8333333333333,-2223.6190592447915,-455.1742757161458,0.26064162890145287
1317.8612467447917,-2249.2112630208335,-421.3649393717448,0.26064090757320985
1281.755126953125,-2291.89501953125,-440.2433776855469,1.1425003715297737
1272.2203369140625,-2146.6702473958335,-545.3010559082031,0.0
1291.8218587239583,-2172.3485514322915,-517.6552225748698,0.0
1279.0115559895833,-2223.6190592447915,-547.8136800130209,0.2917120755297145
1284.4437255859375,-2249.2112630208335,-514.3064778645834,0.2917134639785962
1246.470458984375,-2291.89501953125,-531.9194742838541,1.1868596141829149
1230.0775553385417,-2146.6702473958335,-634.6708374023438,0.0
1251.601318359375,-2172.3485514322915,-608.4938151041666,0.0
1236.6721598307292,-2223.6190592447915,-637.6615600585938,0.3235516758156427
1244.4808756510417,-2249.2112630208335,-604.6272583007812,0.3235507607685117
1204.6357421875,-2291.89501953125,-620.7952677408854,1.2308371301891545
1181.6665852864583,-2146.6702473958335,-720.8064982096354,0.0
1205.0029703776042,-2172.3485514322915,-696.2316487630209,0.0
1188.0310465494792,-2223.6190592447915,-724.2600504557291,0.35583393908100003
1198.1764729817708,-2249.2112630208335,-691.8669840494791,0.35583415030122223
1173.2486979166667,-2291.89501953125,-678.2488606770834,1.2722430255685417
1127.2340494791667,-2146.6702473958335,-803.2690836588541,0.0
1152.26416015625,-2172.3485514322915,-780.4216512044271,0.0
1133.3359375,-2223.6190592447915,-807.1678670247396,0.3882170854140319
1145.7664388020833,-2249.2112630208335,-775.5811157226562,0.3882170619832631
1121.065673828125,-2291.89501953125,-761.4713745117188,1.3108829025789568
1067.0574137369792,-2146.6702473958335,-881.6384073893229,0.0
1093.6536458333333,-2172.3485514322915,-860.6348063151041,0.0
1072.8656412760417,-2223.6190592447915,-885.9625651041666,0.42034022632201906
1087.517822265625,-2249.2112630208335,-855.3430582682291,0.4203407316996828
1062.9873046875,-2291.89501953125,-840.6952718098959,1.3483755769565626
1001.4433186848959,-2146.6702473958335,-955.5150960286459,0.0
1029.4701741536458,-2172.3485514322915,-936.4623616536459,0.0
1006.9282430013021,-2223.6190592447915,-960.2425944010416,0.4518386359855925
1023.7274780273438,-2249.2112630208335,-930.7463989257812,0.4518382379102388
999.3188680013021,-2291.89501953125,-915.5035196940104,1.3844281061879211
930.72607421875,-2146.6702473958335,-1024.522725423177,0.0
960.0407307942709,-2172.3485514322915,-1007.5179443359375,0.0
935.8597819010416,-2223.6190592447915,-1029.6294555664062,0.4823383698236275
954.7204386393229,-2249.2112630208335,-1001.4068400065104,0.48233834207369336
930.3951009114584,-2291.89501953125,-985.5023396809896,1.4187420701038618
855.2660929361979,-2146.6702473958335,-1088.3095703125,0.0
885.7191569010416,-2172.3485514322915,-1073.4394124348958,0.0
860.0223999023438,-2223.6190592447915,-1093.76953125,0.5114725289420241
880.8483683268229,-2249.2112630208335,-1066.96435546875,0.5114724236583946
856.5785115559896,-2291.89501953125,-1050.3232421875,1.4510336496880474
775.4478556315104,-2146.6702473958335,-1146.5506591796875,5.416218834887486e-05
806.8841552734375,-2172.3485514322915,-1133.890869140625,5.415433915559084e-05
779.8025309244791,-2223.6190592447915,-1152.3360188802083,0.5388796495862463
802.4877115885416,-2249.2112630208335,-1127.0848388671875,0.5388807814084305
778.2573038736979,-2291.89501953125,-1109.6250406901042,1.48102669979317
691.6781209309896,-2146.6702473958335,-1198.9491780598958,0.0005991244587612189
723.9374593098959,-2172.3485514322915,-1188.5642903645833,0.0005991584994608947
695.6089680989584,-2223.6190592447915,-1205.0304361979167,0.5642204081764725
720.0377400716146,-2249.2112630208335,-1181.4619547526042,0.5642190326239042
695.8434651692709,-2291.89501953125,-1163.0954996744792,1.5084649279678022
604.3837483723959,-2146.6702473958335,-1245.2381591796875,0.0015721784477336332
637.3017374674479,-2172.3485514322915,-1237.1810709635417,0.0015721543041817177
607.8707478841146,-2223.6190592447915,-1251.5843505859375,0.5871681596096845
633.9186401367188,-2249.2112630208335,-1229.818603515625,0.5871678603143983
609.7705281575521,-2291.89501953125,-1210.4532063802083,1.5331050857288684
514.0095723470052,-2146.6702473958335,-1285.1816813151042,0.0027879949391430995
547.4184875488281,-2172.3485514322915,-1279.4934895833333,0.002788087130042151
517.0349629720052,-2223.6190592447915,-1291.760498046875,0.6074264360314447
544.5692342122396,-2249.2112630208335,-1271.908447265625,0.6074276039523586
520.4912821451823,-2291.89501953125,-1251.448974609375,1.5547318666629342
421.01611328125,-2146.6702473958335,-1318.5762125651042,0.004078860292396661
454.7456970214844,-2172.3485514322915,-1315.2858479817708,0.004078606778087372
423.5644836425781,-2223.6190592447915,-1325.3540852864583,0.624732902032285
452.44483439127606,-2249.2112630208335,-1307.5169270833333,0.6247339262414017
428.47547403971356,-2291.89501953125,-1285.8669840494792,1.573151874944988
325.8772684733073,-2146.6702473958335,-1345.2516276041667,0.005297012895922906
359.75563557942706,-2172.3485514322915,-1344.3758951822917,0.005297382866366248
327.93560791015625,-2223.6190592447915,-1352.1939697265625,0.638864957413323
358.01487223307294,-2249.2112630208335,-1336.4625244140625,0.638860943384283
334.2072041829427,-2291.89501953125,-1313.5260009765625,1.5882014663028923
229.07781982421875,-2146.6702473958335,-1365.0718587239583,0.006321714409238089
262.9323476155599,-2172.3485514322915,-1366.615234375,0.006321346382714328
230.6356455485026,-2223.6190592447915,-1372.1434326171875,0.6496224389764894
261.7605387369792,-2249.2112630208335,-1358.597900390625,0.6496265646383967
238.18245442708334,-2291.89501953125,-1334.2806396484375,1.5997468621441187
131.1110407511393,-2146.6702473958335,-1377.93603515625,0.007057462422662547
164.76920572916666,-2172.3485514322915,-1381.890625,0.00705775380332978
132.1604232788086,-2223.6190592447915,-1385.1006673177083,0.6568766215874192
164.17233530680338,-2249.2112630208335,-1373.8100992838542,0.6568740027115111
140.9064712524414,-2291.89501953125,-1348.021728515625,1.6076869642046865
32.47615393996239,-2146.6702473958335,-1383.778564453125,0.007441009499586724
65.76644499103229,-2172.3485514322915,-1390.1242268880208,0.007441100641971605
33.01174189647039,-2223.6190592447915,-1390.9998372395833,0.6605226394118833
65.74755520621936,-2249.2112630208335,-1382.0216878255208,0.6605217261456641
42.89108827710152,-2291.89501953125,-1354.6769205729167,1.6119567912108628
-66.32422405481339,-2146.6702473958335,-1382.5697021484375,0.007440242545513014
-33.57144839564959,-2172.3485514322915,-1391.2740885416667,0.007439910245224796
-66.30516196290652,-2223.6190592447915,-1389.810791015625,0.6605101579079997
-33.01226272185644,-2249.2112630208335,-1383.1908772786458,0.6605123725667705
-55.34799787402153,-2291.89501953125,-1354.2114664713542,1.6125242468513699
-164.78663126627603,-2146.6702473958335,-1374.3155924479167,0.007054356546182978
-132.73826853434244,-2172.3485514322915,-1385.3343505859375,0.007054480290932774
-165.28418731689453,-2223.6190592447915,-1381.53955078125,0.6568456644237051
-131.6038564046224,-2249.2112630208335,-1377.3116048177083,0.6568445645514316
-153.2939020792643,-2291.89501953125,-1346.6278889973958,1.609391836890266
-262.40931701660156,-2146.6702473958335,-1359.0582275390625,0.006316336928442514
-231.2286834716797,-2172.3485514322915,-1372.3352457682292,0.006316500756028071
-263.42095947265625,-2223.6190592447915,-1366.2283121744792,0.6495743257186216
-229.5248260498047,-2249.2112630208335,-1364.4138590494792,0.6495738307237539
-250.4312998453776,-2291.89501953125,-1331.9662679036458,1.6025983935776165
-358.69483439127606,-2146.6702473958335,-1336.8754069010417,0.0052909924065652324
-328.5408121744792,-2172.3485514322915,-1352.3429768880208,0.005290616181667611
-360.2154134114583,-2223.6190592447915,-1343.9550374348958,0.6387922592635413
-326.2761942545573,-2249.2112630208335,-1344.5633544921875,0.6387933574010239
-346.24915568033856,-2291.89501953125,-1310.3039143880208,1.5922197405216534
-453.1525166829427,-2146.6702473958335,-1307.8802490234375,0.00407141088074875
-424.17877197265625,-2172.3485514322915,-1325.4595540364583,0.004071694058590965
-455.1742757161458,-2223.6190592447915,-1314.8333333333333,0.6246475969582279
-421.3649393717448,-2249.2112630208335,-1317.8612467447917,0.6246459496122879
-440.2433776855469,-2291.89501953125,-1281.755126953125,1.5783624823941103
-545.3010559082031,-2146.6702473958335,-1272.2203369140625,0.0027808661425854754
-517.6552225748698,-2172.3485514322915,-1291.8218587239583,0.0027807815804308093
-547.8136800130209,-2223.6190592447915,-1279.0115559895833,0.6073196358242015
-514.3064778645834,-2249.2112630208335,-1284.4437255859375,0.607322659719343
-531.9194742838541,-2291.89501953125,-1246.470458984375,1.5611646610048813
696.5321858723959,-2308.986572265625,1138.4025065104167,0.5253578295465701
-581.5946858723959,-2308.986572265625,-1201.1931559244792,1.5429400913149247
778.4103393554688,-2308.986572265625,1084.1046549479167,0.5448304939957296
856.0718994140625,-2308.986572265625,1023.926513671875,0.566419972446419
929.09521484375,-2308.986572265625,958.1942952473959,0.5901139271800333
997.0838419596354,-2308.986572265625,887.2645874023438,0.6158946994435679
1059.6686197916667,-2308.986572265625,811.5221354166666,0.6437290684111503
1116.509765625,-2308.986572265625,731.3778483072916,0.6735738229376108
1167.298583984375,-2308.986572265625,647.2665812174479,0.705363287909108
1211.7594807942708,-2308.986572265625,559.6446838378906,0.7390203938775092
1249.6510823567708,-2308.986572265625,468.98765055338544,0.7744452802818967
1280.7676188151042,-2308.986572265625,375.78745524088544,0.8115193717638409
1304.940185546875,-2308.986572265625,280.5498555501302,0.8501005858744617
1322.0378011067708,-2308.986572265625,183.79169718424478,0.8900307316368453
1331.967529296875,-2308.986572265625,86.03809229532878,0.9311240214132679
1334.6756591796875,-2308.986572265625,-12.180460184812546,0.9731783851887471
1330.1476643880208,-2308.986572265625,-110.33094278971355,1.0159674795308453
1318.4082438151042,-2308.986572265625,-207.88070678710938,1.0592436019096307
1299.5212809244792,-2308.986572265625,-304.30039469401044,1.1027453550488184
1273.5894775390625,-2308.986572265625,-399.0668131510417,1.1461911092541641
1240.7539469401042,-2308.986572265625,-491.66571044921875,1.189284789666256
1201.1931559244792,-2308.986572265625,-581.5946858723959,1.2317186725071798
1138.4025065104167,-2308.986572265625,-696.5321858723959,1.2750602623238327
1084.1046549479167,-2308.986572265625,-778.4103393554688,1.318875471228627
1023.926513671875,-2308.986572265625,-856.0718994140625,1.3609224230068375
958.1942952473959,-2308.986572265625,-929.09521484375,1.4008794988826505
887.2645874023438,-2308.986572265625,-997.0838419596354,1.4384382699665976
811.5221354166666,-2308.986572265625,-1059.6686197916667,1.4732999889197433
731.3778483072916,-2308.986572265625,-1116.509765625,1.5051849736953962
647.2665812174479,-2308.986572265625,-1167.298583984375,1.5338274384393937
559.6446838378906,-2308.986572265625,-1211.7594807942708,1.5589891560973126
468.98765055338544,-2308.986572265625,-1249.6510823567708,1.5804544191409524
375.78745524088544,-2308.986572265625,-1280.7676188151042,1.598036488176213
280.5498555501302,-2308.986572265625,-1304.940185546875,1.6115779816922704
183.79169718424478,-2308.986572265625,-1322.0378011067708,1.6209577379173596
86.03809229532878,-2308.986572265625,-1331.967529296875,1.626083464158898
-12.180460184812546,-2308.986572265625,-1334.6756591796875,1.6269045049584383
-110.33094278971355,-2308.986572265625,-1330.1476643880208,1.6234019475451973
-207.88070678710938,-2308.986572265625,-1318.4082438151042,1.6155933185196933
-304.30039469401044,-2308.986572265625,-1299.5212809244792,1.6035341569737298
-399.0668131510417,-2308.986572265625,-1273.5894775390625,1.587316896208609
-491.66571044921875,-2308.986572265625,-1240.7539469401042,1.5670665111680055
634.6708374023438,-2146.6702473958335,1230.0775553385417,0.0
608.4938151041666,-2172.3485514322915,1251.601318359375,0.0
637.6615600585938,-2223.6190592447915,1236.6721598307292,0.0
604.6272583007812,-2249.2112630208335,1244.4808756510417,0.0
620.7952677408854,-2291.89501953125,1204.6357421875,0.5083677552866982
-720.8064982096354,-2146.6702473958335,-1181.6665852864583,0.0005946706809536722
-696.2316487630209,-2172.3485514322915,-1205.0029703776042,0.0005946901841761726
-724.2600504557291,-2223.6190592447915,-1188.0310465494792,0.5640840885751793
-691.8669840494791,-2249.2112630208335,-1198.1764729817708,0.5640845049192613
-678.2488606770834,-2291.89501953125,-1173.2486979166667,1.5157973278515013
-803.2690836588541,-2146.6702473958335,-1127.2340494791667,5.26578876645075e-05
-780.4216512044271,-2172.3485514322915,-1152.26416015625,5.266065156347313e-05
-807.1678670247396,-2223.6190592447915,-1133.3359375,0.538731878554178
-775.5811157226562,-2249.2112630208335,-1145.7664388020833,0.5387318347522225
-761.4713745117188,-2291.89501953125,-1121.065673828125,1.4863073712327997
-881.6384073893229,-2146.6702473958335,-1067.0574137369792,0.0
-860.6348063151041,-2172.3485514322915,-1093.6536458333333,0.0
-885.9625651041666,-2223.6190592447915,-1072.8656412760417,0.5113121735202327
-855.3430582682291,-2249.2112630208335,-1087.517822265625,0.5113130673492171
-840.6952718098959,-2291.89501953125,-1062.9873046875,1.454183350756169
-955.5150960286459,-2146.6702473958335,-1001.4433186848959,0.0
-936.4623616536459,-2172.3485514322915,-1029.4701741536458,0.0
-960.2425944010416,-2223.6190592447915,-1006.9282430013021,0.4821700509196415
-930.7463989257812,-2249.2112630208335,-1023.7274780273438,0.48216938659426684
-915.5035196940104,-2291.89501953125,-999.3188680013021,1.419679974320844
-1024.522725423177,-2146.6702473958335,-930.72607421875,0.0
-1007.5179443359375,-2172.3485514322915,-960.0407307942709,0.0
-1029.6294555664062,-2223.6190592447915,-935.8597819010416,0.45166358568493553
-1001.4068400065104,-2249.2112630208335,-954.7204386393229,0.45166354211134024
-985.5023396809896,-2291.89501953125,-930.3951009114584,1.3830687891791447
-1088.3095703125,-2146.6702473958335,-855.2660929361979,0.0
-1073.4394124348958,-2172.3485514322915,-885.7191569010416,0.0
-1093.76953125,-2223.6190592447915,-860.0223999023438,0.4201612716783421
-1066.96435546875,-2249.2112630208335,-880.8483683268229,0.4201611165935239
-1050.3232421875,-2291.89501953125,-856.5785115559896,1.3446350653436216
-1146.5506591796875,-2146.6702473958335,-775.4478556315104,0.0
-1133.890869140625,-2172.3485514322915,-806.8841552734375,0.0
-1152.3360188802083,-2223.6190592447915,-779.8025309244791,0.3880332654550539
-1127.0848388671875,-2249.2112630208335,-802.4877115885416,0.38803482455860194
-1109.6250406901042,-2291.89501953125,-778.2573038736979,1.3046753772332111
-1198.9491780598958,-2146.6702473958335,-691.6781209309896,0.0
-1188.5642903645833,-2172.3485514322915,-723.9374593098959,0.0
-1205.0304361979167,-2223.6190592447915,-695.6089680989584,0.35565162097137487
-1181.4619547526042,-2249.2112630208335,-720.0377400716146,0.3556498547405456
-1163.0954996744792,-2291.89501953125,-695.8434651692709,1.2634919239611657
-1245.2381591796875,-2146.6702473958335,-604.3837483723959,0.0
-1237.1810709635417,-2172.3485514322915,-637.3017374674479,0.0
-1251.5843505859375,-2223.6190592447915,-607.8707478841146,0.32337103523125066
-1229.818603515625,-2249.2112630208335,-633.9186401367188,0.3233706782289608
-1210.4532063802083,-2291.89501953125,-609.7705281575521,1.221390070779845
-1285.1816813151042,-2146.6702473958335,-514.0095723470052,0.0
-1279.4934895833333,-2172.3485514322915,-547.4184875488281,0.0
-1291.760498046875,-2223.6190592447915,-517.0349629720052,0.29153464651403094
-1271.908447265625,-2249.2112630208335,-544.5692342122396,0.2915359360921124
-1251.448974609375,-2291.89501953125,-520.4912821451823,1.1786737328661334
-1318.5762125651042,-2146.6702473958335,-421.01611328125,0.0
-1315.2858479817708,-2172.3485514322915,-454.7456970214844,0.0
-1325.3540852864583,-2223.6190592447915,-423.5644836425781,0.2604671557712274
-1307.5169270833333,-2249.2112630208335,-452.44483439127606,0.26046819874529636
-1285.8669840494792,-2291.89501953125,-428.47547403971356,1.1356396484341789
-1345.2516276041667,-2146.6702473958335,-325.8772684733073,0.0
-1344.3758951822917,-2172.3485514322915,-359.75563557942706,0.0
-1352.1939697265625,-2223.6190592447915,-327.93560791015625,0.23047066682158834
-1336.4625244140625,-2249.2112630208335,-358.01487223307294,0.23046691177592593
-1313.5260009765625,-2291.89501953125,-334.2072041829427,1.0925796480868697
-1365.0718587239583,-2146.6702473958335,-229.07781982421875,0.0
-1366.615234375,-2172.3485514322915,-262.9323476155599,0.0
-1372.1434326171875,-2223.6190592447915,-230.6356455485026,0.20180137380096413
-1358.597900390625,-2249.2112630208335,-261.7605387369792,0.2018049045175062
-1334.2806396484375,-2291.89501953125,-238.18245442708334,1.0497758960079389
-1377.93603515625,-2146.6702473958335,-131.1110407511393,0.0
-1381.890625,-2172.3485514322915,-164.76920572916666,0.0
-1385.1006673177083,-2223.6190592447915,-132.1604232788086,0.17470658117033513
-1373.8100992838542,-2249.2112630208335,-164.17233530680338,0.17470454008084682
-1348.021728515625,-2291.89501953125,-140.9064712524414,1.0074876387725225
-1383.778564453125,-2146.6702473958335,-32.47615393996239,0.0
-1390.1242268880208,-2172.3485514322915,-65.76644499103229,0.0
-1390.9998372395833,-2223.6190592447915,-33.01174189647039,0.14937699078216488
-1382.0216878255208,-2249.2112630208335,-65.74755520621936,0.14937634573750305
-1354.6769205729167,-2291.89501953125,-42.89108827710152,0.9659722617250038
-1382.5697021484375,-2146.6702473958335,66.32422405481339,0.0
-1391.2740885416667,-2172.3485514322915,33.57144839564959,0.0
-1389.810791015625,-2223.6190592447915,66.30516196290652,0.12597147943020373
-1383.1908772786458,-2249.2112630208335,33.01226272185644,0.12597288930286824
-1354.2114664713542,-2291.89501953125,55.34799787402153,0.9254578752238762
-1374.3155924479167,-2146.6702473958335,164.78663126627603,0.0
-1385.3343505859375,-2172.3485514322915,132.73826853434244,0.0
-1381.53955078125,-2223.6190592447915,165.28418731689453,0.1046133150965091
-1377.3116048177083,-2249.2112630208335,131.6038564046224,0.10461268784581822
-1346.6278889973958,-2291.89501953125,153.2939020792643,0.8861543114670437
-1359.0582275390625,-2146.6702473958335,262.40931701660156,0.0
-1372.3352457682292,-2172.3485514322915,231.2286834716797,0.0
-1366.2283121744792,-2223.6190592447915,263.42095947265625,0.0853782207848258
-1364.4138590494792,-2249.2112630208335,229.5248260498047,0.08537796965735292
-1331.9662679036458,-2291.89501953125,250.4312998453776,0.8482537765780492
-1336.8754069010417,-2146.6702473958335,358.69483439127606,0.0
-1352.3429768880208,-2172.3485514322915,328.5408121744792,0.0
-1343.9550374348958,-2223.6190592447915,360.2154134114583,0.06830405542449801
-1344.5633544921875,-2249.2112630208335,326.2761942545573,0.06830454703186503
-1310.3039143880208,-2291.89501953125,346.24915568033856,0.8119287511383311
-1307.8802490234375,-2146.6702473958335,453.1525166829427,0.0
-1325.4595540364583,-2172.3485514322915,424.17877197265625,0.0
-1314.8333333333333,-2223.6190592447915,455.1742757161458,0.05339151873565467
-1317.8612467447917,-2249.2112630208335,421.3649393717448,0.05339087421509059
-1281.755126953125,-2291.89501953125,440.2433776855469,0.7773273893063377
-1272.2203369140625,-2146.6702473958335,545.3010559082031,0.0
-1291.8218587239583,-2172.3485514322915,517.6552225748698,0.0
-1279.0115559895833,-2223.6190592447915,547.8136800130209,0.04059788845064177
-1284.4437255859375,-2249.2112630208335,514.3064778645834,0.04059891042403171
-1246.470458984375,-2291.89501953125,531.9194742838541,0.7445758729567661
-1230.0775553385417,-2146.6702473958335,634.6708374023438,0.0
-1251.601318359375,-2172.3485514322915,608.4938151041666,0.0
-1236.6721598307292,-2223.6190592447915,637.6615600585938,0.029852736819000723
-1244.4808756510417,-2249.2112630208335,604.6272583007812,0.029852190789000466
-1204.6357421875,-2291.89501953125,620.7952677408854,0.7137807944967015
-1181.6665852864583,-2146.6702473958335,720.8064982096354,0.0
-1205.0029703776042,-2172.3485514322915,696.2316487630209,0.0
-1188.0310465494792,-2223.6190592447915,724.2600504557291,0.021047282504576086
-1198.1764729817708,-2249.2112630208335,691.8669840494791,0.021047382615557914
-1173.2486979166667,-2291.89501953125,678.2488606770834,0.6828526704854457
-1127.2340494791667,-2146.6702473958335,803.2690836588541,0.0
-1152.26416015625,-2172.3485514322915,780.4216512044271,0.0
-1133.3359375,-2223.6190592447915,807.1678670247396,0.014048032078548453
-1145.7664388020833,-2249.2112630208335,775.5811157226562,0.014048023492956445
-1121.065673828125,-2291.89501953125,761.4713745117188,0.6518640096783459
-1067.0574137369792,-2146.6702473958335,881.6384073893229,0.0
-1093.6536458333333,-2172.3485514322915,860.6348063151041,0.0
-1072.8656412760417,-2223.6190592447915,885.9625651041666,0.008696949183041603
-1087.517822265625,-2249.2112630208335,855.3430582682291,0.008697087102099956
-1062.9873046875,-2291.89501953125,840.6952718098959,0.6230628292404604
-1001.4433186848959,-2146.6702473958335,955.5150960286459,0.0
-1029.4701741536458,-2172.3485514322915,936.4623616536459,0.0
-1006.9282430013021,-2223.6190592447915,960.2425944010416,0.004817111107841245
-1023.7274780273438,-2249.2112630208335,930.7463989257812,0.0048170345620238255
-999.3188680013021,-2291.89501953125,915.5035196940104,0.5965018016306084
-930.72607421875,-2146.6702473958335,1024.522725423177,0.0
-960.0407307942709,-2172.3485514322915,1007.5179443359375,0.0
-935.8597819010416,-2223.6190592447915,1029.6294555664062,0.0022173685012750696
-954.7204386393229,-2249.2112630208335,1001.4068400065104,0.002217365072959123
-930.3951009114584,-2291.89501953125,985.5023396809896,0.5722154227322072
-855.2660929361979,-2146.6702473958335,1088.3095703125,0.0
-885.7191569010416,-2172.3485514322915,1073.4394124348958,0.0
-860.0223999023438,-2223.6190592447915,1093.76953125,0.0006981187384152136
-880.8483683268229,-2249.2112630208335,1066.96435546875,0.0006981118253686138
-856.5785115559896,-2291.89501953125,1050.3232421875,0.5502261146016583
-775.4478556315104,-2146.6702473958335,1146.5506591796875,0.0
-806.8841552734375,-2172.3485514322915,1133.890869140625,0.0
-779.8025309244791,-2223.6190592447915,1152.3360188802083,5.637883087900208e-05
-802.4877115885416,-2249.2112630208335,1127.0848388671875,5.639884355343708e-05
-778.2573038736979,-2291.89501953125,1109.6250406901042,0.5305448435456078
-691.6781209309896,-2146.6702473958335,1198.9491780598958,0.0
-723.9374593098959,-2172.3485514322915,1188.5642903645833,0.0
-695.6089680989584,-2223.6190592447915,1205.0304361979167,0.0
-720.0377400716146,-2249.2112630208335,1181.4619547526042,0.0
-695.8434651692709,-2291.89501953125,1163.0954996744792,0.5131746790543565
-604.3837483723959,-2146.6702473958335,1245.2381591796875,0.0
-637.3017374674479,-2172.3485514322915,1237.1810709635417,0.0
-607.8707478841146,-2223.6190592447915,1251.5843505859375,0.0
-633.9186401367188,-2249.2112630208335,1229.818603515625,0.0
-609.7705281575521,-2291.89501953125,1210.4532063802083,0.4981097624145703
-514.0095723470052,-2146.6702473958335,1285.1816813151042,0.0
-547.4184875488281,-2172.3485514322915,1279.4934895833333,0.0
-517.0349629720052,-2223.6190592447915,1291.760498046875,0.0
-544.5692342122396,-2249.2112630208335,1271.908447265625,0.0
-520.4912821451823,-2291.89501953125,1251.448974609375,0.48534198316662874
-421.01611328125,-2146.6702473958335,1318.5762125651042,0.0
-454.7456970214844,-2172.3485514322915,1315.2858479817708,0.0
-423.5644836425781,-2223.6190592447915,1325.3540852864583,0.0
-452.44483439127606,-2249.2112630208335,1307.5169270833333,0.0
-428.47547403971356,-2291.89501953125,1285.8669840494792,0.47485757715814925
-325.8772684733073,-2146.6702473958335,1345.2516276041667,0.0
-359.75563557942706,-2172.3485514322915,1344.3758951822917,0.0
-327.93560791015625,-2223.6190592447915,1352.1939697265625,0.0
-358.01487223307294,-2249.2112630208335,1336.4625244140625,0.0
-334.2072041829427,-2291.89501953125,1313.5260009765625,0.46664481397982305
-229.07781982421875,-2146.6702473958335,1365.0718587239583,0.0
-262.9323476155599,-2172.3485514322915,1366.615234375,0.0
-230.6356455485026,-2223.6190592447915,1372.1434326171875,0.0
-261.7605387369792,-2249.2112630208335,1358.597900390625,0.0
-238.18245442708334,-2291.89501953125,1334.2806396484375,0.46069241567083546
-131.1110407511393,-2146.6702473958335,1377.93603515625,0.0
-164.76920572916666,-2172.3485514322915,1381.890625,0.0
-132.1604232788086,-2223.6190592447915,1385.1006673177083,0.0
-164.17233530680338,-2249.2112630208335,1373.8100992838542,0.0
-140.9064712524414,-2291.89501953125,1348.021728515625,0.45698812397566985
-32.47615393996239,-2146.6702473958335,1383.778564453125,0.0
-65.76644499103229,-2172.3485514322915,1390.1242268880208,0.0
-33.01174189647039,-2223.6190592447915,1390.9998372395833,0.0
-65.74755520621936,-2249.2112630208335,1382.0216878255208,0.0
-42.89108827710152,-2291.89501953125,1354.6769205729167,0.45552933646882715
66.32422405481339,-2146.6702473958335,1382.5697021484375,0.0
33.57144839564959,-2172.3485514322915,1391.2740885416667,0.0
66.30516196290652,-2223.6190592447915,1389.810791015625,0.0
33.01226272185644,-2249.2112630208335,1383.1908772786458,0.0
55.34799787402153,-2291.89501953125,1354.2114664713542,0.45631197236121623
164.78663126627603,-2146.6702473958335,1374.3155924479167,0.0
132.73826853434244,-2172.3485514322915,1385.3343505859375,0.0
165.28418731689453,-2223.6190592447915,1381.53955078125,0.0
131.6038564046224,-2249.2112630208335,1377.3116048177083,0.0
153.2939020792643,-2291.89501953125,1346.6278889973958,0.4593359506506206
262.40931701660156,-2146.6702473958335,1359.0582275390625,0.0
231.2286834716797,-2172.3485514322915,1372.3352457682292,0.0
263.42095947265625,-2223.6190592447915,1366.2283121744792,0.0
229.5248260498047,-2249.2112630208335,1364.4138590494792,0.0
250.4312998453776,-2291.89501953125,1331.9662679036458,0.4646059987494346
358.69483439127606,-2146.6702473958335,1336.8754069010417,0.0
328.5408121744792,-2172.3485514322915,1352.3429768880208,0.0
360.2154134114583,-2223.6190592447915,1343.9550374348958,0.0
326.2761942545573,-2249.2112630208335,1344.5633544921875,0.0
346.24915568033856,-2291.89501953125,1310.3039143880208,0.4721335996726916
453.1525166829427,-2146.6702473958335,1307.8802490234375,0.0
424.17877197265625,-2172.3485514322915,1325.4595540364583,0.0
455.1742757161458,-2223.6190592447915,1314.8333333333333,0.0
421.3649393717448,-2249.2112630208335,1317.8612467447917,0.0
440.2433776855469,-2291.89501953125,1281.755126953125,0.48192869031177277
545.3010559082031,-2146.6702473958335,1272.2203369140625,0.0
517.6552225748698,-2172.3485514322915,1291.8218587239583,0.0
547.8136800130209,-2223.6190592447915,1279.0115559895833,0.0
514.3064778645834,-2249.2112630208335,1284.4437255859375,0.0
531.9194742838541,-2291.89501953125,1246.470458984375,0.49400264432152413
-696.5321858723959,-2308.986572265625,-1138.4025065104167,1.5167803381833678
581.5946858723959,-2308.986572265625,1201.1931559244792,0.5101397915390935
-778.4103393554688,-2308.986572265625,-1084.1046549479167,1.48890040377563
-856.0718994140625,-2308.986572265625,-1023.926513671875,1.4579415564419265
-929.09521484375,-2308.986572265625,-958.1942952473959,1.4241849988813624
-997.0838419596354,-2308.986572265625,-887.2645874023438,1.3879307131334335
-1059.6686197916667,-2308.986572265625,-811.5221354166666,1.3494873159708642
-1116.509765625,-2308.986572265625,-731.3778483072916,1.3091741606706568
-1167.298583984375,-2308.986572265625,-647.2665812174479,1.2673120371701072
-1211.7594807942708,-2308.986572265625,-559.6446838378906,1.2242251550592413
-1249.6510823567708,-2308.986572265625,-468.98765055338544,1.1802330849295897
-1280.7676188151042,-2308.986572265625,-375.78745524088544,1.1356475781987114
-1304.940185546875,-2308.986572265625,-280.5498555501302,1.0907743908424445
-1322.0378011067708,-2308.986572265625,-183.79169718424478,1.0459085503217893
-1331.967529296875,-2308.986572265625,-86.03809229532878,1.001321853943916
-1334.6756591796875,-2308.986572265625,12.180460184812546,0.9572834838324559
-1330.1476643880208,-2308.986572265625,110.33094278971355,0.914033390984617
-1318.4082438151042,-2308.986572265625,207.88070678710938,0.8717933730979062
-1299.5212809244792,-2308.986572265625,304.30039469401044,0.8307655350289889
-1273.5894775390625,-2308.986572265625,399.0668131510417,0.7911342546718587
-1240.7539469401042,-2308.986572265625,491.66571044921875,0.753057483853454
-1201.1931559244792,-2308.986572265625,581.5946858723959,0.7166704173625269
-1138.4025065104167,-2308.986572265625,696.5321858723959,0.6842704627056564
-1084.1046549479167,-2308.986572265625,778.4103393554688,0.6559515673249017
-1023.926513671875,-2308.986572265625,856.0718994140625,0.6296033487752984
-958.1942952473959,-2308.986572265625,929.09521484375,0.6052737312355746
-887.2645874023438,-2308.986572265625,997.0838419596354,0.5830012708424963
-811.5221354166666,-2308.986572265625,1059.6686197916667,0.5628089622439029
-731.3778483072916,-2308.986572265625,1116.509765625,0.5447135504313957
-647.2665812174479,-2308.986572265625,1167.298583984375,0.5287191437807534
-559.6446838378906,-2308.986572265625,1211.7594807942708,0.5148280154334791
-468.98765055338544,-2308.986572265625,1249.6510823567708,0.50303528260561
-375.78745524088544,-2308.986572265625,1280.7676188151042,0.493333012073472
-280.5498555501302,-2308.986572265625,1304.940185546875,0.48571286309504513
-183.79169718424478,-2308.986572265625,1322.0378011067708,0.4801696135077748
-86.03809229532878,-2308.986572265625,1331.967529296875,0.476691664929992
12.180460184812546,-2308.986572265625,1334.6756591796875,0.4752792841968589
110.33094278971355,-2308.986572265625,1330.1476643880208,0.47592770950740076
207.88070678710938,-2308.986572265625,1318.4082438151042,0.4786349049888466
304.30039469401044,-2308.986572265625,1299.5212809244792,0.4834044618814088
399.0668131510417,-2308.986572265625,1273.5894775390625,0.49024192302747965
491.66571044921875,-2308.986572265625,1240.7539469401042,0.49915203049242923
-59.13094965616862,-2591.2294921875,-114.20017496744792,1.6556188266152596
-75.37940216064453,-2589.844482421875,-141.95498911539713,1.6556187761538341
-103.63816833496094,-2586.15234375,-199.63909403483072,1.68049990208877
-120.70360819498698,-2583.84521484375,-226.90324910481772,1.680499969210212
-148.05992126464844,-2578.310791015625,-284.91338602701825,1.7027736056472953
-165.92827351888022,-2575.08349609375,-311.6644032796224,1.7027734995361459
-192.35957845052084,-2567.7113444010415,-369.9527180989583,1.7223687061748
-211.01611328125,-2563.5664876302085,-396.1685282389323,1.722368809764937
-236.5006103515625,-2554.3627115885415,-454.6869710286458,1.7392181612794422
-255.92993672688803,-2549.3037923177085,-480.34596761067706,1.7392180642066166
-280.4466044108073,-2538.2759602864585,-539.0462544759115,1.7532692421299267
-300.63270060221356,-2532.3070475260415,-564.1272684733073,1.753269514336733
-324.1613260904948,-2519.4642740885415,-622.9610188802084,1.7644728521611848
-345.08754475911456,-2512.5904134114585,-647.4433797200521,1.764472592809146
-367.6087239583333,-2497.943359375,-706.362060546875,1.7727935436658115
-389.2578125,-2490.170166015625,-730.2255655924479,1.7727936731071208
-410.7529805501302,-2473.7307942708335,-789.1806030273438,1.7782044288295316
-433.1070861816406,-2465.0646158854165,-812.4055786132812,1.7782044012760307
-453.5585123697917,-2446.8465169270835,-871.3483479817709,1.7806863444400436
-476.5991923014323,-2437.2945963541665,-893.9156494140625,1.7806863372442345
-495.99000040690106,-2417.3128255208335,-952.7975260416666,1.7802318771380299
-519.6982625325521,-2406.8829752604165,-974.6885172526041,1.7802320946728516
-538.0124918619791,-2385.1538899739585,-1033.4609781901042,1.7768423264723625
-562.3687947591146,-2373.8546549479165,-1054.6576538085938,1.7768419651541116
-591.0808512369791,-2350.3963216145835,-1107.2147623697917,1.7705294182554694
593.3748372395834,-2373.8546549479165,1037.5296223958333,1.098094555896066
568.401123046875,-2385.1538899739585,1017.0640258789062,1.098094639079225
548.3533121744791,-2406.8829752604165,958.8600870768229,1.1472659922396893
524.0067545572916,-2417.3128255208335,937.6812540690104,1.1472659506599179
502.87957763671875,-2437.2945963541665,879.3998413085938,1.1955789427788401
479.18027750651044,-2446.8465169270835,857.5252278645834,1.1955789433194128
456.9911600748698,-2465.0646158854165,799.2143961588541,1.2428731867935143
433.9586486816406,-2473.7307942708335,776.6620483398438,1.242873169652502
410.7258809407552,-2490.170166015625,718.3698933919271,1.289001118702367
388.379150390625,-2497.943359375,695.1583862304688,1.2890010863725836
364.1218973795573,-2512.5904134114585,636.9329630533854,1.3338026184151048
342.47938028971356,-2519.4642740885415,613.0814615885416,1.3338026735939463
317.21764119466144,-2532.3070475260415,554.9707946777344,1.3771307937779147
296.29718017578125,-2538.2759602864585,530.4989624023438,1.3771307884081876
270.0517883300781,-2549.3037923177085,472.55096435546875,1.4188501950309005
249.87064107259116,-2554.3627115885415,447.47898356119794,1.418850147294525
222.66323852539062,-2563.5664876302085,389.74144490559894,1.4588133727468535
203.238037109375,-2567.7113444010415,364.08998616536456,1.4588133911352645
175.09105936686197,-2575.08349609375,306.6105194091797,1.4968963872739178
156.43783060709634,-2578.310791015625,280.40074666341144,1.4968964374381544
127.37449645996094,-2583.84521484375,223.22675577799478,1.532967846183754
109.50862630208333,-2586.15234375,196.48027547200522,1.5329678009969152
79.55289713541667,-2589.844482421875,139.65890502929688,1.5669128441322517
62.489112854003906,-2591.2294921875,112.39777374267578,1.5669128543128605
623.8597005208334,-2373.8546549479165,1019.4902954101562,1.1031981400209225
598.2904866536459,-2385.1538899739585,999.7737426757812,1.1031980575975584
576.5267130533854,-2406.8829752604165,942.189453125,1.1520806720171703
551.5632527669271,-2417.3128255208335,921.7413940429688,1.1520806911903971
528.7182820638021,-2437.2945963541665,864.1116333007812,1.2000795328487077
504.38116455078125,-2446.8465169270835,842.9489135742188,1.200079533029888
480.4738464355469,-2465.0646158854165,785.3212280273438,1.2470361184773866
456.78314208984375,-2473.7307942708335,763.4613240559896,1.2470361381205963
431.83319091796875,-2490.170166015625,705.8832397460938,1.2928034374689656
408.8084411621094,-2497.943359375,683.3441569010416,1.292803393089212
382.83642578125,-2512.5904134114585,625.8631184895834,1.33722278107827
360.4966125488281,-2519.4642740885415,602.6634318033854,1.3372228250041651
333.5239562988281,-2532.3070475260415,545.3268636067709,1.3801480989076547
311.8875020345052,-2538.2759602864585,521.4857279459635,1.3801480300829143
283.9364420572917,-2549.3037923177085,464.3409118652344,1.421445708415541
263.0211893717448,-2554.3627115885415,439.8779805501302,1.4214457850459643
234.11478169759116,-2563.5664876302085,382.97203572591144,1.4609696139936064
213.93797810872397,-2567.7113444010415,357.90748087565106,1.4609696306578168
184.10005696614584,-2575.08349609375,301.28733825683594,1.4985968944531465
164.67833964029947,-2578.310791015625,275.64183553059894,1.498596814489714
133.93351236979166,-2583.84521484375,219.35419209798178,1.5341978608254854
115.28289794921875,-2586.15234375,193.14888509114584,1.5341978984933409
83.65651957194011,-2589.844482421875,137.2401555379232,1.5676593702339088
65.79238891601562,-2591.2294921875,110.4966557820638,1.5676593742025857
653.7966105143229,-2373.8546549479165,1000.5555419921875,1.1085704319734497
627.6543579101562,-2385.1538899739585,981.6053466796875,1.1085704724454368
604.1937255859375,-2406.8829752604165,924.6912841796875,1.1571472586415572
578.6352945963541,-2417.3128255208335,904.991943359375,1.1571472642038663
554.0925903320312,-2437.2945963541665,848.0644938151041,1.2048150151087247
529.1390380859375,-2446.8465169270835,827.6322428385416,1.204815018182407
503.5345153808594,-2465.0646158854165,770.7383219401041,1.2514153654425444
479.20644124348956,-2473.7307942708335,749.5900268554688,1.251415393585105
452.56121826171875,-2490.170166015625,692.7765706380209,1.2968024480011864
428.87867228190106,-2497.943359375,670.9296875,1.2968024889058793
401.21471150716144,-2512.5904134114585,614.2435302734375,1.3408191825354783
378.1972147623698,-2519.4642740885415,591.7160441080729,1.3408191824167188
349.53733317057294,-2532.3070475260415,535.2039388020834,1.3833203291903384
327.2038879394531,-2538.2759602864585,512.0144449869791,1.3833203019634905
297.57171630859375,-2549.3037923177085,455.72300211588544,1.424174121522436
275.9407246907552,-2554.3627115885415,431.89060465494794,1.4241741826558456
245.3606974283854,-2563.5664876302085,375.8662414550781,1.4632356148805843
224.45000712076822,-2567.7113444010415,351.4106038411458,1.4632355243949577
192.94734700520834,-2575.08349609375,295.69952392578125,1.5003836040570004
172.77420043945312,-2578.310791015625,270.64081319173175,1.5003836663432446
140.37488810221353,-2583.84521484375,215.2889658610026,1.5354902260555952
120.95591735839844,-2586.15234375,189.6478474934896,1.5354901473214557
87.68666330973308,-2589.844482421875,134.70086415608725,1.5684434753699936
69.03787994384766,-2591.2294921875,108.49847920735677,1.5684435269047756
683.1592610677084,-2373.8546549479165,980.741943359375,1.1142085493346991
656.4669392903646,-2385.1538899739585,962.5747680664062,1.1142085628849527
631.3300577799479,-2406.8829752604165,906.3809204101562,1.1624640206091752
605.1990966796875,-2417.3128255208335,887.4476318359375,1.1624640213025164
578.9802449544271,-2437.2945963541665,831.2724405924479,1.2097830177441422
553.4321695963541,-2446.8465169270835,811.5886433919271,1.209783005555693
526.1529337565104,-2465.0646158854165,755.4784342447916,1.2560085203339741
501.2088317871094,-2473.7307942708335,735.0603637695312,1.2560085401399077
472.89174397786456,-2490.170166015625,679.0614217122396,1.300995821397515
448.57220458984375,-2497.943359375,657.9259236653646,1.3009958330999258
419.24059041341144,-2512.5904134114585,602.0844319661459,1.3445892882889512
395.5656433105469,-2519.4642740885415,580.2489217122396,1.344589273418136
365.2437032063802,-2532.3070475260415,524.6109313964844,1.3866452037884656
342.23288981119794,-2538.2759602864585,502.0934346516927,1.386645165554061
310.9456278483073,-2549.3037923177085,446.70482381184894,1.4270331199356914
288.61789957682294,-2554.3627115885415,423.5238850911458,1.4270330733421257
256.39111328125,-2563.5664876302085,368.43031819661456,1.4656096019255378
234.76490275065103,-2567.7113444010415,344.6050720214844,1.465609616804994
201.62517801920572,-2575.08349609375,289.85199483235675,1.5022553050129086
180.71831258138022,-2578.310791015625,265.40208435058594,1.502255275866434
146.6929677327474,-2583.84521484375,211.0346425374349,1.536843638734856
126.52268981933594,-2586.15234375,185.98023478190103,1.5368437210656096
91.63978703816731,-2589.844482421875,132.04326375325522,1.56926465555546
72.22273127237956,-2591.2294921875,106.40501149495442,1.5692646020793128
711.921875,-2373.8546549479165,960.0669555664062,1.1201094567472294
684.7029215494791,-2385.1538899739585,942.69873046875,1.1201094533977496
657.9118855794271,-2406.8829752604165,887.2744547526041,1.1680270228226746
631.2313435872396,-2417.3128255208335,869.1238199869791,1.1680270223486773
603.3593343098959,-2437.2945963541665,813.7502644856771,1.2149797823685087
577.2391967773438,-2446.8465169270835,794.8321736653646,1.2149797915005052
548.3092041015625,-2465.0646158854165,739.5549926757812,1.2608121410715656
522.7710164388021,-2473.7307942708335,719.8850504557291,1.2608121292483931
492.8069152832031,-2490.170166015625,664.7498575846354,1.305380233616753
467.8717447916667,-2497.943359375,644.3442993164062,1.3053801382733556
436.8982442220052,-2512.5904134114585,589.3965454101562,1.348530301448493
412.5866292317708,-2519.4642740885415,568.2721761067709,1.3485302850592193
380.62926228841144,-2532.3070475260415,513.5571695963541,1.3901202351922444
356.96128336588544,-2538.2759602864585,491.73143513997394,1.3901203801536905
324.0464172363281,-2549.3037923177085,437.29430135091144,1.4300207958893667
301.0415751139323,-2554.3627115885415,414.7851867675781,1.430020722517756
267.1963348388672,-2563.5664876302085,360.6708068847656,1.4680900730460764
244.87360127766928,-2567.7113444010415,337.4968770345052,1.4680900709214433
210.12591044108072,-2575.08349609375,283.7498830159505,1.5042104683951574
188.50369771321616,-2578.310791015625,259.9302469889323,1.5042105391372047
152.882204691569,-2583.84521484375,206.59496561686197,1.5382572865106197
131.97834014892578,-2586.15234375,182.1492716471354,1.5382572611808043
95.51242192586263,-2589.844482421875,129.26968129475912,1.5701220450690443
75.34414672851562,-2591.2294921875,104.21808115641277,1.5701220794244073
78.39938735961914,-2591.2294921875,101.93961334228516,1.5710150472206073
99.30116780598958,-2589.844482421875,126.38255818684895,1.571015063774921
137.3180669148763,-2586.15234375,178.15832010904947,1.5397298059982762
158.9371592203776,-2583.84521484375,201.97382609049478,1.5397297808988177
196.1235097249349,-2578.310791015625,254.23010762532553,1.5062476102581277
218.44208272298178,-2575.08349609375,277.39853922526044,1.506247680934966
254.76721700032553,-2567.7113444010415,330.0922444661458,1.470675161399318
277.76686604817706,-2563.5664876302085,352.59449259440106,1.470675127950105
313.20082600911456,-2554.3627115885415,405.6821695963542,1.4331349496716885
336.8625895182292,-2549.3037923177085,427.4996846516927,1.433134846546232
371.37615966796875,-2538.2759602864585,480.9375508626302,1.393743407910163
395.68052164713544,-2532.3070475260415,502.0523376464844,1.3937434263327353
429.2452392578125,-2519.4642740885415,555.7963256835938,1.3526403419499868
454.1721598307292,-2512.5904134114585,576.1909586588541,1.352640458321889
486.7603352864583,-2497.943359375,630.1967366536459,1.3099535474643473
512.2892354329427,-2490.170166015625,649.8544108072916,1.3099534545291205
543.8740030924479,-2473.7307942708335,704.0774739583334,1.2658233425210632
569.9838663736979,-2465.0646158854165,722.9819946289062,1.2658233398837933
600.5392049153646,-2446.8465169270835,777.3776041666666,1.2204025441275006
627.2084757486979,-2437.2945963541665,795.5133463541666,1.2204026099797403
656.7091471354166,-2417.3128255208335,850.0366414388021,1.1738336779625411
683.9158325195312,-2406.8829752604165,867.388671875,1.173833649373051
712.3375244140625,-2385.1538899739585,921.9947102864584,1.1262703374481728
740.0592041015625,-2373.8546549479165,938.5487263997396,1.1262703378928989
767.8712972005209,-2350.3963216145835,992.8186848958334,1.0780566654512456
81.38576761881511,-2591.2294921875,99.57160949707031,1.5719428307731302
103.00269571940105,-2589.844482421875,123.38442993164062,1.5719428510664677
142.5371882120768,-2586.15234375,174.0108846028646,1.5412599937309142
164.85252126057944,-2583.84521484375,197.17528788248697,1.5412599716910689
203.5710652669271,-2578.310791015625,248.3066609700521,1.5083648914533647
226.56639607747397,-2575.08349609375,270.8035481770833,1.5083648659949564
264.4370625813802,-2567.7113444010415,322.3976745605469,1.4733622761013494
288.0934346516927,-2563.5664876302085,344.20848592122394,1.473362335307182
325.0850016276042,-2554.3627115885415,396.2228190104167,1.436373053468195
349.3829040527344,-2549.3037923177085,417.32957967122394,1.4363730379033914
385.46485392252606,-2538.2759602864585,469.7212320963542,1.3975115997808265
410.3842366536458,-2532.3070475260415,490.1065165201823,1.3975117378184467
445.5268249511719,-2519.4642740885415,542.8322550455729,1.3569159587882131
471.0471496582031,-2512.5904134114585,562.4792683919271,1.356915859250161
505.2213846842448,-2497.943359375,615.4956461588541,1.31471200648625
531.3216145833334,-2490.170166015625,634.38818359375,1.3147119574326924
564.4993286132812,-2473.7307942708335,687.6514689127604,1.271038946001526
591.1579386393229,-2465.0646158854165,705.7739664713541,1.271038926603167
623.3117472330729,-2446.8465169270835,759.240234375,1.22604754627955
650.5067342122396,-2437.2945963541665,776.5777180989584,1.2260475435346023
681.6101481119791,-2417.3128255208335,830.2028605143229,1.1798797069205664
709.3191121419271,-2406.8829752604165,846.7410481770834,1.179879721422814
739.3464762369791,-2385.1538899739585,900.4808756510416,1.132687380911419
767.5465291341146,-2373.8546549479165,916.2061360677084,1.132687387761932
786.7290242513021,-2350.3963216145835,977.6368611653646,1.0774625272777851
794.3597005208334,-2373.8546549479165,893.0588175455729,1.1393568459094368
765.7060343424479,-2385.1538899739585,878.1761271158854,1.1393568479343295
734.099365234375,-2406.8829752604165,825.3497111002604,1.1861624348839892
705.9124959309896,-2417.3128255208335,809.639892578125,1.1861624749238209
673.233642578125,-2437.2945963541665,756.9600016276041,1.2319121391504544
645.5368448893229,-2446.8465169270835,740.4360148111979,1.2319120924848042
611.8127644856771,-2465.0646158854165,687.946044921875,1.276455756029783
584.6288452148438,-2473.7307942708335,670.6214803059896,1.2764557997325219
549.8873291015625,-2490.170166015625,618.36474609375,1.3196527515521703
523.2387084960938,-2497.943359375,600.2539469401041,1.3196527226609092
487.50841267903644,-2512.5904134114585,548.2735595703125,1.3613539104493533
461.4170837402344,-2519.4642740885415,529.3914184570312,1.3613538903188709
424.7274983723958,-2532.3070475260415,477.73021443684894,1.4014221515034229
399.21497599283856,-2538.2759602864585,458.0923258463542,1.4014222498776665
361.59633382161456,-2549.3037923177085,406.7929280598958,1.4397328951255082
336.6836446126302,-2554.3627115885415,386.41546630859375,1.439732744885116
298.1669616699219,-2563.5664876302085,335.52015177408856,1.4761499392189534
273.87465413411456,-2567.7113444010415,314.41993204752606,1.4761501303889077
234.49170430501303,-2575.08349609375,263.970703125,1.5105609617012108
210.8398183186849,-2578.310791015625,242.16513061523438,1.510560889580459
170.62308247884116,-2583.84521484375,192.2035675048828,1.5428467022724295
147.63111623128256,-2586.15234375,169.71061197916666,1.542846718945878
106.61375427246094,-2589.844482421875,120.27792867024739,1.5729047210412879
84.30066680908203,-2591.2294921875,97.11614990234375,1.5729046805833973
820.4751383463541,-2373.8546549479165,869.1270751953125,1.1462758641268882
791.3930460611979,-2385.1538899739585,855.1000366210938,1.146275890140341
758.2348225911459,-2406.8829752604165,803.2334391276041,1.1926776172617046
729.5948079427084,-2417.3128255208335,788.3658040364584,1.1926774914540703
695.3692220052084,-2437.2945963541665,736.6774088541666,1.2379919914237851
667.1949259440104,-2446.8465169270835,720.9814249674479,1.2379921201111577
631.9301961263021,-2465.0646158854165,669.5138753255209,1.2820700636191231
604.2448323567709,-2473.7307942708335,653.0024820963541,1.282069968553377
567.9700317382812,-2490.170166015625,601.7981974283854,1.3247722160950237
540.7964477539062,-2497.943359375,584.4850260416666,1.3247722230382055
503.54149373372394,-2512.5904134114585,533.5862731933594,1.3659515275925493
476.90207926432294,-2519.4642740885415,515.485605875651,1.3659515199943937
438.6977030436198,-2532.3070475260415,464.934326171875,1.4054723828490403
412.6144510904948,-2538.2759602864585,446.0610758463542,1.4054724435162715
373.4921569824219,-2549.3037923177085,395.8989664713542,1.4432117531929485
347.98656209309894,-2554.3627115885415,376.2687072753906,1.4432117285263453
307.9785970052083,-2563.5664876302085,326.53712972005206,1.4790358576027722
283.0716857910156,-2567.7113444010415,306.16603597005206,1.479035782093328
242.21105448404947,-2575.08349609375,256.906000773112,1.5128335523963328
217.92338053385416,-2578.310791015625,235.8108876546224,1.5128336040314556
176.24377950032553,-2583.84521484375,187.06302897135416,1.544488520932046
152.59536743164062,-2586.15234375,165.26128133138022,1.5444885040734984
110.13116709391277,-2589.844482421875,117.06578572591145,1.573899760557953
87.14152018229167,-2591.2294921875,94.5753885904948,1.573899780890843
845.8699340820312,-2373.8546549479165,844.4319864908854,1.1534386660700349
816.3849283854166,-2385.1538899739585,831.2728881835938,1.1534386530669563
781.7043050130209,-2406.8829752604165,780.4116617838541,1.1994206661528104
752.6362915039062,-2417.3128255208335,766.3992513020834,1.1994206872535502
716.89404296875,-2437.2945963541665,715.7477823893229,1.2442835408405357
688.2669881184896,-2446.8465169270835,700.8935750325521,1.2442836571124025
651.4925944010416,-2465.0646158854165,650.4936319986979,1.2878776989514777
623.3300984700521,-2473.7307942708335,634.8099161783854,1.28787755668665
585.5538736979166,-2490.170166015625,584.7030843098959,1.3300668543352732
557.8791707356771,-2497.943359375,568.2027587890625,1.330066864381808
519.1322937011719,-2512.5904134114585,518.4303385416666,1.3707051908461398
491.96820068359375,-2519.4642740885415,501.1270243326823,1.3707051716088596
452.2825927734375,-2532.3070475260415,451.7300720214844,1.4096590326153806
425.65150960286456,-2538.2759602864585,433.63804117838544,1.4096591381602859
385.05992635091144,-2549.3037923177085,384.65728759765625,1.446807004400958
358.98382568359375,-2554.3627115885415,365.7914632161458,1.4468069356375892
317.5197245279948,-2563.5664876302085,317.2672932942708,1.4820174731801876
292.0200907389323,-2567.7113444010415,297.6432189941406,1.4820175222089007
249.71766662597656,-2575.08349609375,249.61565653483072,1.51518133106524
224.81554158528647,-2578.310791015625,229.2495320638021,1.5151812821424715
181.70968627929688,-2583.84521484375,181.75818379720053,1.5461840957173056
157.42559814453125,-2586.15234375,160.6667938232422,1.5461840691823128
113.55185190836589,-2589.844482421875,113.75082397460938,1.574927170885156
89.9058329264323,-2591.2294921875,91.95156351725261,1.5749271604057768
92.59118143717448,-2591.2294921875,89.24697367350261,1.5759861903752461
116.87280019124348,-2589.844482421875,110.33595275878906,1.5759861026710515
162.11755879720053,-2586.15234375,155.93119303385416,1.5479320425788854
187.01598612467447,-2583.84521484375,176.29370625813803,1.5479320819814297
231.51023864746094,-2578.310791015625,222.48682149251303,1.5176020664379357
257.00494384765625,-2575.08349609375,242.1060791015625,1.5176019504795053
300.7120056152344,-2567.7113444010415,288.85898844401044,1.4850925004012618
326.78196207682294,-2563.5664876302085,307.7188008626302,1.4850928334168034
369.66578165690106,-2554.3627115885415,354.99293009440106,1.450516154796543
396.28948974609375,-2549.3037923177085,373.07774861653644,1.450515932467879
438.31471761067706,-2538.2759602864585,420.8341369628906,1.4139791886397586
465.47023518880206,-2532.3070475260415,438.1290588378906,1.4139792170848038
506.6022033691406,-2519.4642740885415,486.32830810546875,1.3756117435561805
534.2671305338541,-2512.5904134114585,502.8190511067708,1.375611721872525
574.471923828125,-2497.943359375,551.4214070638021,1.3355331822508194
602.6234334309896,-2490.170166015625,567.0943806966146,1.3355332924310739
641.8678792317709,-2473.7307942708335,616.0597737630209,1.293875251296066
670.4827677408854,-2465.0646158854165,630.9020589192709,1.2938751148108105
708.7345377604166,-2446.8465169270835,680.1901245117188,1.2507821699292336
737.7892049153646,-2437.2945963541665,694.1894938151041,1.2507822970020455
775.0167236328125,-2417.3128255208335,743.7595621744791,1.2063889468632871
804.4872029622396,-2406.8829752604165,756.9044392903646,1.206388879715741
840.6597900390625,-2385.1538899739585,806.7156372070312,1.1608424403403297
870.5217895507812,-2373.8546549479165,818.9951985677084,1.1608424897108556
906.4734293619791,-2350.3963216145835,868.1209513346354,1.1146239993969607
95.19520314534505,-2591.2294921875,86.46399815877278,1.5770756562114745
120.09109497070312,-2589.844482421875,106.82416915893555,1.5770757333717305
166.66711934407553,-2586.15234375,151.0586369832357,1.5497311162529894
192.15802001953125,-2583.84521484375,170.67437998453775,1.549731083378009
238.00159200032553,-2578.310791015625,215.5287068684896,1.5200941127811889
264.0664825439453,-2575.08349609375,234.38384501139322,1.5200942106547923
309.13979085286456,-2567.7113444010415,279.82102966308594,1.48825918903938
335.75718180338544,-2563.5664876302085,297.9000193277995,1.4882588199060893
380.02306111653644,-2554.3627115885415,343.8826090494792,1.4543355506025217
407.17100016276044,-2549.3037923177085,361.17054239908856,1.4543357265343577
450.5929463704427,-2538.2759602864585,407.6606038411458,1.4184295698267504
478.24904378255206,-2532.3070475260415,424.1432189941406,1.418429616460135
520.791259765625,-2519.4642740885415,471.1024169921875,1.3806675561695063
548.9326985677084,-2512.5904134114585,486.76611328125,1.3806677087005639
590.5600789388021,-2497.943359375,534.1557210286459,1.341167502028702
619.1636555989584,-2490.170166015625,548.9876098632812,1.341167248245854
659.8418986002604,-2473.7307942708335,596.7685546875,1.3000585164318612
688.8840535481771,-2465.0646158854165,610.7563680013021,1.3000586227817774
728.57958984375,-2446.8465169270835,658.8892415364584,1.257484062624601
758.0363362630209,-2437.2945963541665,672.0214640299479,1.257484122773671
796.7164306640625,-2417.3128255208335,720.4665934244791,1.2135770389531209
826.5634969075521,-2406.8829752604165,732.7324015299479,1.2135769668624543
864.1962687174479,-2385.1538899739585,781.4498087565104,1.1684820769049753
894.4090372721354,-2373.8546549479165,792.8390706380209,1.1684820702899048
922.8829345703125,-2350.3963216145835,850.3212280273438,1.11596601395774
917.5107218424479,-2373.8546549479165,765.986572265625,1.1763533165659597
886.9737141927084,-2385.1538899739585,755.4976196289062,1.1763533122335412
847.913818359375,-2406.8829752604165,707.9167887369791,1.2209802116915365
817.7163696289062,-2417.3128255208335,696.5408325195312,1.2209801851893358
777.61767578125,-2437.2945963541665,649.2632039388021,1.2643844716619221
747.7847086588541,-2446.8465169270835,637.0096435546875,1.26438445705905
706.6802775065104,-2465.0646158854165,590.07421875,1.3064235016572743
677.2363688151041,-2473.7307942708335,576.9531656901041,1.3064235981199734
635.1600952148438,-2490.170166015625,530.3986409505209,1.3469651652916639
606.1295369466146,-2497.943359375,516.4208984375,1.3469649704432338
563.1161295572916,-2512.5904134114585,470.28564453125,1.3858685760359948
534.5228678385416,-2519.4642740885415,455.46274820963544,1.3858687634968774
490.6077880859375,-2532.3070475260415,409.7848409016927,1.4230069147116051
462.47540283203125,-2538.2759602864585,394.12900797526044,1.4230069644215249
417.6948649088542,-2549.3037923177085,348.9460957845052,1.4582636104082254
390.0465596516927,-2554.3627115885415,332.4702453613281,1.4582637290857536
344.4375,-2563.5664876302085,287.81960042317706,1.4915141513027743
317.2960611979167,-2567.7113444010415,270.5373077392578,1.4915139209632606
270.8960876464844,-2575.08349609375,226.45573933919272,1.522655011139531
244.28389994303384,-2578.310791015625,208.38126627604166,1.5226550789336935
197.13128153483072,-2583.84521484375,164.90514119466147,1.5515794157310594
171.0702921549479,-2586.15234375,146.0533930460612,1.551579443380314
123.2039082845052,-2589.844482421875,103.2185541788737,1.5781949270678877
97.71561177571614,-2591.2294921875,83.60507329305013,1.578194961054343
939.8065185546875,-2373.8546549479165,738.4612833658854,1.184451406597847
908.9721069335938,-2385.1538899739585,728.8818359375,1.1844515448629005
868.5193888346354,-2406.8829752604165,682.4793701171875,1.22859441313639
837.9981079101562,-2417.3128255208335,672.0032755533854,1.2285942799658467
796.5160115559896,-2437.2945963541665,625.9346720377604,1.2714796044060916
766.3330281575521,-2446.8465169270835,614.570556640625,1.2714797130823083
723.8557942708334,-2465.0646158854165,568.8737996419271,1.3129658915231166
694.0360107421875,-2473.7307942708335,556.6310221354166,1.3129657652968756
650.5986328125,-2490.170166015625,511.3437906901042,1.3529227771837695
621.1666259765625,-2497.943359375,498.2324625651042,1.352923019955479
576.8049519856771,-2512.5904134114585,453.39211018880206,1.391212180337815
547.7850138346354,-2519.4642740885415,439.42303466796875,1.3912120796152623
502.53562418619794,-2532.3070475260415,395.0665283203125,1.4277077543107544
473.95166015625,-2538.2759602864585,380.25123087565106,1.4277076239338145
427.85186767578125,-2549.3037923177085,336.4151611328125,1.4622961209218643
399.7274576822917,-2554.3627115885415,320.76585896809894,1.4622960971246857
352.81528727213544,-2563.5664876302085,277.4863688151042,1.4948549250008365
325.1736348470052,-2567.7113444010415,261.0159606933594,1.4948549323037899
277.4877624511719,-2575.08349609375,218.32874043782553,1.5252831352855807
250.35165405273438,-2578.310791015625,201.05081176757812,1.525283146077324
201.93140157063803,-2583.84521484375,158.9910659790039,1.5534756798158664
175.3232167561849,-2586.15234375,140.91986846923828,1.553475621284691
126.20851389567058,-2589.844482421875,99.52228291829427,1.5793428150767097
100.1501948038737,-2591.2294921875,80.67271677652995,1.5793428461107915
961.27685546875,-2373.8546549479165,710.2873942057291,1.192770819497495
930.172119140625,-2385.1538899739585,701.6258748372396,1.1927706522172277
888.3621012369791,-2406.8829752604165,656.4425455729166,1.2364136209517835
857.5437825520834,-2417.3128255208335,646.87548828125,1.236413618012819
814.7147420247396,-2437.2945963541665,602.0563761393229,1.2787639141680596
784.208251953125,-2446.8465169270835,591.5916544596354,1.2787640676068084
740.3955078125,-2465.0646158854165,547.1737060546875,1.3196806713184972
710.2260335286459,-2473.7307942708335,535.8199666341146,1.3196807911315482
665.4657389322916,-2490.170166015625,491.83982340494794,1.3590358203396031
635.6581217447916,-2497.943359375,479.60642496744794,1.3590354366293675
589.9871622721354,-2512.5904134114585,436.10035196940106,1.3966924571242487
560.5659993489584,-2519.4642740885415,422.9973653157552,1.3966925359451514
514.0220642089844,-2532.3070475260415,380.00123087565106,1.4325281385726465
485.0116271972656,-2538.2759602864585,366.0394694010417,1.4325282636889631
437.63307698567706,-2549.3037923177085,323.5887451171875,1.4664304977973996
409.0572814941406,-2554.3627115885415,308.7797342936198,1.4664304501134333
360.88318888346356,-2563.5664876302085,266.909418741862,1.4982793385288806
332.76560465494794,-2567.7113444010415,251.2653554280599,1.498279445525157
283.83570353190106,-2575.08349609375,210.00997416178384,1.527976199641158
256.1995137532552,-2578.310791015625,193.54376729329428,1.5279761889083066
206.55414835611978,-2583.84521484375,152.93734486897787,1.5554183499763696
179.4221445719401,-2586.15234375,135.6625722249349,1.55541845408039
129.10226186116537,-2589.844482421875,95.73859786987305,1.5805186550524637
102.49681599934895,-2591.2294921875,77.66950607299805,1.5805185852126449
104.75340525309245,-2591.2294921875,74.5980733235677,1.581720980288664
131.88261922200522,-2589.844482421875,91.87082290649414,1.5817209216554275
183.3634796142578,-2586.15234375,130.28612009684244,1.5574054686322922
210.9954833984375,-2583.84521484375,146.7492930094401,1.5574056067102842
261.8223419189453,-2578.310791015625,185.8667246500651,1.5307317743204385
289.9343516031901,-2575.08349609375,201.50674438476562,1.5307317065182016
340.06529744466144,-2567.7113444010415,241.29405721028647,1.5017842983772984
368.6341247558594,-2563.5664876302085,256.0980275472005,1.5017843990689224
418.02781168619794,-2554.3627115885415,296.52239990234375,1.47066334806481
447.02989705403644,-2549.3037923177085,310.4781087239583,1.4706633360425023
495.6455993652344,-2538.2759602864585,351.50621541341144,1.4374651574881039
525.0570271809896,-2532.3070475260415,364.60216267903644,1.4374652613486738
572.8546549479166,-2519.4642740885415,406.2001647949219,1.4023074879746389
602.6511637369791,-2512.5904134114585,418.42554728190106,1.4023075480337226
649.5912882486979,-2497.943359375,460.5591328938802,1.3652996713402545
679.7483113606771,-2490.170166015625,471.9038594563802,1.3652995591568466
725.792236328125,-2473.7307942708335,514.5382893880209,1.326563312614387
756.2849324544271,-2465.0646158854165,524.9930216471354,1.3265631451926287
801.3946940104166,-2446.8465169270835,568.0931599934896,1.2862326473039283
832.1978759765625,-2437.2945963541665,577.6492716471354,1.2862329766800396
876.3362426757812,-2417.3128255208335,621.1795450846354,1.244434615999723
907.4245198567709,-2406.8829752604165,629.8291422526041,1.2444344541617964
950.5551147460938,-2385.1538899739585,673.753662109375,1.2013060939843014
981.9028727213541,-2373.8546549479165,681.4896240234375,1.2013059646867783
1025.0745035807292,-2350.3963216145835,724.2663981119791,1.1574345292390176
106.91799418131511,-2591.2294921875,71.4611218770345,1.5829492293868748
134.5471394856771,-2589.844482421875,87.92235565185547,1.5829492434244403
187.14376831054688,-2586.15234375,124.79522959391277,1.5594360558287306
215.2514902750651,-2583.84521484375,140.43234507242838,1.559435949706921
267.2152150472005,-2578.310791015625,178.02642822265625,1.5335478406316878
295.77834065755206,-2575.08349609375,192.82653299967447,1.5335478463822585
347.06630452473956,-2567.7113444010415,231.1108194986979,1.5053672085118732
376.06126912434894,-2563.5664876302085,245.06170145670572,1.5053672389689334
426.6311747233073,-2554.3627115885415,284.00461832682294,1.4749913695380146
456.03407796223956,-2549.3037923177085,297.0947774251302,1.4749912531142053
505.84422810872394,-2538.2759602864585,336.6642150878906,1.4425142557227475
535.6308085123698,-2532.3070475260415,348.8828531901042,1.442514463357792
584.6401163736979,-2519.4642740885415,389.0461832682292,1.4080515207259598
614.7858276367188,-2512.5904134114585,400.3832295735677,1.4080513275036592
662.9538981119791,-2497.943359375,441.10732014973956,1.3717095890171163
693.4338785807291,-2490.170166015625,451.5534159342448,1.3717095188998192
740.7209879557291,-2473.7307942708335,492.8046875,1.333608703057553
771.5100911458334,-2465.0646158854165,502.3512369791667,1.3336089579486554
817.8772176106771,-2446.8465169270835,544.0956827799479,1.2938806538264787
848.9500528971354,-2437.2945963541665,552.7348022460938,1.2938803839505855
894.3589884440104,-2417.3128255208335,594.93798828125,1.2526494060341578
925.6899617513021,-2406.8829752604165,602.6625366210938,1.2526494677453837
970.1032511393229,-2385.1538899739585,645.2896525065104,1.2100521003215596
1001.6664835611979,-2373.8546549479165,652.0932820638021,1.2100522083186445
1038.6761067708333,-2350.3963216145835,704.2389526367188,1.1606165872147964
1020.5502522786459,-2373.8546549479165,622.1241861979166,1.2190032902561652
988.7992960611979,-2385.1538899739585,616.2588704427084,1.219003195806298
943.142333984375,-2406.8829752604165,574.9665730794271,1.2610548116586013
911.5962320963541,-2417.3128255208335,568.1738688151041,1.26105481605862
864.9566040039062,-2437.2945963541665,527.3348388671875,1.301702664362351
833.6413981119791,-2446.8465169270835,519.6203206380209,1.3017025890173874
786.0575968424479,-2465.0646158854165,479.2682189941406,1.3408122556837627
754.9991251627604,-2473.7307942708335,470.6382548014323,1.340812187937938
706.5103759765625,-2490.170166015625,430.8063659667969,1.3782616503836378
675.7342325846354,-2497.943359375,421.26807657877606,1.378261836218095
626.3805338541666,-2512.5904134114585,381.98924763997394,1.4139206716125425
595.912109375,-2519.4642740885415,371.5504964192708,1.4139202348590085
545.734141031901,-2532.3070475260415,332.85711669921875,1.4476718159999649
515.5985514322916,-2538.2759602864585,321.5265197753906,1.447672186552525
464.63770548502606,-2549.3037923177085,283.45050048828125,1.4794111932931087
434.8598124186198,-2554.3627115885415,271.2373962402344,1.4794111908830867
383.15810139973956,-2563.5664876302085,233.81012980143228,1.5090250393821194
353.76246134440106,-2567.7113444010415,220.72459411621094,1.5090250960300322
301.36253356933594,-2575.08349609375,183.9769541422526,1.5364221036703012
272.3733774820964,-2578.310791015625,170.02977498372397,1.5364219588711763
219.3184356689453,-2583.84521484375,133.99205780029297,1.5615075925183441
190.75967407226562,-2586.15234375,119.19473266601562,1.5615076607334748
137.0934804280599,-2589.844482421875,83.89666366577148,1.584202029665301
108.98866780598958,-2591.2294921875,68.26140213012695,1.584201936941797
1038.5376790364583,-2373.8546549479165,591.6086629231771,1.228152365480833
1006.6268310546875,-2385.1538899739585,586.6868082682291,1.2281525216832752
959.7663167317709,-2406.8829752604165,546.765625,1.2696431866511806
928.0327758789062,-2417.3128255208335,540.9107055664062,1.2696430763992455
880.2034505208334,-2437.2945963541665,501.47170003255206,1.3096924437275417
848.6733805338541,-2446.8465169270835,494.68853759765625,1.309692450192658
799.9147135416666,-2465.0646158854165,455.7642313639323,1.3481682753430684
768.6141357421875,-2473.7307942708335,448.0584309895833,1.3481684043453175
718.9663492838541,-2490.170166015625,409.68091837565106,1.384950230877274
687.9210611979166,-2497.943359375,401.05881754557294,1.3849499195177666
637.4250691731771,-2512.5904134114585,363.25974527994794,1.419910136471142
606.6606852213541,-2519.4642740885415,353.7284647623698,1.4199105781063763
555.358154296875,-2532.3070475260415,316.5390116373698,1.4529345777580622
524.9000345865885,-2538.2759602864585,306.1064147949219,1.4529344030368128
472.83324178059894,-2549.3037923177085,269.5572509765625,1.4839190108564733
442.7065022786458,-2554.3627115885415,258.23193359375,1.483918941320677
389.9184061686198,-2563.5664876302085,222.35320027669272,1.5127545737872197
360.1478983561198,-2567.7113444010415,210.14450073242188,1.5127546506314193
306.6820322672526,-2575.08349609375,174.96577962239584,1.5393518629344456
277.2923075358073,-2578.310791015625,161.8837687174479,1.5393519158136948
223.19275410970053,-2583.84521484375,127.43407694498698,1.5636189044333453
194.20803833007812,-2586.15234375,113.48954518636067,1.56361876904475
139.519411722819,-2589.844482421875,79.79728444417317,1.5854783667922907
110.96361541748047,-2591.2294921875,65.00172805786133,1.5854784805276443
1055.6129353841145,-2373.8546549479165,560.5735270182291,1.237495253414813
1023.5702514648438,-2385.1538899739585,556.5994669596354,1.2374952431109894
975.5472819010416,-2406.8829752604165,518.0844523111979,1.2784099528737516
943.6541951497396,-2417.3128255208335,513.1724650065104,1.278410120598134
894.6771647135416,-2437.2945963541665,475.1681213378906,1.3178457638039691
862.9599609375,-2446.8465169270835,469.32227579752606,1.317845547189411
813.0692342122396,-2465.0646158854165,431.8599344889323,1.3556720947131147
781.5540568033854,-2473.7307942708335,425.0850524902344,1.355672278703067
730.7907918294271,-2490.170166015625,388.1956278483073,1.3917709819933515
699.503662109375,-2497.943359375,380.49729410807294,1.3917711088904208
647.9097290039062,-2512.5904134114585,344.21119181315106,1.4260169108209535
616.8764241536459,-2519.4642740885415,335.5957438151042,1.426016650045013
564.4943542480469,-2532.3070475260415,299.94289143880206,1.4582971258592323
533.740468343099,-2538.2759602864585,290.4174397786458,1.4582971413466077
480.61346435546875,-2549.3037923177085,255.42724609375,1.4885117700087307
450.1643575032552,-2554.3627115885415,244.9996541341146,1.4885118911793618
396.3362325032552,-2563.5664876302085,210.70096842447916,1.5165534870387087
366.21702067057294,-2567.7113444010415,199.37983194986978,1.5165533600351533
311.73216756184894,-2575.08349609375,165.80093383789062,1.5423350876999333
281.9676869710286,-2578.310791015625,153.5955810546875,1.5423350361376826
226.87103271484375,-2583.84521484375,120.76416524251302,1.565767919173786
197.48582458496094,-2586.15234375,107.68467203776042,1.565767984520959
141.8228022257487,-2589.844482421875,75.62781651814778,1.586777390681811
112.84110514322917,-2591.2294921875,61.68496068318685,1.5867773211302387
114.61947886149089,-2591.2294921875,58.314013163248696,1.5880977473222577
144.00162251790366,-2589.844482421875,71.39192072550456,1.5880976507482485
200.59015401204428,-2586.15234375,101.78521728515625,1.5679529546750086
230.35004679361978,-2583.84521484375,113.98818715413411,1.56795300321138
286.39540608723956,-2578.310791015625,145.172487894694,1.5453690807969145
316.5085042317708,-2575.08349609375,156.49046071370444,1.5453689684911376
371.9644775390625,-2567.7113444010415,188.4400431315104,1.5204176352373528
402.40594482421875,-2563.5664876302085,198.86367797851562,1.5204177791424158
457.226806640625,-2554.3627115885415,231.55219523111978,1.4931852975254154
487.97154744466144,-2549.3037923177085,241.0729014078776,1.493185394114778
542.1120910644531,-2538.2759602864585,274.47340393066406,1.463756035964273
573.1347452799479,-2532.3070475260415,283.0833282470703,1.4637559536686613
626.5503133138021,-2519.4642740885415,317.1682637532552,1.4322339560345043
657.8252970377604,-2512.5904134114585,324.8603006998698,1.432233985966183
710.4718424479166,-2497.943359375,359.6015625,1.3987178117464414
741.973388671875,-2490.170166015625,366.36937459309894,1.3987175350172882
793.8075154622396,-2473.7307942708335,401.7383219401042,1.3633169612457758
825.5096232096354,-2465.0646158854165,407.5763346354167,1.3633171894148777
876.4885457356771,-2446.8465169270835,443.5437927246094,1.3261549578263998
908.3650512695312,-2437.2945963541665,448.4471740722656,1.3261550503959099
958.4467569986979,-2417.3128255208335,484.9834899902344,1.2873480928959604
990.4714152018229,-2406.8829752604165,488.9482116699219,1.2873480281187601
1039.6146240234375,-2385.1538899739585,526.0232340494791,1.2470237324002293
1071.761006673177,-2373.8546549479165,529.0460205078125,1.247023674345675
1121.05712890625,-2350.3963216145835,564.4292602539062,1.2058402903454655
116.29718271891277,-2591.2294921875,54.891845703125,1.5894382106723854
146.05396270751953,-2589.844482421875,67.0933214823405,1.5894383130419791
203.51829528808594,-2586.15234375,95.79636637369792,1.5701723163353392
233.62672424316406,-2583.84521484375,107.11209360758464,1.5701723831459062
290.5715738932292,-2578.310791015625,136.62188720703125,1.5484516496486067
321.0068359375,-2575.08349609375,147.04253387451172,1.5484514983554887
377.38523356119794,-2567.7113444010415,177.3347422281901,1.524345016706374
408.1222229003906,-2563.5664876302085,186.85171508789062,1.5243447597450395
463.88767496744794,-2554.3627115885415,217.90135701497397,1.4979358250274832
494.9010416666667,-2549.3037923177085,226.5068105061849,1.4979361135130544
550.007568359375,-2538.2759602864585,258.2882792154948,1.4693067122173062
581.2717488606771,-2532.3070475260415,265.97511291503906,1.4693065704804629
635.6739095052084,-2519.4642740885415,298.4621988932292,1.4385578317967085
667.1631062825521,-2512.5904134114585,305.2240804036458,1.4385577315017786
720.8160400390625,-2497.943359375,338.38999430338544,1.4057859572941234
752.5042928059896,-2490.170166015625,344.2213439941406,1.405786353511993
805.3637491861979,-2473.7307942708335,378.0387369791667,1.371098762534487
837.2249145507812,-2465.0646158854165,382.9347432454427,1.3710986754212384
889.2472941080729,-2446.8465169270835,417.37572224934894,1.3346153477242906
921.2551066080729,-2437.2945963541665,421.3323465983073,1.3346151499931007
972.3975219726562,-2417.3128255208335,456.36852010091144,1.2964510750206213
1004.5255940755209,-2406.8829752604165,459.38250732421875,1.2964513268804805
1054.745869954427,-2385.1538899739585,494.9849853515625,1.2567321547888375
1086.9676920572917,-2373.8546549479165,497.05384318033856,1.2567321829842828
1131.5526529947917,-2350.3963216145835,542.6130879720052,1.2107267347480197
1101.2196858723958,-2373.8546549479165,464.6250915527344,1.2666121803667691
1068.95068359375,-2385.1538899739585,463.51197306315106,1.2666123766281445
1017.6974690755209,-2406.8829752604165,429.41334025065106,1.3057125283326119
985.4942016601562,-2417.3128255208335,427.3527323404948,1.3057122565317145
933.3360188802084,-2437.2945963541665,393.84747314453125,1.343219605292115
901.2249959309896,-2446.8465169270835,390.84107462565106,1.3432198460809224
848.2048543294271,-2465.0646158854165,357.9568176269531,1.3790098400160964
816.2125854492188,-2473.7307942708335,354.0071105957031,1.379009896014829
762.3742268880209,-2490.170166015625,321.77097574869794,1.412970271254173
730.527099609375,-2497.943359375,316.88121541341144,1.412970214277678
675.9149169921875,-2512.5904134114585,285.3197784423828,1.4449836080628689
644.2391764322916,-2519.4642740885415,279.4939931233724,1.4449838051504238
588.8982137044271,-2532.3070475260415,248.63329060872397,1.4749448506145095
557.4199829101562,-2538.2759602864585,241.87629191080728,1.4749442838899023
501.39585367838544,-2549.3037923177085,211.74177042643228,1.5027598591442008
470.14109293619794,-2554.3627115885415,204.05912272135416,1.5027604615215506
413.4800313313802,-2563.5664876302085,174.6756337483724,1.5283317750622107
382.4745279947917,-2567.7113444010415,166.07367960611978,1.5283315020464032
325.2232259114583,-2575.08349609375,137.465456644694,1.5515794303170156
294.4925231933594,-2578.310791015625,127.95128377278645,1.5515793239003017
236.69821166992188,-2583.84521484375,100.14191436767578,1.5724235873043442
206.2676747639974,-2586.15234375,89.72337086995442,1.5724236677699284
147.97801717122397,-2589.844482421875,62.735791524251304,1.5907979124075653
117.87273406982422,-2591.2294921875,51.421469370524086,1.5907979660158686
1114.5045166015625,-2373.8546549479165,431.7882385253906,1.2766579190238174
1082.2166748046875,-2385.1538899739585,431.63185628255206,1.2766578096426402
1029.9755045572917,-2406.8829752604165,399.0669860839844,1.3151255129749166
997.7253011067709,-2417.3128255208335,397.9615885416667,1.315125910434373
944.59716796875,-2437.2945963541665,366.0166524251302,1.3519624246395179
912.4111531575521,-2446.8465169270835,363.96314493815106,1.3519622449473352
858.4398193359375,-2465.0646158854165,332.6644795735677,1.387045071209901
826.3445434570312,-2473.7307942708335,329.66455078125,1.3870451561371566
771.5745646158854,-2490.170166015625,299.03797403971356,1.420264597858024
739.5965169270834,-2497.943359375,295.09410603841144,1.4202647453221757
684.0730590820312,-2512.5904134114585,265.1648712158203,1.451505746939187
652.2385864257812,-2519.4642740885415,260.2803039550781,1.4515054568562893
596.0074055989584,-2532.3070475260415,231.07308959960938,1.4806655088512788
564.3427734375,-2538.2759602864585,225.25186157226562,1.4806661551381026
507.4502766927083,-2549.3037923177085,196.79075622558594,1.5076541911773917
475.98158772786456,-2554.3627115885415,190.03766377766928,1.5076535968019957
418.4746602376302,-2563.5664876302085,162.34613545735678,1.5323740917638697
387.2278645833333,-2567.7113444010415,154.66675313313803,1.5323743591304395
329.1539611816406,-2575.08349609375,127.76764170328777,1.5547506972025313
298.1548258463542,-2578.310791015625,119.16829935709636,1.5547504803075878
239.56180826822916,-2583.84521484375,93.08378092447917,1.5747054362427646
208.83589680989584,-2586.15234375,83.57156880696614,1.574705574194127
149.77210235595703,-2589.844482421875,58.3231569925944,1.592175556672516
119.34475962320964,-2591.2294921875,47.905923207600914,1.592175507608205
1126.8103841145833,-2373.8546549479165,398.57213338216144,1.2868627999877587
1094.5321451822917,-2385.1538899739585,399.3726094563802,1.2868623354027644
1041.348876953125,-2406.8829752604165,368.37012736002606,1.3246843716853574
1009.080078125,-2417.3128255208335,368.22088623046875,1.324684664771108
955.0286051432291,-2437.2945963541665,337.8643493652344,1.360836448820331
922.7958984375,-2446.8465169270835,336.76551310221356,1.360836386889619
867.9207763671875,-2465.0646158854165,307.0799560546875,1.3951987949400164
835.7507120768229,-2473.7307942708335,305.0324300130208,1.3951986932788907
780.0972086588541,-2490.170166015625,276.0423227945964,1.4276637594393042
748.0163370768229,-2497.943359375,273.04779561360675,1.4276636977763335
691.6303507486979,-2512.5904134114585,244.7770538330078,1.4581191384587608
659.6651204427084,-2519.4642740885415,240.83799743652344,1.4581192353433643
602.5931396484375,-2532.3070475260415,213.30992635091147,1.4864650726513409
570.7698974609375,-2538.2759602864585,208.4295857747396,1.4864647371903517
513.0589803059896,-2549.3037923177085,181.6668904622396,1.5126124691667853
481.40399169921875,-2554.3627115885415,175.8492889404297,1.5126126955787536
423.10174560546875,-2563.5664876302085,149.8740437825521,1.5364697904029303
391.64110310872394,-2567.7113444010415,143.12398274739584,1.5364697215752718
332.7955830891927,-2575.08349609375,117.95760599772136,1.5579621529128385
301.55523681640625,-2578.310791015625,110.28064727783203,1.5579623324870806
242.2149861653646,-2583.84521484375,85.94388961791992,1.577015875570335
211.22069295247397,-2586.15234375,77.34636561075847,1.5770156808847713
151.43463897705078,-2589.844482421875,53.85929870605469,1.593569816194711
120.71195983886719,-2591.2294921875,44.34830220540365,1.5935698539853576
121.97313690185547,-2591.2294921875,40.75172996520996,1.5949798152732804
152.96416219075522,-2589.844482421875,49.348134994506836,1.5949798362036376
213.41995747884116,-2586.15234375,71.05322774251302,1.5793525777323434
244.65541076660156,-2583.84521484375,78.72850926717122,1.5793524463452837
304.69078572591144,-2578.310791015625,101.29612986246745,1.5612115035143612
336.14490763346356,-2575.08349609375,108.04396057128906,1.5612115826356938
395.71034749348956,-2567.7113444010415,131.45549774169922,1.540614748331139
427.35719807942706,-2563.5664876302085,137.2703119913737,1.5406146598628023
486.40358479817706,-2554.3627115885415,161.50645955403647,1.5176330030316565
518.2170613606771,-2549.3037923177085,166.38346354166666,1.5176331380187031
576.6956990559896,-2538.2759602864585,191.42423502604166,1.4923379588829513
608.6495768229166,-2532.3070475260415,195.35940551757812,1.4923378081972514
666.5122477213541,-2519.4642740885415,221.18415323893228,1.4648186088915847
698.5801798502604,-2512.5904134114585,224.17424519856772,1.464818401411271
755.7791544596354,-2497.943359375,250.7616729736328,1.4351610537006445
787.9346923828125,-2490.170166015625,252.8042195638021,1.4351609195446047
844.4228108723959,-2473.7307942708335,280.1323954264323,1.4034628169188872
876.6394246419271,-2465.0646158854165,281.2257080078125,1.4034632496724677
932.3700968424479,-2446.8465169270835,309.27210489908856,1.369834334713978
964.6212158203125,-2437.2945963541665,309.41529337565106,1.3698343345833859
1019.5485229492188,-2417.3128255208335,338.1567789713542,1.3343800911271908
1051.8075561523438,-2406.8829752604165,337.34972127278644,1.334380520552508
1105.8861490885417,-2385.1538899739585,366.76259358723956,1.2972173546212606
1138.1265055338542,-2373.8546549479165,365.0059509277344,1.2972166430989516
1192.30322265625,-2350.3963216145835,392.13653564453125,1.2590415434304874
123.12717692057292,-2591.2294921875,37.11936378479004,1.5964038780556689
154.35933430989584,-2589.844482421875,44.79362487792969,1.5964039389901652
215.43177286783853,-2586.15234375,64.69767761230469,1.5817135387141983
246.8809560139974,-2583.84521484375,71.44397862752278,1.5817135578889405
307.5587158203125,-2578.310791015625,92.22264099121094,1.5644957801669963
339.19898478190106,-2575.08349609375,98.03541819254558,1.5644957762249083
399.43202718098956,-2567.7113444010415,119.67155202229817,1.5448054157967008
431.23729451497394,-2563.5664876302085,124.54601033528645,1.544805433610037
490.97594197591144,-2554.3627115885415,147.0217742919922,1.5227104415805461
522.9199727376302,-2549.3037923177085,150.95389811197916,1.5227103287746684
582.1149698893229,-2538.2759602864585,174.2507578531901,1.498279244062332
614.1714274088541,-2532.3070475260415,177.23729960123697,1.4982794820971619
672.7739664713541,-2519.4642740885415,201.3360392252604,1.4715989104804805
704.9164225260416,-2512.5904134114585,203.3745371500651,1.471598771994174
762.878173828125,-2497.943359375,228.25528971354166,1.4427517606098899
795.0800984700521,-2490.170166015625,229.34406534830728,1.4427519772368167
852.3532307942709,-2473.7307942708335,254.9863077799479,1.411833219179688
884.5880737304688,-2465.0646158854165,255.1244659423828,1.4118330244070174
941.1253865559896,-2446.8465169270835,281.5070546468099,1.3789498308816783
973.3665974934896,-2437.2945963541665,280.69447326660156,1.3789496335834583
1029.1214599609375,-2417.3128255208335,307.795654296875,1.344204822982603
1061.3424275716145,-2406.8829752604165,306.0330098470052,1.3442047536493387
1116.2688802083333,-2385.1538899739585,333.83043416341144,1.307713738830009
1148.4430338541667,-2373.8546549479165,331.1191711425781,1.3077142755005355
1199.462646484375,-2350.3963216145835,369.00982666015625,1.2654549721371813
1157.7508138020833,-2373.8546549479165,296.9415690104167,1.3183453700919023
1125.671142578125,-2385.1538899739585,300.6050618489583,1.3183457135578152
1069.9451090494792,-2406.8829752604165,274.447504679362,1.3541530890456481
1037.790547688802,-2417.3128255208335,277.1641896565755,1.3541526754439888
981.2570597330729,-2437.2945963541665,251.72711181640625,1.388175537507695
949.0540771484375,-2446.8465169270835,253.4947509765625,1.3881756872482462
891.7597859700521,-2465.0646158854165,228.79913838704428,1.4203009950049537
859.5349934895834,-2473.7307942708335,229.61627197265625,1.4203008789986729
801.5271402994791,-2490.170166015625,205.68247985839844,1.4504285864510404
769.3070882161459,-2497.943359375,205.54843139648438,1.4504289946663105
710.6335042317709,-2512.5904134114585,182.39620463053384,1.4784541800997457
678.4447631835938,-2519.4642740885415,181.31108601888022,1.4784538543990082
619.1538289388021,-2532.3070475260415,158.9595184326172,1.5042847234669046
587.02294921875,-2538.2759602864585,156.92422993977866,1.50428493232356
527.163584391276,-2549.3037923177085,135.3917490641276,1.5278409805680953
495.1170654296875,-2554.3627115885415,132.407958984375,1.5278409994395514
434.7386169433594,-2563.5664876302085,111.71231842041016,1.5490386902289808
402.80287679036456,-2567.7113444010415,107.7824935913086,1.5490385992433637
341.95513916015625,-2575.08349609375,87.94076792399089,1.5678122680406321
310.15651448567706,-2578.310791015625,83.06815083821614,1.567812126399299
248.88966369628906,-2583.84521484375,64.09670003255208,1.5840969922884456
217.2543741861979,-2586.15234375,58.28530502319336,1.5840969430245226
155.61893208821616,-2589.844482421875,40.19977251688639,1.5978411522079625
124.17307535807292,-2591.2294921875,33.45439338684082,1.5978412872297363
1166.041748046875,-2373.8546549479165,262.50315856933594,1.3291033779124901
1134.084716796875,-2385.1538899739585,267.11566670735675,1.32910318346901
1077.6080118815105,-2406.8829752604165,242.62094116210938,1.364214865911433
1045.548075358073,-2417.3128255208335,246.2892862955729,1.3642150723442066
988.28564453125,-2437.2945963541665,222.53865559895834,1.3975045608695775
956.1491902669271,-2446.8465169270835,225.25979614257812,1.3975044717314813
898.1482340494791,-2465.0646158854165,202.27284240722656,1.4288606362571654
865.9618123372396,-2473.7307942708335,204.04454549153647,1.4288608209573883
807.2702026367188,-2490.170166015625,181.8402353922526,1.4581861363906603
775.0603230794271,-2497.943359375,182.6610361735026,1.4581857562861558
715.7264200846354,-2512.5904134114585,161.2576700846354,1.4853782700366711
683.5196533203125,-2519.4642740885415,161.12688700358072,1.4853785737330925
623.5924275716146,-2532.3070475260415,140.54211934407553,1.5103491334628785
591.4153442382812,-2538.2759602864585,139.45986938476562,1.5103487568309308
530.9441935221354,-2549.3037923177085,119.71067555745442,1.5330195733301566
498.8233133951823,-2554.3627115885415,117.67784372965495,1.5330196061964718
437.8581034342448,-2563.5664876302085,98.78050740559895,1.553310288036102
405.81992594401044,-2567.7113444010415,95.79877217610677,1.5533105429485548
344.4109395345052,-2575.08349609375,77.76888020833333,1.571158098671397
312.4818929036458,-2578.310791015625,73.84070078531902,1.5711580395106368
250.67975870768228,-2583.84521484375,56.693121592203774,1.5865009510381196
218.8861541748047,-2586.15234375,51.821737925211586,1.5865011076198208
156.7418416341146,-2589.844482421875,35.570611317952476,1.599290442067272
125.10990905761719,-2591.2294921875,29.760040918986004,1.5992903947445287
1173.3085123697917,-2373.8546549479165,227.83417765299478,1.339978758610493
1141.502197265625,-2385.1538899739585,233.39165751139322,1.3399789257663655
1084.3244222005208,-2406.8829752604165,210.5812784830729,1.3743840730367585
1052.3872680664062,-2417.3128255208335,215.19805399576822,1.3743844106371903
994.4461669921875,-2437.2945963541665,193.15473429361978,1.406928910088925
962.4044799804688,-2446.8465169270835,196.82699076334634,1.4069285414778254
903.7478230794271,-2465.0646158854165,175.56889851888022,1.4375047351854635
871.6280314127604,-2473.7307942708335,178.29360961914062,1.4375046261730735
812.30419921875,-2490.170166015625,157.8382771809896,1.466017142571063
780.1327921549479,-2497.943359375,159.61319986979166,1.4660175160549072
720.1907145182291,-2512.5904134114585,139.9774958292643,1.492367018263152
687.9942220052084,-2519.4642740885415,140.80116526285806,1.4923663561937028
627.4832967122396,-2532.3070475260415,122.00127919514973,1.516466829751225
595.2882690429688,-2538.2759602864585,121.87301635742188,1.516467654359852
534.2584431966146,-2549.3037923177085,103.92445882161458,1.5382435750904673
502.09145100911456,-2554.3627115885415,102.84436798095703,1.5382432060536353
440.593017578125,-2563.5664876302085,85.76193491617839,1.5576176067960672
408.4805501302083,-2567.7113444010415,83.7309061686198,1.5576174581082094
346.5642395019531,-2575.08349609375,67.5286865234375,1.574530249499715
314.5328063964844,-2578.310791015625,64.54839579264323,1.5745303487733737
252.24967447916666,-2583.84521484375,49.239749908447266,1.588923119831075
220.32567342122397,-2586.15234375,45.31265513102213,1.5889231672989572
157.72707875569662,-2589.844482421875,30.910207748413086,1.6007500680560827
125.93685150146484,-2591.2294921875,26.039547602335613,1.600749966869896
126.65318298339844,-2591.2294921875,22.29618485768636,1.6022190713982885
158.57378387451172,-2589.844482421875,26.222655296325684,1.6022189886214404
221.5716807047526,-2586.15234375,38.76377296447754,1.5913613921328238
253.59802754720053,-2583.84521484375,41.74312782287598,1.5913617226538652
316.3074544270833,-2578.310791015625,55.199395497639976,1.5779266119659578
348.4131368001302,-2575.08349609375,57.22917811075846,1.577926280432234
410.7823893229167,-2567.7113444010415,71.58949788411458,1.5619561822308194
442.94093831380206,-2563.5664876302085,72.66803487141927,1.5619561470678416
504.91855875651044,-2554.3627115885415,87.92056274414062,1.5435062701838942
537.1034342447916,-2549.3037923177085,88.04696400960286,1.5435062552617025
598.6383463541666,-2538.2759602864585,104.17912292480469,1.522633989311184
630.8230387369791,-2532.3070475260415,103.35328420003255,1.5226343772739213
691.8644816080729,-2519.4642740885415,120.35177103678386,1.4994133633898694
724.0224202473959,-2512.5904134114585,118.57437388102214,1.499412813031446
784.5200602213541,-2497.943359375,136.42517598470053,1.4739157751895025
816.624755859375,-2490.170166015625,133.69768778483072,1.4739158871550768
876.5286865234375,-2473.7307942708335,152.38607788085938,1.4462261750797998
908.5536295572916,-2465.0646158854165,148.7107391357422,1.446226225412441
967.814453125,-2446.8465169270835,168.22130330403647,1.4164401134624616
999.7332560221354,-2437.2945963541665,163.60115559895834,1.4164399958495681
1058.3021240234375,-2417.3128255208335,183.91781107584634,1.3846507961521066
1090.0884602864583,-2406.8829752604165,178.35665893554688,1.3846509606923092
1147.9170735677083,-2385.1538899739585,199.462646484375,1.3509636877884004
1179.5447591145833,-2373.8546549479165,192.96508280436197,1.3509632683308752
1237.2404378255208,-2350.3963216145835,211.19012959798178,1.3160804181264236
127.25827280680339,-2591.2294921875,18.53323745727539,1.6036961250345783
159.28120930989584,-2589.844482421875,21.512070020039875,1.6036961063631199
222.6230672200521,-2586.15234375,32.18084271748861,1.5938139691812359
254.72363789876303,-2583.84521484375,34.209842681884766,1.5938138517271394
317.8042805989583,-2578.310791015625,45.801910400390625,1.5813427725678195
349.9560139973958,-2575.08349609375,46.87940343221029,1.5813430838233602
412.7234191894531,-2567.7113444010415,59.38520812988281,1.5663228653183225
444.89980061848956,-2563.5664876302085,59.51030731201172,1.5663227526965033
507.3021952311198,-2554.3627115885415,72.91953531901042,1.5488051045199436
539.4766947428385,-2549.3037923177085,72.09213511149089,1.5488045330666236
601.4626261393229,-2538.2759602864585,86.3937250773112,1.5288437688751713
633.6087036132812,-2532.3070475260415,84.61450958251953,1.5288443863625367
695.1270548502604,-2519.4642740885415,99.79667154947917,1.5065114940093463
727.2182006835938,-2512.5904134114585,97.06710815429688,1.5065116211719736
788.21826171875,-2497.943359375,113.11732228597005,1.4818761059358725
820.22802734375,-2490.170166015625,109.43966166178386,1.4818757394799331
880.6594645182291,-2473.7307942708335,126.34468841552734,1.4550180614025676
912.5614217122396,-2465.0646158854165,121.72195943196614,1.4550182118280894
972.3743896484375,-2446.8465169270835,139.46786244710287,1.426032129090991
1004.1422729492188,-2437.2945963541665,133.9038848876953,1.4260317663437192
1063.2874755859375,-2417.3128255208335,152.4760258992513,1.3950075220510978
1094.8950602213542,-2406.8829752604165,145.97537994384766,1.3950075415009677
1153.32373046875,-2385.1538899739585,165.35844930013022,1.3620484922631786
1184.7449544270833,-2373.8546549479165,157.92650349934897,1.3620492143355112
1240.9068196614583,-2350.3963216145835,187.25982157389322,1.3238000478320169
1188.9045003255208,-2373.8546549479165,122.74921162923177,1.3732245490052675
1157.7173258463542,-2385.1538899739585,131.1090087890625,1.373224739045063
1098.7399495442708,-2406.8829752604165,113.4658915201823,1.4054464940921823
1067.3389078776042,-2417.3128255208335,120.9003168741862,1.40544635307903
1007.6693115234375,-2437.2945963541665,104.08900197347005,1.4356959198680797
976.0802612304688,-2446.8465169270835,110.59192403157552,1.4356958114792078
915.7676595052084,-2465.0646158854165,94.62627410888672,1.4638729373062127
884.0167032877604,-2473.7307942708335,100.1923319498698,1.4638734088387029
823.1108601888021,-2490.170166015625,85.08551279703777,1.4898901559224855
791.2241414388021,-2497.943359375,89.71011352539062,1.4898895849973084
729.7752482096354,-2512.5904134114585,75.47458267211914,1.5136553718589105
697.7790730794271,-2519.4642740885415,79.15391667683919,1.5136553823763257
635.8378499348959,-2532.3070475260415,65.80141576131184,1.5350926134948788
603.7586263020834,-2538.2759602864585,68.53244527180989,1.5350927277802655
541.3761189778646,-2549.3037923177085,56.07398351033529,1.5541344878059367
509.2402648925781,-2554.3627115885415,57.85445785522461,1.5541344395115664
446.46790568033856,-2563.5664876302085,46.30031077067057,1.570713030110936
414.30194091796875,-2567.7113444010415,47.12876001993815,1.5707128406109248
351.19151814778644,-2575.08349609375,36.488454818725586,1.5847770445331995
319.02197265625,-2578.310791015625,36.364197413126625,1.584777150772927
255.62552897135416,-2583.84521484375,26.646509806315105,1.5962783097936215
223.4789276123047,-2586.15234375,25.569648106892902,1.5962783042016377
159.8487345377604,-2589.844482421875,16.78259054819743,1.6051798368460242
127.7515869140625,-2591.2294921875,14.75401242574056,1.6051797828203591
1192.0198567708333,-2373.8546549479165,87.46410878499348,1.384481631514249
1161.0940755208333,-2385.1538899739585,96.74441528320312,1.3844819737746934
1101.6197916666667,-2406.8829752604165,80.8567403157552,1.4159567022643897
1070.4528401692708,-2417.3128255208335,89.21841939290364,1.4159564540401761
1010.3112996419271,-2437.2945963541665,74.18269348144531,1.4454227288423012
978.9288126627604,-2446.8465169270835,81.61885070800781,1.4454226689963199
918.1695963541666,-2465.0646158854165,67.4474728902181,1.472782568023484
886.5974934895834,-2473.7307942708335,73.95197423299153,1.472782680463315
825.2707316080729,-2490.170166015625,60.65663146972656,1.4979506717250302
793.5350545247396,-2497.943359375,66.22411219278972,1.4979509356737761
731.6913248697916,-2512.5904134114585,53.81576792399088,1.5208395952547116
699.8182373046875,-2519.4642740885415,58.441637674967446,1.5208393758257819
637.5085245768229,-2532.3070475260415,46.93052546183268,1.5413738844931033
605.5243123372396,-2538.2759602864585,50.61096954345703,1.5413743455886906
542.8000081380209,-2549.3037923177085,40.00658098856608,1.5594904763477588
510.7310384114583,-2554.3627115885415,42.73856544494629,1.5594903634679718
447.64385986328125,-2563.5664876302085,33.04964637756348,1.5751238698058065
415.51658121744794,-2567.7113444010415,34.83091735839844,1.575123735392007
352.1185709635417,-2575.08349609375,26.065457026163738,1.5882262891934196
319.95947265625,-2578.310791015625,26.89454523722331,1.588226103245816
256.3028971354167,-2583.84521484375,19.05977217356364,1.5987524409044638
224.13849894205728,-2586.15234375,18.935994148254395,1.5987525962269027
160.2758585611979,-2589.844482421875,12.03836997350057,1.606669102577082
128.13269551595053,-2591.2294921875,10.961828072865805,1.6066691073509047
1194.0882568359375,-2373.8546549479165,52.10218302408854,1.3958116089611414
1163.4510498046875,-2385.1538899739585,62.294846852620445,1.3958117111854687
1103.5320638020833,-2406.8829752604165,48.176570892333984,1.4265309400872148
1072.6265869140625,-2417.3128255208335,57.45815785725912,1.426531086997688
1012.0658976236979,-2437.2945963541665,44.211229960123696,1.4552059454730208
980.9175618489584,-2446.8465169270835,52.57408650716146,1.4552060262748525
919.7650756835938,-2465.0646158854165,40.20943133036295,1.481740804586656
888.3995971679688,-2473.7307942708335,47.646660486857094,1.4817406741069359
826.7057698567709,-2490.170166015625,36.174473444620766,1.5060526172771633
795.1490071614584,-2497.943359375,42.6799430847168,1.5060527050446975
732.9647420247396,-2512.5904134114585,32.10968526204427,1.5280572473088814
701.2427368164062,-2519.4642740885415,37.67802937825521,1.528056840527761
638.6192830403646,-2532.3070475260415,28.018416086832683,1.5476823695808775
606.7581583658854,-2538.2759602864585,32.645042419433594,1.547682580219476
543.7471618652344,-2549.3037923177085,23.904041290283203,1.5648673884279274
511.7732238769531,-2554.3627115885415,27.58513577779134,1.564867190515682
448.42664591471356,-2563.5664876302085,19.769954999287922,1.5795505429219445
416.3662516276042,-2567.7113444010415,22.50248114267985,1.5795508260284015
352.73633829752606,-2575.08349609375,15.6195650100708,1.591687111411198
320.6159362792969,-2578.310791015625,17.401269912719727,1.591687129348106
256.75514729817706,-2583.84521484375,11.456294536590576,1.6012344622710428
224.60120646158853,-2586.15234375,12.285708586374918,1.60123441020287
160.5622075398763,-2589.844482421875,7.283576250076294,1.6081624294834684
128.40125783284506,-2591.2294921875,7.1600156625111895,1.6081624910925651
128.55704498291016,-2591.2294921875,3.3519149124622345,1.6096585924785853
160.70753479003906,-2589.844482421875,2.522385170062383,1.6096586081666857
224.86663818359375,-2586.15234375,5.6246324578921,1.6037217332307119
256.98187255859375,-2583.84521484375,3.8427542249361673,1.6037219972413725
320.99078369140625,-2578.310791015625,7.892711400985718,1.5951569405199837
353.0442810058594,-2575.08349609375,5.159954190254211,1.595156721419656
416.85022989908856,-2567.7113444010415,10.154281655947367,1.583990574433845
448.81556193033856,-2563.5664876302085,6.4728991985321045,1.5839907894091438
512.3659159342448,-2554.3627115885415,12.407478054364523,1.5702622415454424
544.2167154947916,-2549.3037923177085,7.780506014823914,1.5702620544087378
607.4590861002604,-2538.2759602864585,14.650442918141684,1.5540136024927302
639.1691080729166,-2532.3070475260415,9.081697225570679,1.5540135659286394
702.0513102213541,-2519.4642740885415,16.88132627805074,1.5353026367035618
733.5943806966146,-2512.5904134114585,10.375398635864258,1.5353020281036593
796.0645751953125,-2497.943359375,19.09828797976176,1.5141873874931362
827.4146931966146,-2490.170166015625,11.66054399808248,1.514188125082012
889.4213663736979,-2473.7307942708335,21.299500306447346,1.4907388884294575
920.5526733398438,-2465.0646158854165,12.936073541641235,1.49073877696501
982.0447184244791,-2446.8465169270835,23.483148018519085,1.465036102848535
1012.9315388997396,-2437.2945963541665,14.200935284296671,1.4650364425699318
1073.8581949869792,-2417.3128255208335,25.647430260976154,1.437160851330983
1104.4750569661458,-2406.8829752604165,15.454086303710938,1.4371603235780432
1164.7861328125,-2385.1538899739585,27.790563106536865,1.407204240828809
1195.1078287760417,-2373.8546549479165,16.694493611653645,1.4072044285124026
1254.8770751953125,-2350.3963216145835,25.582881768544514,1.3758487534135515
128.59991709391275,-2591.2294921875,-0.45913023749987286,1.6111564675022165
160.71170298258463,-2589.844482421875,-2.241021692752838,1.6111564267861151
224.93455505371094,-2586.15234375,-1.041384518146515,1.606212553401025
256.9828847249349,-2583.84521484375,-3.774161418279012,1.6062123674395894
321.0836995442708,-2578.310791015625,-1.6227798859278362,1.5986317901227698
353.0421447753906,-2575.08349609375,-5.304188847541809,1.5986319796282962
416.9680582682292,-2567.7113444010415,-2.2028372287750244,1.5884389333961229
448.8102620442708,-2563.5664876302085,-6.829842209815979,1.5884388881305402
512.5085652669271,-2554.3627115885415,-2.781077822049459,1.5756685634964753
544.2082722981771,-2549.3037923177085,-8.349863211313883,1.5756685966306299
607.6264444986979,-2538.2759602864585,-3.357025067011515,1.5603605886870964
639.1575113932291,-2532.3070475260415,-9.862998406092325,1.560360932703407
702.2432454427084,-2519.4642740885415,-3.9302037556966147,1.5425694980281386
733.5796712239584,-2512.5904134114585,-11.368000268936157,1.5425691785379625
796.2809244791666,-2497.943359375,-4.500141859054565,1.5223497423125725
827.3968505859375,-2490.170166015625,-12.863627592722574,1.5223496749061236
889.6619262695312,-2473.7307942708335,-5.0663685003916425,1.4997687998908638
920.53173828125,-2465.0646158854165,-14.348646720250448,1.499768624384515
982.3093058268229,-2446.8465169270835,-5.628417412439982,1.4749041750972363
1012.9075113932291,-2437.2945963541665,-15.82183345158895,1.474904116927523
1074.1466064453125,-2417.3128255208335,-6.185824712117513,1.4478345105280483
1104.447998046875,-2406.8829752604165,-17.28197209040324,1.4478342711781869
1165.09814453125,-2385.1538899739585,-6.738130569458008,1.4186485295617457
1195.0776774088542,-2373.8546549479165,-18.727859656016033,1.418649597354231
1254.9700113932292,-2350.3963216145835,1.37351655960083,1.3846105382715728
1193.9978434244792,-2373.8546549479165,-54.13376426696777,1.4301358612555144
1164.3867594401042,-2385.1538899739585,-41.26090621948242,1.4301372738870899
1103.4508463541667,-2406.8829752604165,-50.002851486206055,1.4585458359908374
1073.4916178385417,-2417.3128255208335,-38.0136464436849,1.45854467645963
1011.9938557942709,-2437.2945963541665,-45.830705642700195,1.4848023468025036
981.7111409505209,-2446.8465169270835,-34.735040028889976,1.4848026189910888
919.7022908528646,-2465.0646158854165,-41.62076505025228,1.508823049154323
889.12109375,-2473.7307942708335,-31.42778778076172,1.5088230595540497
826.6523030598959,-2490.170166015625,-37.37650108337402,1.5305304975834864
795.7978719075521,-2497.943359375,-28.094619115193684,1.5305304866116627
732.920654296875,-2512.5904134114585,-33.1014149983724,1.549850077510419
701.8183797200521,-2519.4642740885415,-24.73828188578288,1.549849693457967
638.5845540364584,-2532.3070475260415,-28.799031575520832,1.5667179954476738
607.2601114908854,-2538.2759602864585,-21.361544609069824,1.566718167689253
543.7218526204427,-2549.3037923177085,-24.472899436950684,1.581082480464745
512.2010803222656,-2554.3627115885415,-17.967191378275555,1.581082593519418
448.41077677408856,-2563.5664876302085,-20.126585006713867,1.592891934817593
416.71966552734375,-2567.7113444010415,-14.558021227518717,1.592891936859972
352.72991943359375,-2575.08349609375,-15.763673464457193,1.602109773558087
320.8946024576823,-2578.310791015625,-11.13684606552124,1.602109988488348
256.75818888346356,-2583.84521484375,-11.387762228647867,1.608704365737895
224.80491638183594,-2586.15234375,-7.706486543019612,1.6087041914989972
160.57471720377603,-2589.844482421875,-7.00246000289917,1.612654266924832
128.5298334757487,-2591.2294921875,-4.269772052764893,1.6126542302181084
1191.8693440755208,-2373.8546549479165,-89.49212137858073,1.4416570604304275
1162.6527099609375,-2385.1538899739585,-75.74744160970052,1.4416566813040106
1101.4844563802083,-2406.8829752604165,-82.67981211344402,1.4692817093408064
1071.8936767578125,-2417.3128255208335,-69.80808003743489,1.4692822462507407
1010.1913045247396,-2437.2945963541665,-75.79932149251302,1.494722898068211
980.2507120768229,-2446.8465169270835,-63.81115214029948,1.4947226063217627
918.0650431315104,-2465.0646158854165,-68.85632578531902,1.5178939823795121
887.7993367513021,-2473.7307942708335,-57.76160430908203,1.5178934858638085
825.1816813151041,-2490.170166015625,-61.856547037760414,1.5387234037944968
794.6158447265625,-2497.943359375,-51.66442108154297,1.5387241750597598
731.6178588867188,-2512.5904134114585,-54.805755615234375,1.5571401895911687
700.777099609375,-2519.4642740885415,-45.52463150024414,1.5571401106190113
637.4507039388021,-2532.3070475260415,-47.70976893107096,1.5730820004095771
606.3604329427084,-2538.2759602864585,-39.34730211893717,1.5730818026172453
542.7578633626302,-2549.3037923177085,-40.57443936665853,1.5864997410566626
511.4437255859375,-2554.3627115885415,-33.13752365112305,1.586499643665739
447.61744181315106,-2563.5664876302085,-33.405649185180664,1.597346051175832
416.1052652994792,-2567.7113444010415,-26.900418599446613,1.597345937152256
352.10788981119794,-2575.08349609375,-26.209311803181965,1.6055872573692058
320.4236551920573,-2578.310791015625,-20.641130447387695,1.6055873725130556
256.30796813964844,-2583.84521484375,-18.991360982259113,1.6111950000532915
224.47781880696616,-2586.15234375,-14.36482016245524,1.6111950573447436
160.29669189453125,-2589.844482421875,-11.757747968037924,1.614151181847972
128.34686279296875,-2591.2294921875,-8.076663494110107,1.6141512025138416
1188.6939697265625,-2373.8546549479165,-124.7718734741211,1.4531984352201532
1159.8974609375,-2385.1538899739585,-110.16744740804036,1.4531986260512582
1098.5506591796875,-2406.8829752604165,-115.28415425618489,1.4800355282521802
1069.3542887369792,-2417.3128255208335,-101.54119873046875,1.4800354205380428
1007.50146484375,-2437.2945963541665,-105.70136260986328,1.5046540413625318
977.9292602539062,-2446.8465169270835,-92.83121744791667,1.5046542905648386
915.6213989257812,-2465.0646158854165,-96.03140767415364,1.5269729432381418
885.6977742513021,-2473.7307942708335,-84.04468536376953,1.526973241315821
822.9862874348959,-2490.170166015625,-86.28226216634114,1.5469219205951272
792.7359008789062,-2497.943359375,-75.18884531656902,1.5469211842380945
729.6724853515625,-2512.5904134114585,-76.46195983886719,1.5644308141952565
699.1202799479166,-2519.4642740885415,-66.27099609375,1.564430984965474
635.7569580078125,-2532.3070475260415,-66.57860056559245,1.5794443605935542
604.9281412760416,-2538.2759602864585,-57.29849751790365,1.5794444226481215
541.317148844401,-2549.3037923177085,-56.640341440836586,1.591914469585618
510.2371419270833,-2554.3627115885415,-48.27875010172526,1.5919145371766013
446.4309387207031,-2563.5664876302085,-46.655372619628906,1.6017970243915218
415.12537638346356,-2567.7113444010415,-39.21918741861979,1.6017972727094147
351.1765848795573,-2575.08349609375,-36.63193003336588,1.6090615773266048
319.67127482096356,-2578.310791015625,-30.12728500366211,1.6090613933237221
255.63262939453125,-2583.84521484375,-26.57827885945638,1.613682456382024
223.95355733235678,-2586.15234375,-21.010536193847656,1.6136824565315966
159.87787373860678,-2589.844482421875,-16.50270875295003,1.6156455495828972
128.05115763346353,-2591.2294921875,-11.876461346944174,1.6156454931797868
127.64298248291016,-2591.2294921875,-15.665827433268229,1.6171362855870965
159.3186264038086,-2589.844482421875,-21.233174324035645,1.617136280582179
223.2325897216797,-2586.15234375,-27.637798309326172,1.6161645658170536
254.7327626546224,-2583.84521484375,-34.141852060953774,1.616164329209436
318.6381123860677,-2578.310791015625,-39.58697764078776,1.6125286786440995
349.9368387858073,-2575.08349609375,-47.02237319946289,1.6125286349745747
413.78087361653644,-2567.7113444010415,-51.50351079305013,1.6062406885045444
444.8523356119792,-2563.5664876302085,-59.86411921183268,1.6062409151570884
508.58240763346356,-2554.3627115885415,-63.37757237752279,1.5973225268647318
539.4009806315104,-2549.3037923177085,-72.65649668375652,1.5973226234821185
602.9645385742188,-2538.2759602864585,-75.19936879475911,1.5858013457035283
633.5048014322916,-2532.3070475260415,-85.38895924886067,1.5858016092109748
696.8494262695312,-2519.4642740885415,-86.9591547648112,1.571718366502216
727.0862019856771,-2512.5904134114585,-98.05100504557292,1.5717184188307882
790.1596476236979,-2497.943359375,-98.64722696940105,1.5551171815351192
820.0680135091146,-2490.170166015625,-110.63218943277995,1.5551164114239173
882.8182779947916,-2473.7307942708335,-110.25394694010417,1.5360514015613946
912.3735758463541,-2465.0646158854165,-123.1221415201823,1.5360515069126985
974.7489013671875,-2446.8465169270835,-121.76974741617839,1.5145890555017896
1003.9267171223959,-2437.2945963541665,-135.51056416829428,1.5145897749077168
1065.8756510416667,-2417.3128255208335,-133.1851348876953,1.4907971764811774
1094.6519368489583,-2406.8829752604165,-147.78724161783853,1.4907968291606866
1156.1234537760417,-2385.1538899739585,-144.49068705240884,1.4647526293452868
1184.4745279947917,-2373.8546549479165,-159.9420369466146,1.4647526389867798
1244.8237711588542,-2350.3963216145835,-160.58946228027344,1.4370917743336162
127.12269083658855,-2591.2294921875,-19.441433906555176,1.6186218171689772
158.61944834391275,-2589.844482421875,-25.944990793863933,1.6186217511447005
222.31555684407553,-2586.15234375,-34.24078496297201,1.6186386757336009
253.60916137695312,-2583.84521484375,-41.675437927246094,1.6186387779512101
317.32509358723956,-2578.310791015625,-49.01190058390299,1.6159866603945965
348.3897298177083,-2575.08349609375,-57.37151590983073,1.6159867981056586
412.07293701171875,-2567.7113444010415,-63.74259694417318,1.6106740563141841
442.88299560546875,-2563.5664876302085,-73.02028401692708,1.6106738105655718
506.48096720377606,-2554.3627115885415,-78.42073059082031,1.6027187799965184
537.0110371907552,-2549.3037923177085,-88.6088358561198,1.6027189022677433
600.4713134765625,-2538.2759602864585,-93.03419240315755,1.5921462592623155
630.6962280273438,-2532.3070475260415,-104.1243158976237,1.5921457922307247
693.9664916992188,-2519.4642740885415,-107.57093302408855,1.5789929653764574
723.861328125,-2512.5904134114585,-119.55392964680989,1.5789929030543923
786.889404296875,-2497.943359375,-122.01896413167317,1.563301253131224
816.4294840494791,-2490.170166015625,-134.88495127360025,1.5633020984132835
879.1633911132812,-2473.7307942708335,-136.36637115478516,1.5451228900538512
908.3243611653646,-2465.0646158854165,-150.104736328125,1.5451228148763287
970.7123616536459,-2446.8465169270835,-150.60132344563803,1.5245187957711992
999.4701741536459,-2437.2945963541665,-165.20073954264322,1.5245184092679689
1061.4608154296875,-2417.3128255208335,-164.71208699544272,1.5015546383907898
1089.7917887369792,-2406.8829752604165,-180.16051737467447,1.5015544123454843
1151.333984375,-2385.1538899739585,-178.68702189127603,1.4763064722021457
1179.2147216796875,-2373.8546549479165,-194.97172037760416,1.4763072182647865
1241.3412679036458,-2350.3963216145835,-184.54722595214844,1.4465942767957947
1172.919189453125,-2373.8546549479165,-229.83014933268228,1.487851335694845
1145.5332845052083,-2385.1538899739585,-212.72640482584634,1.4878507520031954
1083.9744873046875,-2406.8829752604165,-212.37555948893228,1.5122997465053432
1056.1137288411458,-2417.3128255208335,-196.09437052408853,1.5122997394479663
994.1358235677084,-2437.2945963541665,-194.74581909179688,1.5344324160435177
965.8232421875,-2446.8465169270835,-179.30061848958334,1.5344327113376393
903.4773559570312,-2465.0646158854165,-176.95548502604166,1.554176469519768
874.7362874348959,-2473.7307942708335,-162.35901896158853,1.5541765183181548
812.0738321940104,-2490.170166015625,-159.01923624674478,1.5714692151601044
782.9279988606771,-2497.943359375,-145.28353373209634,1.5714695847818816
720.0006510416666,-2512.5904134114585,-140.95184834798178,1.5862513443793556
690.4740600585938,-2519.4642740885415,-128.0882314046224,1.5862514551595333
627.3336995442709,-2532.3070475260415,-122.76821645100911,1.5984738948049326
597.4507039388021,-2538.2759602864585,-110.78729756673177,1.5984736383789566
534.149424235026,-2549.3037923177085,-104.48334503173828,1.6080985595654853
503.93467203776044,-2554.3627115885415,-93.39500681559245,1.6080984525946909
440.52466837565106,-2563.5664876302085,-86.11231231689453,1.6150917211043467
410.00306193033856,-2567.7113444010415,-75.92569478352864,1.6150916926390175
346.53662109375,-2575.08349609375,-67.67026646931966,1.6194316265387447
315.7333475748698,-2578.310791015625,-58.39377466837565,1.619431538202531
252.26280721028647,-2583.84521484375,-49.17241923014323,1.6211030999149596
221.20325724283853,-2586.15234375,-40.813697814941406,1.6211031771879585
157.78095499674478,-2589.844482421875,-30.634018580118816,1.6201010025202771
126.49075063069661,-2591.2294921875,-23.19996452331543,1.6201010029921574
1165.5934244791667,-2373.8546549479165,-264.48670959472656,1.499375511080264
1138.7263997395833,-2385.1538899739585,-246.57893880208334,1.499376499250883
1077.2050374348958,-2406.8829752604165,-244.404052734375,1.52302401165652
1049.8390299479167,-2417.3128255208335,-227.3044179280599,1.5230232449314436
987.9282836914062,-2437.2945963541665,-224.1198476155599,1.544323314085895
960.0858357747396,-2446.8465169270835,-207.84243774414062,1.544323315831765
897.8368123372396,-2465.0646158854165,-203.65081278483072,1.563205947475002
869.5409138997396,-2473.7307942708335,-188.2090606689453,1.5632057281943084
807.0049438476562,-2490.170166015625,-183.01384480794272,1.5796117096225328
778.2789306640625,-2497.943359375,-168.4204864501953,1.5796117916505101
715.5075887044271,-2512.5904134114585,-162.22595723470053,1.5934841207565704
686.3751424153646,-2519.4642740885415,-148.4930216471354,1.5934837986028905
623.420166015625,-2532.3070475260415,-141.30428568522134,1.6047772987821896
593.9053141276041,-2538.2759602864585,-128.44309743245444,1.6047777431895118
530.8186442057291,-2549.3037923177085,-120.26608530680339,1.6134568447929136
500.9457499186198,-2554.3627115885415,-108.28725179036458,1.6134570423125296
437.77940877278644,-2563.5664876302085,-99.12870788574219,1.6194909709779977
407.5730794270833,-2567.7113444010415,-88.04210662841797,1.6194906154802868
344.37914021809894,-2575.08349609375,-77.90958150227864,1.6228608298187257
313.8642883300781,-2578.310791015625,-67.72435887654622,1.6228611207280583
250.69488016764322,-2583.84521484375,-56.62621053059896,1.6235557362841042
219.89667256673178,-2586.15234375,-47.350762685139976,1.623555557658266
156.8038787841797,-2589.844482421875,-35.29614003499349,1.6215725328414436
125.74771118164062,-2591.2294921875,-26.938117345174152,1.6215724727311855
1157.2439371744792,-2373.8546549479165,-298.9109802246094,1.5108683207579394
1130.9193522135417,-2385.1538899739585,-280.21490478515625,1.5108676981754323
1069.4894409179688,-2406.8829752604165,-276.21788533528644,1.5337125284412738
1042.6421508789062,-2417.3128255208335,-258.31480407714844,1.5337132758124403
980.8529866536459,-2437.2945963541665,-253.2970174153646,1.5541804133811195
953.505126953125,-2446.8465169270835,-236.20169576009116,1.5541804060201416
891.4076538085938,-2465.0646158854165,-230.16727193196616,1.5722020728572208
863.581787109375,-2473.7307942708335,-213.893798828125,1.57220181963882
801.2272338867188,-2490.170166015625,-206.84771728515625,1.587721853197361
772.9462890625,-2497.943359375,-191.40951538085938,1.5877218587776596
710.3860677083334,-2512.5904134114585,-183.35758463541666,1.600686213061726
681.6733805338541,-2519.4642740885415,-168.76738484700522,1.6006863719797881
618.9590861002604,-2532.3070475260415,-159.71624247233072,1.6110528224454388
589.8383178710938,-2538.2759602864585,-145.98607889811197,1.6110523076005494
527.0216573079427,-2549.3037923177085,-135.9431915283203,1.6187883636760974
497.51683553059894,-2554.3627115885415,-123.08438618977864,1.6187885413191416
434.6496276855469,-2563.5664876302085,-112.0580342610677,1.6238666625504523
404.78509521484375,-2567.7113444010415,-100.08118947347005,1.6238670883849005
341.91917928059894,-2575.08349609375,-88.0804672241211,1.6262715066062103
311.7195536295573,-2578.310791015625,-76.9954605102539,1.6262711715991744
248.9067586263021,-2583.84521484375,-64.03026453653972,1.625993670234659
218.39693705240884,-2586.15234375,-53.84623718261719,1.6259937701501115
155.68907419840494,-2589.844482421875,-39.927260080973305,1.6230351213867835
124.89422353108723,-2591.2294921875,-30.652610778808594,1.6230351220671562
123.93103535970052,-2591.2294921875,-34.34018007914225,1.6244873470451175
154.4375228881836,-2589.844482421875,-44.52331097920736,1.624487380331144
216.70538330078125,-2586.15234375,-60.29441833496094,1.6284154834520175
246.90001424153647,-2583.84521484375,-71.37808100382487,1.6284156209345022
309.30101521809894,-2578.310791015625,-86.19893391927083,1.6296598720660307
339.1588948567708,-2575.08349609375,-98.17398834228516,1.6296595086003665
401.64159138997394,-2567.7113444010415,-112.03236643473308,1.6282157725541873
431.1381022135417,-2563.5664876302085,-124.8889389038086,1.628215949865479
493.6509602864583,-2554.3627115885415,-137.7734120686849,1.6240894608914584
522.7617696126302,-2549.3037923177085,-151.50089518229166,1.6240895121863232
585.2532348632812,-2538.2759602864585,-163.40083821614584,1.6172929535786276
613.9543253580729,-2532.3070475260415,-177.9879150390625,1.617293124312719
676.3728637695312,-2519.4642740885415,-188.89351908365884,1.6078507008308527
704.6405843098959,-2512.5904134114585,-204.32816060384116,1.6078506267985917
766.9347330729166,-2497.943359375,-214.23042805989584,1.595791947735917
794.7457682291666,-2490.170166015625,-230.49990844726562,1.5957918609330732
856.8641357421875,-2473.7307942708335,-239.3906707763672,1.5811561245373107
884.195556640625,-2465.0646158854165,-256.4815673828125,1.5811557057535854
946.0869344075521,-2446.8465169270835,-264.3534901936849,1.5639938594254756
972.9161987304688,-2437.2945963541665,-282.25171915690106,1.5639941905095245
1034.529541015625,-2417.3128255208335,-289.09832763671875,1.5443602025284153
1060.8345336914062,-2406.8829752604165,-307.78912353515625,1.5443599112129995
1122.1190185546875,-2385.1538899739585,-313.60475667317706,1.522317828225897
1147.8780110677083,-2373.8546549479165,-333.07269287109375,1.5223178430328614
1207.3023274739583,-2350.3963216145835,-343.2186787923177,1.4984389233372533
122.85899353027344,-2591.2294921875,-37.997589111328125,1.6259281288578202
153.05032094319662,-2589.844482421875,-49.08025677998861,1.6259281063515858
214.82348124186197,-2586.15234375,-66.68964131673177,1.6308186772469715
244.67640686035156,-2583.84521484375,-78.66320419311523,1.6308185707712786
306.61081949869794,-2578.310791015625,-95.32669830322266,1.6330229809092753
336.10072835286456,-2575.08349609375,-108.18128204345703,1.633023093944976
398.1453145345052,-2567.7113444010415,-123.88514455159505,1.6325343832290709
427.2478841145833,-2563.5664876302085,-137.61014811197916,1.6325342696450775
489.3514811197917,-2554.3627115885415,-152.34142557779947,1.6293541811697578
518.042714436849,-2549.3037923177085,-166.92553202311197,1.6293541644899334
580.1540934244791,-2538.2759602864585,-180.67207845052084,1.6234924937884216
608.4103190104166,-2532.3070475260415,-196.10326131184897,1.6234924276736287
670.478271484375,-2519.4642740885415,-208.8537394205729,1.6149700601467314
698.2762044270834,-2512.5904134114585,-225.11927286783853,1.6149701521017739
760.2495524088541,-2497.943359375,-236.86317443847656,1.6038139034688887
787.5662638346354,-2490.170166015625,-253.94964090983072,1.6038138505482462
849.3939005533854,-2473.7307942708335,-264.6772715250651,1.590059958544938
876.2068481445312,-2465.0646158854165,-282.5705871582031,1.590060339419636
937.8377685546875,-2446.8465169270835,-292.2731119791667,1.573756657726024
964.1248575846354,-2437.2945963541665,-310.95851643880206,1.573756277569104
1025.508280436198,-2417.3128255208335,-319.62791951497394,1.5549540195321152
1051.2478434244792,-2406.8829752604165,-339.0900065104167,1.5549542603684439
1112.3330891927083,-2385.1538899739585,-346.7191467285156,1.5337148920107702
1137.5038655598958,-2373.8546549479165,-366.9418640136719,1.5337144623168686
1200.3207600911458,-2350.3963216145835,-366.3996887207031,1.5083485911949412
1126.130615234375,-2373.8546549479165,-400.4887390136719,1.5450463547206101
1101.5701497395833,-2385.1538899739585,-379.5290120442708,1.5450463940307144
1040.73779296875,-2406.8829752604165,-370.0930582682292,1.5654843666492215
1015.5862630208334,-2417.3128255208335,-349.87677001953125,1.5654844793341929
954.4867146809896,-2437.2945963541665,-339.3921712239583,1.5834570450346008
928.7648722330729,-2446.8465169270835,-319.9360046386719,1.5834568358632344
867.4485270182291,-2465.0646158854165,-308.4114176432292,1.5989051466702255
841.1775919596354,-2473.7307942708335,-289.7314046223958,1.5989053628534189
779.6950276692709,-2490.170166015625,-277.1763203938802,1.6117808842853698
752.8966471354166,-2497.943359375,-259.2878723144531,1.6117804344898787
691.2985229492188,-2512.5904134114585,-245.71265665690103,1.6220384237696381
663.9947916666666,-2519.4642740885415,-228.63052368164062,1.622038705677248
602.3319295247396,-2532.3070475260415,-214.0463612874349,1.6296457780591795
574.5453898111979,-2538.2759602864585,-197.78463236490884,1.629646047306995
512.868642171224,-2549.3037923177085,-182.20355733235678,1.6345782194760299
484.6221923828125,-2554.3627115885415,-166.77563985188803,1.6345779285926791
422.98241170247394,-2563.5664876302085,-150.2104949951172,1.6368177272859539
394.29933675130206,-2567.7113444010415,-135.62910970052084,1.6368175569520438
332.7473551432292,-2575.08349609375,-118.0935567220052,1.6363581026576972
303.6513163248698,-2578.310791015625,-104.37073262532552,1.6363583074782297
242.23790486653647,-2583.84521484375,-85.87923431396484,1.6332009759883546
212.7529042561849,-2586.15234375,-73.02628962198894,1.6332007945074016
151.52869669596353,-2589.844482421875,-53.59409205118815,1.627355779701476
121.67903900146484,-2591.2294921875,-41.62162208557129,1.6273559044905486
1113.7682291666667,-2373.8546549479165,-433.68385823567706,1.5563024024303511
1089.8396809895833,-2385.1538899739585,-412.0055236816406,1.5563016103338454
1029.3136596679688,-2406.8829752604165,-400.77105712890625,1.5759405399533946
1004.7722371419271,-2417.3128255208335,-379.8183186848958,1.5759406634023576
944.0102132161459,-2437.2945963541665,-367.5277506510417,1.5930864782024505
918.876220703125,-2446.8465169270835,-347.31789143880206,1.5930865925732056
857.9283243815104,-2465.0646158854165,-333.9813639322917,1.6076831971168806
832.2224731445312,-2473.7307942708335,-314.5310567220052,1.6076830435061717
771.1389567057291,-2490.170166015625,-300.15955607096356,1.6196845710313195
744.8824462890625,-2497.943359375,-281.4848327636719,1.6196846693497962
683.7136637369791,-2512.5904134114585,-266.09022013346356,1.629049395591719
656.9281209309896,-2519.4642740885415,-248.20649210611978,1.6290492747173875
595.7245076497396,-2532.3070475260415,-231.80146280924478,1.6357467709522089
568.4320475260416,-2538.2759602864585,-214.7234649658203,1.635746816842432
507.2440999348958,-2549.3037923177085,-197.32154337565103,1.639755971001265
479.4672342936198,-2554.3627115885415,-181.06336466471353,1.6397562637828322
418.3454081217448,-2563.5664876302085,-162.67890421549478,1.6410627281255816
390.10703531901044,-2567.7113444010415,-147.2539520263672,1.6410626841904805
329.1017252604167,-2575.08349609375,-127.90210723876953,1.6396625377535536
300.4251200358073,-2578.310791015625,-113.3230972290039,1.639662292070042
239.58663940429688,-2583.84521484375,-93.01983388264973,1.635560312834454
210.4954630533854,-2586.15234375,-79.29879506429036,1.6355603761923647
149.87398529052734,-2589.844482421875,-58.06085713704427,1.6287695365382635
120.39221954345703,-2591.2294921875,-45.20909881591797,1.628769478355723
1100.4275716145833,-2373.8546549479165,-466.49805704752606,1.5674699941173598
1077.1519368489583,-2385.1538899739585,-444.1201578776042,1.5674705721577122
1016.9854329427084,-2406.8829752604165,-431.09703572591144,1.5863136408690013
993.0757039388021,-2417.3128255208335,-409.42626953125,1.5863133352971401
932.7045694986979,-2437.2945963541665,-395.34051513671875,1.6026361376139175
908.1805013020834,-2446.8465169270835,-374.3947347005208,1.6026359448284888
847.6545817057291,-2465.0646158854165,-359.2579650878906,1.6163853725447948
822.5363972981771,-2473.7307942708335,-339.05445353190106,1.616385308863007
761.9055786132812,-2490.170166015625,-322.87916056315106,1.6275181386357231
736.2139892578125,-2497.943359375,-303.4345703125,1.6275183198157976
675.5282592773438,-2512.5904134114585,-286.2340799967448,1.6359957206252895
649.2844441731771,-2519.4642740885415,-267.564453125,1.6359956921554772
588.5938517252604,-2532.3070475260415,-249.35296122233072,1.6417902226807644
561.8194580078125,-2538.2759602864585,-231.47369893391928,1.6417899669847007
501.17406209309894,-2549.3037923177085,-212.2662150065104,1.6448833624765877
473.8911641438802,-2554.3627115885415,-195.19205729166666,1.6448833304268813
413.3409729003906,-2563.5664876302085,-175.00442504882812,1.6452644980685365
385.57208251953125,-2567.7113444010415,-158.74945068359375,1.6452646440237484
325.1670328776042,-2575.08349609375,-137.59831746419272,1.6429324403089736
296.93504842122394,-2578.310791015625,-122.1759262084961,1.6429323167222587
236.72493998209634,-2583.84521484375,-100.07873280843098,1.6378947284226502
208.05313618977866,-2586.15234375,-85.50165049235027,1.637894957998559
148.08762868245444,-2589.844482421875,-62.47662226359049,1.6301679171407344
118.99965413411458,-2591.2294921875,-48.75686772664388,1.6301678443530667
117.5025634765625,-2591.2294921875,-52.26180903116862,1.6315495152653696
146.17120107014975,-2589.844482421875,-66.83751424153645,1.6315494857253334
205.42807006835938,-2586.15234375,-91.62940979003906,1.6402021208599138
233.65530904134116,-2583.84521484375,-107.0497309366862,1.6402023660121698
293.1841634114583,-2578.310791015625,-130.92144521077475,1.6461657308631408
320.9467264811198,-2575.08349609375,-147.17366790771484,1.6461655002837292
380.698486328125,-2567.7113444010415,-170.1055145263672,1.6494204287498158
407.97349039713544,-2563.5664876302085,-187.17623392740884,1.6494203530400762
467.8988749186198,-2554.3627115885415,-209.14930216471353,1.6499557885329672
494.663818359375,-2549.3037923177085,-227.02444966634116,1.6499557311385284
554.7133992513021,-2538.2759602864585,-248.02062479654947,1.647769936465973
580.9462076822916,-2532.3070475260415,-266.6854553222656,1.6477698258036444
641.0704752604166,-2519.4642740885415,-286.6874186197917,1.6428706495282084
666.74951171875,-2512.5904134114585,-306.1265360514323,1.6428711160948453
726.8988850911459,-2497.943359375,-325.11778767903644,1.6352741957019703
752.0029907226562,-2490.170166015625,-345.3151550292969,1.6352738438647243
812.1278686523438,-2473.7307942708335,-363.28003946940106,1.6250035309101891
836.6363321940104,-2465.0646158854165,-384.21901448567706,1.6250032276685429
896.6871134440104,-2446.8465169270835,-401.14272054036456,1.61209537591107
920.5797322591146,-2437.2945963541665,-422.8060302734375,1.6120953213685678
980.5069173177084,-2417.3128255208335,-438.6745910644531,1.5965905577991844
1003.7639567057291,-2406.8829752604165,-461.04437255859375,1.5965912656171812
1063.5181070963542,-2385.1538899739585,-475.84471638997394,1.578540499696453
1086.1204020182292,-2373.8546549479165,-498.9025370279948,1.5785401585000307
1143.1407063802083,-2350.3963216145835,-518.2747497558594,1.5584346441704928
115.90226745605469,-2591.2294921875,-55.72085189819336,1.6329133111453185
144.1263910929362,-2589.844482421875,-71.13970057169597,1.6329132379929099
202.62256368001303,-2586.15234375,-97.6766840616862,1.6424801757191168
230.38045247395834,-2583.84521484375,-113.92669932047527,1.6424801768131372
289.17576090494794,-2578.310791015625,-139.55196889241537,1.6493582339512576
316.4445393880208,-2575.08349609375,-156.6197509765625,1.6493581421015175
375.4905090332031,-2567.7113444010415,-181.31216939290366,1.6535253922095028
402.24767049153644,-2563.5664876302085,-199.18364461263022,1.653525679910562
461.49559529622394,-2554.3627115885415,-222.92285664876303,1.6549679525400685
487.7190856933594,-2549.3037923177085,-241.58328755696616,1.654967848497111
547.1201171875,-2538.2759602864585,-264.34971110026044,1.6536805150307694
572.7882893880209,-2532.3070475260415,-283.78370157877606,1.653680984136299
632.2934163411459,-2519.4642740885415,-305.5585632324219,1.6496687866570787
657.3851318359375,-2512.5904134114585,-325.7500915527344,1.6496681610063597
716.9453328450521,-2497.943359375,-346.5154317220052,1.6429437738173784
741.4399007161459,-2490.170166015625,-367.4478454589844,1.6429441307097437
801.0060221354166,-2473.7307942708335,-387.18654378255206,1.6335293151308339
824.8832194010416,-2465.0646158854165,-408.84259033203125,1.633529313715271
884.4061482747396,-2446.8465169270835,-427.5383707682292,1.6214567910070665
907.6463012695312,-2437.2945963541665,-449.9001871744792,1.6214565731480257
967.0769246419271,-2417.3128255208335,-467.5376281738281,1.6067641585419297
989.6608479817709,-2406.8829752604165,-490.5867614746094,1.6067640641199814
1048.950174967448,-2385.1538899739585,-507.1513264973958,1.5895003835431816
1070.8593139648438,-2373.8546549479165,-530.8687947591146,1.589499714839644
1132.8130696614583,-2350.3963216145835,-540.1708984375,1.5683943266004288
114.20017496744792,-2591.2294921875,-59.13094965616862,1.6342578963740981
141.95498911539713,-2589.844482421875,-75.37940216064453,1.6342580007416698
199.63909403483072,-2586.15234375,-103.63816833496094,1.6447271171595887
226.90324910481772,-2583.84521484375,-120.70360819498698,1.6447269726667024
284.91338602701825,-2578.310791015625,-148.05992126464844,1.6525081321879445
311.6644032796224,-2575.08349609375,-165.92827351888022,1.652508366245874
369.9527180989583,-2567.7113444010415,-192.35957845052084,1.6575769160228182
396.1685282389323,-2563.5664876302085,-211.01611328125,1.6575766857804453
454.6869710286458,-2554.3627115885415,-236.5006103515625,1.6599151442178823
480.34596761067706,-2549.3037923177085,-255.92993672688803,1.659915357852238
539.0462544759115,-2538.2759602864585,-280.4466044108073,1.6595164778992078
564.1272684733073,-2532.3070475260415,-300.63270060221356,1.659515895230596
622.9610188802084,-2519.4642740885415,-324.1613260904948,1.6563810861999626
647.4433797200521,-2512.5904134114585,-345.08754475911456,1.6563816166402434
706.362060546875,-2497.943359375,-367.6087239583333,1.650521096104971
730.2255655924479,-2490.170166015625,-389.2578125,1.650520847504692
789.1806030273438,-2473.7307942708335,-410.7529805501302,1.6419533179992805
812.4055786132812,-2465.0646158854165,-433.1070861816406,1.6419533668702733
871.3483479817709,-2446.8465169270835,-453.5585123697917,1.630708756777448
893.9156494140625,-2437.2945963541665,-476.5991923014323,1.6307087683792805
952.7975260416666,-2417.3128255208335,-495.99000040690106,1.6168222560066166
974.6885172526041,-2406.8829752604165,-519.6982625325521,1.6168219419469425
1033.4609781901042,-2385.1538899739585,-538.0124918619791,1.6003395416915838
1054.6576538085938,-2373.8546549479165,-562.3687947591146,1.600340002083233
1107.2147623697917,-2350.3963216145835,-591.0808512369791,1.5813202802618853
112.39777374267578,-2591.2294921875,-62.489112854003906,1.6355822541670397
139.65890502929688,-2589.844482421875,-79.55289713541667,1.6355822335954122
196.48027547200522,-2586.15234375,-109.50862630208333,1.6469403505459463
223.22675577799478,-2583.84521484375,-127.37449645996094,1.6469404515940829
280.40074666341144,-2578.310791015625,-156.43783060709634,1.6556121562130666
306.6105194091797,-2575.08349609375,-175.09105936686197,1.6556120303565272
364.08998616536456,-2567.7113444010415,-203.238037109375,1.6615696245302485
389.74144490559894,-2563.5664876302085,-222.66323852539062,1.6615695717863357
447.47898356119794,-2554.3627115885415,-249.87064107259116,1.6647926590668833
472.55096435546875,-2549.3037923177085,-270.0517883300781,1.6647928198793605
530.4989624023438,-2538.2759602864585,-296.29718017578125,1.6652713578437754
554.9707946777344,-2532.3070475260415,-317.21764119466144,1.6652713799739027
613.0814615885416,-2519.4642740885415,-342.47938028971356,1.6630037512456923
636.9329630533854,-2512.5904134114585,-364.1218973795573,1.6630034535785816
695.1583862304688,-2497.943359375,-388.379150390625,1.6579970194207683
718.3698933919271,-2490.170166015625,-410.7258809407552,1.65799727967216
776.6620483398438,-2473.7307942708335,-433.9586486816406,1.6502680835499957
799.2143961588541,-2465.0646158854165,-456.9911600748698,1.6502683780155383
857.5252278645834,-2446.8465169270835,-479.18027750651044,1.6398434167381923
879.3998413085938,-2437.2945963541665,-502.87957763671875,1.6398434555316181
937.6812540690104,-2417.3128255208335,-524.0067545572916,1.6267553635857586
958.8600870768229,-2406.8829752604165,-548.3533121744791,1.6267549206008292
1017.0640258789062,-2385.1538899739585,-568.401123046875,1.6110466944697863
1037.5296223958333,-2373.8546549479165,-593.3748372395834,1.6110471470569367
1095.6080729166667,-2350.3963216145835,-612.3267211914062,1.5927752536865318
110.4966557820638,-2591.2294921875,-65.79238891601562,1.6368851618933924
137.2401555379232,-2589.844482421875,-83.65651957194011,1.6368851544343002
193.14888509114584,-2586.15234375,-115.28289794921875,1.6491185486122397
219.35419209798178,-2583.84521484375,-133.93351236979166,1.649118470624177
275.64183553059894,-2578.310791015625,-164.67833964029947,1.6586672536611746
301.28733825683594,-2575.08349609375,-184.10005696614584,1.6586674382017443
357.90748087565106,-2567.7113444010415,-213.93797810872397,1.665501279027156
382.97203572591144,-2563.5664876302085,-234.11478169759116,1.6655012354637067
439.8779805501302,-2554.3627115885415,-263.0211893717448,1.6695966454257054
464.3409118652344,-2549.3037923177085,-283.9364420572917,1.669596413305875
521.4857279459635,-2538.2759602864585,-311.8875020345052,1.6709405598944103
545.3268636067709,-2532.3070475260415,-333.5239562988281,1.670940809665772
602.6634318033854,-2519.4642740885415,-360.4966125488281,1.6695291254475206
625.8631184895834,-2512.5904134114585,-382.83642578125,1.6695289240608073
683.3441569010416,-2497.943359375,-408.8084411621094,1.6653660536163173
705.8832397460938,-2490.170166015625,-431.83319091796875,1.665366336233423
763.4613240559896,-2473.7307942708335,-456.78314208984375,1.658465565721875
785.3212280273438,-2465.0646158854165,-480.4738464355469,1.6584653505952363
842.9489135742188,-2446.8465169270835,-504.38116455078125,1.6488507308914986
864.1116333007812,-2437.2945963541665,-528.7182820638021,1.6488507216982757
921.7413940429688,-2417.3128255208335,-551.5632527669271,1.6365525317187553
942.189453125,-2406.8829752604165,-576.5267130533854,1.6365528544887307
999.7737426757812,-2385.1538899739585,-598.2904866536459,1.6216112830356302
1019.4902954101562,-2373.8546549479165,-623.8597005208334,1.6216107268600906
1083.3769124348958,-2350.3963216145835,-633.2193196614584,1.601050468614498
1000.5555419921875,-2373.8546549479165,-653.7966105143229,1.6320209259140213
981.6053466796875,-2385.1538899739585,-627.6543579101562,1.6320205659066445
924.6912841796875,-2406.8829752604165,-604.1937255859375,1.6462039970157936
904.991943359375,-2417.3128255208335,-578.6352945963541,1.6462037711839563
848.0644938151041,-2437.2945963541665,-554.0925903320312,1.6577216568562603
827.6322428385416,-2446.8465169270835,-529.1390380859375,1.657721714020211
770.7383219401041,-2465.0646158854165,-503.5345153808594,1.6665361611727885
749.5900268554688,-2473.7307942708335,-479.20644124348956,1.6665363864546732
692.7765706380209,-2490.170166015625,-452.56121826171875,1.67261964827114
670.9296875,-2497.943359375,-428.87867228190106,1.672619863069509
614.2435302734375,-2512.5904134114585,-401.21471150716144,1.6759507063540966
591.7160441080729,-2519.4642740885415,-378.1972147623698,1.6759507058819605
535.2039388020834,-2532.3070475260415,-349.53733317057294,1.676518639213137
512.0144449869791,-2538.2759602864585,-327.2038879394531,1.6765185511597969
455.72300211588544,-2549.3037923177085,-297.57171630859375,1.674321510812173
431.89060465494794,-2554.3627115885415,-275.9407246907552,1.674321678645433
375.8662414550781,-2563.5664876302085,-245.3606974283854,1.669367303446743
351.4106038411458,-2567.7113444010415,-224.45000712076822,1.669367086627915
295.69952392578125,-2575.08349609375,-192.94734700520834,1.6616708946119856
270.64081319173175,-2578.310791015625,-172.77420043945312,1.6616710274057718
215.2889658610026,-2583.84521484375,-140.37488810221353,1.6512593447188184
189.6478474934896,-2586.15234375,-120.95591735839844,1.6512591932835141
134.70086415608725,-2589.844482421875,-87.68666330973308,1.6381652811366696
108.49847920735677,-2591.2294921875,-69.03787994384766,1.6381653714751854
980.741943359375,-2373.8546549479165,-683.1592610677084,1.6422653453393703
962.5747680664062,-2385.1538899739585,-656.4669392903646,1.6422651678106146
906.3809204101562,-2406.8829752604165,-631.3300577799479,1.6557002840497423
887.4476318359375,-2417.3128255208335,-605.1990966796875,1.655700349602366
831.2724405924479,-2437.2945963541665,-578.9802449544271,1.666448177490987
811.5886433919271,-2446.8465169270835,-553.4321695963541,1.6664480395588543
755.4784342447916,-2465.0646158854165,-526.1529337565104,1.6744733415365853
735.0603637695312,-2473.7307942708335,-501.2088317871094,1.6744734659794247
679.0614217122396,-2490.170166015625,-472.89174397786456,1.6797509677904288
657.9259236653646,-2497.943359375,-448.57220458984375,1.6797510199075487
602.0844319661459,-2512.5904134114585,-419.24059041341144,1.6822623026186478
580.2489217122396,-2519.4642740885415,-395.5656433105469,1.6822622505752962
524.6109313964844,-2532.3070475260415,-365.2437032063802,1.6819995237593455
502.0934346516927,-2538.2759602864585,-342.23288981119794,1.6819994125243896
446.70482381184894,-2549.3037923177085,-310.9456278483073,1.6789631710612012
423.5238850911458,-2554.3627115885415,-288.61789957682294,1.6789630543757166
368.43031819661456,-2563.5664876302085,-256.39111328125,1.6731639637794573
344.6050720214844,-2567.7113444010415,-234.76490275065103,1.6731639966139606
289.85199483235675,-2575.08349609375,-201.62517801920572,1.6646200771117101
265.40208435058594,-2578.310791015625,-180.71831258138022,1.6646200194989427
211.0346425374349,-2583.84521484375,-146.6929677327474,1.6533606427631728
185.98023478190103,-2586.15234375,-126.52268981933594,1.653360790288469
132.04326375325522,-2589.844482421875,-91.63978703816731,1.639421734116543
106.40501149495442,-2591.2294921875,-72.22273127237956,1.6394216464842515
960.0669555664062,-2373.8546549479165,-711.921875,1.6523330977051378
942.69873046875,-2385.1538899739585,-684.7029215494791,1.652333181931943
887.2744547526041,-2406.8829752604165,-657.9118855794271,1.6650304980294879
869.1238199869791,-2417.3128255208335,-631.2313435872396,1.6650304878056663
813.7502644856771,-2437.2945963541665,-603.3593343098959,1.6750196049929797
794.8321736653646,-2446.8465169270835,-577.2391967773438,1.6750196788566127
739.5549926757812,-2465.0646158854165,-548.3092041015625,1.6822679149347333
719.8850504557291,-2473.7307942708335,-522.7710164388021,1.6822678540361529
664.7498575846354,-2490.170166015625,-492.8069152832031,1.6867523600691898
644.3442993164062,-2497.943359375,-467.8717447916667,1.6867519926224859
589.3965454101562,-2512.5904134114585,-436.8982442220052,1.6884571668081063
568.2721761067709,-2519.4642740885415,-412.5866292317708,1.6884571157262127
513.5571695963541,-2532.3070475260415,-380.62926228841144,1.687377762424145
491.73143513997394,-2538.2759602864585,-356.96128336588544,1.687378144683708
437.29430135091144,-2549.3037923177085,-324.0464172363281,1.6835172255721882
414.7851867675781,-2554.3627115885415,-301.0415751139323,1.683517057067058
360.6708068847656,-2563.5664876302085,-267.1963348388672,1.6768882331473813
337.4968770345052,-2567.7113444010415,-244.87360127766928,1.6768882288127094
283.7498830159505,-2575.08349609375,-210.12591044108072,1.6675120955438376
259.9302469889323,-2578.310791015625,-188.50369771321616,1.6675122255806913
206.59496561686197,-2583.84521484375,-152.882204691569,1.655420966458809
182.1492716471354,-2586.15234375,-131.97834014892578,1.6554209240738227
129.26968129475912,-2589.844482421875,-95.51242192586263,1.6406530949479197
104.21808115641277,-2591.2294921875,-75.34414672851562,1.6406531476789485
101.93961334228516,-2591.2294921875,-78.39938735961914,1.6418584522264494
126.38255818684895,-2589.844482421875,-99.30116780598958,1.6418584760629868
178.15832010904947,-2586.15234375,-137.3180669148763,1.6574380907850796
201.97382609049478,-2583.84521484375,-158.9371592203776,1.6574380514858191
254.23010762532553,-2578.310791015625,-196.1235097249349,1.6703444160246672
277.39853922526044,-2575.08349609375,-218.44208272298178,1.6703445371451238
330.0922444661458,-2567.7113444010415,-254.76721700032553,1.6805366092939507
352.59449259440106,-2563.5664876302085,-277.76686604817706,1.6805365459933368
405.6821695963542,-2554.3627115885415,-313.20082600911456,1.6879792567257885
427.4996846516927,-2549.3037923177085,-336.8625895182292,1.6879790385795996
480.9375508626302,-2538.2759602864585,-371.37615966796875,1.6926491935258214
502.0523376464844,-2532.3070475260415,-395.68052164713544,1.692649237829534
555.7963256835938,-2519.4642740885415,-429.2452392578125,1.6945304514730326
576.1909586588541,-2512.5904134114585,-454.1721598307292,1.6945307774674445
630.1967366536459,-2497.943359375,-486.7603352864583,1.6936175601540238
649.8544108072916,-2490.170166015625,-512.2892354329427,1.693617245508062
704.0774739583334,-2473.7307942708335,-543.8740030924479,1.6899120688683673
722.9819946289062,-2465.0646158854165,-569.9838663736979,1.6899120574027184
777.3776041666666,-2446.8465169270835,-600.5392049153646,1.6834279283290021
795.5133463541666,-2437.2945963541665,-627.2084757486979,1.6834283406603585
850.0366414388021,-2417.3128255208335,-656.7091471354166,1.6741857764552717
867.388671875,-2406.8829752604165,-683.9158325195312,1.6741854314628057
921.9947102864584,-2385.1538899739585,-712.3375244140625,1.6622144615281902
938.5487263997396,-2373.8546549479165,-740.0592041015625,1.6622142894399843
992.8186848958334,-2350.3963216145835,-767.8712972005209,1.6476153491920336
99.57160949707031,-2591.2294921875,-81.38576761881511,1.6430366127928022
123.38442993164062,-2589.844482421875,-103.00269571940105,1.6430366402407586
174.0108846028646,-2586.15234375,-142.5371882120768,1.659410177839775
197.17528788248697,-2583.84521484375,-164.85252126057944,1.6594101454966095
248.3066609700521,-2578.310791015625,-203.5710652669271,1.6731141020787672
270.8035481770833,-2575.08349609375,-226.56639607747397,1.6731140613187834
322.3976745605469,-2567.7113444010415,-264.4370625813802,1.68410479064136
344.20848592122394,-2563.5664876302085,-288.0934346516927,1.6841048948535338
396.2228190104167,-2554.3627115885415,-325.0850016276042,1.6923446514656366
417.32957967122394,-2549.3037923177085,-349.3829040527344,1.6923446210289212
469.7212320963542,-2538.2759602864585,-385.46485392252606,1.6978077635071926
490.1065165201823,-2532.3070475260415,-410.3842366536458,1.697808067771667
542.8322550455729,-2519.4642740885415,-445.5268249511719,1.700475383467659
562.4792683919271,-2512.5904134114585,-471.0471496582031,1.7004751310120423
615.4956461588541,-2497.943359375,-505.2213846842448,1.70033859599697
634.38818359375,-2490.170166015625,-531.3216145833334,1.7003384484029689
687.6514689127604,-2473.7307942708335,-564.4993286132812,1.697398044428123
705.7739664713541,-2465.0646158854165,-591.1579386393229,1.6973979717515955
759.240234375,-2446.8465169270835,-623.3117472330729,1.6916640075088187
776.5777180989584,-2437.2945963541665,-650.5067342122396,1.6916639935566418
830.2028605143229,-2417.3128255208335,-681.6101481119791,1.6831547276862449
846.7410481770834,-2406.8829752604165,-709.3191121419271,1.6831548482756427
900.4808756510416,-2385.1538899739585,-739.3464762369791,1.671897881999396
916.2061360677084,-2373.8546549479165,-767.5465291341146,1.67189807556278
977.6368611653646,-2350.3963216145835,-786.7290242513021,1.6556396319602125
893.0588175455729,-2373.8546549479165,-794.3597005208334,1.6813731994560797
878.1761271158854,-2385.1538899739585,-765.7060343424479,1.6813732266908732
825.3497111002604,-2406.8829752604165,-734.099365234375,1.6919296441858516
809.639892578125,-2417.3128255208335,-705.9124959309896,1.6919298964700031
756.9600016276041,-2437.2945963541665,-673.233642578125,1.699719916251419
740.4360148111979,-2446.8465169270835,-645.5368448893229,1.6997197175868117
687.946044921875,-2465.0646158854165,-611.8127644856771,1.7047182469855768
670.6214803059896,-2473.7307942708335,-584.6288452148438,1.7047183902714784
618.36474609375,-2490.170166015625,-549.8873291015625,1.7069094497793926
600.2539469401041,-2497.943359375,-523.2387084960938,1.706909371821554
548.2735595703125,-2512.5904134114585,-487.50841267903644,1.7062852805274784
529.3914184570312,-2519.4642740885415,-461.4170837402344,1.7062852340272046
477.73021443684894,-2532.3070475260415,-424.7274983723958,1.702848529361764
458.0923258463542,-2538.2759602864585,-399.21497599283856,1.7028487289296579
406.7929280598958,-2549.3037923177085,-361.59633382161456,1.696609713808752
386.41546630859375,-2554.3627115885415,-336.6836446126302,1.6966094414016328
335.52015177408856,-2563.5664876302085,-298.1669616699219,1.687590189354849
314.41993204752606,-2567.7113444010415,-273.87465413411456,1.687590503034018
263.970703125,-2575.08349609375,-234.49170430501303,1.6758189552762206
242.16513061523438,-2578.310791015625,-210.8398183186849,1.675818847213517
192.2035675048828,-2583.84521484375,-170.62308247884116,1.661335561127779
169.71061197916666,-2586.15234375,-147.63111623128256,1.6613355840910373
120.27792867024739,-2589.844482421875,-106.61375427246094,1.6441866489163346
97.11614990234375,-2591.2294921875,-84.30066680908203,1.6441865974607814
869.1270751953125,-2373.8546549479165,-820.4751383463541,1.6906306552370158
855.1000366210938,-2385.1538899739585,-791.3930460611979,1.690630882445542
803.2334391276041,-2406.8829752604165,-758.2348225911459,1.700500782168464
788.3658040364584,-2417.3128255208335,-729.5948079427084,1.7005001480723658
736.6774088541666,-2437.2945963541665,-695.3692220052084,1.7075859822997999
720.9814249674479,-2446.8465169270835,-667.1949259440104,1.7075864513407146
669.5138753255209,-2465.0646158854165,-631.9301961263021,1.711865225144164
653.0024820963541,-2473.7307942708335,-604.2448323567709,1.711864949160851
601.7981974283854,-2490.170166015625,-567.9700317382812,1.7133230432609456
584.4850260416666,-2497.943359375,-540.7964477539062,1.7133230601841125
533.5862731933594,-2512.5904134114585,-503.54149373372394,1.7119552829750881
515.485605875651,-2519.4642740885415,-476.90207926432294,1.7119552669128462
464.934326171875,-2532.3070475260415,-438.6977030436198,1.707766604561951
446.0610758463542,-2538.2759602864585,-412.6144510904948,1.70776671821801
395.8989664713542,-2549.3037923177085,-373.4921569824219,1.7007698469784027
376.2687072753906,-2554.3627115885415,-347.98656209309894,1.7007698054069675
326.53712972005206,-2563.5664876302085,-307.9785970052083,1.69098939695726
306.16603597005206,-2567.7113444010415,-283.0716857910156,1.6909892812439264
256.906000773112,-2575.08349609375,-242.21105448404947,1.67845581136287
235.8108876546224,-2578.310791015625,-217.92338053385416,1.6784558838700636
187.06302897135416,-2583.84521484375,-176.24377950032553,1.6632123514409136
165.26128133138022,-2586.15234375,-152.59536743164062,1.6632123296276244
117.06578572591145,-2589.844482421875,-110.13116709391277,1.6453073373887368
94.5753885904948,-2591.2294921875,-87.14152018229167,1.6453073617242764
844.4319864908854,-2373.8546549479165,-845.8699340820312,1.6996583887092627
831.2728881835938,-2385.1538899739585,-816.3849283854166,1.6996583053814276
780.4116617838541,-2406.8829752604165,-781.7043050130209,1.7088570186630903
766.3992513020834,-2417.3128255208335,-752.6362915039062,1.7088571067420666
715.7477823893229,-2437.2945963541665,-716.89404296875,1.715254727290251
700.8935750325521,-2446.8465169270835,-688.2669881184896,1.7152550960053576
650.4936319986979,-2465.0646158854165,-651.4925944010416,1.718830709462353
634.8099161783854,-2473.7307942708335,-623.3300984700521,1.7188303404078056
584.7030843098959,-2490.170166015625,-585.5538736979166,1.7195727285022915
568.2027587890625,-2497.943359375,-557.8791707356771,1.7195727507498888
518.4303385416666,-2512.5904134114585,-519.1322937011719,1.7174791262161202
501.1270243326823,-2519.4642740885415,-491.96820068359375,1.7174790888530176
451.7300720214844,-2532.3070475260415,-452.2825927734375,1.7125568326584844
433.63804117838544,-2538.2759602864585,-425.65150960286456,1.712557015768499
384.65728759765625,-2549.3037923177085,-385.05992635091144,1.7048211004698588
365.7914632161458,-2554.3627115885415,-358.98382568359375,1.7048209925317328
317.2672932942708,-2563.5664876302085,-317.5197245279948,1.6942986890861536
297.6432189941406,-2567.7113444010415,-292.0200907389323,1.694298759360484
249.61565653483072,-2575.08349609375,-249.71766662597656,1.681022817245322
229.2495320638021,-2578.310791015625,-224.81554158528647,1.6810227527919221
181.75818379720053,-2583.84521484375,-181.70968627929688,1.6650388118394421
160.6667938232422,-2586.15234375,-157.42559814453125,1.665038779557492
113.75082397460938,-2589.844482421875,-113.55185190836589,1.646397750828456
91.95156351725261,-2591.2294921875,-89.9058329264323,1.6463977390190043
89.24697367350261,-2591.2294921875,-92.59118143717448,1.6474570076979898
110.33595275878906,-2589.844482421875,-116.87280019124348,1.6474569146065177
155.93119303385416,-2586.15234375,-162.11755879720053,1.6668132717555113
176.29370625813803,-2583.84521484375,-187.01598612467447,1.6668133168524282
222.48682149251303,-2578.310791015625,-231.51023864746094,1.6835171415450494
242.1060791015625,-2575.08349609375,-257.00494384765625,1.6835169980966866
288.85898844401044,-2567.7113444010415,-300.7120056152344,1.6975150272464516
307.7188008626302,-2563.5664876302085,-326.78196207682294,1.6975154742210605
354.99293009440106,-2554.3627115885415,-369.66578165690106,1.7087597237675003
373.07774861653644,-2549.3037923177085,-396.28948974609375,1.7087593981933722
420.8341369628906,-2538.2759602864585,-438.31471761067706,1.7172147417201566
438.1290588378906,-2532.3070475260415,-465.47023518880206,1.7172147875234722
486.32830810546875,-2519.4642740885415,-506.6022033691406,1.722851482895765
502.8190511067708,-2512.5904134114585,-534.2671305338541,1.7228514440790017
551.4214070638021,-2497.943359375,-574.471923828125,1.7256522618417658
567.0943806966146,-2490.170166015625,-602.6234334309896,1.7256524845522847
616.0597737630209,-2473.7307942708335,-641.8678792317709,1.7256077397791598
630.9020589192709,-2465.0646158854165,-670.4827677408854,1.725607421109186
680.1901245117188,-2446.8465169270835,-708.7345377604166,1.7227174228801942
694.1894938151041,-2437.2945963541665,-737.7892049153646,1.7227177777662892
743.7595621744791,-2417.3128255208335,-775.0167236328125,1.7169917370501817
756.9044392903646,-2406.8829752604165,-804.4872029622396,1.7169914993031272
806.7156372070312,-2385.1538899739585,-840.6597900390625,1.7084479157968593
818.9951985677084,-2373.8546549479165,-870.5217895507812,1.708448163551184
868.1209513346354,-2350.3963216145835,-906.4734293619791,1.6972043224335676
86.46399815877278,-2591.2294921875,-95.19520314534505,1.6484838767195886
106.82416915893555,-2589.844482421875,-120.09109497070312,1.6484839538682412
151.0586369832357,-2586.15234375,-166.66711934407553,1.668534294584934
170.67437998453775,-2583.84521484375,-192.15802001953125,1.6685342591760415
215.5287068684896,-2578.310791015625,-238.00159200032553,1.685936725113826
234.38384501139322,-2575.08349609375,-264.0664825439453,1.6859368388677785
279.82102966308594,-2567.7113444010415,-309.13979085286456,1.700636089021777
297.9000193277995,-2563.5664876302085,-335.75718180338544,1.700635624663343
343.8826090494792,-2554.3627115885415,-380.02306111653644,1.712580940769335
361.17054239908856,-2549.3037923177085,-407.17100016276044,1.7125811814186587
407.6606038411458,-2538.2759602864585,-450.5929463704427,1.7217355512125223
424.1432189941406,-2532.3070475260415,-478.24904378255206,1.7217356210331796
471.1024169921875,-2519.4642740885415,-520.791259765625,1.7280667616432663
486.76611328125,-2512.5904134114585,-548.9326985677084,1.728067013960604
534.1557210286459,-2497.943359375,-590.5600789388021,1.7315555615756038
548.9876098632812,-2490.170166015625,-619.1636555989584,1.7315550915746782
596.7685546875,-2473.7307942708335,-659.8418986002604,1.7321889999278892
610.7563680013021,-2465.0646158854165,-688.8840535481771,1.7321892246977892
658.8892415364584,-2446.8465169270835,-728.57958984375,1.7299665368820065
672.0214640299479,-2437.2945963541665,-758.0363362630209,1.72996668621161
720.4665934244791,-2417.3128255208335,-796.7164306640625,1.7248945337929842
732.7324015299479,-2406.8829752604165,-826.5634969075521,1.7248943135197392
781.4498087565104,-2385.1538899739585,-864.1962687174479,1.7169888986555715
792.8390706380209,-2373.8546549479165,-894.4090372721354,1.7169888715957438
850.3212280273438,-2350.3963216145835,-922.8829345703125,1.7045941614051934
765.986572265625,-2373.8546549479165,-917.5107218424479,1.725271849402149
755.4976196289062,-2385.1538899739585,-886.9737141927084,1.725271834562287
707.9167887369791,-2406.8829752604165,-847.913818359375,1.7325568019911637
696.5408325195312,-2417.3128255208335,-817.7163696289062,1.7325567312087542
649.2632039388021,-2437.2945963541665,-777.61767578125,1.7369935594676216
637.0096435546875,-2446.8465169270835,-747.7847086588541,1.7369935270041816
590.07421875,-2465.0646158854165,-706.6802775065104,1.7385681138824536
576.9531656901041,-2473.7307942708335,-677.2363688151041,1.7385682992699623
530.3986409505209,-2490.170166015625,-635.1600952148438,1.7372754834820197
516.4208984375,-2497.943359375,-606.1295369466146,1.7372751518670844
470.28564453125,-2512.5904134114585,-563.1161295572916,1.733119295377519
455.46274820963544,-2519.4642740885415,-534.5228678385416,1.7331195825119732
409.7848409016927,-2532.3070475260415,-490.6077880859375,1.7261147620969421
394.12900797526044,-2538.2759602864585,-462.47540283203125,1.726114831396579
348.9460957845052,-2549.3037923177085,-417.6948649088542,1.7162825743133976
332.4702453613281,-2554.3627115885415,-390.0465596516927,1.7162827260888756
287.81960042317706,-2563.5664876302085,-344.4375,1.7036576777050416
270.5373077392578,-2567.7113444010415,-317.2960611979167,1.7036574059671783
226.45573933919272,-2575.08349609375,-270.8960876464844,1.6882789273735348
208.38126627604166,-2578.310791015625,-244.28389994303384,1.6882790014267628
164.90514119466147,-2583.84521484375,-197.13128153483072,1.6701998720688909
146.0533930460612,-2586.15234375,-171.0702921549479,1.6701999000973764
103.2185541788737,-2589.844482421875,-123.2039082845052,1.6494777229288171
83.60507329305013,-2591.2294921875,-97.71561177571614,1.6494777549356405
738.4612833658854,-2373.8546549479165,-939.8065185546875,1.7332874964742067
728.8818359375,-2385.1538899739585,-908.9721069335938,1.7332879006196544
682.4793701171875,-2406.8829752604165,-868.5193888346354,1.7399710196492006
672.0032755533854,-2417.3128255208335,-837.9981079101562,1.739970705725188
625.9346720377604,-2437.2945963541665,-796.5160115559896,1.7437915634591084
614.570556640625,-2446.8465169270835,-766.3330281575521,1.743791781029167
568.8737996419271,-2465.0646158854165,-723.8557942708334,1.7447382134080638
556.6310221354166,-2473.7307942708335,-694.0360107421875,1.7447379920242791
511.3437906901042,-2490.170166015625,-650.5986328125,1.742806872544964
498.2324625651042,-2497.943359375,-621.1666259765625,1.7428072531322953
453.39211018880206,-2512.5904134114585,-576.8049519856771,1.738005054908409
439.42303466796875,-2519.4642740885415,-547.7850138346354,1.7380049118332133
395.0665283203125,-2532.3070475260415,-502.53562418619794,1.730347995135047
380.25123087565106,-2538.2759602864585,-473.95166015625,1.7303478257269895
336.4151611328125,-2549.3037923177085,-427.85186767578125,1.719859676196678
320.76585896809894,-2554.3627115885415,-399.7274576822917,1.7198596477240695
277.4863688151042,-2563.5664876302085,-352.81528727213544,1.7065772524916818
261.0159606933594,-2567.7113444010415,-325.1736348470052,1.70657726057404
218.32874043782553,-2575.08349609375,-277.4877624511719,1.690541890735271
201.05081176757812,-2578.310791015625,-250.35165405273438,1.6905419018151457
158.9910659790039,-2583.84521484375,-201.93140157063803,1.6718087457715602
140.91986846923828,-2586.15234375,-175.3232167561849,1.671808689934579
99.52228291829427,-2589.844482421875,-126.20851389567058,1.650437406894561
80.67271677652995,-2591.2294921875,-100.1501948038737,1.6504374344141273
710.2873942057291,-2373.8546549479165,-961.27685546875,1.7410271344793287
701.6258748372396,-2385.1538899739585,-930.172119140625,1.741026711448211
656.4425455729166,-2406.8829752604165,-888.3621012369791,1.7471274870646556
646.87548828125,-2417.3128255208335,-857.5437825520834,1.7471274809044035
602.0563761393229,-2437.2945963541665,-814.7147420247396,1.7503525823470807
591.5916544596354,-2446.8465169270835,-784.208251953125,1.7503528602057021
547.1737060546875,-2465.0646158854165,-740.3955078125,1.750691984172901
535.8199666341146,-2473.7307942708335,-710.2260335286459,1.750692176473454
491.83982340494794,-2490.170166015625,-665.4657389322916,1.7481441299558789
479.60642496744794,-2497.943359375,-635.6581217447916,1.7481435748767498
436.10035196940106,-2512.5904134114585,-589.9871622721354,1.7427170793651476
422.9973653157552,-2519.4642740885415,-560.5659993489584,1.7427171833177548
380.00123087565106,-2532.3070475260415,-514.0220642089844,1.734430495019845
366.0394694010417,-2538.2759602864585,-485.0116271972656,1.7344306466510415
323.5887451171875,-2549.3037923177085,-437.63307698567706,1.7233092378144392
308.7797342936198,-2554.3627115885415,-409.0572814941406,1.7233091844203927
266.909418741862,-2563.5664876302085,-360.88318888346356,1.7093923218184932
251.2653554280599,-2567.7113444010415,-332.76560465494794,1.709392432915266
210.00997416178384,-2575.08349609375,-283.83570353190106,1.6927233429707893
193.54376729329428,-2578.310791015625,-256.1995137532552,1.692723332614862
152.93734486897787,-2583.84521484375,-206.55414835611978,1.6733593986321493
135.6625722249349,-2586.15234375,-179.4221445719401,1.673359492059336
95.73859786987305,-2589.844482421875,-129.10226186116537,1.65136232565849
77.66950607299805,-2591.2294921875,-102.49681599934895,1.6513622673757162
74.5980733235677,-2591.2294921875,-104.75340525309245,1.6522512662158313
91.87082290649414,-2589.844482421875,-131.88261922200522,1.652251220202415
130.28612009684244,-2586.15234375,-183.3634796142578,1.6748501543267287
146.7492930094401,-2583.84521484375,-210.9954833984375,1.6748502708345783
185.8667246500651,-2578.310791015625,-261.8223419189453,1.6948210226503424
201.50674438476562,-2575.08349609375,-289.9343516031901,1.6948209611912344
241.29405721028647,-2567.7113444010415,-340.06529744466144,1.712099889108526
256.0980275472005,-2563.5664876302085,-368.6341247558594,1.71209998718077
296.52239990234375,-2554.3627115885415,-418.02781168619794,1.7266276707751629
310.4781087239583,-2549.3037923177085,-447.02989705403644,1.7266276581755713
351.50621541341144,-2538.2759602864585,-495.6455993652344,1.7383589095009562
364.60216267903644,-2532.3070475260415,-525.0570271809896,1.738359026942644
406.2001647949219,-2519.4642740885415,-572.8546549479166,1.747252474858807
418.42554728190106,-2512.5904134114585,-602.6511637369791,1.7472525484541983
460.5591328938802,-2497.943359375,-649.5912882486979,1.7532808623933722
471.9038594563802,-2490.170166015625,-679.7483113606771,1.753280712448812
514.5382893880209,-2473.7307942708335,-725.792236328125,1.7564234928066107
524.9930216471354,-2465.0646158854165,-756.2849324544271,1.7564232463882357
568.0931599934896,-2446.8465169270835,-801.3946940104166,1.756669815138701
577.6492716471354,-2437.2945963541665,-832.1978759765625,1.756670356479699
621.1795450846354,-2417.3128255208335,-876.3362426757812,1.7540201493544483
629.8291422526041,-2406.8829752604165,-907.4245198567709,1.7540198460203458
673.753662109375,-2385.1538899739585,-950.5551147460938,1.7484810521896437
681.4896240234375,-2373.8546549479165,-981.9028727213541,1.7484807664051796
724.2663981119791,-2350.3963216145835,-1025.0745035807292,1.7401685759053047
71.4611218770345,-2591.2294921875,-106.91799418131511,1.6531037631575987
87.92235565185547,-2589.844482421875,-134.5471394856771,1.6531037735066152
124.79522959391277,-2586.15234375,-187.14376831054688,1.6762801345268896
140.43234507242838,-2583.84521484375,-215.2514902750651,1.676280050404807
178.02642822265625,-2578.310791015625,-267.2152150472005,1.6968331060304023
192.82653299967447,-2575.08349609375,-295.77834065755206,1.696833110924285
231.1108194986979,-2567.7113444010415,-347.06630452473956,1.714697481413507
245.06170145670572,-2563.5664876302085,-376.06126912434894,1.7146975092283596
284.00461832682294,-2554.3627115885415,-426.6311747233073,1.7298116980414182
297.0947774251302,-2549.3037923177085,-456.03407796223956,1.729811583867354
336.6642150878906,-2538.2759602864585,-505.84422810872394,1.7421286212995253
348.8828531901042,-2532.3070475260415,-535.6308085123698,1.7421288403725161
389.0461832682292,-2519.4642740885415,-584.6401163736979,1.7516052511953348
400.3832295735677,-2512.5904134114585,-614.7858276367188,1.7516050311213551
441.10732014973956,-2497.943359375,-662.9538981119791,1.7582116793088916
451.5534159342448,-2490.170166015625,-693.4338785807291,1.7582115926460484
492.8046875,-2473.7307942708335,-740.7209879557291,1.7619261838670393
502.3512369791667,-2465.0646158854165,-771.5100911458334,1.7619265284055927
544.0956827799479,-2446.8465169270835,-817.8772176106771,1.7627364545495257
552.7348022460938,-2437.2945963541665,-848.9500528971354,1.7627360509861179
594.93798828125,-2417.3128255208335,-894.3589884440104,1.7606388827290358
602.6625366210938,-2406.8829752604165,-925.6899617513021,1.7606389865960002
645.2896525065104,-2385.1538899739585,-970.1032511393229,1.7556412069076963
652.0932820638021,-2373.8546549479165,-1001.6664835611979,1.7556414171187122
704.2389526367188,-2350.3963216145835,-1038.6761067708333,1.7465601430316402
622.1241861979166,-2373.8546549479165,-1020.5502522786459,1.7625001289218234
616.2588704427084,-2385.1538899739585,-988.7992960611979,1.7624999661297718
574.9665730794271,-2406.8829752604165,-943.142333984375,1.7669785872167618
568.1738688151041,-2417.3128255208335,-911.5962320963541,1.7669785938873455
527.3348388671875,-2437.2945963541665,-864.9566040039062,1.7685451496847207
519.6203206380209,-2446.8465169270835,-833.6413981119791,1.7685450469979098
479.2682189941406,-2465.0646158854165,-786.0575968424479,1.7671948915521536
470.6382548014323,-2473.7307942708335,-754.9991251627604,1.7671948073773354
430.8063659667969,-2490.170166015625,-706.5103759765625,1.7629319637185732
421.26807657877606,-2497.943359375,-675.7342325846354,1.7629321761917116
381.98924763997394,-2512.5904134114585,-626.3805338541666,1.7557712634072933
371.5504964192708,-2519.4642740885415,-595.912109375,1.7557708010344286
332.85711669921875,-2532.3070475260415,-545.734141031901,1.7457359044055922
321.5265197753906,-2538.2759602864585,-515.5985514322916,1.7457362691088354
283.45050048828125,-2549.3037923177085,-464.63770548502606,1.7328581457596446
271.2373962402344,-2554.3627115885415,-434.8598124186198,1.7328581435491397
233.81012980143228,-2563.5664876302085,-383.15810139973956,1.7171823990997894
220.72459411621094,-2567.7113444010415,-353.76246134440106,1.7171824475741533
183.9769541422526,-2575.08349609375,-301.36253356933594,1.6987577234043674
170.02977498372397,-2578.310791015625,-272.3733774820964,1.6987576078112925
133.99205780029297,-2583.84521484375,-219.3184356689453,1.677647368994474
119.19473266601562,-2586.15234375,-190.75967407226562,1.6776474197404105
83.89666366577148,-2589.844482421875,-137.0934804280599,1.653918826672904
68.26140213012695,-2591.2294921875,-108.98866780598958,1.6539187625351819
591.6086629231771,-2373.8546549479165,-1038.5376790364583,1.7690482169952764
586.6868082682291,-2385.1538899739585,-1006.6268310546875,1.7690484563183992
546.765625,-2406.8829752604165,-959.7663167317709,1.7730304898682288
540.9107055664062,-2417.3128255208335,-928.0327758789062,1.773030339007401
501.47170003255206,-2437.2945963541665,-880.2034505208334,1.774089556412398
494.68853759765625,-2446.8465169270835,-848.6733805338541,1.7740895644511572
455.7642313639323,-2465.0646158854165,-799.9147135416666,1.772222987460151
448.0584309895833,-2473.7307942708335,-768.6141357421875,1.7722231348531718
409.68091837565106,-2490.170166015625,-718.9663492838541,1.7674364184381477
401.05881754557294,-2497.943359375,-687.9210611979166,1.7674360891377632
363.25974527994794,-2512.5904134114585,-637.4250691731771,1.759745683461857
353.7284647623698,-2519.4642740885415,-606.6606852213541,1.7597461178864073
316.5390116373698,-2532.3070475260415,-555.358154296875,1.7491777152209578
306.1064147949219,-2538.2759602864585,-524.9000345865885,1.7491775549018116
269.5572509765625,-2549.3037923177085,-472.83324178059894,1.7357638438748235
258.23193359375,-2554.3627115885415,-442.7065022786458,1.7357637842692044
222.35320027669272,-2563.5664876302085,-389.9184061686198,1.7195520663957324
210.14450073242188,-2567.7113444010415,-360.1478983561198,1.7195521279506898
174.96577962239584,-2575.08349609375,-306.6820322672526,1.7005927587824943
161.8837687174479,-2578.310791015625,-277.2923075358073,1.7005927983355804
127.43407694498698,-2583.84521484375,-223.19275410970053,1.678951032081309
113.48954518636067,-2586.15234375,-194.20803833007812,1.6789509376884053
79.79728444417317,-2589.844482421875,-139.519411722819,1.654695738294549
65.00172805786133,-2591.2294921875,-110.96361541748047,1.6546958119932897
560.5735270182291,-2373.8546549479165,-1055.6129353841145,1.7752799194432822
556.5994669596354,-2385.1538899739585,-1023.5702514648438,1.7752799053753212
518.0844523111979,-2406.8829752604165,-975.5472819010416,1.7787885511608497
513.1724650065104,-2417.3128255208335,-943.6541951497396,1.778788758535085
475.1681213378906,-2437.2945963541665,-894.6771647135416,1.7793644966752604
469.32227579752606,-2446.8465169270835,-862.9599609375,1.7793642508629097
431.8599344889323,-2465.0646158854165,-813.0692342122396,1.7770057059442195
425.0850524902344,-2473.7307942708335,-781.5540568033854,1.7770058992278182
388.1956278483073,-2490.170166015625,-730.7907918294271,1.771720269899844
380.49729410807294,-2497.943359375,-699.503662109375,1.771720393988237
344.21119181315106,-2512.5904134114585,-647.9097290039062,1.7635257998917215
335.5957438151042,-2519.4642740885415,-616.8764241536459,1.76352556171234
299.94289143880206,-2532.3070475260415,-564.4943542480469,1.752449540375985
290.4174397786458,-2538.2759602864585,-533.740468343099,1.7524495536125155
255.42724609375,-2549.3037923177085,-480.61346435546875,1.7385261374736949
244.9996541341146,-2554.3627115885415,-450.1643575032552,1.738526234438567
210.70096842447916,-2563.5664876302085,-396.3362325032552,1.7218046407289804
199.37983194986978,-2567.7113444010415,-366.21702067057294,1.721804545614121
165.80093383789062,-2575.08349609375,-311.73216756184894,1.7023367436381314
153.5955810546875,-2578.310791015625,-281.9676869710286,1.7023367075524072
120.76416524251302,-2583.84521484375,-226.87103271484375,1.680189671437042
107.68467203776042,-2586.15234375,-197.48582458496094,1.6801897140666593
75.62781651814778,-2589.844482421875,-141.8228022257487,1.6554339483500478
61.68496068318685,-2591.2294921875,-112.84110514322917,1.6554339062097243
58.314013163248696,-2591.2294921875,-114.61947886149089,1.656132631094252
71.39192072550456,-2589.844482421875,-144.00162251790366,1.6561325765052124
101.78521728515625,-2586.15234375,-200.59015401204428,1.6813622273169369
113.98818715413411,-2583.84521484375,-230.35004679361978,1.68136225688512
145.172487894694,-2578.310791015625,-286.39540608723956,1.703987850892213
156.49046071370444,-2575.08349609375,-316.5085042317708,1.7039877774825318
188.4400431315104,-2567.7113444010415,-371.9644775390625,1.7239372448134263
198.86367797851562,-2563.5664876302085,-402.40594482421875,1.7239373454158475
231.55219523111978,-2554.3627115885415,-457.226806640625,1.7411420142644929
241.0729014078776,-2549.3037923177085,-487.97154744466144,1.741142086321209
274.47340393066406,-2538.2759602864585,-542.1120910644531,1.7555485797306831
283.0833282470703,-2532.3070475260415,-573.1347452799479,1.7555485142992042
317.1682637532552,-2519.4642740885415,-626.5503133138021,1.7671059009356913
324.8603006998698,-2512.5904134114585,-657.8252970377604,1.7671059262918296
359.6015625,-2497.943359375,-710.4718424479166,1.775778558663885
366.36937459309894,-2490.170166015625,-741.973388671875,1.7757783086892374
401.7383219401042,-2473.7307942708335,-793.8075154622396,1.7815371673870843
407.5763346354167,-2465.0646158854165,-825.5096232096354,1.7815373876286722
443.5437927246094,-2446.8465169270835,-876.4885457356771,1.7843627220815068
448.4471740722656,-2437.2945963541665,-908.3650512695312,1.78436281792484
484.9834899902344,-2417.3128255208335,-958.4467569986979,1.78424594360227
488.9482116699219,-2406.8829752604165,-990.4714152018229,1.7842458712144234
526.0232340494791,-2385.1538899739585,-1039.6146240234375,1.7811866520230746
529.0460205078125,-2373.8546549479165,-1071.761006673177,1.7811865813034706
564.4292602539062,-2350.3963216145835,-1121.05712890625,1.7752868151500283
54.891845703125,-2591.2294921875,-116.29718271891277,1.6567911024442472
67.0933214823405,-2589.844482421875,-146.05396270751953,1.6567911562857742
95.79636637369792,-2586.15234375,-203.51829528808594,1.6824676750822256
107.11209360758464,-2583.84521484375,-233.62672424316406,1.682467713001011
136.62188720703125,-2578.310791015625,-290.5715738932292,1.7055446555169063
147.04253387451172,-2575.08349609375,-321.0068359375,1.7055445633446344
177.3347422281901,-2567.7113444010415,-377.38523356119794,1.7259484705012549
186.85171508789062,-2563.5664876302085,-408.1222229003906,1.7259483031362217
217.90135701497397,-2554.3627115885415,-463.88767496744794,1.7436088540653545
226.5068105061849,-2549.3037923177085,-494.9010416666667,1.7436090543425682
258.2882792154948,-2538.2759602864585,-550.007568359375,1.7584714545906635
265.97511291503906,-2532.3070475260415,-581.2717488606771,1.7584713499258409
298.4621988932292,-2519.4642740885415,-635.6739095052084,1.7704831558383538
305.2240804036458,-2512.5904134114585,-667.1631062825521,1.770483077152173
338.38999430338544,-2497.943359375,-720.8160400390625,1.7796071252629344
344.2213439941406,-2490.170166015625,-752.5042928059896,1.7796074554423873
378.0387369791667,-2473.7307942708335,-805.3637491861979,1.7858133547444999
382.9347432454427,-2465.0646158854165,-837.2249145507812,1.7858132775732583
417.37572224934894,-2446.8465169270835,-889.2472941080729,1.7890796634420318
421.3323465983073,-2437.2945963541665,-921.2551066080729,1.78907947683046
456.36852010091144,-2417.3128255208335,-972.3975219726562,1.7893962559621803
459.38250732421875,-2406.8829752604165,-1004.5255940755209,1.7893965101985334
494.9849853515625,-2385.1538899739585,-1054.745869954427,1.786762177325706
497.05384318033856,-2373.8546549479165,-1086.9676920572917,1.7867622079719359
542.6130879720052,-2350.3963216145835,-1131.5526529947917,1.7803476775225473
464.6250915527344,-2373.8546549479165,-1101.2196858723958,1.7919991881976647
463.51197306315106,-2385.1538899739585,-1068.95068359375,1.7919993783273969
429.41334025065106,-2406.8829752604165,-1017.6974690755209,1.7942340528309826
427.3527323404948,-2417.3128255208335,-985.4942016601562,1.794233805348321
393.84747314453125,-2437.2945963541665,-933.3360188802084,1.7935091884981211
390.84107462565106,-2446.8465169270835,-901.2249959309896,1.7935093953057226
357.9568176269531,-2465.0646158854165,-848.2048543294271,1.7898283520036045
354.0071105957031,-2473.7307942708335,-816.2125854492188,1.7898283974524605
321.77097574869794,-2490.170166015625,-762.3742268880209,1.7832023302410174
316.88121541341144,-2497.943359375,-730.527099609375,1.7832022865202148
285.3197784423828,-2512.5904134114585,-675.9149169921875,1.7736538969184175
279.4939931233724,-2519.4642740885415,-644.2391764322916,1.7736540398423974
248.63329060872397,-2532.3070475260415,-588.8982137044271,1.76121533943003
241.87629191080728,-2538.2759602864585,-557.4199829101562,1.7612149515362496
211.74177042643228,-2549.3037923177085,-501.39585367838544,1.7459242695922383
204.05912272135416,-2554.3627115885415,-470.14109293619794,1.745924657919434
174.6756337483724,-2563.5664876302085,-413.4800313313802,1.7278359322364245
166.07367960611978,-2567.7113444010415,-382.4745279947917,1.7278357669487094
137.465456644694,-2575.08349609375,-325.2232259114583,1.7070052933261541
127.95128377278645,-2578.310791015625,-294.4925231933594,1.707005233052819
100.14191436767578,-2583.84521484375,-236.69821166992188,1.683504707674298
89.72337086995442,-2586.15234375,-206.2676747639974,1.6835047501030855
62.735791524251304,-2589.844482421875,-147.97801717122397,1.6574089199073159
51.421469370524086,-2591.2294921875,-117.87273406982422,1.6574089460599553
431.7882385253906,-2373.8546549479165,-1114.5045166015625,1.7968924190942324
431.63185628255206,-2385.1538899739585,-1082.2166748046875,1.7968923248677624
399.0669860839844,-2406.8829752604165,-1029.9755045572917,1.7987531036186617
397.9615885416667,-2417.3128255208335,-997.7253011067709,1.798753429292171
366.0166524251302,-2437.2945963541665,-944.59716796875,1.7976473354647156
363.96314493815106,-2446.8465169270835,-912.4111531575521,1.7976471953434763
332.6644795735677,-2465.0646158854165,-858.4398193359375,1.7935784121525966
329.66455078125,-2473.7307942708335,-826.3445434570312,1.7935784751525548
299.03797403971356,-2490.170166015625,-771.5745646158854,1.7865595787883848
295.09410603841144,-2497.943359375,-739.5965169270834,1.7865596827371824
265.1648712158203,-2512.5904134114585,-684.0730590820312,1.7766147630458637
260.2803039550781,-2519.4642740885415,-652.2385864257812,1.776614569073485
231.07308959960938,-2532.3070475260415,-596.0074055989584,1.7637769029578452
225.25186157226562,-2538.2759602864585,-564.3427734375,1.7637773119355136
196.79075622558594,-2549.3037923177085,-507.4502766927083,1.7480864209776668
190.03766377766928,-2554.3627115885415,-475.98158772786456,1.7480860661041027
162.34613545735678,-2563.5664876302085,-418.4746602376302,1.7295975527788376
154.66675313313803,-2567.7113444010415,-387.2278645833333,1.729597702819393
127.76764170328777,-2575.08349609375,-329.1539611816406,1.7083688062008546
119.16829935709636,-2578.310791015625,-298.1548258463542,1.7083686923346235
93.08378092447917,-2583.84521484375,-239.56180826822916,1.684472617251734
83.57156880696614,-2586.15234375,-208.83589680989584,1.6844726846086229
58.3231569925944,-2589.844482421875,-149.77210235595703,1.6579854390802304
47.905923207600914,-2591.2294921875,-119.34475962320964,1.6579854169609334
398.57213338216144,-2373.8546549479165,-1126.8103841145833,1.8014364313767421
399.3726094563802,-2385.1538899739585,-1094.5321451822917,1.8014360767888786
368.37012736002606,-2406.8829752604165,-1041.348876953125,1.8029492379428862
368.22088623046875,-2417.3128255208335,-1009.080078125,1.8029494533274444
337.8643493652344,-2437.2945963541665,-955.0286051432291,1.8014887990273976
336.76551310221356,-2446.8465169270835,-922.7958984375,1.8014887553212122
307.0799560546875,-2465.0646158854165,-867.9207763671875,1.7970596342580263
305.0324300130208,-2473.7307942708335,-835.7507120768229,1.797059565541007
276.0423227945964,-2490.170166015625,-780.0972086588541,1.7896757192671318
273.04779561360675,-2497.943359375,-748.0163370768229,1.7896756794570452
244.7770538330078,-2512.5904134114585,-691.6303507486979,1.7793624420161724
240.83799743652344,-2519.4642740885415,-659.6651204427084,1.7793625015744055
213.30992635091147,-2532.3070475260415,-602.5931396484375,1.7661543192884182
208.4295857747396,-2538.2759602864585,-570.7698974609375,1.7661541236165736
181.6668904622396,-2549.3037923177085,-513.0589803059896,1.750091841811764
175.8492889404297,-2554.3627115885415,-481.40399169921875,1.750091966616078
149.8740437825521,-2563.5664876302085,-423.10174560546875,1.731232173436378
143.12398274739584,-2567.7113444010415,-391.64110310872394,1.7312321377524391
117.95760599772136,-2575.08349609375,-332.7955830891927,1.709633532714451
110.28064727783203,-2578.310791015625,-301.55523681640625,1.7096336197850168
85.94388961791992,-2583.84521484375,-242.2149861653646,1.6853704910905982
77.34636561075847,-2586.15234375,-211.22069295247397,1.6853704034119494
53.85929870605469,-2589.844482421875,-151.43463897705078,1.6585200788411945
44.34830220540365,-2591.2294921875,-120.71195983886719,1.6585200945157559
40.75172996520996,-2591.2294921875,-121.97313690185547,1.659012476547513
49.348134994506836,-2589.844482421875,-152.96416219075522,1.659012484492717
71.05322774251302,-2586.15234375,-213.41995747884116,1.6861973119968063
78.72850926717122,-2583.84521484375,-244.65541076660156,1.6861972576727209
101.29612986246745,-2578.310791015625,-304.69078572591144,1.710798472677809
108.04396057128906,-2575.08349609375,-336.14490763346356,1.7107985079604706
131.45549774169922,-2567.7113444010415,-395.71034749348956,1.73273782176306
137.2703119913737,-2563.5664876302085,-427.35719807942706,1.7327377795556713
161.50645955403647,-2554.3627115885415,-486.40358479817706,1.7519396533240021
166.38346354166666,-2549.3037923177085,-518.2170613606771,1.751939721762478
191.42423502604166,-2538.2759602864585,-576.6956990559896,1.7683445032554874
195.35940551757812,-2532.3070475260415,-608.6495768229166,1.7683444225371165
221.18415323893228,-2519.4642740885415,-666.5122477213541,1.7818941801435568
224.17424519856772,-2512.5904134114585,-698.5801798502604,1.7818940633165656
250.7616729736328,-2497.943359375,-755.7791544596354,1.7925469647468513
252.8042195638021,-2490.170166015625,-787.9346923828125,1.7925468857157894
280.1323954264323,-2473.7307942708335,-844.4228108723959,1.8002673287027589
281.2257080078125,-2465.0646158854165,-876.6394246419271,1.8002675942146633
309.27210489908856,-2446.8465169270835,-932.3700968424479,1.80502906597704
309.41529337565106,-2437.2945963541665,-964.6212158203125,1.805029065893975
338.1567789713542,-2417.3128255208335,-1019.5485229492188,1.806816840275484
337.34972127278644,-2406.8829752604165,-1051.8075561523438,1.8068171220243299
366.76259358723956,-2385.1538899739585,-1105.8861490885417,1.8056247517690935
365.0059509277344,-2373.8546549479165,-1138.1265055338542,1.8056242731122416
392.13653564453125,-2350.3963216145835,-1192.30322265625,1.801537096126193
37.11936378479004,-2591.2294921875,-123.12717692057292,1.6594620231192907
44.79362487792969,-2589.844482421875,-154.35933430989584,1.6594620441550194
64.69767761230469,-2586.15234375,-215.43177286783853,1.6869523125081376
71.44397862752278,-2583.84521484375,-246.8809560139974,1.686952319746268
92.22264099121094,-2578.310791015625,-307.5587158203125,1.711862409865724
98.03541819254558,-2575.08349609375,-339.19898478190106,1.7118624082571727
119.67155202229817,-2567.7113444010415,-399.43202718098956,1.7341129843289593
124.54601033528645,-2563.5664876302085,-431.23729451497394,1.73411299211263
147.0217742919922,-2554.3627115885415,-490.97594197591144,1.7536275000293071
150.95389811197916,-2549.3037923177085,-522.9199727376302,1.7536274476627316
174.2507578531901,-2538.2759602864585,-582.1149698893229,1.7703451923247682
177.23729960123697,-2532.3070475260415,-614.1714274088541,1.770345308906049
201.3360392252604,-2519.4642740885415,-672.7739664713541,1.7842072733261942
203.3745371500651,-2512.5904134114585,-704.9164225260416,1.7842072022185544
228.25528971354166,-2497.943359375,-762.878173828125,1.7951706554808184
229.34406534830728,-2490.170166015625,-795.0800984700521,1.795170771391521
254.9863077799479,-2473.7307942708335,-852.3532307942709,1.8031990707454226
255.1244659423828,-2465.0646158854165,-884.5880737304688,1.8031989628021998
281.5070546468099,-2446.8465169270835,-941.1253865559896,1.8082644545984683
280.69447326660156,-2437.2945963541665,-973.3665974934896,1.8082643420880649
307.795654296875,-2417.3128255208335,-1029.1214599609375,1.8103513762106018
306.0330098470052,-2406.8829752604165,-1061.3424275716145,1.8103513358388574
333.83043416341144,-2385.1538899739585,-1116.2688802083333,1.8094524885862475
331.1191711425781,-2373.8546549479165,-1148.4430338541667,1.8094528045604004
369.00982666015625,-2350.3963216145835,-1199.462646484375,1.804983030929368
296.9415690104167,-2373.8546549479165,-1157.7508138020833,1.8129161140342336
300.6050618489583,-2385.1538899739585,-1125.671142578125,1.8129162893514443
274.447504679362,-2406.8829752604165,-1069.9451090494792,1.8135493445813622
277.1641896565755,-2417.3128255208335,-1037.790547688802,1.8135491324999606
251.72711181640625,-2437.2945963541665,-981.2570597330729,1.8111911279556605
253.4947509765625,-2446.8465169270835,-949.0540771484375,1.8111912039987428
228.79913838704428,-2465.0646158854165,-891.7597859700521,1.805850522263029
229.61627197265625,-2473.7307942708335,-859.5349934895834,1.8058504645403521
205.68247985839844,-2490.170166015625,-801.5271402994791,1.7975435515256553
205.54843139648438,-2497.943359375,-769.3070882161459,1.797543748801342
182.39620463053384,-2512.5904134114585,-710.6335042317709,1.7862992550810832
181.31108601888022,-2519.4642740885415,-678.4447631835938,1.786299103405801
158.9595184326172,-2532.3070475260415,-619.1538289388021,1.7721546056560884
156.92422993977866,-2538.2759602864585,-587.02294921875,1.7721546986799699
135.3917490641276,-2549.3037923177085,-527.163584391276,1.7551537451219905
132.407958984375,-2554.3627115885415,-495.1170654296875,1.755153753099655
111.71231842041016,-2563.5664876302085,-434.7386169433594,1.7353564709936886
107.7824935913086,-2567.7113444010415,-402.80287679036456,1.7353564347874644
87.94076792399089,-2575.08349609375,-341.95513916015625,1.7128243321087773
83.06815083821614,-2578.310791015625,-310.15651448567706,1.712824279544151
64.09670003255208,-2583.84521484375,-248.88966369628906,1.68763489610131
58.28530502319336,-2586.15234375,-217.2543741861979,1.6876348792374076
40.19977251688639,-2589.844482421875,-155.61893208821616,1.6598684278728637
33.45439338684082,-2591.2294921875,-124.17307535807292,1.65986846993754
262.50315856933594,-2373.8546549479165,-1166.041748046875,1.8160110001265604
267.11566670735675,-2385.1538899739585,-1134.084716796875,1.816010915163851
242.62094116210938,-2406.8829752604165,-1077.6080118815105,1.8164062604547222
246.2892862955729,-2417.3128255208335,-1045.548075358073,1.81640635273342
222.53865559895834,-2437.2945963541665,-988.28564453125,1.81380605573177
225.25979614257812,-2446.8465169270835,-956.1491902669271,1.813806015762535
202.27284240722656,-2465.0646158854165,-898.1482340494791,1.8082192840666493
204.04454549153647,-2473.7307942708335,-865.9618123372396,1.808219365958689
181.8402353922526,-2490.170166015625,-807.2702026367188,1.7996634227378396
182.6610361735026,-2497.943359375,-775.0603230794271,1.7996632579849148
161.2576700846354,-2512.5904134114585,-715.7264200846354,1.788167621707494
161.12688700358072,-2519.4642740885415,-683.5196533203125,1.7881677491276946
140.54211934407553,-2532.3070475260415,-623.5924275716146,1.7737707580773405
139.45986938476562,-2538.2759602864585,-591.4153442382812,1.7737706065163716
119.71067555745442,-2549.3037923177085,-530.9441935221354,1.756516687998682
117.67784372965495,-2554.3627115885415,-498.8233133951823,1.7565167005677462
98.78050740559895,-2563.5664876302085,-437.8581034342448,1.7364667837329861
95.79877217610677,-2567.7113444010415,-405.81992594401044,1.7364668754783403
77.76888020833333,-2575.08349609375,-344.4109395345052,1.713683286732664
73.84070078531902,-2578.310791015625,-312.4818929036458,1.7136832669119746
56.693121592203774,-2583.84521484375,-250.67975870768228,1.6882443983740447
51.821737925211586,-2586.15234375,-218.8861541748047,1.688244446583169
35.570611317952476,-2589.844482421875,-156.7418416341146,1.6602313252587972
29.760040918986004,-2591.2294921875,-125.10990905761719,1.660231312079951
227.83417765299478,-2373.8546549479165,-1173.3085123697917,1.818733309792906
233.39165751139322,-2385.1538899739585,-1141.502197265625,1.8187333712510412
210.5812784830729,-2406.8829752604165,-1084.3244222005208,1.8189194547552758
215.19805399576822,-2417.3128255208335,-1052.3872680664062,1.8189195845831527
193.15473429361978,-2437.2945963541665,-994.4461669921875,1.8161060521282182
196.82699076334634,-2446.8465169270835,-962.4044799804688,1.8161059077788684
175.56889851888022,-2465.0646158854165,-903.7478230794271,1.8103026400667033
178.29360961914062,-2473.7307942708335,-871.6280314127604,1.8103025974072593
157.8382771809896,-2490.170166015625,-812.30419921875,1.8015274951039593
159.61319986979166,-2497.943359375,-780.1327921549479,1.801527639041782
139.9774958292643,-2512.5904134114585,-720.1907145182291,1.7898110112781827
140.80116526285806,-2519.4642740885415,-687.9942220052084,1.7898107630555227
122.00127919514973,-2532.3070475260415,-627.4832967122396,1.7751916194936896
121.87301635742188,-2538.2759602864585,-595.2882690429688,1.7751919169064345
103.92445882161458,-2549.3037923177085,-534.2584431966146,1.7577154020467503
102.84436798095703,-2554.3627115885415,-502.09145100911456,1.7577152754023562
85.76193491617839,-2563.5664876302085,-440.593017578125,1.737443161743926
83.7309061686198,-2567.7113444010415,-408.4805501302083,1.7374431137500541
67.5286865234375,-2575.08349609375,-346.5642395019531,1.714438400769159
64.54839579264323,-2578.310791015625,-314.5328063964844,1.7144384305232572
49.239749908447266,-2583.84521484375,-252.24967447916666,1.6887802050401963
45.31265513102213,-2586.15234375,-220.32567342122397,1.6887802180514395
30.910207748413086,-2589.844482421875,-157.72707875569662,1.6605502787085016
26.039547602335613,-2591.2294921875,-125.93685150146484,1.6605502538174217
22.29618485768636,-2591.2294921875,-126.65318298339844,1.660825064663897
26.222655296325684,-2589.844482421875,-158.57378387451172,1.6608250469509804
38.76377296447754,-2586.15234375,-221.5716807047526,1.689241809346071
41.74312782287598,-2583.84521484375,-253.59802754720053,1.6892418889709089
55.199395497639976,-2578.310791015625,-316.3074544270833,1.7150891226557596
57.22917811075846,-2575.08349609375,-348.4131368001302,1.7150890347700825
71.58949788411458,-2567.7113444010415,-410.7823893229167,1.7382843857973358
72.66803487141927,-2563.5664876302085,-442.94093831380206,1.7382843757245037
87.92056274414062,-2554.3627115885415,-504.91855875651044,1.7587480470119417
88.04696400960286,-2549.3037923177085,-537.1034342447916,1.7587480424626016
104.17912292480469,-2538.2759602864585,-598.6383463541666,1.776416280428472
103.35328420003255,-2532.3070475260415,-630.8230387369791,1.7764164045961297
120.35177103678386,-2519.4642740885415,-691.8644816080729,1.7912271028021383
118.57437388102214,-2512.5904134114585,-724.0224202473959,1.7912269203022315
136.42517598470053,-2497.943359375,-784.5200602213541,1.8031340895978383
133.69768778483072,-2490.170166015625,-816.624755859375,1.8031341275466857
152.38607788085938,-2473.7307942708335,-876.5286865234375,1.8120981975223787
148.7107391357422,-2465.0646158854165,-908.5536295572916,1.812098214695454
168.22130330403647,-2446.8465169270835,-967.814453125,1.8180882381063337
163.60115559895834,-2437.2945963541665,-999.7332560221354,1.818088198452798
183.91781107584634,-2417.3128255208335,-1058.3021240234375,1.821085636751568
178.35665893554688,-2406.8829752604165,-1090.0884602864583,1.8210856902283046
199.462646484375,-2385.1538899739585,-1147.9170735677083,1.8210801072113327
192.96508280436197,-2373.8546549479165,-1179.5447591145833,1.8210799805194993
211.19012959798178,-2350.3963216145835,-1237.2404378255208,1.8181440322976268
18.53323745727539,-2591.2294921875,-127.25827280680339,1.6610554170878815
21.512070020039875,-2589.844482421875,-159.28120930989584,1.6610554136822533
32.18084271748861,-2586.15234375,-222.6230672200521,1.6896288542696167
34.209842681884766,-2583.84521484375,-254.72363789876303,1.689628829813577
45.801910400390625,-2578.310791015625,-317.8042805989583,1.7156345035570577
46.87940343221029,-2575.08349609375,-349.9560139973958,1.71563457547774
59.38520812988281,-2567.7113444010415,-412.7234191894531,1.738989735938043
59.51030731201172,-2563.5664876302085,-444.89980061848956,1.7389897076859775
72.91953531901042,-2554.3627115885415,-507.3021952311198,1.7596140062623167
72.09213511149089,-2549.3037923177085,-539.4766947428385,1.7596138534476733
86.3937250773112,-2538.2759602864585,-601.4626261393229,1.77744308255385
84.61450958251953,-2532.3070475260415,-633.6087036132812,1.7774432557184083
99.79667154947917,-2519.4642740885415,-695.1270548502604,1.7924144403902438
97.06710815429688,-2512.5904134114585,-727.2182006835938,1.7924144772006159
113.11732228597005,-2497.943359375,-788.21826171875,1.8044814991572893
109.43966166178386,-2490.170166015625,-820.22802734375,1.8044813914586872
126.34468841552734,-2473.7307942708335,-880.6594645182291,1.8136040380059162
121.72195943196614,-2465.0646158854165,-912.5614217122396,1.813604082045132
139.46786244710287,-2446.8465169270835,-972.3743896484375,1.8197507669169064
133.9038848876953,-2437.2945963541665,-1004.1422729492188,1.8197506636153713
152.4760258992513,-2417.3128255208335,-1063.2874755859375,1.822902460737558
145.97537994384766,-2406.8829752604165,-1094.8950602213542,1.8229024659501845
165.35844930013022,-2385.1538899739585,-1153.32373046875,1.8230483646678013
157.92650349934897,-2373.8546549479165,-1184.7449544270833,1.8230485376638421
187.25982157389322,-2350.3963216145835,-1240.9068196614583,1.8197509521147295
122.74921162923177,-2373.8546549479165,-1188.9045003255208,1.8246359426930483
131.1090087890625,-2385.1538899739585,-1157.7173258463542,1.8246359768828413
113.4658915201823,-2406.8829752604165,-1098.7399495442708,1.8243678676627513
120.9003168741862,-2417.3128255208335,-1067.3389078776042,1.8243678375927985
104.08900197347005,-2437.2945963541665,-1007.6693115234375,1.8210915174445061
110.59192403157552,-2446.8465169270835,-976.0802612304688,1.8210914920558192
94.62627410888672,-2465.0646158854165,-915.7676595052084,1.81481839176832
100.1923319498698,-2473.7307942708335,-884.0167032877604,1.8148185076984154
85.08551279703777,-2490.170166015625,-823.1108601888021,1.80556800214511
89.71011352539062,-2497.943359375,-791.2241414388021,1.8055678593444493
75.47458267211914,-2512.5904134114585,-729.7752482096354,1.7933719515900028
79.15391667683919,-2519.4642740885415,-697.7790730794271,1.7933719542026774
65.80141576131184,-2532.3070475260415,-635.8378499348959,1.7782711955567898
68.53244527180989,-2538.2759602864585,-603.7586263020834,1.7782712231811197
56.07398351033529,-2549.3037923177085,-541.3761189778646,1.7603121407616364
57.85445785522461,-2554.3627115885415,-509.2402648925781,1.7603121296194657
46.30031077067057,-2563.5664876302085,-446.46790568033856,1.7395583899248324
47.12876001993815,-2567.7113444010415,-414.30194091796875,1.7395583490129856
36.488454818725586,-2575.08349609375,-351.19151814778644,1.7160743241825918
36.364197413126625,-2578.310791015625,-319.02197265625,1.7160743451733935
26.646509806315105,-2583.84521484375,-255.62552897135416,1.689940845919963
25.569648106892902,-2586.15234375,-223.4789276123047,1.6899408449359286
16.78259054819743,-2589.844482421875,-159.8487345377604,1.6612411200715558
14.75401242574056,-2591.2294921875,-127.7515869140625,1.66124111190435
87.46410878499348,-2373.8546549479165,-1192.0198567708333,1.8258407070242941
96.74441528320312,-2385.1538899739585,-1161.0940755208333,1.8258407490081574
80.8567403157552,-2406.8829752604165,-1101.6197916666667,1.8254798534211287
89.21841939290364,-2417.3128255208335,-1070.4528401692708,1.8254798135897086
74.18269348144531,-2437.2945963541665,-1010.3112996419271,1.8221089663990915
81.61885070800781,-2446.8465169270835,-978.9288126627604,1.822108955307755
67.4474728902181,-2465.0646158854165,-918.1695963541666,1.8157398884012004
73.95197423299153,-2473.7307942708335,-886.5974934895834,1.815739910923898
60.65663146972656,-2490.170166015625,-825.2707316080729,1.8063923583574093
66.22411219278972,-2497.943359375,-793.5350545247396,1.806392413122276
53.81576792399088,-2512.5904134114585,-731.6913248697916,1.7940985993568914
58.441637674967446,-2519.4642740885415,-699.8182373046875,1.7940985536494662
46.93052546183268,-2532.3070475260415,-637.5085245768229,1.778899422868653
50.61096954345703,-2538.2759602864585,-605.5243123372396,1.7788995168360944
40.00658098856608,-2549.3037923177085,-542.8000081380209,1.7608419677347522
42.73856544494629,-2554.3627115885415,-510.7310384114583,1.760841945758793
33.04964637756348,-2563.5664876302085,-447.64385986328125,1.7399899123403504
34.83091735839844,-2567.7113444010415,-415.51658121744794,1.7399898879455158
26.065457026163738,-2575.08349609375,-352.1185709635417,1.716408049090181
26.89454523722331,-2578.310791015625,-319.95947265625,1.716408018490816
19.05977217356364,-2583.84521484375,-256.3028971354167,1.690177554952981
18.935994148254395,-2586.15234375,-224.13849894205728,1.6901775773361507
12.03836997350057,-2589.844482421875,-160.2758585611979,1.6613820204816772
10.961828072865805,-2591.2294921875,-128.13269551595053,1.6613820210557295
52.10218302408854,-2373.8546549479165,-1194.0882568359375,1.8266614396407357
62.294846852620445,-2385.1538899739585,-1163.4510498046875,1.826661446545306
48.176570892333984,-2406.8829752604165,-1103.5320638020833,1.826237315112986
57.45815785725912,-2417.3128255208335,-1072.6265869140625,1.8262373311891282
44.211229960123696,-2437.2945963541665,-1012.0658976236979,1.8228020616213403
52.57408650716146,-2446.8465169270835,-980.9175618489584,1.8228020727609788
40.20943133036295,-2465.0646158854165,-919.7650756835938,1.8163676357368523
47.646660486857094,-2473.7307942708335,-888.3995971679688,1.8163676153876294
36.174473444620766,-2490.170166015625,-826.7057698567709,1.8069539281195515
42.6799430847168,-2497.943359375,-795.1490071614584,1.8069539426756336
32.10968526204427,-2512.5904134114585,-732.9647420247396,1.7945935322288953
37.67802937825521,-2519.4642740885415,-701.2427368164062,1.7945934634694913
28.018416086832683,-2532.3070475260415,-638.6192830403646,1.7793273058364993
32.645042419433594,-2538.2759602864585,-606.7581583658854,1.7793273409243267
23.904041290283203,-2549.3037923177085,-543.7471618652344,1.7612027845053169
27.58513577779134,-2554.3627115885415,-511.7732238769531,1.7612027529880123
19.769954999287922,-2563.5664876302085,-448.42664591471356,1.7402837355198915
22.50248114267985,-2567.7113444010415,-416.3662516276042,1.7402837773005402
15.6195650100708,-2575.08349609375,-352.73633829752606,1.7166353091749669
17.401269912719727,-2578.310791015625,-320.6159362792969,1.7166353115415636
11.456294536590576,-2583.84521484375,-256.75514729817706,1.690338784722166
12.285708586374918,-2586.15234375,-224.60120646158853,1.6903387788611612
7.283576250076294,-2589.844482421875,-160.5622075398763,1.6614779690870571
7.1600156625111895,-2591.2294921875,-128.40125783284506,1.6614779746055792
3.3519149124622345,-2591.2294921875,-128.55704498291016,1.6615288888807187
2.522385170062383,-2589.844482421875,-160.70753479003906,1.661528889807684
5.6246324578921,-2586.15234375,-224.86663818359375,1.6904243390692812
3.8427542249361673,-2583.84521484375,-256.98187255859375,1.6904243605289457
7.892711400985718,-2578.310791015625,-320.99078369140625,1.7167559257527074
5.159954190254211,-2575.08349609375,-353.0442810058594,1.7167559039170501
10.154281655947367,-2567.7113444010415,-416.85022989908856,1.7404397121766946
6.4728991985321045,-2563.5664876302085,-448.81556193033856,1.740439736703133
12.407478054364523,-2554.3627115885415,-512.3659159342448,1.7613942992290959
7.780506014823914,-2549.3037923177085,-544.2167154947916,1.7613942759630943
14.650442918141684,-2538.2759602864585,-607.4590861002604,1.7795544341259186
9.081697225570679,-2532.3070475260415,-639.1691080729166,1.7795544293731675
16.88132627805074,-2519.4642740885415,-702.0513102213541,1.7948561936922007
10.375398635864258,-2512.5904134114585,-733.5943806966146,1.7948561142654225
19.09828797976176,-2497.943359375,-796.0645751953125,1.8072519613874183
11.66054399808248,-2490.170166015625,-827.4146931966146,1.8072520536613546
21.299500306447346,-2473.7307942708335,-889.4213663736979,1.8167007888925546
12.936073541641235,-2465.0646158854165,-920.5526733398438,1.816700776334256
23.483148018519085,-2446.8465169270835,-982.0447184244791,1.8231699178459977
14.200935284296671,-2437.2945963541665,-1012.9315388997396,1.8231699489872373
25.647430260976154,-2417.3128255208335,-1073.8581949869792,1.8266393833709915
15.454086303710938,-2406.8829752604165,-1104.4750569661458,1.826639351748888
27.790563106536865,-2385.1538899739585,-1164.7861328125,1.8270970647682736
16.694493611653645,-2373.8546549479165,-1195.1078287760417,1.827097067446181
25.582881768544514,-2350.3963216145835,-1254.8770751953125,1.8246126119010548
-0.45913023749987286,-2591.2294921875,-128.59991709391275,1.6615347326333025
-2.241021692752838,-2589.844482421875,-160.71170298258463,1.6615347314632205
-1.041384518146515,-2586.15234375,-224.93455505371094,1.6904341756692776
-3.774161418279012,-2583.84521484375,-256.9828847249349,1.6904341663322153
-1.6227798859278362,-2578.310791015625,-321.0836995442708,1.7167697417241614
-5.304188847541809,-2575.08349609375,-353.0421447753906,1.7167697545464047
-2.2028372287750244,-2567.7113444010415,-416.9680582682292,1.740457628515336
-6.829842209815979,-2563.5664876302085,-448.8102620442708,1.7404576248506858
-2.781077822049459,-2554.3627115885415,-512.5085652669271,1.7614162464099137
-8.349863211313883,-2549.3037923177085,-544.2082722981771,1.7614162493869943
-3.357025067011515,-2538.2759602864585,-607.6264444986979,1.779580485210174
-9.862998406092325,-2532.3070475260415,-639.1575113932291,1.7795805175240655
-3.9302037556966147,-2519.4642740885415,-702.2432454427084,1.7948862563034127
-11.368000268936157,-2512.5904134114585,-733.5796712239584,1.7948862267085688
-4.500141859054565,-2497.943359375,-796.2809244791666,1.807286246010008
-12.863627592722574,-2490.170166015625,-827.3968505859375,1.807286240271375
-5.0663685003916425,-2473.7307942708335,-889.6619262695312,1.8167389987465796
-14.348646720250448,-2465.0646158854165,-920.53173828125,1.8167389864067094
-5.628417412439982,-2446.8465169270835,-982.3093058268229,1.8232121465306819
-15.82183345158895,-2437.2945963541665,-1012.9075113932291,1.8232121438206008
-6.185824712117513,-2417.3128255208335,-1074.1466064453125,1.8266854870926497
-17.28197209040324,-2406.8829752604165,-1104.447998046875,1.8266854842801556
-6.738130569458008,-2385.1538899739585,-1165.09814453125,1.8271470534558145
-18.727859656016033,-2373.8546549479165,-1195.0776774088542,1.8271470135231116
1.37351655960083,-2350.3963216145835,-1254.9700113932292,1.8242268808839164
-54.13376426696777,-2373.8546549479165,-1193.9978434244792,1.8268113970122954
-41.26090621948242,-2385.1538899739585,-1164.3867594401042,1.826811273167155
-50.002851486206055,-2406.8829752604165,-1103.4508463541667,1.8263756280433565
-38.0136464436849,-2417.3128255208335,-1073.4916178385417,1.8263756689297759
-45.830705642700195,-2437.2945963541665,-1011.9938557942709,1.8229286622813268
-34.735040028889976,-2446.8465169270835,-981.7111409505209,1.8229286629569619
-41.62076505025228,-2465.0646158854165,-919.7022908528646,1.8164822480774894
-31.42778778076172,-2473.7307942708335,-889.12109375,1.8164822483766545
-37.37650108337402,-2490.170166015625,-826.6523030598959,1.8070565595389112
-28.094619115193684,-2497.943359375,-795.7978719075521,1.8070565590358751
-33.1014149983724,-2512.5904134114585,-732.920654296875,1.794683854858214
-24.73828188578288,-2519.4642740885415,-701.8183797200521,1.7946838336113666
-28.799031575520832,-2532.3070475260415,-638.5845540364584,1.7794055084143496
-21.361544609069824,-2538.2759602864585,-607.2601114908854,1.779405518463636
-24.472899436950684,-2549.3037923177085,-543.7218526204427,1.7612686711609926
-17.967191378275555,-2554.3627115885415,-512.2010803222656,1.7612686774635067
-20.126585006713867,-2563.5664876302085,-448.41077677408856,1.7403374367646285
-14.558021227518717,-2567.7113444010415,-416.71966552734375,1.7403374368629148
-15.763673464457193,-2575.08349609375,-352.72991943359375,1.716676797710771
-11.13684606552124,-2578.310791015625,-320.8946024576823,1.71667680542321
-11.387762228647867,-2583.84521484375,-256.75818888346356,1.690368235681384
-7.706486543019612,-2586.15234375,-224.80491638183594,1.6903682323207383
-7.00246000289917,-2589.844482421875,-160.57471720377603,1.661495493345484
-4.269772052764893,-2591.2294921875,-128.5298334757487,1.661495493401556
-89.49212137858073,-2373.8546549479165,-1191.8693440755208,1.8260903322177497
-75.74744160970052,-2385.1538899739585,-1162.6527099609375,1.8260903840626235
-82.67981211344402,-2406.8829752604165,-1101.4844563802083,1.8257102388741713
-69.80808003743489,-2417.3128255208335,-1071.8936767578125,1.8257101952406791
-75.79932149251302,-2437.2945963541665,-1010.1913045247396,1.8223197604291832
-63.81115214029948,-2446.8465169270835,-980.2507120768229,1.8223197723290199
-68.85632578531902,-2465.0646158854165,-918.0650431315104,1.815930846929114
-57.76160430908203,-2473.7307942708335,-887.7993367513021,1.815930852924794
-61.856547037760414,-2490.170166015625,-825.1816813151041,1.8065631906441584
-51.66442108154297,-2497.943359375,-794.6158447265625,1.8065631961535638
-54.805755615234375,-2512.5904134114585,-731.6178588867188,1.7942490719501556
-45.52463150024414,-2519.4642740885415,-700.777099609375,1.7942490704899245
-47.70976893107096,-2532.3070475260415,-637.4507039388021,1.779029571156825
-39.34730211893717,-2538.2759602864585,-606.3604329427084,1.779029566579218
-40.57443936665853,-2549.3037923177085,-542.7578633626302,1.7609516854659013
-33.13752365112305,-2554.3627115885415,-511.4437255859375,1.760951683327855
-33.405649185180664,-2563.5664876302085,-447.61744181315106,1.740079283112052
-26.900418599446613,-2567.7113444010415,-416.1052652994792,1.7400792813421824
-26.209311803181965,-2575.08349609375,-352.10788981119794,1.7164771524898839
-20.641130447387695,-2578.310791015625,-320.4236551920573,1.7164771529816005
-18.991360982259113,-2583.84521484375,-256.30796813964844,1.6902266158008554
-14.36482016245524,-2586.15234375,-224.47781880696616,1.6902266151398921
-11.757747968037924,-2589.844482421875,-160.29669189453125,1.6614111983594957
-8.076663494110107,-2591.2294921875,-128.34686279296875,1.6614111977031052
-124.7718734741211,-2373.8546549479165,-1188.6939697265625,1.8249850057054775
-110.16744740804036,-2385.1538899739585,-1159.8974609375,1.8249849704375791
-115.28415425618489,-2406.8829752604165,-1098.5506591796875,1.8246899778531733
-101.54119873046875,-2417.3128255208335,-1069.3542887369792,1.8246899914702628
-105.70136260986328,-2437.2945963541665,-1007.50146484375,1.821386287973577
-92.83121744791667,-2446.8465169270835,-977.9292602539062,1.8213862672054093
-96.03140767415364,-2465.0646158854165,-915.6213989257812,1.815085340864982
-84.04468536376953,-2473.7307942708335,-885.6977742513021,1.8150853252688255
-86.28226216634114,-2490.170166015625,-822.9862874348959,1.8058067644649713
-75.18884531656902,-2497.943359375,-792.7359008789062,1.8058067873419852
-76.46195983886719,-2512.5904134114585,-729.6724853515625,1.7935825047183656
-66.27099609375,-2519.4642740885415,-699.1202799479166,1.7935825016553784
-66.57860056559245,-2532.3070475260415,-635.7569580078125,1.7784531961922052
-57.29849751790365,-2538.2759602864585,-604.9281412760416,1.7784531954639762
-56.640341440836586,-2549.3037923177085,-541.317148844401,1.7604656420303453
-48.27875010172526,-2554.3627115885415,-510.2371419270833,1.7604656412465818
-46.655372619628906,-2563.5664876302085,-446.4309387207031,1.7396833938396328
-39.21918741861979,-2567.7113444010415,-415.12537638346356,1.7396833896418376
-36.63193003336588,-2575.08349609375,-351.1765848795573,1.7161709980155253
-30.12728500366211,-2578.310791015625,-319.67127482096356,1.7161710030267123
-26.57827885945638,-2583.84521484375,-255.63262939453125,1.6900094396898528
-21.010536193847656,-2586.15234375,-223.95355733235678,1.6900094396835232
-16.50270875295003,-2589.844482421875,-159.87787373860678,1.661281942623359
-11.876461346944174,-2591.2294921875,-128.05115763346353,1.6612819461213244
-15.665827433268229,-2591.2294921875,-127.64298248291016,1.661107821462715
-21.233174324035645,-2589.844482421875,-159.3186264038086,1.661107821924904
-27.637798309326172,-2586.15234375,-223.2325897216797,1.689716899980529
-34.141852060953774,-2583.84521484375,-254.7327626546224,1.6897169172781825
-39.58697764078776,-2578.310791015625,-318.6381123860677,1.7157586973034724
-47.02237319946289,-2575.08349609375,-349.9368387858073,1.7157586998661989
-51.50351079305013,-2567.7113444010415,-413.78087361653644,1.7391502426256493
-59.86411921183268,-2563.5664876302085,-444.8523356119792,1.7391502314711498
-63.37757237752279,-2554.3627115885415,-508.58240763346356,1.7598110071723136
-72.65649668375652,-2549.3037923177085,-539.4009806315104,1.7598110028280662
-75.19936879475911,-2538.2759602864585,-602.9645385742188,1.777676860609671
-85.38895924886067,-2532.3070475260415,-633.5048014322916,1.7776768483919405
-86.9591547648112,-2519.4642740885415,-696.8494262695312,1.7926846241267165
-98.05100504557292,-2512.5904134114585,-727.0862019856771,1.792684621298726
-98.64722696940105,-2497.943359375,-790.1596476236979,1.8047880616247503
-110.63218943277995,-2490.170166015625,-820.0680135091146,1.8047881146649434
-110.25394694010417,-2473.7307942708335,-882.8182779947916,1.8139468103853171
-123.1221415201823,-2465.0646158854165,-912.3735758463541,1.813946800685769
-121.76974741617839,-2446.8465169270835,-974.7489013671875,1.8201291819395682
-135.51056416829428,-2437.2945963541665,-1003.9267171223959,1.8201290918037074
-133.1851348876953,-2417.3128255208335,-1065.8756510416667,1.8233159834913024
-147.78724161783853,-2406.8829752604165,-1094.6519368489583,1.823316042834073
-144.49068705240884,-2385.1538899739585,-1156.1234537760417,1.823496431626819
-159.9420369466146,-2373.8546549479165,-1184.4745279947917,1.8234964293896692
-160.58946228027344,-2350.3963216145835,-1244.8237711588542,1.820750084776012
-19.441433906555176,-2591.2294921875,-127.12269083658855,1.6608890270080017
-25.944990793863933,-2589.844482421875,-158.61944834391275,1.6608890351160013
-34.24078496297201,-2586.15234375,-222.31555684407553,1.6893493167851137
-41.675437927246094,-2583.84521484375,-253.60916137695312,1.6893493061585738
-49.01190058390299,-2578.310791015625,-317.32509358723956,1.715240522659185
-57.37151590983073,-2575.08349609375,-348.3897298177083,1.715240510246143
-63.74259694417318,-2567.7113444010415,-412.07293701171875,1.7384802289882095
-73.02028401692708,-2563.5664876302085,-442.88299560546875,1.7384802490084204
-78.42073059082031,-2554.3627115885415,-506.48096720377606,1.7589884832867928
-88.6088358561198,-2549.3037923177085,-537.0110371907552,1.7589884737237793
-93.03419240315755,-2538.2759602864585,-600.4713134765625,1.7767014986807563
-104.1243158976237,-2532.3070475260415,-630.6962280273438,1.7767015364221377
-107.57093302408855,-2519.4642740885415,-693.9664916992188,1.791556794133202
-119.55392964680989,-2512.5904134114585,-723.861328125,1.7915567997355986
-122.01896413167317,-2497.943359375,-786.889404296875,1.8035083432326053
-134.88495127360025,-2490.170166015625,-816.4294840494791,1.8035082533320637
-136.36637115478516,-2473.7307942708335,-879.1633911132812,1.8125162602633664
-150.104736328125,-2465.0646158854165,-908.3243611653646,1.8125162701430724
-150.60132344563803,-2446.8465169270835,-970.7123616536459,1.8185498372863527
-165.20073954264322,-2437.2945963541665,-999.4701741536459,1.8185499017382036
-164.71208699544272,-2417.3128255208335,-1061.4608154296875,1.8215901901418081
-180.16051737467447,-2406.8829752604165,-1089.7917887369792,1.8215902386756766
-178.68702189127603,-2385.1538899739585,-1151.333984375,1.8216267283464493
-194.97172037760416,-2373.8546549479165,-1179.2147216796875,1.8216265205211815
-184.54722595214844,-2350.3963216145835,-1241.3412679036458,1.8182956084201518
-229.83014933268228,-2373.8546549479165,-1172.919189453125,1.81937765915709
-212.72640482584634,-2385.1538899739585,-1145.5332845052083,1.8193778485944465
-212.37555948893228,-2406.8829752604165,-1083.9744873046875,1.8195143744673326
-196.09437052408853,-2417.3128255208335,-1056.1137288411458,1.8195143762888475
-194.74581909179688,-2437.2945963541665,-994.1358235677084,1.816650345493806
-179.30061848958334,-2446.8465169270835,-965.8232421875,1.8166502841207575
-176.95548502604166,-2465.0646158854165,-903.4773559570312,1.8107956964806087
-162.35901896158853,-2473.7307942708335,-874.7362874348959,1.8107956881626759
-159.01923624674478,-2490.170166015625,-812.0738321940104,1.801968746499316
-145.28353373209634,-2497.943359375,-782.9279988606771,1.8019686934220207
-140.95184834798178,-2512.5904134114585,-720.0006510416666,1.7901996848613062
-128.0882314046224,-2519.4642740885415,-690.4740600585938,1.7901996709501369
-122.76821645100911,-2532.3070475260415,-627.3336995442709,1.775527975415493
-110.78729756673177,-2538.2759602864585,-597.4507039388021,1.7755280049410236
-104.48334503173828,-2549.3037923177085,-534.149424235026,1.7579988822312445
-93.39500681559245,-2554.3627115885415,-503.93467203776044,1.7579988941479596
-86.11231231689453,-2563.5664876302085,-440.52466837565106,1.737674173736516
-75.92569478352864,-2567.7113444010415,-410.00306193033856,1.7376741769735065
-67.67026646931966,-2575.08349609375,-346.53662109375,1.7146171146390403
-58.39377466837565,-2578.310791015625,-315.7333475748698,1.714617125385013
-49.17241923014323,-2583.84521484375,-252.26280721028647,1.688907004238341
-40.813697814941406,-2586.15234375,-221.20325724283853,1.6889069938118155
-30.634018580118816,-2589.844482421875,-157.78095499674478,1.6606257357448402
-23.19996452331543,-2591.2294921875,-126.49075063069661,1.6606257356724337
-264.48670959472656,-2373.8546549479165,-1165.5934244791667,1.8167524387285139
-246.57893880208334,-2385.1538899739585,-1138.7263997395833,1.8167520729643856
-244.404052734375,-2406.8829752604165,-1077.2050374348958,1.817090495851554
-227.3044179280599,-2417.3128255208335,-1049.8390299479167,1.81709072675961
-224.1198476155599,-2437.2945963541665,-987.9282836914062,1.814432386248542
-207.84243774414062,-2446.8465169270835,-960.0858357747396,1.814432385814442
-203.65081278483072,-2465.0646158854165,-897.8368123372396,1.8087866780493798
-188.2090606689453,-2473.7307942708335,-869.5409138997396,1.8087867239396076
-183.01384480794272,-2490.170166015625,-807.0049438476562,1.8001711303310668
-168.4204864501953,-2497.943359375,-778.2789306640625,1.800171115510225
-162.22595723470053,-2512.5904134114585,-715.5075887044271,1.7886152938717332
-148.4930216471354,-2519.4642740885415,-686.3751424153646,1.7886153457854344
-141.30428568522134,-2532.3070475260415,-623.420166015625,1.77415780566493
-128.44309743245444,-2538.2759602864585,-593.9053141276041,1.7741577392608663
-120.26608530680339,-2549.3037923177085,-530.8186442057291,1.7568431930320074
-108.28725179036458,-2554.3627115885415,-500.9457499186198,1.7568431644714373
-99.12870788574219,-2563.5664876302085,-437.77940877278644,1.736732746230449
-88.04210662841797,-2567.7113444010415,-407.5730794270833,1.736732798142586
-77.90958150227864,-2575.08349609375,-344.37914021809894,1.713888967971783
-67.72435887654622,-2578.310791015625,-313.8642883300781,1.713888923382902
-56.62621053059896,-2583.84521484375,-250.69488016764322,1.6883903324011664
-47.350762685139976,-2586.15234375,-219.89667256673178,1.6883903620666592
-35.29614003499349,-2589.844482421875,-156.8038787841797,1.6603181958130075
-26.938117345174152,-2591.2294921875,-125.74771118164062,1.6603182068924291
-298.9109802246094,-2373.8546549479165,-1157.2439371744792,1.813753681479135
-280.21490478515625,-2385.1538899739585,-1130.9193522135417,1.8137539401403966
-276.21788533528644,-2406.8829752604165,-1069.4894409179688,1.8143226529286576
-258.31480407714844,-2417.3128255208335,-1042.6421508789062,1.8143223958396901
-253.2970174153646,-2437.2945963541665,-980.8529866536459,1.8118988396835856
-236.20169576009116,-2446.8465169270835,-953.505126953125,1.8118988418129247
-230.16727193196616,-2465.0646158854165,-891.4076538085938,1.8064915868821616
-213.893798828125,-2473.7307942708335,-863.581787109375,1.8064916496724692
-206.84771728515625,-2490.170166015625,-801.2272338867188,1.7981173696875576
-191.40951538085938,-2497.943359375,-772.9462890625,1.7981173684728258
-183.35758463541666,-2512.5904134114585,-710.3860677083334,1.7868049286864573
-168.76738484700522,-2519.4642740885415,-681.6733805338541,1.7868048974292339
-159.71624247233072,-2532.3070475260415,-618.9590861002604,1.7725920370137318
-145.98607889811197,-2538.2759602864585,-589.8383178710938,1.7725921316001259
-135.9431915283203,-2549.3037923177085,-527.0216573079427,1.7555227395849482
-123.08438618977864,-2554.3627115885415,-497.51683553059894,1.755522707990266
-112.0580342610677,-2563.5664876302085,-434.6496276855469,1.7356570312765034
-100.08118947347005,-2567.7113444010415,-404.78509521484375,1.735656955284741
-88.0804672241211,-2575.08349609375,-341.91917928059894,1.713056782572214
-76.9954605102539,-2578.310791015625,-311.7195536295573,1.713056844572469
-64.03026453653972,-2583.84521484375,-248.9067586263021,1.6877999300903408
-53.84623718261719,-2586.15234375,-218.39693705240884,1.6877999103618688
-39.927260080973305,-2589.844482421875,-155.68907419840494,1.6599666764976857
-30.652610778808594,-2591.2294921875,-124.89422353108723,1.6599666763510716
-34.34018007914225,-2591.2294921875,-123.93103535970052,1.6595715325918503
-44.52331097920736,-2589.844482421875,-154.4375228881836,1.6595715243695666
-60.29441833496094,-2586.15234375,-216.70538330078125,1.6871361935838074
-71.37808100382487,-2583.84521484375,-246.90001424153647,1.6871361620841292
-86.19893391927083,-2578.310791015625,-309.30101521809894,1.7121214759909285
-98.17398834228516,-2575.08349609375,-339.1588948567708,1.7121215548993893
-112.03236643473308,-2567.7113444010415,-401.64159138997394,1.7344479691572778
-124.8889389038086,-2563.5664876302085,-431.1381022135417,1.7344479317342045
-137.7734120686849,-2554.3627115885415,-493.6509602864583,1.7540385665704556
-151.50089518229166,-2549.3037923177085,-522.7617696126302,1.7540385557346592
-163.40083821614584,-2538.2759602864585,-585.2532348632812,1.7708325968959344
-177.9879150390625,-2532.3070475260415,-613.9543253580729,1.770832559658909
-188.89351908365884,-2519.4642740885415,-676.3728637695312,1.7847706008285222
-204.32816060384116,-2512.5904134114585,-704.6405843098959,1.7847706180239453
-214.23042805989584,-2497.943359375,-766.9347330729166,1.7958097237198523
-230.49990844726562,-2490.170166015625,-794.7457682291666,1.795809745827106
-239.3906707763672,-2473.7307942708335,-856.8641357421875,1.8039130648919748
-256.4815673828125,-2465.0646158854165,-884.195556640625,1.8039131849236898
-264.3534901936849,-2446.8465169270835,-946.0869344075521,1.8090527967506596
-282.25171915690106,-2437.2945963541665,-972.9161987304688,1.809052687551016
-289.09832763671875,-2417.3128255208335,-1034.529541015625,1.811212665015993
-307.78912353515625,-2406.8829752604165,-1060.8345336914062,1.8112127776724587
-313.60475667317706,-2385.1538899739585,-1122.1190185546875,1.810385478827217
-333.07269287109375,-2373.8546549479165,-1147.8780110677083,1.8103854720062071
-343.2186787923177,-2350.3963216145835,-1207.3023274739583,1.8066761695652738
-37.997589111328125,-2591.2294921875,-122.85899353027344,1.6591330691669548
-49.08025677998861,-2589.844482421875,-153.05032094319662,1.659133075445446
-66.68964131673177,-2586.15234375,-214.82348124186197,1.686399833963533
-78.66320419311523,-2583.84521484375,-244.67640686035156,1.6863998617680827
-95.32669830322266,-2578.310791015625,-306.61081949869794,1.7110839345118012
-108.18128204345703,-2575.08349609375,-336.10072835286456,1.7110839063182268
-123.88514455159505,-2567.7113444010415,-398.1453145345052,1.7331067073372337
-137.61014811197916,-2563.5664876302085,-427.2478841145833,1.7331067350409974
-152.34142557779947,-2554.3627115885415,-489.3514811197917,1.7523924634980295
-166.92553202311197,-2549.3037923177085,-518.042714436849,1.7523924675817355
-180.67207845052084,-2538.2759602864585,-580.1540934244791,1.7688812367810232
-196.10326131184897,-2532.3070475260415,-608.4103190104166,1.768881253483683
-208.8537394205729,-2519.4642740885415,-670.478271484375,1.7825147239885601
-225.11927286783853,-2512.5904134114585,-698.2762044270834,1.7825146993479957
-236.86317443847656,-2497.943359375,-760.2495524088541,1.793250867189688
-253.94964090983072,-2490.170166015625,-787.5662638346354,1.7932508826299491
-264.6772715250651,-2473.7307942708335,-849.3939005533854,1.801053906032689
-282.5705871582031,-2465.0646158854165,-876.2068481445312,1.8010537821258885
-292.2731119791667,-2446.8465169270835,-937.8377685546875,1.8058967750092974
-310.95851643880206,-2437.2945963541665,-964.1248575846354,1.805896915820616
-319.62791951497394,-2417.3128255208335,-1025.508280436198,1.8077649454168083
-339.0900065104167,-2406.8829752604165,-1051.2478434244792,1.8077648419893124
-346.7191467285156,-2385.1538899739585,-1112.3330891927083,1.8066511455955319
-366.9418640136719,-2373.8546549479165,-1137.5038655598958,1.8066513629630585
-366.3996887207031,-2350.3963216145835,-1200.3207600911458,1.802156749392969
-400.4887390136719,-2373.8546549479165,-1126.130615234375,1.8025558233991013
-379.5290120442708,-2385.1538899739585,-1101.5701497395833,1.8025558017311991
-370.0930582682292,-2406.8829752604165,-1040.73779296875,1.8039832451926567
-349.87677001953125,-2417.3128255208335,-1015.5862630208334,1.8039831919706657
-339.3921712239583,-2437.2945963541665,-954.4867146809896,1.8024351278048802
-319.9360046386719,-2446.8465169270835,-928.7648722330729,1.8024352137962194
-308.4114176432292,-2465.0646158854165,-867.4485270182291,1.7979172808489865
-289.7314046223958,-2473.7307942708335,-841.1775919596354,1.7979172021234522
-277.1763203938802,-2490.170166015625,-779.6950276692709,1.7904433767078465
-259.2878723144531,-2497.943359375,-752.8966471354166,1.7904435246919328
-245.71265665690103,-2512.5904134114585,-691.2985229492188,1.7800394668673678
-228.63052368164062,-2519.4642740885415,-663.9947916666666,1.780039381210685
-214.0463612874349,-2532.3070475260415,-602.3319295247396,1.7667398988545933
-197.78463236490884,-2538.2759602864585,-574.5453898111979,1.7667398214763157
-182.20355733235678,-2549.3037923177085,-512.868642171224,1.7505859481337172
-166.77563985188803,-2554.3627115885415,-484.6221923828125,1.7505860291955506
-150.2104949951172,-2563.5664876302085,-422.98241170247394,1.7316348065878928
-135.62910970052084,-2567.7113444010415,-394.29933675130206,1.731634853780108
-118.0935567220052,-2575.08349609375,-332.7473551432292,1.7099451287234655
-104.37073262532552,-2578.310791015625,-303.6513163248698,1.7099450709435111
-85.87923431396484,-2583.84521484375,-242.23790486653647,1.6855915681945668
-73.02628962198894,-2586.15234375,-212.7529042561849,1.6855916214717162
-53.59409205118815,-2589.844482421875,-151.52869669596353,1.6586518079918695
-41.62162208557129,-2591.2294921875,-121.67903900146484,1.658651769132606
-433.68385823567706,-2373.8546549479165,-1113.7682291666667,1.7981035546085704
-412.0055236816406,-2385.1538899739585,-1089.8396809895833,1.7981040273444882
-400.77105712890625,-2406.8829752604165,-1029.3136596679688,1.7998721639561788
-379.8183186848958,-2417.3128255208335,-1004.7722371419271,1.7998721003303397
-367.5277506510417,-2437.2945963541665,-944.0102132161459,1.7986715097963462
-347.31789143880206,-2446.8465169270835,-918.876220703125,1.7986714580967718
-333.9813639322917,-2465.0646158854165,-857.9283243815104,1.794506651021903
-314.5310567220052,-2473.7307942708335,-832.2224731445312,1.7945067129626495
-300.15955607096356,-2490.170166015625,-771.1389567057291,1.7873905294696635
-281.4848327636719,-2497.943359375,-744.8824462890625,1.787390493437053
-266.09022013346356,-2512.5904134114585,-683.7136637369791,1.7773473623367941
-248.20649210611978,-2519.4642740885415,-656.9281209309896,1.777347403433729
-231.80146280924478,-2532.3070475260415,-595.7245076497396,1.7644109732638815
-214.7234649658203,-2538.2759602864585,-568.4320475260416,1.7644109584672178
-197.32154337565103,-2549.3037923177085,-507.2440999348958,1.748621076919924
-181.06336466471353,-2554.3627115885415,-479.4672342936198,1.7486209853229728
-162.67890421549478,-2563.5664876302085,-418.3454081217448,1.7300334515844318
-147.2539520263672,-2567.7113444010415,-390.10703531901044,1.7300334652299765
-127.90210723876953,-2575.08349609375,-329.1017252604167,1.7087060189879053
-113.3230972290039,-2578.310791015625,-300.4251200358073,1.7087060964282965
-93.01983388264973,-2583.84521484375,-239.58663940429688,1.6847121438071988
-79.29879506429036,-2586.15234375,-210.4954630533854,1.6847121231216526
-58.06085713704427,-2589.844482421875,-149.87398529052734,1.658128032655366
-45.20909881591797,-2591.2294921875,-120.39221954345703,1.6581280526927733
-466.49805704752606,-2373.8546549479165,-1100.4275716145833,1.7933007986272356
-444.1201578776042,-2385.1538899739585,-1077.1519368489583,1.7933004270425281
-431.09703572591144,-2406.8829752604165,-1016.9854329427084,1.7954357823997908
-409.42626953125,-2417.3128255208335,-993.0757039388021,1.7954359531717752
-395.34051513671875,-2437.2945963541665,-932.7045694986979,1.7946099137420966
-374.3947347005208,-2446.8465169270835,-908.1805013020834,1.7946100088432198
-359.2579650878906,-2465.0646158854165,-847.6545817057291,1.7908258951962972
-339.05445353190106,-2473.7307942708335,-822.5363972981771,1.7908259233837553
-322.87916056315106,-2490.170166015625,-761.9055786132812,1.7840953712503895
-303.4345703125,-2497.943359375,-736.2139892578125,1.784095297998157
-286.2340799967448,-2512.5904134114585,-675.5282592773438,1.7744414638482011
-267.564453125,-2519.4642740885415,-649.2844441731771,1.774441474566952
-249.35296122233072,-2532.3070475260415,-588.5938517252604,1.761896688254124
-231.47369893391928,-2538.2759602864585,-561.8194580078125,1.7618967797569394
-212.2662150065104,-2549.3037923177085,-501.17406209309894,1.7464996447689254
-195.19205729166666,-2554.3627115885415,-473.8911641438802,1.7464996559039523
-175.00442504882812,-2563.5664876302085,-413.3409729003906,1.7283045916463817
-158.74945068359375,-2567.7113444010415,-385.57208251953125,1.7283045413569176
-137.59831746419272,-2575.08349609375,-325.1670328776042,1.7073680877808355
-122.1759262084961,-2578.310791015625,-296.93504842122394,1.7073681308881654
-100.07873280843098,-2583.84521484375,-236.72493998209634,1.683762320205722
-85.50165049235027,-2586.15234375,-208.05313618977866,1.683762237566947
-62.47662226359049,-2589.844482421875,-148.08762868245444,1.6575622895704303
-48.75686772664388,-2591.2294921875,-118.99965413411458,1.6575623170848615
-52.26180903116862,-2591.2294921875,-117.5025634765625,1.6569551621649814
-66.83751424153645,-2589.844482421875,-146.17120107014975,1.656955174345574
-91.62940979003906,-2586.15234375,-205.42807006835938,1.682742999410288
-107.0497309366862,-2583.84521484375,-233.65530904134116,1.6827429028025305
-130.92144521077475,-2578.310791015625,-293.1841634114583,1.705932250817576
-147.17366790771484,-2575.08349609375,-320.9467264811198,1.7059323391233043
-170.1055145263672,-2567.7113444010415,-380.698486328125,1.7264494347955763
-187.17623392740884,-2563.5664876302085,-407.97349039713544,1.7264494634930614
-209.14930216471353,-2554.3627115885415,-467.8988749186198,1.7442236724086204
-227.02444966634116,-2549.3037923177085,-494.663818359375,1.7442236943615093
-248.02062479654947,-2538.2759602864585,-554.7133992513021,1.759199808814199
-266.6854553222656,-2532.3070475260415,-580.9462076822916,1.7591998523853416
-286.6874186197917,-2519.4642740885415,-641.0704752604166,1.7713249267758515
-306.1265360514323,-2512.5904134114585,-666.74951171875,1.7713247338857088
-325.11778767903644,-2497.943359375,-726.8988850911459,1.780561369506826
-345.3151550292969,-2490.170166015625,-752.0029907226562,1.7805615252113227
-363.28003946940106,-2473.7307942708335,-812.1278686523438,1.786878940194481
-384.21901448567706,-2465.0646158854165,-836.6363321940104,1.786879086494405
-401.14272054036456,-2446.8465169270835,-896.6871134440104,1.7902554868242777
-422.8060302734375,-2437.2945963541665,-920.5797322591146,1.7902555160049416
-438.6745910644531,-2417.3128255208335,-980.5069173177084,1.7906805172355493
-461.04437255859375,-2406.8829752604165,-1003.7639567057291,1.7906800905643694
-475.84471638997394,-2385.1538899739585,-1063.5181070963542,1.7881517295817437
-498.9025370279948,-2373.8546549479165,-1086.1204020182292,1.788151964804569
-518.2747497558594,-2350.3963216145835,-1143.1407063802083,1.782815661596101
-55.72085189819336,-2591.2294921875,-115.90226745605469,1.6563071137597114
-71.13970057169597,-2589.844482421875,-144.1263910929362,1.6563071464934465
-97.6766840616862,-2586.15234375,-202.62256368001303,1.681655246444103
-113.92669932047527,-2583.84521484375,-230.38045247395834,1.6816552459748784
-139.55196889241537,-2578.310791015625,-289.17576090494794,1.7044004279264209
-156.6197509765625,-2575.08349609375,-316.4445393880208,1.7044004663006491
-181.31216939290366,-2567.7113444010415,-375.4905090332031,1.7244703607224259
-199.18364461263022,-2563.5664876302085,-402.24767049153644,1.7244702415744828
-222.92285664876303,-2554.3627115885415,-461.49559529622394,1.7417956904980243
-241.58328755696616,-2549.3037923177085,-487.7190856933594,1.7417957339999364
-264.34971110026044,-2538.2759602864585,-547.1201171875,1.7563230154073743
-283.78370157877606,-2532.3070475260415,-572.7882893880209,1.7563228136262075
-305.5585632324219,-2519.4642740885415,-632.2934163411459,1.768000500902719
-325.7500915527344,-2512.5904134114585,-657.3851318359375,1.768000782992798
-346.5154317220052,-2497.943359375,-716.9453328450521,1.776793006295305
-367.4478454589844,-2490.170166015625,-741.4399007161459,1.7767928345215376
-387.18654378255206,-2473.7307942708335,-801.0060221354166,1.7826700732040164
-408.84259033203125,-2465.0646158854165,-824.8832194010416,1.7826700739440864
-427.5383707682292,-2446.8465169270835,-884.4061482747396,1.7856121853674316
-449.9001871744792,-2437.2945963541665,-907.6463012695312,1.7856123111331943
-467.5376281738281,-2417.3128255208335,-967.0769246419271,1.7856102508229403
-490.5867614746094,-2406.8829752604165,-989.6608479817709,1.7856103119471405
-507.1513264973958,-2385.1538899739585,-1048.950174967448,1.782663603063599
-530.8687947591146,-2373.8546549479165,-1070.8593139648438,1.7826640956793067
-540.1708984375,-2350.3963216145835,-1132.8130696614583,1.7763143519217786
-29.99303563435869,-2593.0763346354165,-56.88965861002598,1.628216010767936
-28.294033050537077,-2593.0763346354165,-57.753468831380154,1.6284435965851285
-26.57017898559567,-2593.0763346354165,-58.566553751627545,1.6286578491159043
-24.82298914591468,-2593.0763346354165,-59.32819620768223,1.628858558268534
-23.053995768229132,-2593.0763346354165,-60.037727355956974,1.629045553268949
-21.264753341674773,-2593.0763346354165,-60.694526672363224,1.62921863756743
-19.45683415730791,-2593.0763346354165,-61.29801940917963,1.6293776890654406
-17.631825129191046,-2593.0763346354165,-61.847671508789006,1.6295225722761442
-15.791329701741503,-2593.0763346354165,-62.34299977620437,1.6296531298493355
-13.936964035034146,-2593.0763346354165,-62.78356933593744,1.6297692697852617
-12.070357640584277,-2593.0763346354165,-63.16899363199864,1.6298708646908107
-10.19314924875892,-2593.0763346354165,-63.49893697102859,1.6299578392249174
-8.306987762451138,-2593.0763346354165,-63.7731094360351,1.6300301121847622
-6.413530031839973,-2593.0763346354165,-63.99126688639317,1.6300876284780275
-4.514439105987516,-2593.0763346354165,-64.15321858723952,1.6301303200606303
-2.6113832791645994,-2593.0763346354165,-64.25882212320958,1.6301581630888768
-0.7060337563355435,-2593.0763346354165,-64.30798594156896,1.6301711227025062
1.1999359428882928,-2593.0763346354165,-64.30066680908197,1.6301691928423683
3.1048516432444586,-2593.0763346354165,-64.23686981201166,1.630152375247418
5.007040500640902,-2593.0763346354165,-64.11665344238276,1.6301206820997436
6.904831568400098,-2593.0763346354165,-63.94011942545567,1.6300741402972898
8.796557744344108,-2593.0763346354165,-63.70742543538406,1.6300128023349507
10.680557568868034,-2593.0763346354165,-63.418777465820256,1.6299367089891
12.55517641703291,-2593.0763346354165,-63.07442474365229,1.6298459285455957
14.418767929077182,-2593.0763346354165,-62.674672444661404,1.6297405624509589
16.26969464619958,-2593.0763346354165,-62.219874064127545,1.6296206817626937
18.106331507364942,-2593.0763346354165,-61.71042378743484,1.6294863879245831
19.927064895629915,-2593.0763346354165,-61.14677174886062,1.6293378399649752
21.730295817057325,-2593.0763346354165,-60.52941385904942,1.629175121052651
23.514441172281934,-2593.0763346354165,-59.85888926188145,1.6289984081015132
25.277932484944696,-2593.0763346354165,-59.13579050699864,1.6288078591470496
27.019220987955762,-2593.0763346354165,-58.360750834147076,1.6286036132091857
28.736778259277376,-2593.0763346354165,-57.53445180257156,1.6283859050244216
30.42909622192386,-2593.0763346354165,-56.657618204752545,1.628154859674901
32.09468714396162,-2593.0763346354165,-55.7310206095377,1.6279107576227336
33.73208745320641,-2593.0763346354165,-54.75547281901036,1.6276537371353814
35.33986028035485,-2593.0763346354165,-53.73183186848953,1.6273841195361582
36.916592915852895,-2593.0763346354165,-52.66099802652989,1.627102048467458
38.46090062459313,-2593.0763346354165,-51.543909708658795,1.6268078507122883
39.971427917480504,-2593.0763346354165,-50.381548563639264,1.6265017366196266
41.44684727986657,-2593.0763346354165,-49.17493693033848,1.6261840282682298
42.885862986246785,-2593.0763346354165,-47.92513275146479,1.6258549355267398
44.28721110026046,-2593.0763346354165,-46.63323465983067,1.6255148466236362
45.649658203125036,-2593.0763346354165,-45.300379435221295,1.6251639553077872
46.972010294596394,-2593.0763346354165,-43.92773437499994,1.6248026801874864
48.25310770670577,-2593.0763346354165,-42.516504923502545,1.6244312550902518
49.491821289062536,-2593.0763346354165,-41.06793212890619,1.6240500584110837
50.687065124511754,-2593.0763346354165,-39.58328882853184,1.6236594299620204
51.83779144287113,-2593.0763346354165,-38.06387837727859,1.623259704352839
52.942985534668004,-2593.0763346354165,-36.511035919189396,1.6228511916597652
54.00167846679691,-2593.0763346354165,-34.92612457275385,1.622434354034491
55.01294199625655,-2593.0763346354165,-33.310536702473904,1.622009466283812
55.975883483886754,-2593.0763346354165,-31.66569264729812,1.6215769317412312
56.88965861002608,-2593.0763346354165,-29.993035634358666,1.6211371598568716
57.753468831380246,-2593.0763346354165,-28.294033050537053,1.6206905484954433
58.566553751627644,-2593.0763346354165,-26.570178985595646,1.6202374315469201
59.32819620768233,-2593.0763346354165,-24.822989145914658,1.6197782477999279
60.03772735595707,-2593.0763346354165,-23.05399576822911,1.6193133836247908
60.69452667236332,-2593.0763346354165,-21.264753341674744,1.618843327933163
61.29801940917972,-2593.0763346354165,-19.45683415730788,1.6183684122288322
61.8476715087891,-2593.0763346354165,-17.631825129191018,1.6178890297993371
62.342999776204465,-2593.0763346354165,-15.791329701741475,1.6174056965941728
62.783569335937536,-2593.0763346354165,-13.936964035034118,1.6169187484901364
63.16899363199874,-2593.0763346354165,-12.070357640584248,1.6164287161141866
63.498936971028684,-2593.0763346354165,-10.19314924875889,1.6159359645764308
63.77310943603519,-2593.0763346354165,-8.306987762451111,1.6154409481647463
63.99126688639327,-2593.0763346354165,-6.413530031839946,1.6149440263847072
64.15321858723962,-2593.0763346354165,-4.514439105987488,1.6144457851986531
64.25882212320967,-2593.0763346354165,-2.611383279164572,1.613946495660231
64.30798594156904,-2593.0763346354165,-0.7060337563355161,1.613446787960183
64.30066680908207,-2593.0763346354165,1.19993594288832,1.6129468877593793
64.23686981201176,-2593.0763346354165,3.1048516432444857,1.6124474248855722
64.11665344238286,-2593.0763346354165,5.0070405006409295,1.611948714531489
63.94011942545577,-2593.0763346354165,6.904831568400126,1.6114512055141732
63.70742543538415,-2593.0763346354165,8.796557744344137,1.6109554366404557
63.41877746582035,-2593.0763346354165,10.680557568868062,1.610461722883915
63.07442474365238,-2593.0763346354165,12.55517641703294,1.6099705144454377
62.674672444661496,-2593.0763346354165,14.41876792907721,1.6094823444825959
62.219874064127644,-2593.0763346354165,16.269694646199607,1.6089975286770668
61.710423787434934,-2593.0763346354165,18.10633150736497,1.608516480219454
61.146771748860715,-2593.0763346354165,19.927064895629943,1.6080397559556299
60.52941385904952,-2593.0763346354165,21.730295817057353,1.6075676128220957
59.85888926188155,-2593.0763346354165,23.51444117228196,1.6071005604784607
59.13579050699874,-2593.0763346354165,25.277932484944717,1.6066390039774119
58.360750834147176,-2593.0763346354165,27.019220987955787,1.6061832741001194
57.53445180257165,-2593.0763346354165,28.7367782592774,1.6057338849361324
56.657618204752644,-2593.0763346354165,30.429096221923885,1.6052910871027573
55.7310206095378,-2593.0763346354165,32.09468714396164,1.6048554103098167
54.75547281901046,-2593.0763346354165,33.73208745320644,1.604427093434593
53.73183186848962,-2593.0763346354165,35.33986028035488,1.6040066631818248
52.66099802652999,-2593.0763346354165,36.916592915852924,1.6035943348046384
51.543909708658894,-2593.0763346354165,38.46090062459316,1.6031905797350172
50.38154856363936,-2593.0763346354165,39.971427917480526,1.602795678015098
49.17493693033858,-2593.0763346354165,41.446847279866596,1.602410037032643
47.92513275146488,-2593.0763346354165,42.8858629862468,1.6020339050419568
46.63323465983077,-2593.0763346354165,44.28721110026047,1.6016677180620982
45.300379435221394,-2593.0763346354165,45.64965820312506,1.6013116777072998
43.927734375000036,-2593.0763346354165,46.97201029459641,1.6009662022214375
42.51650492350264,-2593.0763346354165,48.253107706705784,1.6006315076427053
41.067932128906286,-2593.0763346354165,49.49182128906256,1.6003079297616367
39.583288828531934,-2593.0763346354165,50.687065124511776,1.5999957493579282
38.06387837727868,-2593.0763346354165,51.83779144287115,1.5996952270632012
36.51103591918949,-2593.0763346354165,52.942985534668026,1.5994065920248959
34.92612457275394,-2593.0763346354165,54.00167846679693,1.5991301645523197
33.31053670247399,-2593.0763346354165,55.012941996256565,1.59886612069481
31.66569264729821,-2593.0763346354165,55.975883483886776,1.598614707960686
612.3267211914062,-2350.3963216145835,1095.6080729166667,1.0482397109571517
633.2193196614584,-2350.3963216145835,1083.3769124348958,1.0456485881310278
665.1121012369791,-2338.2372233072915,1098.691162109375,1.048072811655293
681.8947347005209,-2350.3963216145835,1053.7547403971355,1.060230418844056
702.0260416666666,-2350.3963216145835,1040.307352701823,1.0624425678641387
721.7500203450521,-2350.3963216145835,1026.2693277994792,1.0569516623572555
749.9777628580729,-2338.2372233072915,1042.467041015625,1.0661523715849912
820.9968668619791,-2338.2372233072915,987.6648559570312,1.0789797626002358
830.4680379231771,-2350.3963216145835,941.1168212890625,1.092589611768038
848.3932698567709,-2350.3963216145835,924.8445027669271,1.0966399841071934
865.8284098307291,-2350.3963216145835,908.0481567382812,1.0932693447142052
896.5699055989584,-2338.2372233072915,919.4575602213541,1.10028609342259
958.6530965169271,-2338.2372233072915,854.7057291666666,1.1167876046846654
960.7162068684896,-2350.3963216145835,807.7125244140625,1.1315205511049575
976.0424397786459,-2350.3963216145835,788.9719645182291,1.1373055113731492
990.8065795898438,-2350.3963216145835,769.7854614257812,1.136002246474984
1023.2564697265625,-2338.2372233072915,776.0285034179688,1.1410563244747203
1075.0237630208333,-2338.2372233072915,702.7660725911459,1.160957321096462
1069.7650960286458,-2350.3963216145835,656.4857177734375,1.1764660252710613
1082.1563720703125,-2350.3963216145835,635.6876627604166,1.1838452247417826
1093.9259033203125,-2350.3963216145835,614.5315551757812,1.1845186755290271
1127.2237141927083,-2338.2372233072915,615.364501953125,1.1878529690431983
1167.5243733723958,-2338.2372233072915,535.2196248372396,1.2107975271414675
1155.2084147135417,-2350.3963216145835,490.77349853515625,1.2267198258517262
1164.3931477864583,-2350.3963216145835,468.37388102213544,1.23551516920495
1172.9100341796875,-2350.3963216145835,445.7119140625,1.2380319522372063
1206.1625162760417,-2338.2372233072915,441.032958984375,1.2399099898053016
1234.1007486979167,-2338.2372233072915,355.78680419921875,1.2654549540642437
1215.1608072916667,-2350.3963216145835,314.23265584309894,1.281426805139628
1220.9376220703125,-2350.3963216145835,290.7224426269531,1.291418146737139
1226.0152180989583,-2350.3963216145835,267.0513610839844,1.295598395093576
1258.3194580078125,-2338.2372233072915,256.9048767089844,1.2962952395782847
1273.274169921875,-2338.2372233072915,168.4520263671875,1.3239077568208073
1248.2994791666667,-2350.3963216145835,130.7589111328125,1.3395702534493075
1250.5417887369792,-2350.3963216145835,106.65343475341797,1.3504966121312403
1252.0688069661458,-2350.3963216145835,82.49209721883138,1.356114955911752
1282.5359293619792,-2338.2372233072915,67.06886545817058,1.3559118319477637
1284.1744791666667,-2338.2372233072915,-22.62481117248535,1.3849745985426882
1253.8932291666667,-2350.3963216145835,-55.59904543558756,1.3999806062185691
1252.5518798828125,-2350.3963216145835,-79.77140045166016,1.4115491055013418
1250.4947916666667,-2350.3963216145835,-103.89338684082031,1.4183331623940392
1278.2735188802083,-2338.2372233072915,-124.25962575276692,1.4175059292760017
1266.5594889322917,-2338.2372233072915,-213.2006581624349,1.4473233281025633
1231.81884765625,-2350.3963216145835,-240.72889709472656,1.461363159695919
1226.9232177734375,-2350.3963216145835,-264.4382781982422,1.4732436097390396
1221.3271484375,-2350.3963216145835,-287.99217732747394,1.4808813693356873
1245.6265462239583,-2338.2372233072915,-312.8319396972656,1.4796897989559719
1220.820068359375,-2338.2372233072915,-399.04356892903644,1.5095035258913976
1182.5636393229167,-2350.3963216145835,-420.54547119140625,1.5223021214509806
1174.2210286458333,-2350.3963216145835,-443.2721761067708,1.534149826171122
1165.2086181640625,-2350.3963216145835,-465.74168904622394,1.542291875327365
1185.3194580078125,-2338.2372233072915,-494.46056111653644,1.5409680060494724
1098.691162109375,-2338.2372233072915,-665.1121012369791,1.5997871953866336
1053.7547403971355,-2350.3963216145835,-681.8947347005209,1.6155772053624964
1040.307352701823,-2350.3963216145835,-702.0260416666666,1.6252208966082393
1026.2693277994792,-2350.3963216145835,-721.7500203450521,1.6319596252884754
1042.467041015625,-2338.2372233072915,-749.9777628580729,1.629018337513606
987.6648559570312,-2338.2372233072915,-820.9968668619791,1.6545798058548793
941.1168212890625,-2350.3963216145835,-830.4680379231771,1.6683703255762152
924.8445027669271,-2350.3963216145835,-848.3932698567709,1.6773323563377838
908.0481567382812,-2350.3963216145835,-865.8284098307291,1.6838689246893235
919.4575602213541,-2338.2372233072915,-896.5699055989584,1.6809321490087388
854.7057291666666,-2338.2372233072915,-958.6530965169271,1.7038241888433856
807.7125244140625,-2350.3963216145835,-960.7162068684896,1.715378549174321
788.9719645182291,-2350.3963216145835,-976.0424397786459,1.7233096586779184
769.7854614257812,-2350.3963216145835,-990.8065795898438,1.729238158325603
776.0285034179688,-2338.2372233072915,-1023.2564697265625,1.72661928970493
702.7660725911459,-2338.2372233072915,-1075.0237630208333,1.7461043406748262
656.4857177734375,-2350.3963216145835,-1069.7650960286458,1.7552799181785763
635.6876627604166,-2350.3963216145835,-1082.1563720703125,1.7618638613123967
614.5315551757812,-2350.3963216145835,-1093.9259033203125,1.7667957117210609
615.364501953125,-2338.2372233072915,-1127.2237141927083,1.7647417510337984
535.2196248372396,-2338.2372233072915,-1167.5243733723958,1.7801680135647622
490.77349853515625,-2350.3963216145835,-1155.2084147135417,1.786920326902143
468.37388102213544,-2350.3963216145835,-1164.3931477864583,1.7918882165432808
445.7119140625,-2350.3963216145835,-1172.9100341796875,1.7954708006046545
441.032958984375,-2338.2372233072915,-1206.1625162760417,1.7941512295103428
355.78680419921875,-2338.2372233072915,-1234.1007486979167,1.80498294129971
314.23265584309894,-2350.3963216145835,-1215.1608072916667,1.8093676638527025
290.7224426269531,-2350.3963216145835,-1220.9376220703125,1.8125077485460634
267.0513610839844,-2350.3963216145835,-1226.0152180989583,1.8144378696255294
256.9048767089844,-2338.2372233072915,-1258.3194580078125,1.813941568246029
168.4520263671875,-2338.2372233072915,-1273.274169921875,1.8197823524693997
130.7589111328125,-2350.3963216145835,-1248.2994791666667,1.821946951475047
106.65343475341797,-2350.3963216145835,-1250.5417887369792,1.8231163894432467
82.49209721883138,-2350.3963216145835,-1252.0688069661458,1.8231555810568583
67.06886545817058,-2338.2372233072915,-1282.5359293619792,1.823489262217371
-22.62481117248535,-2338.2372233072915,-1284.1744791666667,1.8241018446046078
-55.59904543558756,-2350.3963216145835,-1253.8932291666667,1.8242740874161736
-79.77140045166016,-2350.3963216145835,-1252.5518798828125,1.8234060134823746
-103.89338684082031,-2350.3963216145835,-1250.4947916666667,1.8213889261824177
-124.25962575276692,-2338.2372233072915,-1278.2735188802083,1.8224834916965793
-213.2006581624349,-2338.2372233072915,-1266.5594889322917,1.817800147566102
-240.72889709472656,-2350.3963216145835,-1231.81884765625,1.816273232725485
-264.4382781982422,-2350.3963216145835,-1226.9232177734375,1.8133795534419133
-287.99217732747394,-2350.3963216145835,-1221.3271484375,1.8092207903153572
-312.8319396972656,-2338.2372233072915,-1245.6265462239583,1.8109407832375042
-399.04356892903644,-2338.2372233072915,-1220.820068359375,1.8010662707586569
-420.54547119140625,-2350.3963216145835,-1182.5636393229167,1.7981795879194677
-443.2721761067708,-2350.3963216145835,-1174.2210286458333,1.7933492106150932
-465.74168904622394,-2350.3963216145835,-1165.2086181640625,1.7870475519245421
-494.46056111653644,-2338.2372233072915,-1185.3194580078125,1.7892046061358835
-576.0266520182291,-2338.2372233072915,-1147.9718424479167,1.7744118384112544
1147.9718424479167,-2338.2372233072915,-576.0266520182291,1.569979385100364
59.13094965616862,-2591.2294921875,114.20017496744792,1.5662046497496884
75.37940216064453,-2589.844482421875,141.95498911539713,1.5662046976356283
103.63816833496094,-2586.15234375,199.63909403483072,1.5318011055337646
120.70360819498698,-2583.84521484375,226.90324910481772,1.5318010459502631
148.05992126464844,-2578.310791015625,284.91338602701825,1.495283744491783
165.92827351888022,-2575.08349609375,311.6644032796224,1.4952838298647573
192.35957845052084,-2567.7113444010415,369.9527180989583,1.4567690185996824
211.01611328125,-2563.5664876302085,396.1685282389323,1.4567689459461148
236.5006103515625,-2554.3627115885415,454.6869710286458,1.4163895474197106
255.92993672688803,-2549.3037923177085,480.34596761067706,1.4163896038797283
280.4466044108073,-2538.2759602864585,539.0462544759115,1.3742706304201182
300.63270060221356,-2532.3070475260415,564.1272684733073,1.3742705078357085
324.1613260904948,-2519.4642740885415,622.9610188802084,1.3305614417789589
345.08754475911456,-2512.5904134114585,647.4433797200521,1.3305615230400236
367.6087239583333,-2497.943359375,706.362060546875,1.285398359748915
389.2578125,-2490.170166015625,730.2255655924479,1.2853983369008042
410.7529805501302,-2473.7307942708335,789.1806030273438,1.2389293218080026
433.1070861816406,-2465.0646158854165,812.4055786132812,1.2389293230548233
453.5585123697917,-2446.8465169270835,871.3483479817709,1.1913157908643215
476.5991923014323,-2437.2945963541665,893.9156494140625,1.191315790315866
495.99000040690106,-2417.3128255208335,952.7975260416666,1.1427062149427172
519.6982625325521,-2406.8829752604165,974.6885172526041,1.1427062551859
538.0124918619791,-2385.1538899739585,1033.4609781901042,1.093263050339066
562.3687947591146,-2373.8546549479165,1054.6576538085938,1.0932629493519193
591.0808512369791,-2350.3963216145835,1107.2147623697917,1.0431600429286723
-593.3748372395834,-2373.8546549479165,-1037.5296223958333,1.7706939833602249
-568.401123046875,-2385.1538899739585,-1017.0640258789062,1.7706943608016426
-548.3533121744791,-2406.8829752604165,-958.8600870768229,1.7745513989873969
-524.0067545572916,-2417.3128255208335,-937.6812540690104,1.7745510716853827
-502.87957763671875,-2437.2945963541665,-879.3998413085938,1.7754826814943443
-479.18027750651044,-2446.8465169270835,-857.5252278645834,1.7754827072529302
-456.9911600748698,-2465.0646158854165,-799.2143961588541,1.7734862695140563
-433.9586486816406,-2473.7307942708335,-776.6620483398438,1.7734864478278631
-410.7258809407552,-2490.170166015625,-718.3698933919271,1.7685680069124703
-388.379150390625,-2497.943359375,-695.1583862304688,1.768568152856563
-364.1218973795573,-2512.5904134114585,-636.9329630533854,1.7607445801404746
-342.47938028971356,-2519.4642740885415,-613.0814615885416,1.7607444230567104
-317.21764119466144,-2532.3070475260415,-554.9707946777344,1.750041973562527
-296.29718017578125,-2538.2759602864585,-530.4989624023438,1.7500419847366326
-270.0517883300781,-2549.3037923177085,-472.55096435546875,1.736493665858219
-249.87064107259116,-2554.3627115885415,-447.47898356119794,1.736493744881782
-222.66323852539062,-2563.5664876302085,-389.74144490559894,1.7201473140100716
-203.238037109375,-2567.7113444010415,-364.08998616536456,1.7201472883514792
-175.09105936686197,-2575.08349609375,-306.6105194091797,1.7010535984082533
-156.43783060709634,-2578.310791015625,-280.40074666341144,1.7010535367705006
-127.37449645996094,-2583.84521484375,-223.22675577799478,1.6792782992837896
-109.50862630208333,-2586.15234375,-196.48027547200522,1.6792783499156194
-79.55289713541667,-2589.844482421875,-139.65890502929688,1.6548908586888755
-62.489112854003906,-2591.2294921875,-112.39777374267578,1.6548908479810025
-623.8597005208334,-2373.8546549479165,-1019.4902954101562,1.7642272073192917
-598.2904866536459,-2385.1538899739585,-999.7737426757812,1.7642267154773779
-576.5267130533854,-2406.8829752604165,-942.189453125,1.7685744719677141
-551.5632527669271,-2417.3128255208335,-921.7413940429688,1.7685747257012256
-528.7182820638021,-2437.2945963541665,-864.1116333007812,1.7700075407311913
-504.38116455078125,-2446.8465169270835,-842.9489135742188,1.7700075342159098
-480.4738464355469,-2465.0646158854165,-785.3212280273438,1.768521229968041
-456.78314208984375,-2473.7307942708335,-763.4613240559896,1.7685210905264757
-431.83319091796875,-2490.170166015625,-705.8832397460938,1.7641201521776608
-408.8084411621094,-2497.943359375,-683.3441569010416,1.7641203222362154
-382.83642578125,-2512.5904134114585,-625.8631184895834,1.7568197457656212
-360.4966125488281,-2519.4642740885415,-602.6634318033854,1.7568196315147229
-333.5239562988281,-2532.3070475260415,-545.3268636067709,1.7466440458519645
-311.8875020345052,-2538.2759602864585,-521.4857279459635,1.7466441816045937
-283.9364420572917,-2549.3037923177085,-464.3409118652344,1.7336248147611688
-263.0211893717448,-2554.3627115885415,-439.8779805501302,1.7336246919090739
-234.11478169759116,-2563.5664876302085,-382.97203572591144,1.7178075546617388
-213.93797810872397,-2567.7113444010415,-357.90748087565106,1.7178075318382215
-184.10005696614584,-2575.08349609375,-301.28733825683594,1.699241820027154
-164.67833964029947,-2578.310791015625,-275.64183553059894,1.6992419172934405
-133.93351236979166,-2583.84521484375,-219.35419209798178,1.6779914313135862
-115.28289794921875,-2586.15234375,-193.14888509114584,1.677991389308367
-83.65651957194011,-2589.844482421875,-137.2401555379232,1.6541238415298944
-65.79238891601562,-2591.2294921875,-110.4966557820638,1.6541238373629188
-653.7966105143229,-2373.8546549479165,-1000.5555419921875,1.7574478471323252
-627.6543579101562,-2385.1538899739585,-981.6053466796875,1.7574481841333776
-604.1937255859375,-2406.8829752604165,-924.6912841796875,1.7623092385746382
-578.6352945963541,-2417.3128255208335,-904.991943359375,1.7623094270513393
-554.0925903320312,-2437.2945963541665,-848.0644938151041,1.7642668687077923
-529.1390380859375,-2446.8465169270835,-827.6322428385416,1.7642668255767047
-503.5345153808594,-2465.0646158854165,-770.7383219401041,1.7633146356078644
-479.20644124348956,-2473.7307942708335,-749.5900268554688,1.7633144797505655
-452.56121826171875,-2490.170166015625,-692.7765706380209,1.7594554939763436
-428.87867228190106,-2497.943359375,-670.9296875,1.759455355723591
-401.21471150716144,-2512.5904134114585,-614.2435302734375,1.7527027186057722
-378.1972147623698,-2519.4642740885415,-591.7160441080729,1.7527027188927682
-349.53733317057294,-2532.3070475260415,-535.2039388020834,1.7430792397514048
-327.2038879394531,-2538.2759602864585,-512.0144449869791,1.743079291088746
-297.57171630859375,-2549.3037923177085,-455.72300211588544,1.7306144311378058
-275.9407246907552,-2554.3627115885415,-431.89060465494794,1.7306143357959984
-245.3606974283854,-2563.5664876302085,-375.8662414550781,1.7153522378387909
-224.45000712076822,-2567.7113444010415,-351.4106038411458,1.7153523597649825
-192.94734700520834,-2575.08349609375,-295.69952392578125,1.6973403622900232
-172.77420043945312,-2578.310791015625,-270.64081319173175,1.6973402872025365
-140.37488810221353,-2583.84521484375,-215.2889658610026,1.6766404108044477
-120.95591735839844,-2586.15234375,-189.6478474934896,1.6766404982250305
-87.68666330973308,-2589.844482421875,-134.70086415608725,1.6533186025067934
-69.03787994384766,-2591.2294921875,-108.49847920735677,1.6533185484842037
-683.1592610677084,-2373.8546549479165,-980.741943359375,1.7503648579519815
-656.4669392903646,-2385.1538899739585,-962.5747680664062,1.7503650336131824
-631.3300577799479,-2406.8829752604165,-906.3809204101562,1.7557615424568735
-605.1990966796875,-2417.3128255208335,-887.4476318359375,1.7557614844768734
-578.9802449544271,-2437.2945963541665,-831.2724405924479,1.7582662943835874
-553.4321695963541,-2446.8465169270835,-811.5886433919271,1.7582664049494439
-526.1529337565104,-2465.0646158854165,-755.4784342447916,1.7578716594636057
-501.2088317871094,-2473.7307942708335,-735.0603637695312,1.7578715677927437
-472.89174397786456,-2490.170166015625,-679.0614217122396,1.7545783861611033
-448.57220458984375,-2497.943359375,-657.9259236653646,1.7545783503746093
-419.24059041341144,-2512.5904134114585,-602.0844319661459,1.7483979188532417
-395.5656433105469,-2519.4642740885415,-580.2489217122396,1.7483979526543985
-365.2437032063802,-2532.3070475260415,-524.6109313964844,1.7393511812054998
-342.23288981119794,-2538.2759602864585,-502.0934346516927,1.7393512505719129
-310.9456278483073,-2549.3037923177085,-446.70482381184894,1.7274658159705083
-288.61789957682294,-2554.3627115885415,-423.5238850911458,1.727465886910525
-256.39111328125,-2563.5664876302085,-368.43031819661456,1.712783860855892
-234.76490275065103,-2567.7113444010415,-344.6050720214844,1.7127838410935825
-201.62517801920572,-2575.08349609375,-289.85199483235675,1.6953507994829324
-180.71831258138022,-2578.310791015625,-265.40208435058594,1.695350834337647
-146.6929677327474,-2583.84521484375,-211.0346425374349,1.675226772952927
-126.52268981933594,-2586.15234375,-185.98023478190103,1.6752266819001769
-91.63978703816731,-2589.844482421875,-132.04326375325522,1.6524757133214996
-72.22273127237956,-2591.2294921875,-106.40501149495442,1.6524757692945835
-711.921875,-2373.8546549479165,-960.0669555664062,1.7429864451074695
-684.7029215494791,-2385.1538899739585,-942.69873046875,1.7429863571145265
-657.9118855794271,-2406.8829752604165,-887.2744547526041,1.7489395380972232
-631.2313435872396,-2417.3128255208335,-869.1238199869791,1.7489395476665093
-603.3593343098959,-2437.2945963541665,-813.7502644856771,1.7520136084067195
-577.2391967773438,-2446.8465169270835,-794.8321736653646,1.752013545614031
-548.3092041015625,-2465.0646158854165,-739.5549926757812,1.7521987881363776
-522.7710164388021,-2473.7307942708335,-719.8850504557291,1.752198835807421
-492.8069152832031,-2490.170166015625,-664.7498575846354,1.7494945391672958
-467.8717447916667,-2497.943359375,-644.3442993164062,1.7494948077415442
-436.8982442220052,-2512.5904134114585,-589.3965454101562,1.7439100779183911
-412.5866292317708,-2519.4642740885415,-568.2721761067709,1.7439101132824433
-380.62926228841144,-2532.3070475260415,-513.5571695963541,1.7354639086125032
-356.96128336588544,-2538.2759602864585,-491.73143513997394,1.7354636542673505
-324.0464172363281,-2549.3037923177085,-437.29430135091144,1.7241819079799305
-301.0415751139323,-2554.3627115885415,-414.7851867675781,1.724182017348068
-267.1963348388672,-2563.5664876302085,-360.6708068847656,1.710104554350137
-244.87360127766928,-2567.7113444010415,-337.4968770345052,1.7101045571358222
-210.12591044108072,-2575.08349609375,-283.7498830159505,1.6932750981992362
-188.50369771321616,-2578.310791015625,-259.9302469889323,1.693275014218395
-152.882204691569,-2583.84521484375,-206.59496561686197,1.6737515151472357
-131.97834014892578,-2586.15234375,-182.1492716471354,1.6737515430583725
-95.51242192586263,-2589.844482421875,-129.26968129475912,1.6515961231792735
-75.34414672851562,-2591.2294921875,-104.21808115641277,1.6515960872710207
-78.39938735961914,-2591.2294921875,-101.93961334228516,1.6506805021027358
-99.30116780598958,-2589.844482421875,-126.38255818684895,1.6506804848236225
-137.3180669148763,-2586.15234375,-178.15832010904947,1.672216231359681
-158.9371592203776,-2583.84521484375,-201.97382609049478,1.6722162589233085
-196.1235097249349,-2578.310791015625,-254.23010762532553,1.6911151414391132
-218.44208272298178,-2575.08349609375,-277.39853922526044,1.6911150580942922
-254.76721700032553,-2567.7113444010415,-330.0922444661458,1.7073168782708614
-277.76686604817706,-2563.5664876302085,-352.59449259440106,1.7073169216200283
-313.20082600911456,-2554.3627115885415,-405.6821695963542,1.7207659753944617
-336.8625895182292,-2549.3037923177085,-427.4996846516927,1.7207661262401737
-371.37615966796875,-2538.2759602864585,-480.9375508626302,1.7314206285799143
-395.68052164713544,-2532.3070475260415,-502.0523376464844,1.7314205971913375
-429.2452392578125,-2519.4642740885415,-555.7963256835938,1.7392428880470951
-454.1721598307292,-2512.5904134114585,-576.1909586588541,1.7392426479553535
-486.7603352864583,-2497.943359375,-630.1967366536459,1.7442087339895773
-512.2892354329427,-2490.170166015625,-649.8544108072916,1.7442089783453876
-543.8740030924479,-2473.7307942708335,-704.0774739583334,1.7463020528620241
-569.9838663736979,-2465.0646158854165,-722.9819946289062,1.7463020623836008
-600.5392049153646,-2446.8465169270835,-777.3776041666666,1.7455150481334782
-627.2084757486979,-2437.2945963541665,-795.5133463541666,1.7455146769196639
-656.7091471354166,-2417.3128255208335,-850.0366414388021,1.7418501522796557
-683.9158325195312,-2406.8829752604165,-867.388671875,1.741850493587079
-712.3375244140625,-2385.1538899739585,-921.9947102864584,1.735320155333186
-740.0592041015625,-2373.8546549479165,-938.5487263997396,1.7353203449854926
-767.8712972005209,-2350.3963216145835,-992.8186848958334,1.7259866492203249
-81.38576761881511,-2591.2294921875,-99.57160949707031,1.6497297627093825
-103.00269571940105,-2589.844482421875,-123.38442993164062,1.649729741555067
-142.5371882120768,-2586.15234375,-174.0108846028646,1.6706223467081172
-164.85252126057944,-2583.84521484375,-197.17528788248697,1.6706223708349792
-203.5710652669271,-2578.310791015625,-248.3066609700521,1.6888732107837139
-226.56639607747397,-2575.08349609375,-270.8035481770833,1.6888732406209401
-264.4370625813802,-2567.7113444010415,-322.3976745605469,1.7044241912366516
-288.0934346516927,-2563.5664876302085,-344.20848592122394,1.7044241153158872
-325.0850016276042,-2554.3627115885415,-396.2228190104167,1.7172216440361807
-349.3829040527344,-2549.3037923177085,-417.32957967122394,1.7172216664205167
-385.46485392252606,-2538.2759602864585,-469.7212320963542,1.7272260597500817
-410.3842366536458,-2532.3070475260415,-490.1065165201823,1.7272258306065331
-445.5268249511719,-2519.4642740885415,-542.8322550455729,1.7344016902994404
-471.0471496582031,-2512.5904134114585,-562.4792683919271,1.734401887773037
-505.2213846842448,-2497.943359375,-615.4956461588541,1.7387273324956933
-531.3216145833334,-2490.170166015625,-634.38818359375,1.7387274540962225
-564.4993286132812,-2473.7307942708335,-687.6514689127604,1.7401877132075618
-591.1579386393229,-2465.0646158854165,-705.7739664713541,1.7401877771481198
-623.3117472330729,-2446.8465169270835,-759.240234375,1.7387779593773884
-650.5067342122396,-2437.2945963541665,-776.5777180989584,1.7387779726640695
-681.6101481119791,-2417.3128255208335,-830.2028605143229,1.7345026987470846
-709.3191121419271,-2406.8829752604165,-846.7410481770834,1.7345025727625754
-739.3464762369791,-2385.1538899739585,-900.4808756510416,1.7273754539721198
-767.5465291341146,-2373.8546549479165,-916.2061360677084,1.7273752290857565
-786.7290242513021,-2350.3963216145835,-977.6368611653646,1.7157106899721353
-794.3597005208334,-2373.8546549479165,-893.0588175455729,1.7191608865767525
-765.7060343424479,-2385.1538899739585,-878.1761271158854,1.719160853232797
-734.099365234375,-2406.8829752604165,-825.3497111002604,1.7269037092602415
-705.9124959309896,-2417.3128255208335,-809.639892578125,1.726903431108514
-673.233642578125,-2437.2945963541665,-756.9600016276041,1.7318091304390497
-645.5368448893229,-2446.8465169270835,-740.4360148111979,1.731809330382026
-611.8127644856771,-2465.0646158854165,-687.946044921875,1.7338621854558265
-584.6288452148438,-2473.7307942708335,-670.6214803059896,1.7338620520458965
-549.8873291015625,-2490.170166015625,-618.36474609375,1.7330554442236168
-523.2387084960938,-2497.943359375,-600.2539469401041,1.7330555122782139
-487.50841267903644,-2512.5904134114585,-548.2735595703125,1.729392051954803
-461.4170837402344,-2519.4642740885415,-529.3914184570312,1.7293920905339337
-424.7274983723958,-2532.3070475260415,-477.73021443684894,1.722884343476795
-399.21497599283856,-2538.2759602864585,-458.0923258463542,1.7228841839395272
-361.59633382161456,-2549.3037923177085,-406.7929280598958,1.7135520565859246
-336.6836446126302,-2554.3627115885415,-386.41546630859375,1.713552269357226
-298.1669616699219,-2563.5664876302085,-335.52015177408856,1.7014286541969683
-273.87465413411456,-2567.7113444010415,-314.41993204752606,1.701428411422836
-234.49170430501303,-2575.08349609375,-263.970703125,1.6865510888031727
-210.8398183186849,-2578.310791015625,-242.16513061523438,1.6865511728472542
-170.62308247884116,-2583.84521484375,-192.2035675048828,1.668971226300099
-147.63111623128256,-2586.15234375,-169.71061197916666,1.668971208102337
-106.61375427246094,-2589.844482421875,-120.27792867024739,1.648744657311981
-84.30066680908203,-2591.2294921875,-97.11614990234375,1.6487446994335773
-820.4751383463541,-2373.8546549479165,-869.1270751953125,1.7106853768689558
-791.3930460611979,-2385.1538899739585,-855.1000366210938,1.7106850837875043
-758.2348225911459,-2406.8829752604165,-803.2334391276041,1.7190616320531804
-729.5948079427084,-2417.3128255208335,-788.3658040364584,1.7190623695152072
-695.3692220052084,-2437.2945963541665,-736.6774088541666,1.7246171761130116
-667.1949259440104,-2446.8465169270835,-720.9814249674479,1.7246166775462821
-631.9301961263021,-2465.0646158854165,-669.5138753255209,1.7273320046184033
-604.2448323567709,-2473.7307942708335,-653.0024820963541,1.7273322763307994
-567.9700317382812,-2490.170166015625,-601.7981974283854,1.7271992917798085
-540.7964477539062,-2497.943359375,-584.4850260416666,1.7271992761415476
-503.54149373372394,-2512.5904134114585,-533.5862731933594,1.724218329865037
-476.90207926432294,-2519.4642740885415,-515.485605875651,1.7242183439843097
-438.6977030436198,-2532.3070475260415,-464.934326171875,1.7183997362050516
-412.6144510904948,-2538.2759602864585,-446.0610758463542,1.7183996398686427
-373.4921569824219,-2549.3037923177085,-395.8989664713542,1.7097611503225298
-347.98656209309894,-2554.3627115885415,-376.2687072753906,1.7097611847689962
-307.9785970052083,-2563.5664876302085,-326.53712972005206,1.698333248477997
-283.0716857910156,-2567.7113444010415,-306.16603597005206,1.698333343515786
-242.21105448404947,-2575.08349609375,-256.906000773112,1.6841515192708616
-217.92338053385416,-2578.310791015625,-235.8108876546224,1.684151459419371
-176.24377950032553,-2583.84521484375,-187.06302897135416,1.667264507619269
-152.59536743164062,-2586.15234375,-165.26128133138022,1.6672645259669097
-110.13116709391277,-2589.844482421875,-117.06578572591145,1.6477262300324047
-87.14152018229167,-2591.2294921875,-94.5753885904948,1.6477262088890487
-845.8699340820312,-2373.8546549479165,-844.4319864908854,1.7019597438919747
-816.3849283854166,-2385.1538899739585,-831.2728881835938,1.7019598571388856
-781.7043050130209,-2406.8829752604165,-780.4116617838541,1.7109871757645652
-752.6362915039062,-2417.3128255208335,-766.3992513020834,1.7109870677330479
-716.89404296875,-2437.2945963541665,-715.7477823893229,1.717208997408656
-688.2669881184896,-2446.8465169270835,-700.8935750325521,1.7172085836522455
-651.4925944010416,-2465.0646158854165,-650.4936319986979,1.720604853609866
-623.3300984700521,-2473.7307942708335,-634.8099161783854,1.7206052375822218
-585.5538736979166,-2490.170166015625,-584.7030843098959,1.7211650405623544
-557.8791707356771,-2497.943359375,-568.2027587890625,1.7211650188161771
-519.1322937011719,-2512.5904134114585,-518.4303385416666,1.7188862810087786
-491.96820068359375,-2519.4642740885415,-501.1270243326823,1.7188863157785113
-452.2825927734375,-2532.3070475260415,-451.7300720214844,1.7137770132494285
-425.65150960286456,-2538.2759602864585,-433.63804117838544,1.7137768488285858
-385.05992635091144,-2549.3037923177085,-384.65728759765625,1.705852599606196
-358.98382568359375,-2554.3627115885415,-365.7914632161458,1.7058526944033945
-317.5197245279948,-2563.5664876302085,-317.2672932942708,1.6951413445563888
-292.0200907389323,-2567.7113444010415,-297.6432189941406,1.6951412833584822
-249.71766662597656,-2575.08349609375,-249.61565653483072,1.6816762364705193
-224.81554158528647,-2578.310791015625,-229.2495320638021,1.681676292894657
-181.70968627929688,-2583.84521484375,-181.75818379720053,1.6655037756399034
-157.42559814453125,-2586.15234375,-160.6667938232422,1.6655038044406894
-113.55185190836589,-2589.844482421875,-113.75082397460938,1.6466753387520945
-89.9058329264323,-2591.2294921875,-91.95156351725261,1.6466753496363242
-92.59118143717448,-2591.2294921875,-89.24697367350261,1.6455928251858987
-116.87280019124348,-2589.844482421875,-110.33595275878906,1.6455929161734821
-162.11755879720053,-2586.15234375,-155.93119303385416,1.6636906440909907
-187.01598612467447,-2583.84521484375,-176.29370625813803,1.6636906014345414
-231.51023864746094,-2578.310791015625,-222.48682149251303,1.6791279501529752
-257.00494384765625,-2575.08349609375,-242.1060791015625,1.67912808326007
-300.7120056152344,-2567.7113444010415,-288.85898844401044,1.6918559378697788
-326.78196207682294,-2563.5664876302085,-307.7188008626302,1.6918555254102692
-369.66578165690106,-2554.3627115885415,-354.99293009440106,1.7018300061154308
-396.28948974609375,-2549.3037923177085,-373.07774861653644,1.7018303089887081
-438.31471761067706,-2538.2759602864585,-420.8341369628906,1.709020538118843
-465.47023518880206,-2532.3070475260415,-438.1290588378906,1.7090204945764598
-506.6022033691406,-2519.4642740885415,-486.32830810546875,1.7134010755722269
-534.2671305338541,-2512.5904134114585,-502.8190511067708,1.7134011137909082
-574.471923828125,-2497.943359375,-551.4214070638021,1.714958750871992
-602.6234334309896,-2490.170166015625,-567.0943806966146,1.7149585207181366
-641.8678792317709,-2473.7307942708335,-616.0597737630209,1.7136875590511953
-670.4827677408854,-2465.0646158854165,-630.9020589192709,1.7136879092960768
-708.7345377604166,-2446.8465169270835,-680.1901245117188,1.7095930303158744
-737.7892049153646,-2437.2945963541665,-694.1894938151041,1.7095926099835435
-775.0167236328125,-2417.3128255208335,-743.7595621744791,1.7026866434794459
-804.4872029622396,-2406.8829752604165,-756.9044392903646,1.7026869510065303
-840.6597900390625,-2385.1538899739585,-806.7156372070312,1.6929924374900684
-870.5217895507812,-2373.8546549479165,-818.9951985677084,1.6929920826526765
-906.4734293619791,-2350.3963216145835,-868.1209513346354,1.6806377712722371
-95.19520314534505,-2591.2294921875,-86.46399815877278,1.6444799423771101
-120.09109497070312,-2589.844482421875,-106.82416915893555,1.6444798624185546
-166.66711934407553,-2586.15234375,-151.0586369832357,1.6618265752399854
-192.15802001953125,-2583.84521484375,-170.67437998453775,1.6618266107413
-238.00159200032553,-2578.310791015625,-215.5287068684896,1.6765087460275663
-264.0664825439453,-2575.08349609375,-234.38384501139322,1.6765086341826678
-309.13979085286456,-2567.7113444010415,-279.82102966308594,1.6884794111892476
-335.75718180338544,-2563.5664876302085,-297.9000193277995,1.6884798650666852
-380.02306111653644,-2554.3627115885415,-343.8826090494792,1.6976982481556728
-407.17100016276044,-2549.3037923177085,-361.17054239908856,1.6976980111269777
-450.5929463704427,-2538.2759602864585,-407.6606038411458,1.7041351604092554
-478.24904378255206,-2532.3070475260415,-424.1432189941406,1.7041350901682677
-520.791259765625,-2519.4642740885415,-471.1024169921875,1.707768393803753
-548.9326985677084,-2512.5904134114585,-486.76611328125,1.707768131053062
-590.5600789388021,-2497.943359375,-534.1557210286459,1.7085865741390929
-619.1636555989584,-2490.170166015625,-548.9876098632812,1.7085870875115658
-659.8418986002604,-2473.7307942708335,-596.7685546875,1.7065875942018718
-688.8840535481771,-2465.0646158854165,-610.7563680013021,1.7065873332730053
-728.57958984375,-2446.8465169270835,-658.8892415364584,1.701776914386406
-758.0363362630209,-2437.2945963541665,-672.0214640299479,1.7017767277048552
-796.7164306640625,-2417.3128255208335,-720.4665934244791,1.6941706284768263
-826.5634969075521,-2406.8829752604165,-732.7324015299479,1.694170929018398
-864.1962687174479,-2385.1538899739585,-781.4498087565104,1.683793800012191
-894.4090372721354,-2373.8546549479165,-792.8390706380209,1.6837938408714255
-922.8829345703125,-2350.3963216145835,-850.3212280273438,1.6686752686710324
-917.5107218424479,-2373.8546549479165,-765.986572265625,1.674374101093485
-886.9737141927084,-2385.1538899739585,-755.4976196289062,1.6743741247326769
-847.913818359375,-2406.8829752604165,-707.9167887369791,1.6854482539481843
-817.7163696289062,-2417.3128255208335,-696.5408325195312,1.6854483558585496
-777.61767578125,-2437.2945963541665,-649.2632039388021,1.693769795973961
-747.7847086588541,-2446.8465169270835,-637.0096435546875,1.6937698388181366
-706.6802775065104,-2465.0646158854165,-590.07421875,1.6993116934120847
-677.2363688151041,-2473.7307942708335,-576.9531656901041,1.6993114660898583
-635.1600952148438,-2490.170166015625,-530.3986409505209,1.7020561586607006
-606.1295369466146,-2497.943359375,-516.4208984375,1.7020565414808513
-563.1161295572916,-2512.5904134114585,-470.28564453125,1.7019943293648825
-534.5228678385416,-2519.4642740885415,-455.46274820963544,1.7019940131695706
-490.6077880859375,-2532.3070475260415,-409.7848409016927,1.6991256832048212
-462.47540283203125,-2538.2759602864585,-394.12900797526044,1.6991256094409994
-417.6948649088542,-2549.3037923177085,-348.9460957845052,1.6934597337627166
-390.0465596516927,-2554.3627115885415,-332.4702453613281,1.693459575515897
-344.4375,-2563.5664876302085,-287.81960042317706,1.6850161062324045
-317.2960611979167,-2567.7113444010415,-270.5373077392578,1.6850163875154118
-270.8960876464844,-2575.08349609375,-226.45573933919272,1.6738215223489104
-244.28389994303384,-2578.310791015625,-208.38126627604166,1.6738214452079532
-197.13128153483072,-2583.84521484375,-164.90514119466147,1.659913720224019
-171.0702921549479,-2586.15234375,-146.0533930460612,1.6599136904376552
-123.2039082845052,-2589.844482421875,-103.2185541788737,1.6433374030656762
-97.71561177571614,-2591.2294921875,-83.60507329305013,1.643337367885736
-939.8065185546875,-2373.8546549479165,-738.4612833658854,1.6647436638492072
-908.9721069335938,-2385.1538899739585,-728.8818359375,1.6647429840901495
-868.5193888346354,-2406.8829752604165,-682.4793701171875,1.6765277030924364
-837.9981079101562,-2417.3128255208335,-672.0032755533854,1.6765281803355627
-796.5160115559896,-2437.2945963541665,-625.9346720377604,1.6855794061426606
-766.3330281575521,-2446.8465169270835,-614.570556640625,1.6855791028764848
-723.8557942708334,-2465.0646158854165,-568.8737996419271,1.6918674631037782
-694.0360107421875,-2473.7307942708335,-556.6310221354166,1.6918677499177306
-650.5986328125,-2490.170166015625,-511.3437906901042,1.6953732959176697
-621.1666259765625,-2497.943359375,-498.2324625651042,1.695372831502123
-576.8049519856771,-2512.5904134114585,-453.39211018880206,1.6960833367864814
-547.7850138346354,-2519.4642740885415,-439.42303466796875,1.696083503410238
-502.53562418619794,-2532.3070475260415,-395.0665283203125,1.693997042380105
-473.95166015625,-2538.2759602864585,-380.25123087565106,1.6939972331711817
-427.85186767578125,-2549.3037923177085,-336.4151611328125,1.6891199609038465
-399.7274576822917,-2554.3627115885415,-320.76585896809894,1.6891199923289755
-352.81528727213544,-2563.5664876302085,-277.4863688151042,1.681469085355817
-325.1736348470052,-2567.7113444010415,-261.0159606933594,1.6814690764954539
-277.4877624511719,-2575.08349609375,-218.32874043782553,1.6710683501224328
-250.35165405273438,-2578.310791015625,-201.05081176757812,1.6710683378929618
-201.93140157063803,-2583.84521484375,-158.9910659790039,1.6579535489031785
-175.3232167561849,-2586.15234375,-140.91986846923828,1.657953611811604
-126.20851389567058,-2589.844482421875,-99.52228291829427,1.6421664862250025
-100.1501948038737,-2591.2294921875,-80.67271677652995,1.6421664541362517
-961.27685546875,-2373.8546549479165,-710.2873942057291,1.654911963634312
-930.172119140625,-2385.1538899739585,-701.6258748372396,1.6549127157461536
-888.3621012369791,-2406.8829752604165,-656.4425455729166,1.6674205229512207
-857.5437825520834,-2417.3128255208335,-646.87548828125,1.6674205328481533
-814.7147420247396,-2437.2945963541665,-602.0563761393229,1.677214991965913
-784.208251953125,-2446.8465169270835,-591.5916544596354,1.6772145826555285
-740.3955078125,-2465.0646158854165,-547.1737060546875,1.6842635209476808
-710.2260335286459,-2473.7307942708335,-535.8199666341146,1.6842632575961216
-665.4657389322916,-2490.170166015625,-491.83982340494794,1.6885445143944633
-635.6581217447916,-2497.943359375,-479.60642496744794,1.6885452306237057
-589.9871622721354,-2512.5904134114585,-436.10035196940106,1.690043676604472
-560.5659993489584,-2519.4642740885415,-422.9973653157552,1.6900435485409988
-514.0220642089844,-2532.3070475260415,-380.00123087565106,1.688754857003884
-485.0116271972656,-2538.2759602864585,-366.0394694010417,1.6887546762776868
-437.63307698567706,-2549.3037923177085,-323.5887451171875,1.6846825329247905
-409.0572814941406,-2554.3627115885415,-308.7797342936198,1.6846825953202167
-360.88318888346356,-2563.5664876302085,-266.909418741862,1.6778412602812698
-332.76560465494794,-2567.7113444010415,-251.2653554280599,1.6778411312664092
-283.83570353190106,-2575.08349609375,-210.00997416178384,1.668251951846436
-256.1995137532552,-2578.310791015625,-193.54376729329428,1.6682519639614983
-206.55414835611978,-2583.84521484375,-152.93734486897787,1.655947852572718
-179.4221445719401,-2586.15234375,-135.6625722249349,1.6559477409363628
-129.10226186116537,-2589.844482421875,-95.73859786987305,1.6409679288687924
-102.49681599934895,-2591.2294921875,-77.66950607299805,1.6409680010041312
-104.75340525309245,-2591.2294921875,-74.5980733235677,1.639743288213761
-131.88261922200522,-2589.844482421875,-91.87082290649414,1.639743348709426
-183.3634796142578,-2586.15234375,-130.28612009684244,1.653898813192742
-210.9954833984375,-2583.84521484375,-146.7492930094401,1.6538986654509966
-261.8223419189453,-2578.310791015625,-185.8667246500651,1.6653752041300367
-289.9343516031901,-2575.08349609375,-201.50674438476562,1.6653752803750417
-340.06529744466144,-2567.7113444010415,-241.29405721028647,1.6741364312952358
-368.6341247558594,-2563.5664876302085,-256.0980275472005,1.6741363105956146
-418.02781168619794,-2554.3627115885415,-296.52239990234375,1.6801519316895133
-447.02989705403644,-2549.3037923177085,-310.4781087239583,1.6801519472854676
-495.6455993652344,-2538.2759602864585,-351.50621541341144,1.6834033251626972
-525.0570271809896,-2532.3070475260415,-364.60216267903644,1.6834031769604643
-572.8546549479166,-2519.4642740885415,-406.2001647949219,1.683878890691283
-602.6511637369791,-2512.5904134114585,-418.42554728190106,1.6838787947351475
-649.5912882486979,-2497.943359375,-460.5591328938802,1.681577689561601
-679.7483113606771,-2490.170166015625,-471.9038594563802,1.6815778942640265
-725.792236328125,-2473.7307942708335,-514.5382893880209,1.6765071222773484
-756.2849324544271,-2465.0646158854165,-524.9930216471354,1.6765074792469414
-801.3946940104166,-2446.8465169270835,-568.0931599934896,1.6686847869289412
-832.1978759765625,-2437.2945963541665,-577.6492716471354,1.668683943435239
-876.3362426757812,-2417.3128255208335,-621.1795450846354,1.658133840469976
-907.4245198567709,-2406.8829752604165,-629.8291422526041,1.658134356035712
-950.5551147460938,-2385.1538899739585,-673.753662109375,1.6448913617793237
-981.9028727213541,-2373.8546549479165,-681.4896240234375,1.6448918995916577
-1025.0745035807292,-2350.3963216145835,-724.2663981119791,1.6291696936455362
-106.91799418131511,-2591.2294921875,-71.4611218770345,1.63849319607811
-134.5471394856771,-2589.844482421875,-87.92235565185547,1.6384931816099784
-187.14376831054688,-2586.15234375,-124.79522959391277,1.651807602858812
-215.2514902750651,-2583.84521484375,-140.43234507242838,1.651807716163249
-267.2152150472005,-2578.310791015625,-178.02642822265625,1.6624405469562984
-295.77834065755206,-2575.08349609375,-192.82653299967447,1.6624405405132496
-347.06630452473956,-2567.7113444010415,-231.1108194986979,1.670357881127295
-376.06126912434894,-2563.5664876302085,-245.06170145670572,1.6703578448234695
-426.6311747233073,-2554.3627115885415,-284.00461832682294,1.6755324963845186
-456.03407796223956,-2549.3037923177085,-297.0947774251302,1.6755326461803988
-505.84422810872394,-2538.2759602864585,-336.6642150878906,1.6779485222649118
-535.6308085123698,-2532.3070475260415,-348.8828531901042,1.6779482293733936
-584.6401163736979,-2519.4642740885415,-389.0461832682292,1.677596803619971
-614.7858276367188,-2512.5904134114585,-400.3832295735677,1.677597107518596
-662.9538981119791,-2497.943359375,-441.10732014973956,1.6744798852778224
-693.4338785807291,-2490.170166015625,-451.5534159342448,1.6744800105530153
-740.7209879557291,-2473.7307942708335,-492.8046875,1.668606785145031
-771.5100911458334,-2465.0646158854165,-502.3512369791667,1.6686062566950624
-817.8772176106771,-2446.8465169270835,-544.0956827799479,1.6599973819370828
-848.9500528971354,-2437.2945963541665,-552.7348022460938,1.6599980477990612
-894.3589884440104,-2417.3128255208335,-594.93798828125,1.648680843644463
-925.6899617513021,-2406.8829752604165,-602.6625366210938,1.6486806566288357
-970.1032511393229,-2385.1538899739585,-645.2896525065104,1.6346920494485169
-1001.6664835611979,-2373.8546549479165,-652.0932820638021,1.6346916300372842
-1038.6761067708333,-2350.3963216145835,-704.2389526367188,1.6157959622879197
-1020.5502522786459,-2373.8546549479165,-622.1241861979166,1.624323248474572
-988.7992960611979,-2385.1538899739585,-616.2588704427084,1.624323593504257
-943.142333984375,-2406.8829752604165,-574.9665730794271,1.639067916254594
-911.5962320963541,-2417.3128255208335,-568.1738688151041,1.639067903510513
-864.9566040039062,-2437.2945963541665,-527.3348388671875,1.6511629706940336
-833.6413981119791,-2446.8465169270835,-519.6203206380209,1.6511631503509037
-786.0575968424479,-2465.0646158854165,-479.2682189941406,1.6605693567335533
-754.9991251627604,-2473.7307942708335,-470.6382548014323,1.6605694935907669
-706.5103759765625,-2490.170166015625,-430.8063659667969,1.6672573459546294
-675.7342325846354,-2497.943359375,-421.26807657877606,1.667257020396077
-626.3805338541666,-2512.5904134114585,-381.98924763997394,1.6712031336564375
-595.912109375,-2519.4642740885415,-371.5504964192708,1.6712038105185871
-545.734141031901,-2532.3070475260415,-332.85711669921875,1.6723955857618513
-515.5985514322916,-2538.2759602864585,-321.5265197753906,1.6723950687150795
-464.63770548502606,-2549.3037923177085,-283.45050048828125,1.6708286384693762
-434.8598124186198,-2554.3627115885415,-271.2373962402344,1.6708286415460665
-383.15810139973956,-2563.5664876302085,-233.81012980143228,1.6665093669170155
-353.76246134440106,-2567.7113444010415,-220.72459411621094,1.6665092997588296
-301.36253356933594,-2575.08349609375,-183.9769541422526,1.659450666751217
-272.3733774820964,-2578.310791015625,-170.02977498372397,1.6594508284138265
-219.3184356689453,-2583.84521484375,-133.99205780029297,1.6496769975378598
-190.75967407226562,-2586.15234375,-119.19473266601562,1.6496769248594096
-137.0934804280599,-2589.844482421875,-83.89666366577148,1.6372191041017723
-108.98866780598958,-2591.2294921875,-68.26140213012695,1.637219199568876
-1038.5376790364583,-2373.8546549479165,-591.6086629231771,1.6137992814010533
-1006.6268310546875,-2385.1538899739585,-586.6868082682291,1.6137987413462251
-959.7663167317709,-2406.8829752604165,-546.765625,1.6293075840247155
-928.0327758789062,-2417.3128255208335,-540.9107055664062,1.6293078904324627
-880.2034505208334,-2437.2945963541665,-501.47170003255206,1.6421903935767974
-848.6733805338541,-2446.8465169270835,-494.68853759765625,1.642190378638846
-799.9147135416666,-2465.0646158854165,-455.7642313639323,1.6524044300978873
-768.6141357421875,-2473.7307942708335,-448.0584309895833,1.6524041757023615
-718.9663492838541,-2490.170166015625,-409.68091837565106,1.659917695302445
-687.9210611979166,-2497.943359375,-401.05881754557294,1.659918230816667
-637.4250691731771,-2512.5904134114585,-363.25974527994794,1.6647048943745424
-606.6606852213541,-2519.4642740885415,-353.7284647623698,1.6647042193968211
-555.358154296875,-2532.3070475260415,-316.5390116373698,1.6667489414743348
-524.9000345865885,-2538.2759602864585,-306.1064147949219,1.666749182766807
-472.83324178059894,-2549.3037923177085,-269.5572509765625,1.666045119800261
-442.7065022786458,-2554.3627115885415,-258.23193359375,1.666045207910789
-389.9184061686198,-2563.5664876302085,-222.35320027669272,1.6625947801509986
-360.1478983561198,-2567.7113444010415,-210.14450073242188,1.6625946895225387
-306.6820322672526,-2575.08349609375,-174.96577962239584,1.6564087143719222
-277.2923075358073,-2578.310791015625,-161.8837687174479,1.6564086555367552
-223.19275410970053,-2583.84521484375,-127.43407694498698,1.6475083395244863
-194.20803833007812,-2586.15234375,-113.48954518636067,1.6475084834730416
-139.519411722819,-2589.844482421875,-79.79728444417317,1.6359221050675674
-110.96361541748047,-2591.2294921875,-65.00172805786133,1.6359219880890907
-1055.6129353841145,-2373.8546549479165,-560.5735270182291,1.6031275080588991
-1023.5702514648438,-2385.1538899739585,-556.5994669596354,1.6031275419500501
-975.5472819010416,-2406.8829752604165,-518.0844523111979,1.6194088364657275
-943.6541951497396,-2417.3128255208335,-513.1724650065104,1.6194083876696737
-894.6771647135416,-2437.2945963541665,-475.1681213378906,1.633087162367698
-862.9599609375,-2446.8465169270835,-469.32227579752606,1.633087648480765
-813.0692342122396,-2465.0646158854165,-431.8599344889323,1.6441190608268574
-781.5540568033854,-2473.7307942708335,-425.0850524902344,1.6441187060686564
-730.7907918294271,-2490.170166015625,-388.1956278483073,1.6524680966622247
-699.503662109375,-2497.943359375,-380.49729410807294,1.652467882149962
-647.9097290039062,-2512.5904134114585,-344.21119181315106,1.6581061738498009
-616.8764241536459,-2519.4642740885415,-335.5957438151042,1.6581065672053985
-564.4943542480469,-2532.3070475260415,-299.94289143880206,1.661015583212829
-533.740468343099,-2538.2759602864585,-290.4174397786458,1.6610155620335136
-480.61346435546875,-2549.3037923177085,-255.42724609375,1.6611860036500157
-450.1643575032552,-2554.3627115885415,-244.9996541341146,1.661185851205445
-396.3362325032552,-2563.5664876302085,-210.70096842447916,1.6586170297354912
-366.21702067057294,-2567.7113444010415,-199.37983194986978,1.658617178770719
-311.73216756184894,-2575.08349609375,-165.80093383789062,1.653317079380791
-281.9676869710286,-2578.310791015625,-153.5955810546875,1.6533171365592516
-226.87103271484375,-2583.84521484375,-120.76416524251302,1.6453039270068894
-197.48582458496094,-2586.15234375,-107.68467203776042,1.6453038576693573
-141.8228022257487,-2589.844482421875,-75.62781651814778,1.6346031138177366
-112.84110514322917,-2591.2294921875,-61.68496068318685,1.634603185278327
-114.61947886149089,-2591.2294921875,-58.314013163248696,1.6332635598715224
-144.00162251790366,-2589.844482421875,-71.39192072550456,1.6332636589938427
-200.59015401204428,-2586.15234375,-101.78521728515625,1.6430656259241867
-230.35004679361978,-2583.84521484375,-113.98818715413411,1.6430655745269893
-286.39540608723956,-2578.310791015625,-145.172487894694,1.650178857294491
-316.5085042317708,-2575.08349609375,-156.49046071370444,1.6501789814278507
-371.9644775390625,-2567.7113444010415,-188.4400431315104,1.6545809742211275
-402.40594482421875,-2563.5664876302085,-198.86367797851562,1.6545808061702187
-457.226806640625,-2554.3627115885415,-231.55219523111978,1.6562563688133274
-487.97154744466144,-2549.3037923177085,-241.0729014078776,1.656256248125508
-542.1120910644531,-2538.2759602864585,-274.47340393066406,1.6552001296710999
-573.1347452799479,-2532.3070475260415,-283.0833282470703,1.6552002411632747
-626.5503133138021,-2519.4642740885415,-317.1682637532552,1.6514163127582602
-657.8252970377604,-2512.5904134114585,-324.8603006998698,1.6514162681683022
-710.4718424479166,-2497.943359375,-359.6015625,1.644916622353887
-741.973388671875,-2490.170166015625,-366.36937459309894,1.6449170825851946
-793.8075154622396,-2473.7307942708335,-401.7383219401042,1.6357226784018213
-825.5096232096354,-2465.0646158854165,-407.5763346354167,1.63572224763716
-876.4885457356771,-2446.8465169270835,-443.5437927246094,1.62386496495526
-908.3650512695312,-2437.2945963541665,-448.4471740722656,1.6238647627758256
-958.4467569986979,-2417.3128255208335,-484.9834899902344,1.6093820919327733
-990.4714152018229,-2406.8829752604165,-488.9482116699219,1.609382259308453
-1039.6146240234375,-2385.1538899739585,-526.0232340494791,1.5923214302991138
-1071.761006673177,-2373.8546549479165,-529.0460205078125,1.5923216127584017
-1121.05712890625,-2350.3963216145835,-564.4292602539062,1.572996638444385
-116.29718271891277,-2591.2294921875,-54.891845703125,1.6319047396655055
-146.05396270751953,-2589.844482421875,-67.0933214823405,1.6319046347026287
-203.51829528808594,-2586.15234375,-95.79636637369792,1.6407953128401689
-233.62672424316406,-2583.84521484375,-107.11209360758464,1.6407952422309346
-290.5715738932292,-2578.310791015625,-136.62188720703125,1.6469966003401353
-321.0068359375,-2575.08349609375,-147.04253387451172,1.6469967670364758
-377.38523356119794,-2567.7113444010415,-177.3347422281901,1.6504891334628846
-408.1222229003906,-2563.5664876302085,-186.85171508789062,1.6504894321327592
-463.88767496744794,-2554.3627115885415,-217.90135701497397,1.6512608873739278
-494.9010416666667,-2549.3037923177085,-226.5068105061849,1.651260529284306
-550.007568359375,-2538.2759602864585,-258.2882792154948,1.6493084786669028
-581.2717488606771,-2532.3070475260415,-265.97511291503906,1.6493086689775454
-635.6739095052084,-2519.4642740885415,-298.4621988932292,1.6446401999687013
-667.1631062825521,-2512.5904134114585,-305.2240804036458,1.6446403476213125
-720.8160400390625,-2497.943359375,-338.38999430338544,1.6372703611272619
-752.5042928059896,-2490.170166015625,-344.2213439941406,1.6372697122442479
-805.3637491861979,-2473.7307942708335,-378.0387369791667,1.6272218250737833
-837.2249145507812,-2465.0646158854165,-382.9347432454427,1.627221986311452
-889.2472941080729,-2446.8465169270835,-417.37572224934894,1.6145311983815525
-921.2551066080729,-2437.2945963541665,-421.3323465983073,1.6145316194436654
-972.3975219726562,-2417.3128255208335,-456.36852010091144,1.5992380901130174
-1004.5255940755209,-2406.8829752604165,-459.38250732421875,1.5992374600799517
-1054.745869954427,-2385.1538899739585,-494.9849853515625,1.5813911172315491
-1086.9676920572917,-2373.8546549479165,-497.05384318033856,1.5813910322383211
-1131.5526529947917,-2350.3963216145835,-542.6130879720052,1.5585307023385786
-1101.2196858723958,-2373.8546549479165,-464.6250915527344,1.570349464350004
-1068.95068359375,-2385.1538899739585,-463.51197306315106,1.5703488950691775
-1017.6974690755209,-2406.8829752604165,-429.41334025065106,1.588985904662554
-985.4942016601562,-2417.3128255208335,-427.3527323404948,1.5889865644030823
-933.3360188802084,-2437.2945963541665,-393.84747314453125,1.6050970208984958
-901.2249959309896,-2446.8465169270835,-390.84107462565106,1.605096520166932
-848.2048543294271,-2465.0646158854165,-357.9568176269531,1.618627342502996
-816.2125854492188,-2473.7307942708335,-354.0071105957031,1.6186272407717786
-762.3742268880209,-2490.170166015625,-321.77097574869794,1.6295358504540167
-730.527099609375,-2497.943359375,-316.88121541341144,1.629535942412176
-675.9149169921875,-2512.5904134114585,-285.3197784423828,1.6377844880467602
-644.2391764322916,-2519.4642740885415,-279.4939931233724,1.6377842011523605
-588.8982137044271,-2532.3070475260415,-248.63329060872397,1.6433459696345147
-557.4199829101562,-2538.2759602864585,-241.87629191080728,1.6433467240814152
-501.39585367838544,-2549.3037923177085,-211.74177042643228,1.6462039788707763
-470.14109293619794,-2554.3627115885415,-204.05912272135416,1.6462032358956362
-413.4800313313802,-2563.5664876302085,-174.6756337483724,1.6463460097959974
-382.4745279947917,-2567.7113444010415,-166.07367960611978,1.646346325683052
-325.2232259114583,-2575.08349609375,-137.465456644694,1.6437740368960347
-294.4925231933594,-2578.310791015625,-127.95128377278645,1.643774153783399
-236.69821166992188,-2583.84521484375,-100.14191436767578,1.6384956003170563
-206.2676747639974,-2586.15234375,-89.72337086995442,1.6384955154416014
-147.97801717122397,-2589.844482421875,-62.735791524251304,1.630527577677203
-117.87273406982422,-2591.2294921875,-51.421469370524086,1.6305275227670926
-1114.5045166015625,-2373.8546549479165,-431.7882385253906,1.559205676302013
-1082.2166748046875,-2385.1538899739585,-431.63185628255206,1.5592059824699764
-1029.9755045572917,-2406.8829752604165,-399.0669860839844,1.5786379748461365
-997.7253011067709,-2417.3128255208335,-397.9615885416667,1.578637036841207
-944.59716796875,-2437.2945963541665,-366.0166524251302,1.5955693981285717
-912.4111531575521,-2446.8465169270835,-363.96314493815106,1.595569763573028
-858.4398193359375,-2465.0646158854165,-332.6644795735677,1.609946333179941
-826.3445434570312,-2473.7307942708335,-329.66455078125,1.6099461815916576
-771.5745646158854,-2490.170166015625,-299.03797403971356,1.6217219898534918
-739.5965169270834,-2497.943359375,-295.09410603841144,1.621721755127221
-684.0730590820312,-2512.5904134114585,-265.1648712158203,1.6308559078366587
-652.2385864257812,-2519.4642740885415,-260.2803039550781,1.6308563255779025
-596.0074055989584,-2532.3070475260415,-231.07308959960938,1.637319099599994
-564.3427734375,-2538.2759602864585,-225.25186157226562,1.637318246285346
-507.4502766927083,-2549.3037923177085,-196.79075622558594,1.6410894222863155
-475.98158772786456,-2554.3627115885415,-190.03766377766928,1.6410901509060325
-418.4746602376302,-2563.5664876302085,-162.34613545735678,1.6421559926266818
-387.2278645833333,-2567.7113444010415,-154.66675313313803,1.6421556846430438
-329.1539611816406,-2575.08349609375,-127.76764170328777,1.640513183613286
-298.1548258463542,-2578.310791015625,-119.16829935709636,1.640513421126561
-239.56180826822916,-2583.84521484375,-93.08378092447917,1.6361679806713163
-208.83589680989584,-2586.15234375,-83.57156880696614,1.6361678354382767
-149.77210235595703,-2589.844482421875,-58.3231569925944,1.6291334359890801
-119.34475962320964,-2591.2294921875,-47.905923207600914,1.6291334861936477
-1126.8103841145833,-2373.8546549479165,-398.57213338216144,1.54796995586222
-1094.5321451822917,-2385.1538899739585,-399.3726094563802,1.5479712139199884
-1041.348876953125,-2406.8829752604165,-368.37012736002606,1.5682017851210237
-1009.080078125,-2417.3128255208335,-368.22088623046875,1.56820111140874
-955.0286051432291,-2437.2945963541665,-337.8643493652344,1.5859591933327268
-922.7958984375,-2446.8465169270835,-336.76551310221356,1.585959316667205
-867.9207763671875,-2465.0646158854165,-307.0799560546875,1.6011865997232846
-835.7507120768229,-2473.7307942708335,-305.0324300130208,1.6011867781759355
-780.0972086588541,-2490.170166015625,-276.0423227945964,1.6138353124631615
-748.0163370768229,-2497.943359375,-273.04779561360675,1.6138354093292167
-691.6303507486979,-2512.5904134114585,-244.7770538330078,1.6238613467882919
-659.6651204427084,-2519.4642740885415,-240.83799743652344,1.623861208696594
-602.5931396484375,-2532.3070475260415,-213.30992635091147,1.631232001961638
-570.7698974609375,-2538.2759602864585,-208.4295857747396,1.631232441392564
-513.0589803059896,-2549.3037923177085,-181.6668904622396,1.6359247280429634
-481.40399169921875,-2554.3627115885415,-175.8492889404297,1.635924452136206
-423.10174560546875,-2563.5664876302085,-149.8740437825521,1.6379216776702628
-391.64110310872394,-2567.7113444010415,-143.12398274739584,1.6379217566131812
-332.7955830891927,-2575.08349609375,-117.95760599772136,1.6372177105985515
-301.55523681640625,-2578.310791015625,-110.28064727783203,1.6372175145378747
-242.2149861653646,-2583.84521484375,-85.94388961791992,1.633814588413561
-211.22069295247397,-2586.15234375,-77.34636561075847,1.6338147929880096
-151.43463897705078,-2589.844482421875,-53.85929870605469,1.627723701556813
-120.71195983886719,-2591.2294921875,-44.34830220540365,1.627723662927158
-121.97313690185547,-2591.2294921875,-40.75172996520996,1.6262992996573349
-152.96416219075522,-2589.844482421875,-49.348134994506836,1.6262992782839074
-213.41995747884116,-2586.15234375,-71.05322774251302,1.6314379222838704
-244.65541076660156,-2583.84521484375,-78.72850926717122,1.631438060086892
-304.69078572591144,-2578.310791015625,-101.29612986246745,1.6338901638773453
-336.14490763346356,-2575.08349609375,-108.04396057128906,1.6338900777435488
-395.71034749348956,-2567.7113444010415,-131.45549774169922,1.6336477359074413
-427.35719807942706,-2563.5664876302085,-137.2703119913737,1.6336478369530145
-486.40358479817706,-2554.3627115885415,-161.50645955403647,1.6307120468527838
-518.2170613606771,-2549.3037923177085,-166.38346354166666,1.6307118832985932
-576.6956990559896,-2538.2759602864585,-191.42423502604166,1.6250916277867873
-608.6495768229166,-2532.3070475260415,-195.35940551757812,1.6250918236778753
-666.5122477213541,-2519.4642740885415,-221.18415323893228,1.616807141954965
-698.5801798502604,-2512.5904134114585,-224.17424519856772,1.6168074347777364
-755.7791544596354,-2497.943359375,-250.7616729736328,1.6058844158367445
-787.9346923828125,-2490.170166015625,-252.8042195638021,1.6058846239482745
-844.4228108723959,-2473.7307942708335,-280.1323954264323,1.592358801332871
-876.6394246419271,-2465.0646158854165,-281.2257080078125,1.592358053630643
-932.3700968424479,-2446.8465169270835,-309.27210489908856,1.5762763323062703
-964.6212158203125,-2437.2945963541665,-309.41529337565106,1.5762763325612401
-1019.5485229492188,-2417.3128255208335,-338.1567789713542,1.5576893713706426
-1051.8075561523438,-2406.8829752604165,-337.34972127278644,1.5576884083505331
-1105.8861490885417,-2385.1538899739585,-366.76259358723956,1.5366568419341788
-1138.1265055338542,-2373.8546549479165,-365.0059509277344,1.536658710064609
-1192.30322265625,-2350.3963216145835,-392.13653564453125,1.5136090534088098
-123.12717692057292,-2591.2294921875,-37.11936378479004,1.6248619614753705
-154.35933430989584,-2589.844482421875,-44.79362487792969,1.6248618993136361
-215.43177286783853,-2586.15234375,-64.69767761230469,1.6290401283770508
-246.8809560139974,-2583.84521484375,-71.44397862752278,1.6290401083030588
-307.5587158203125,-2578.310791015625,-92.22264099121094,1.6305337953711654
-339.19898478190106,-2575.08349609375,-98.03541819254558,1.6305337996503806
-399.43202718098956,-2567.7113444010415,-119.67155202229817,1.6293381788265384
-431.23729451497394,-2563.5664876302085,-124.54601033528645,1.6293381585636943
-490.97594197591144,-2554.3627115885415,-147.0217742919922,1.625457454503281
-522.9199727376302,-2549.3037923177085,-150.95389811197916,1.6254575904238575
-582.1149698893229,-2538.2759602864585,-174.2507578531901,1.618903813585373
-614.1714274088541,-2532.3070475260415,-177.23729960123697,1.6189035064028925
-672.7739664713541,-2519.4642740885415,-201.3360392252604,1.6096998897686248
-704.9164225260416,-2512.5904134114585,-203.3745371500651,1.6097000833776987
-762.878173828125,-2497.943359375,-228.25528971354166,1.5978755818655344
-795.0800984700521,-2490.170166015625,-229.34406534830728,1.5978752498293647
-852.3532307942709,-2473.7307942708335,-254.9863077799479,1.5834682790197128
-884.5880737304688,-2465.0646158854165,-255.1244659423828,1.5834686105151834
-941.1253865559896,-2446.8465169270835,-281.5070546468099,1.5665293753736313
-973.3665974934896,-2437.2945963541665,-280.69447326660156,1.5665297534281635
-1029.1214599609375,-2417.3128255208335,-307.795654296875,1.5471113041041131
-1061.3424275716145,-2406.8829752604165,-306.0330098470052,1.5471114560142467
-1116.2688802083333,-2385.1538899739585,-333.83043416341144,1.5252780350851847
-1148.4430338541667,-2373.8546549479165,-331.1191711425781,1.5252766661728294
-1199.462646484375,-2350.3963216145835,-369.00982666015625,1.4983953499015428
-1157.7508138020833,-2373.8546549479165,-296.9415690104167,1.5138404510803503
-1125.671142578125,-2385.1538899739585,-300.6050618489583,1.513839598409967
-1069.9451090494792,-2406.8829752604165,-274.447504679362,1.5364762359927406
-1037.790547688802,-2417.3128255208335,-277.1641896565755,1.536477122537461
-981.2570597330729,-2437.2945963541665,-251.72711181640625,1.5567282537321392
-949.0540771484375,-2446.8465169270835,-253.4947509765625,1.5567279718581009
-891.7597859700521,-2465.0646158854165,-228.79913838704428,1.5745266713384305
-859.5349934895834,-2473.7307942708335,-229.61627197265625,1.5745268659665
-801.5271402994791,-2490.170166015625,-205.68247985839844,1.5898175628415656
-769.3070882161459,-2497.943359375,-205.54843139648438,1.5898169442883456
-710.6335042317709,-2512.5904134114585,-182.39620463053384,1.6025464029111598
-678.4447631835938,-2519.4642740885415,-181.31108601888022,1.6025468541344263
-619.1538289388021,-2532.3070475260415,-158.9595184326172,1.6126735020772869
-587.02294921875,-2538.2759602864585,-156.92422993977866,1.6126732344501618
-527.163584391276,-2549.3037923177085,-135.3917490641276,1.6201654389290565
-495.1170654296875,-2554.3627115885415,-132.407958984375,1.6201654163130017
-434.7386169433594,-2563.5664876302085,-111.71231842041016,1.6249964811984163
-402.80287679036456,-2567.7113444010415,-107.7824935913086,1.624996584284037
-341.95513916015625,-2575.08349609375,-87.94076792399089,1.6271515762422546
-310.15651448567706,-2578.310791015625,-83.06815083821614,1.6271517295659474
-248.88966369628906,-2583.84521484375,-64.09670003255208,1.6266230862503555
-217.2543741861979,-2586.15234375,-58.28530502319336,1.6266231377306297
-155.61893208821616,-2589.844482421875,-40.19977251688639,1.623412583458724
-124.17307535807292,-2591.2294921875,-33.45439338684082,1.623412445855627
-1166.041748046875,-2373.8546549479165,-262.50315856933594,1.5023573910648869
-1134.084716796875,-2385.1538899739585,-267.11566670735675,1.5023578616367657
-1077.6080118815105,-2406.8829752604165,-242.62094116210938,1.5257971401893138
-1045.548075358073,-2417.3128255208335,-246.2892862955729,1.5257967067835574
-988.28564453125,-2437.2945963541665,-222.53865559895834,1.5468811842331327
-956.1491902669271,-2446.8465169270835,-225.25979614257812,1.5468813492224598
-898.1482340494791,-2465.0646158854165,-202.27284240722656,1.56554077604186
-865.9618123372396,-2473.7307942708335,-204.04454549153647,1.5655404703685252
-807.2702026367188,-2490.170166015625,-181.8402353922526,1.5817168172865488
-775.0603230794271,-2497.943359375,-182.6610361735026,1.5817173869509291
-715.7264200846354,-2512.5904134114585,-161.2576700846354,1.5953541871460735
-683.5196533203125,-2519.4642740885415,-161.12688700358072,1.595353770066536
-623.5924275716146,-2532.3070475260415,-140.54211934407553,1.606406743038642
-591.4153442382812,-2538.2759602864585,-139.45986938476562,1.6064072223640031
-530.9441935221354,-2549.3037923177085,-119.71067555745442,1.6148415734070265
-498.8233133951823,-2554.3627115885415,-117.67784372965495,1.6148415342248237
-437.8581034342448,-2563.5664876302085,-98.78050740559895,1.6206273844115522
-405.81992594401044,-2567.7113444010415,-95.79877217610677,1.6206270967190974
-344.4109395345052,-2575.08349609375,-77.76888020833333,1.6237466121450264
-312.4818929036458,-2578.310791015625,-73.84070078531902,1.6237466760091823
-250.67975870768228,-2583.84521484375,-56.693121592203774,1.624188912634929
-218.8861541748047,-2586.15234375,-51.821737925211586,1.6241887493032319
-156.7418416341146,-2589.844482421875,-35.570611317952476,1.6219524018136706
-125.10990905761719,-2591.2294921875,-29.760040918986004,1.6219524499930156
-1173.3085123697917,-2373.8546549479165,-227.83417765299478,1.4908408154493664
-1141.502197265625,-2385.1538899739585,-233.39165751139322,1.4908404205071428
-1084.3244222005208,-2406.8829752604165,-210.5812784830729,1.5150817240006198
-1052.3872680664062,-2417.3128255208335,-215.19805399576822,1.5150810289766172
-994.4461669921875,-2437.2945963541665,-193.15473429361978,1.5369981516653048
-962.4044799804688,-2446.8465169270835,-196.82699076334634,1.5369988230952656
-903.7478230794271,-2465.0646158854165,-175.56889851888022,1.5565193016822614
-871.6280314127604,-2473.7307942708335,-178.29360961914062,1.556519479757207
-812.30419921875,-2490.170166015625,-157.8382771809896,1.573582413864365
-780.1327921549479,-2497.943359375,-159.61319986979166,1.5735818599830111
-720.1907145182291,-2512.5904134114585,-139.9774958292643,1.5881278343691105
-687.9942220052084,-2519.4642740885415,-140.80116526285806,1.5881287360103105
-627.4832967122396,-2532.3070475260415,-122.00127919514973,1.6001102482033358
-595.2882690429688,-2538.2759602864585,-121.87301635742188,1.6001092056613768
-534.2584431966146,-2549.3037923177085,-103.92445882161458,1.6094889191322872
-502.09145100911456,-2554.3627115885415,-102.84436798095703,1.6094893568580781
-440.593017578125,-2563.5664876302085,-85.76193491617839,1.6162337367321966
-408.4805501302083,-2567.7113444010415,-83.7309061686198,1.6162339039051552
-346.5642395019531,-2575.08349609375,-67.5286865234375,1.6203221415152211
-314.5328063964844,-2578.310791015625,-64.54839579264323,1.620322034638441
-252.24967447916666,-2583.84521484375,-49.239749908447266,1.6217400026926183
-220.32567342122397,-2586.15234375,-45.31265513102213,1.6217399532665737
-157.72707875569662,-2589.844482421875,-30.910207748413086,1.620483137712133
-125.93685150146484,-2591.2294921875,-26.039547602335613,1.6204832406275822
-126.65318298339844,-2591.2294921875,-22.29618485768636,1.6190057832425966
-158.57378387451172,-2589.844482421875,-26.222655296325684,1.6190058673509418
-221.5716807047526,-2586.15234375,-38.76377296447754,1.619278559271852
-253.59802754720053,-2583.84521484375,-41.74312782287598,1.6192782157208099
-316.3074544270833,-2578.310791015625,-55.199395497639976,1.616880428621983
-348.4131368001302,-2575.08349609375,-57.22917811075846,1.616880784601546
-410.7823893229167,-2567.7113444010415,-71.58949788411458,1.611820370949067
-442.94093831380206,-2563.5664876302085,-72.66803487141927,1.611820410337515
-504.91855875651044,-2554.3627115885415,-87.92056274414062,1.6041148149721622
-537.1034342447916,-2549.3037923177085,-88.04696400960286,1.604114832584706
-598.6383463541666,-2538.2759602864585,-104.17912292480469,1.5937879851913785
-630.8230387369791,-2532.3070475260415,-103.35328420003255,1.593787497815792
-691.8644816080729,-2519.4642740885415,-120.35177103678386,1.580875777465942
-724.0224202473959,-2512.5904134114585,-118.57437388102214,1.580876520936755
-784.5200602213541,-2497.943359375,-136.42517598470053,1.565420751000833
-816.624755859375,-2490.170166015625,-133.69768778483072,1.565420586621912
-876.5286865234375,-2473.7307942708335,-152.38607788085938,1.547470921393444
-908.5536295572916,-2465.0646158854165,-148.7107391357422,1.5474708401911426
-967.814453125,-2446.8465169270835,-168.22130330403647,1.5270897703874733
-999.7332560221354,-2437.2945963541665,-163.60115559895834,1.5270899813785253
-1058.3021240234375,-2417.3128255208335,-183.91781107584634,1.504341459608333
-1090.0884602864583,-2406.8829752604165,-178.35665893554688,1.5043411271059128
-1147.9170735677083,-2385.1538899739585,-199.462646484375,1.4793000846722664
-1179.5447591145833,-2373.8546549479165,-192.96508280436197,1.4793010535492044
-1237.2404378255208,-2350.3963216145835,-211.19012959798178,1.452511099506905
-127.25827280680339,-2591.2294921875,-18.53323745727539,1.6175216953685456
-159.28120930989584,-2589.844482421875,-21.512070020039875,1.6175217143217147
-222.6230672200521,-2586.15234375,-32.18084271748861,1.6168064479583142
-254.72363789876303,-2583.84521484375,-34.209842681884766,1.6168065698308134
-317.8042805989583,-2578.310791015625,-45.801910400390625,1.6134260963044913
-349.9560139973958,-2575.08349609375,-46.87940343221029,1.6134257629677664
-412.7234191894531,-2567.7113444010415,-59.38520812988281,1.607390678938288
-444.89980061848956,-2563.5664876302085,-59.51030731201172,1.607390804638856
-507.3021952311198,-2554.3627115885415,-72.91953531901042,1.5987221172011465
-539.4766947428385,-2549.3037923177085,-72.09213511149089,1.5987227884589301
-601.4626261393229,-2538.2759602864585,-86.3937250773112,1.5874474639413467
-633.6087036132812,-2532.3070475260415,-84.61450958251953,1.5874466929999917
-695.1270548502604,-2519.4642740885415,-99.79667154947917,1.573604542961038
-727.2182006835938,-2512.5904134114585,-97.06710815429688,1.5736043725113764
-788.21826171875,-2497.943359375,-113.11732228597005,1.557238752529272
-820.22802734375,-2490.170166015625,-109.43966166178386,1.5572392853485648
-880.6594645182291,-2473.7307942708335,-126.34468841552734,1.538403574239525
-912.5614217122396,-2465.0646158854165,-121.72195943196614,1.5384033344272128
-972.3743896484375,-2446.8465169270835,-139.46786244710287,1.5171632227620173
-1004.1422729492188,-2437.2945963541665,-133.9038848876953,1.5171638641295375
-1063.2874755859375,-2417.3128255208335,-152.4760258992513,1.4935856449481115
-1094.8950602213542,-2406.8829752604165,-145.97537994384766,1.4935856063308648
-1153.32373046875,-2385.1538899739585,-165.35844930013022,1.4677476189057996
-1184.7449544270833,-2373.8546549479165,-157.92650349934897,1.4677459863157172
-1240.9068196614583,-2350.3963216145835,-187.25982157389322,1.4369061911618641
-1188.9045003255208,-2373.8546549479165,-122.74921162923177,1.4561918593875585
-1157.7173258463542,-2385.1538899739585,-131.1090087890625,1.4561914383107217
-1098.7399495442708,-2406.8829752604165,-113.4658915201823,1.4828235764902244
-1067.3389078776042,-2417.3128255208335,-120.9003168741862,1.482823851821553
-1007.6693115234375,-2437.2945963541665,-104.08900197347005,1.5072287733201022
-976.0802612304688,-2446.8465169270835,-110.59192403157552,1.507228962327687
-915.7676595052084,-2465.0646158854165,-94.62627410888672,1.5293259023777857
-884.0167032877604,-2473.7307942708335,-100.1923319498698,1.529325159153443
-823.1108601888021,-2490.170166015625,-85.08551279703777,1.5490452503265406
-791.2241414388021,-2497.943359375,-89.71011352539062,1.5490460727655733
-729.7752482096354,-2512.5904134114585,-75.47458267211914,1.566320362859778
-697.7790730794271,-2519.4642740885415,-79.15391667683919,1.5663203488675108
-635.8378499348959,-2532.3070475260415,-65.80141576131184,1.5810927257522025
-603.7586263020834,-2538.2759602864585,-68.53244527180989,1.5810925839140877
-541.3761189778646,-2549.3037923177085,-56.07398351033529,1.5933168490442002
-509.2402648925781,-2554.3627115885415,-57.85445785522461,1.5933169055098764
-446.46790568033856,-2563.5664876302085,-46.30031077067057,1.602949509808357
-414.30194091796875,-2567.7113444010415,-47.12876001993815,1.6029497205703052
-351.19151814778644,-2575.08349609375,-36.488454818725586,1.609960890964957
-319.02197265625,-2578.310791015625,-36.364197413126625,1.6099607774787974
-255.62552897135416,-2583.84521484375,-26.646509806315105,1.6143263102739764
-223.4789276123047,-2586.15234375,-25.569648106892902,1.6143263160663774
-159.8487345377604,-2589.844482421875,-16.78259054819743,1.6160322890230925
-127.7515869140625,-2591.2294921875,-14.75401242574056,1.6160323438103592
-1192.0198567708333,-2373.8546549479165,-87.46410878499348,1.4446467256609468
-1161.0940755208333,-2385.1538899739585,-96.74441528320312,1.4446459816767678
-1101.6197916666667,-2406.8829752604165,-80.8567403157552,1.47206738149449
-1070.4528401692708,-2417.3128255208335,-89.21841939290364,1.4720678585120472
-1010.3112996419271,-2437.2945963541665,-74.18269348144531,1.4972957989576634
-978.9288126627604,-2446.8465169270835,-81.61885070800781,1.4972959019493113
-918.1695963541666,-2465.0646158854165,-67.4474728902181,1.520246660521155
-886.5974934895834,-2473.7307942708335,-73.95197423299153,1.5202464852134598
-825.2707316080729,-2490.170166015625,-60.65663146972656,1.5408483273259763
-793.5350545247396,-2497.943359375,-66.22411219278972,1.5408479504722186
-731.6913248697916,-2512.5904134114585,-53.81576792399088,1.5590293192079683
-699.8182373046875,-2519.4642740885415,-58.441637674967446,1.5590296090333635
-637.5085245768229,-2532.3070475260415,-46.93052546183268,1.574731055947091
-605.5243123372396,-2538.2759602864585,-50.61096954345703,1.5747304869789722
-542.8000081380209,-2549.3037923177085,-40.00658098856608,1.5879030143858717
-510.7310384114583,-2554.3627115885415,-42.73856544494629,1.5879031457698713
-447.64385986328125,-2563.5664876302085,-33.04964637756348,1.59849983945143
-415.51658121744794,-2567.7113444010415,-34.83091735839844,1.598499988433247
-352.1185709635417,-2575.08349609375,-26.065457026163738,1.6064881041598063
-319.95947265625,-2578.310791015625,-26.89454523722331,1.6064883022933114
-256.3028971354167,-2583.84521484375,-19.05977217356364,1.6118401578030241
-224.13849894205728,-2586.15234375,-18.935994148254395,1.6118399971858128
-160.2758585611979,-2589.844482421875,-12.03836997350057,1.6145386891452762
-128.13269551595053,-2591.2294921875,-10.961828072865805,1.6145386843088465
-1194.0882568359375,-2373.8546549479165,-52.10218302408854,1.4331199891444384
-1163.4510498046875,-2385.1538899739585,-62.294846852620445,1.4331197709242451
-1103.5320638020833,-2406.8829752604165,-48.176570892333984,1.4613255162726047
-1072.6265869140625,-2417.3128255208335,-57.45815785725912,1.4613252381843547
-1012.0658976236979,-2437.2945963541665,-44.211229960123696,1.4873719331595263
-980.9175618489584,-2446.8465169270835,-52.57408650716146,1.4873717958407087
-919.7650756835938,-2465.0646158854165,-40.20943133036295,1.5111725377997194
-888.3995971679688,-2473.7307942708335,-47.646660486857094,1.5111727391279204
-826.7057698567709,-2490.170166015625,-36.174473444620766,1.5326532374138548
-795.1490071614584,-2497.943359375,-42.6799430847168,1.5326531131704737
-732.9647420247396,-2512.5904134114585,-32.10968526204427,1.5517386833508238
-701.2427368164062,-2519.4642740885415,-37.67802937825521,1.5517392169106452
-638.6192830403646,-2532.3070475260415,-28.018416086832683,1.5683676781774372
-606.7581583658854,-2538.2759602864585,-32.645042419433594,1.5683674197059327
-543.7471618652344,-2549.3037923177085,-23.904041290283203,1.5824866076636628
-511.7732238769531,-2554.3627115885415,-27.58513577779134,1.582486837010958
-448.42664591471356,-2563.5664876302085,-19.769954999287922,1.5940467008386634
-416.3662516276042,-2567.7113444010415,-22.50248114267985,1.594046388099792
-352.73633829752606,-2575.08349609375,-15.6195650100708,1.603011220187558
-320.6159362792969,-2578.310791015625,-17.401269912719727,1.6030112011220756
-256.75514729817706,-2583.84521484375,-11.456294536590576,1.60934992645793
-224.60120646158853,-2586.15234375,-12.285708586374918,1.6093499802112927
-160.5622075398763,-2589.844482421875,-7.283576250076294,1.6130424044533258
-128.40125783284506,-2591.2294921875,-7.1600156625111895,1.6130423420962539
-128.55704498291016,-2591.2294921875,-3.3519149124622345,1.6115446695983606
-160.70753479003906,-2589.844482421875,-2.522385170062383,1.6115446537349385
-224.86663818359375,-2586.15234375,-5.6246324578921,1.6068582934905755
-256.98187255859375,-2583.84521484375,-3.8427542249361673,1.6068580213828894
-320.99078369140625,-2578.310791015625,-7.892711400985718,1.5995328522745007
-353.0442810058594,-2575.08349609375,-5.159954190254211,1.5995330846004767
-416.85022989908856,-2567.7113444010415,-10.154281655947367,1.5895925902581476
-448.81556193033856,-2563.5664876302085,-6.4728991985321045,1.5895923535565208
-512.3659159342448,-2554.3627115885415,-12.407478054364523,1.5770707754586109
-544.2167154947916,-2549.3037923177085,-7.780506014823914,1.577070991398713
-607.4590861002604,-2538.2759602864585,-14.650442918141684,1.562007246172812
-639.1691080729166,-2532.3070475260415,-9.081697225570679,1.5620072907991251
-702.0513102213541,-2519.4642740885415,-16.88132627805074,1.5444545662778484
-733.5943806966146,-2512.5904134114585,-10.375398635864258,1.5444553592314894
-796.0645751953125,-2497.943359375,-19.09828797976176,1.524468962243768
-827.4146931966146,-2490.170166015625,-11.66054399808248,1.5244679266446728
-889.4213663736979,-2473.7307942708335,-21.299500306447346,1.5021128947690752
-920.5526733398438,-2465.0646158854165,-12.936073541641235,1.5021130650544954
-982.0447184244791,-2446.8465169270835,-23.483148018519085,1.4774669961626108
-1012.9315388997396,-2437.2945963541665,-14.200935284296671,1.4774664256964343
-1073.8581949869792,-2417.3128255208335,-25.647430260976154,1.4506064352588715
-1104.4750569661458,-2406.8829752604165,-15.454086303710938,1.4506074200137193
-1164.7861328125,-2385.1538899739585,-27.790563106536865,1.4216227321998014
-1195.1078287760417,-2373.8546549479165,-16.694493611653645,1.4216223383602262
-1254.8770751953125,-2350.3963216145835,-25.582881768544514,1.391174559969212
-128.59991709391275,-2591.2294921875,0.45913023749987286,1.6100466137835885
-160.71170298258463,-2589.844482421875,2.241021692752838,1.6100466549158405
-224.93455505371094,-2586.15234375,1.041384518146515,1.6043669630995163
-256.9828847249349,-2583.84521484375,3.774161418279012,1.6043671544541587
-321.0836995442708,-2578.310791015625,1.6227798859278362,1.5960570368436429
-353.0421447753906,-2575.08349609375,5.304188847541809,1.5960568363721903
-416.9680582682292,-2567.7113444010415,2.2028372287750244,1.585142590357355
-448.8102620442708,-2563.5664876302085,6.829842209815979,1.585142640039201
-512.5085652669271,-2554.3627115885415,2.781077822049459,1.571662073006006
-544.2082722981771,-2549.3037923177085,8.349863211313883,1.5716620349293298
-607.6264444986979,-2538.2759602864585,3.357025067011515,1.5556569140044305
-639.1575113932291,-2532.3070475260415,9.862998406092325,1.555656496311218
-702.2432454427084,-2519.4642740885415,3.9302037556966147,1.5371834444174364
-733.5796712239584,-2512.5904134114585,11.368000268936157,1.5371838580159918
-796.2809244791666,-2497.943359375,4.500141859054565,1.5163006183852072
-827.3968505859375,-2490.170166015625,12.863627592722574,1.516300712285128
-889.6619262695312,-2473.7307942708335,5.0663685003916425,1.4930759727232603
-920.53173828125,-2465.0646158854165,14.348646720250448,1.49307623830899
-982.3093058268229,-2446.8465169270835,5.628417412439982,1.4675901012563852
-1012.9075113932291,-2437.2945963541665,15.82183345158895,1.4675901978273924
-1074.1466064453125,-2417.3128255208335,6.185824712117513,1.439923006755674
-1104.447998046875,-2406.8829752604165,17.28197209040324,1.4399234473198632
-1165.09814453125,-2385.1538899739585,6.738130569458008,1.4101662374146977
-1195.0776774088542,-2373.8546549479165,18.727859656016033,1.4101640328210348
-1254.9700113932292,-2350.3963216145835,-1.37351655960083,1.3755349051335133
-1193.9978434244792,-2373.8546549479165,54.13376426696777,1.3987598365892575
-1164.3867594401042,-2385.1538899739585,41.26090621948242,1.3987569645108986
-1103.4508463541667,-2406.8829752604165,50.002851486206055,1.42927968044814
-1073.4916178385417,-2417.3128255208335,38.0136464436849,1.429281787331038
-1011.9938557942709,-2437.2945963541665,45.830705642700195,1.4577497901205756
-981.7111409505209,-2446.8465169270835,34.735040028889976,1.4577493431271416
-919.7022908528646,-2465.0646158854165,41.62076505025228,1.484069268925406
-889.12109375,-2473.7307942708335,31.42778778076172,1.4840692533301771
-826.6523030598959,-2490.170166015625,37.37650108337402,1.5081580570129274
-795.7978719075521,-2497.943359375,28.094619115193684,1.508158072182475
-732.920654296875,-2512.5904134114585,33.1014149983724,1.5299327021172395
-701.8183797200521,-2519.4642740885415,24.73828188578288,1.5299331962290676
-638.5845540364584,-2532.3070475260415,28.799031575520832,1.5493219727143288
-607.2601114908854,-2538.2759602864585,21.361544609069824,1.5493217646307902
-543.7218526204427,-2549.3037923177085,24.472899436950684,1.566264335885592
-512.2010803222656,-2554.3627115885415,17.967191378275555,1.5662642064847614
-448.41077677408856,-2563.5664876302085,20.126585006713867,1.5807004474327708
-416.71966552734375,-2567.7113444010415,14.558021227518717,1.580700445198065
-352.72991943359375,-2575.08349609375,15.763673464457193,1.59258563319135
-320.8946024576823,-2578.310791015625,11.13684606552124,1.5925854063474405
-256.75818888346356,-2583.84521484375,11.387762228647867,1.601878515059096
-224.80491638183594,-2586.15234375,7.706486543019612,1.6018786940659255
-160.57471720377603,-2589.844482421875,7.00246000289917,1.6085500262896846
-128.5298334757487,-2591.2294921875,4.269772052764893,1.6085500633368872
-1191.8693440755208,-2373.8546549479165,89.49212137858073,1.3874113306218263
-1162.6527099609375,-2385.1538899739585,75.74744160970052,1.3874120903176403
-1101.4844563802083,-2406.8829752604165,82.67981211344402,1.4186916280723385
-1071.8936767578125,-2417.3128255208335,69.80808003743489,1.418690664398173
-1010.1913045247396,-2437.2945963541665,75.79932149251302,1.4479527299854154
-980.2507120768229,-2446.8465169270835,63.81115214029948,1.44795320417375
-918.0650431315104,-2465.0646158854165,68.85632578531902,1.4750998900690941
-887.7993367513021,-2473.7307942708335,57.76160430908203,1.475100628217302
-825.1816813151041,-2490.170166015625,61.856547037760414,1.500047331377292
-794.6158447265625,-2497.943359375,51.66442108154297,1.5000462726836457
-731.6178588867188,-2512.5904134114585,54.805755615234375,1.522706608492344
-700.777099609375,-2519.4642740885415,45.52463150024414,1.5227067094949474
-637.4507039388021,-2532.3070475260415,47.70976893107096,1.5430062250131347
-606.3604329427084,-2538.2759602864585,39.34730211893717,1.5430064628135889
-542.7578633626302,-2549.3037923177085,40.57443936665853,1.560881753000876
-511.4437255859375,-2554.3627115885415,33.13752365112305,1.5608818640435753
-447.61744181315106,-2563.5664876302085,33.405649185180664,1.5762696074475304
-416.1052652994792,-2567.7113444010415,26.900418599446613,1.57626973183343
-352.10788981119794,-2575.08349609375,26.209311803181965,1.5891222729153256
-320.4236551920573,-2578.310791015625,20.641130447387695,1.5891221516624725
-256.30796813964844,-2583.84521484375,18.991360982259113,1.5993950956340208
-224.47781880696616,-2586.15234375,14.36482016245524,1.599395036866868
-160.29669189453125,-2589.844482421875,11.757747968037924,1.6070557115915485
-128.34686279296875,-2591.2294921875,8.076663494110107,1.6070556907532663
-1188.6939697265625,-2373.8546549479165,124.7718734741211,1.37613493327321
-1159.8974609375,-2385.1538899739585,110.16744740804036,1.376134556098193
-1098.5506591796875,-2406.8829752604165,115.28415425618489,1.4081633618405143
-1069.3542887369792,-2417.3128255208335,101.54119873046875,1.408163552937107
-1007.50146484375,-2437.2945963541665,105.70136260986328,1.438210961270148
-977.9292602539062,-2446.8465169270835,92.83121744791667,1.438210560186215
-915.6213989257812,-2465.0646158854165,96.03140767415364,1.466176838814475
-885.6977742513021,-2473.7307942708335,84.04468536376953,1.4661763993125871
-822.9862874348959,-2490.170166015625,86.28226216634114,1.4919738863529939
-792.7359008789062,-2497.943359375,75.18884531656902,1.4919748902004468
-729.6724853515625,-2512.5904134114585,76.46195983886719,1.515514023012035
-699.1202799479166,-2519.4642740885415,66.27099609375,1.515513805842094
-635.7569580078125,-2532.3070475260415,66.57860056559245,1.5367177680011648
-604.9281412760416,-2538.2759602864585,57.29849751790365,1.5367176937404603
-541.317148844401,-2549.3037923177085,56.640341440836586,1.55552011591386
-510.2371419270833,-2554.3627115885415,48.27875010172526,1.5555200391352801
-446.4309387207031,-2563.5664876302085,46.655372619628906,1.5718542902396035
-415.12537638346356,-2567.7113444010415,39.21918741861979,1.5718540201449827
-351.1765848795573,-2575.08349609375,36.63193003336588,1.5856695485435766
-319.67127482096356,-2578.310791015625,30.12728500366211,1.5856697418835402
-255.63262939453125,-2583.84521484375,26.57827885945638,1.5969186798337265
-223.95355733235678,-2586.15234375,21.010536193847656,1.5969186796805364
-159.87787373860678,-2589.844482421875,16.50270875295003,1.605565322057639
-128.05115763346353,-2591.2294921875,11.876461346944174,1.6055653788793427
-127.64298248291016,-2591.2294921875,15.665827433268229,1.6040799298252262
-159.3186264038086,-2589.844482421875,21.233174324035645,1.604079934862746
-223.2325897216797,-2586.15234375,27.637798309326172,1.5944513985384468
-254.7327626546224,-2583.84521484375,34.141852060953774,1.594451640503257
-318.6381123860677,-2578.310791015625,39.58697764078776,1.5822314586146995
-349.9368387858073,-2575.08349609375,47.02237319946289,1.5822315044019941
-413.78087361653644,-2567.7113444010415,51.50351079305013,1.5674584842494663
-444.8523356119792,-2563.5664876302085,59.86411921183268,1.5674582384174047
-508.58240763346356,-2554.3627115885415,63.37757237752279,1.5501833544916468
-539.4009806315104,-2549.3037923177085,72.65649668375652,1.550183245135147
-602.9645385742188,-2538.2759602864585,75.19936879475911,1.530460037241822
-633.5048014322916,-2532.3070475260415,85.38895924886067,1.5304597233051895
-696.8494262695312,-2519.4642740885415,86.9591547648112,1.5083581096680798
-727.0862019856771,-2512.5904134114585,98.05100504557292,1.5083580434822064
-790.1596476236979,-2497.943359375,98.64722696940105,1.4839469317137972
-820.0680135091146,-2490.170166015625,110.63218943277995,1.4839479747152775
-882.8182779947916,-2473.7307942708335,110.25394694010417,1.4573075861953955
-912.3735758463541,-2465.0646158854165,123.1221415201823,1.4573074320726367
-974.7489013671875,-2446.8465169270835,121.76974741617839,1.4285301174486171
-1003.9267171223959,-2437.2945963541665,135.51056416829428,1.4285289703056576
-1065.8756510416667,-2417.3128255208335,133.1851348876953,1.3977047553601316
-1094.6519368489583,-2406.8829752604165,147.78724161783853,1.397705364810599
-1156.1234537760417,-2385.1538899739585,144.49068705240884,1.3649364075989314
-1184.4745279947917,-2373.8546549479165,159.9420369466146,1.3649363887877273
-1244.8237711588542,-2350.3963216145835,160.58946228027344,1.330996751729306
-127.12269083658855,-2591.2294921875,19.441433906555176,1.6026010876425636
-158.61944834391275,-2589.844482421875,25.944990793863933,1.6026011540378338
-222.31555684407553,-2586.15234375,34.24078496297201,1.5919958586147889
-253.60916137695312,-2583.84521484375,41.675437927246094,1.5919957542368242
-317.32509358723956,-2578.310791015625,49.01190058390299,1.5788098063935705
-348.3897298177083,-2575.08349609375,57.37151590983073,1.5788096623044585
-412.07293701171875,-2567.7113444010415,63.74259694417318,1.5630850134656182
-442.88299560546875,-2563.5664876302085,73.02028401692708,1.5630852792810555
-506.48096720377606,-2554.3627115885415,78.42073059082031,1.544876340513608
-537.0110371907552,-2549.3037923177085,88.6088358561198,1.5448762025989795
-600.4713134765625,-2538.2759602864585,93.03419240315755,1.5242393139171395
-630.6962280273438,-2532.3070475260415,104.1243158976237,1.52423986795451
-693.9664916992188,-2519.4642740885415,107.57093302408855,1.5012482579542963
-723.861328125,-2512.5904134114585,119.55392964680989,1.5012483363715963
-786.889404296875,-2497.943359375,122.01896413167317,1.4759738623324712
-816.4294840494791,-2490.170166015625,134.88495127360025,1.475972724643217
-879.1633911132812,-2473.7307942708335,136.36637115478516,1.4484979822727582
-908.3243611653646,-2465.0646158854165,150.104736328125,1.4484980914389165
-970.7123616536459,-2446.8465169270835,150.60132344563803,1.4189181149524388
-999.4701741536459,-2437.2945963541665,165.20073954264322,1.4189187258587814
-1061.4608154296875,-2417.3128255208335,164.71208699544272,1.387326911096271
-1089.7917887369792,-2406.8829752604165,180.16051737467447,1.387327303649058
-1151.333984375,-2385.1538899739585,178.68702189127603,1.3538277765942603
-1179.2147216796875,-2373.8546549479165,194.97172037760416,1.3538263386047458
-1241.3412679036458,-2350.3963216145835,184.54722595214844,1.3156622491226841
-1172.919189453125,-2373.8546549479165,229.83014933268228,1.3428149141905248
-1145.5332845052083,-2385.1538899739585,212.72640482584634,1.3428160264242022
-1083.9744873046875,-2406.8829752604165,212.37555948893228,1.3770363555415464
-1056.1137288411458,-2417.3128255208335,196.09437052408853,1.3770363676784154
-994.1358235677084,-2437.2945963541665,194.74581909179688,1.4093859928467194
-965.8232421875,-2446.8465169270835,179.30061848958334,1.4093855299654576
-903.4773559570312,-2465.0646158854165,176.95548502604166,1.4397581380837254
-874.7362874348959,-2473.7307942708335,162.35901896158853,1.4397580677196526
-812.0738321940104,-2490.170166015625,159.01923624674478,1.4680581039529554
-782.9279988606771,-2497.943359375,145.28353373209634,1.4680576094036106
-720.0006510416666,-2512.5904134114585,140.95184834798178,1.4941873128341985
-690.4740600585938,-2519.4642740885415,128.0882314046224,1.494187174130776
-627.3336995442709,-2532.3070475260415,122.76821645100911,1.5180605516557901
-597.4507039388021,-2538.2759602864585,110.78729756673177,1.5180608546135723
-534.149424235026,-2549.3037923177085,104.48334503173828,1.5396034297926833
-503.93467203776044,-2554.3627115885415,93.39500681559245,1.5396035500490628
-440.52466837565106,-2563.5664876302085,86.11231231689453,1.5587391273439124
-410.00306193033856,-2567.7113444010415,75.92569478352864,1.5587391580523238
-346.53662109375,-2575.08349609375,67.67026646931966,1.5754083312681275
-315.7333475748698,-2578.310791015625,58.39377466837565,1.5754084235087829
-252.26280721028647,-2583.84521484375,49.17241923014323,1.5895536670530537
-221.20325724283853,-2586.15234375,40.813697814941406,1.5895535882605403
-157.78095499674478,-2589.844482421875,30.634018580118816,1.6011299156287226
-126.49075063069661,-2591.2294921875,23.19996452331543,1.6011299151546061
-1165.5934244791667,-2373.8546549479165,264.48670959472656,1.3319110770618978
-1138.7263997395833,-2385.1538899739585,246.57893880208334,1.331909214130329
-1077.2050374348958,-2406.8829752604165,244.404052734375,1.3668393793195461
-1049.8390299479167,-2417.3128255208335,227.3044179280599,1.3668406858789381
-987.9282836914062,-2437.2945963541665,224.1198476155599,1.3999378101551536
-960.0858357747396,-2446.8465169270835,207.84243774414062,1.3999378074397355
-897.8368123372396,-2465.0646158854165,203.65081278483072,1.4310929548863833
-869.5409138997396,-2473.7307942708335,188.2090606689453,1.431093268985746
-807.0049438476562,-2490.170166015625,183.01384480794272,1.460208800148835
-778.2789306640625,-2497.943359375,168.4204864501953,1.460208691009044
-715.5075887044271,-2512.5904134114585,162.22595723470053,1.4871836864450405
-686.3751424153646,-2519.4642740885415,148.4930216471354,1.4871840879126337
-623.420166015625,-2532.3070475260415,141.30428568522134,1.511930075763234
-593.9053141276041,-2538.2759602864585,128.44309743245444,1.5119295527519072
-530.8186442057291,-2549.3037923177085,120.26608530680339,1.5343693422814786
-500.9457499186198,-2554.3627115885415,108.28725179036458,1.534369120935398
-437.77940877278644,-2563.5664876302085,99.12870788574219,1.5544232048810027
-407.5730794270833,-2567.7113444010415,88.04210662841797,1.554423587417794
-344.37914021809894,-2575.08349609375,77.90958150227864,1.5720296773805125
-313.8642883300781,-2578.310791015625,67.72435887654622,1.572029374207528
-250.69488016764322,-2583.84521484375,56.62621053059896,1.5871268546834778
-219.89667256673178,-2586.15234375,47.350762685139976,1.5871270365660424
-156.8038787841797,-2589.844482421875,35.29614003499349,1.599667692099725
-125.74771118164062,-2591.2294921875,26.938117345174152,1.5996677524429406
-1157.2439371744792,-2373.8546549479165,298.9109802246094,1.3211211409412367
-1130.9193522135417,-2385.1538899739585,280.21490478515625,1.3211223029991228
-1069.4894409179688,-2406.8829752604165,276.21788533528644,1.3567506500122324
-1042.6421508789062,-2417.3128255208335,258.31480407714844,1.3567493872841963
-980.8529866536459,-2437.2945963541665,253.2970174153646,1.3905834023889185
-953.505126953125,-2446.8465169270835,236.20169576009116,1.3905834137543311
-891.4076538085938,-2465.0646158854165,230.16727193196616,1.4225105044670818
-863.581787109375,-2473.7307942708335,213.893798828125,1.4225108649284224
-801.2272338867188,-2490.170166015625,206.84771728515625,1.4524315738538165
-772.9462890625,-2497.943359375,191.40951538085938,1.4524315664681575
-710.3860677083334,-2512.5904134114585,183.35758463541666,1.4802419705759355
-681.6733805338541,-2519.4642740885415,168.76738484700522,1.4802417734081923
-618.9590861002604,-2532.3070475260415,159.71624247233072,1.5058507690036809
-589.8383178710938,-2538.2759602864585,145.98607889811197,1.5058513726772043
-527.0216573079427,-2549.3037923177085,135.9431915283203,1.5291788459356386
-497.51683553059894,-2554.3627115885415,123.08438618977864,1.5291786474676357
-434.6496276855469,-2563.5664876302085,112.0580342610677,1.5501421967002336
-404.78509521484375,-2567.7113444010415,100.08118947347005,1.5501417395946935
-341.91917928059894,-2575.08349609375,88.0804672241211,1.5686763742489875
-311.7195536295573,-2578.310791015625,76.9954605102539,1.568676722718077
-248.9067586263021,-2583.84521484375,64.03026453653972,1.5847182474641162
-218.39693705240884,-2586.15234375,53.84623718261719,1.5847181458662167
-155.68907419840494,-2589.844482421875,39.927260080973305,1.5982156728579822
-124.89422353108723,-2591.2294921875,30.652610778808594,1.598215672175549
-123.93103535970052,-2591.2294921875,34.34018007914225,1.5967752406172642
-154.4375228881836,-2589.844482421875,44.52331097920736,1.5967752072580323
-216.70538330078125,-2586.15234375,60.29441833496094,1.5823291614131116
-246.90001424153647,-2583.84521484375,71.37808100382487,1.5823290218013668
-309.30101521809894,-2578.310791015625,86.19893391927083,1.5653520409429675
-339.1588948567708,-2575.08349609375,98.17398834228516,1.5653524183246952
-401.64159138997394,-2567.7113444010415,112.03236643473308,1.5458987121230374
-431.1381022135417,-2563.5664876302085,124.8889389038086,1.545898522235355
-493.6509602864583,-2554.3627115885415,137.7734120686849,1.5240351093020752
-522.7617696126302,-2549.3037923177085,151.50089518229166,1.5240350521590538
-585.2532348632812,-2538.2759602864585,163.40083821614584,1.4998296770050052
-613.9543253580729,-2532.3070475260415,177.9879150390625,1.4998294775110717
-676.3728637695312,-2519.4642740885415,188.89351908365884,1.4733679877642494
-704.6405843098959,-2512.5904134114585,204.32816060384116,1.4733680792327757
-766.9347330729166,-2497.943359375,214.23042805989584,1.4447329692379596
-794.7457682291666,-2490.170166015625,230.49990844726562,1.4447330835572312
-856.8641357421875,-2473.7307942708335,239.3906707763672,1.4140181739009718
-884.195556640625,-2465.0646158854165,256.4815673828125,1.4140187665887962
-946.0869344075521,-2446.8465169270835,264.3534901936849,1.3813308579056303
-972.9161987304688,-2437.2945963541665,282.25171915690106,1.3813303501820764
-1034.529541015625,-2417.3128255208335,289.09832763671875,1.3467718247578704
-1060.8345336914062,-2406.8829752604165,307.78912353515625,1.346772313053694
-1122.1190185546875,-2385.1538899739585,313.60475667317706,1.3104565341304133
-1147.8780110677083,-2373.8546549479165,333.07269287109375,1.3104565067476133
-1207.3023274739583,-2350.3963216145835,343.2186787923177,1.273260615631274
-122.85899353027344,-2591.2294921875,37.997589111328125,1.5953474360337372
-153.05032094319662,-2589.844482421875,49.08025677998861,1.5953474585712344
-214.82348124186197,-2586.15234375,66.68964131673177,1.5799619722644196
-244.67640686035156,-2583.84521484375,78.66320419311523,1.5799620802498209
-306.61081949869794,-2578.310791015625,95.32669830322266,1.5620594101079535
-336.10072835286456,-2575.08349609375,108.18128204345703,1.5620592929501051
-398.1453145345052,-2567.7113444010415,123.88514455159505,1.5416963126443655
-427.2478841145833,-2563.5664876302085,137.61014811197916,1.5416964340140924
-489.3514811197917,-2554.3627115885415,152.34142557779947,1.5189435143427568
-518.042714436849,-2549.3037923177085,166.92553202311197,1.5189435328735634
-580.1540934244791,-2538.2759602864585,180.67207845052084,1.493871117356641
-608.4103190104166,-2532.3070475260415,196.10326131184897,1.4938711943548886
-670.478271484375,-2519.4642740885415,208.8537394205729,1.4665682751813984
-698.2762044270834,-2512.5904134114585,225.11927286783853,1.466568162011898
-760.2495524088541,-2497.943359375,236.86317443847656,1.4371197881152868
-787.5662638346354,-2490.170166015625,253.94964090983072,1.4371198574912454
-849.3939005533854,-2473.7307942708335,264.6772715250651,1.4056225978388666
-876.2068481445312,-2465.0646158854165,282.5705871582031,1.405622061707781
-937.8377685546875,-2446.8465169270835,292.2731119791667,1.3721851258664102
-964.1248575846354,-2437.2945963541665,310.95851643880206,1.3721857051755522
-1025.508280436198,-2417.3128255208335,319.62791951497394,1.3369141234917583
-1051.2478434244792,-2406.8829752604165,339.0900065104167,1.3369137227632626
-1112.3330891927083,-2385.1538899739585,346.7191467285156,1.2999231927501043
-1137.5038655598958,-2373.8546549479165,366.9418640136719,1.2999239806424363
-1200.3207600911458,-2350.3963216145835,366.3996887207031,1.2585473205163609
-1126.130615234375,-2373.8546549479165,400.4887390136719,1.2895315558125315
-1101.5701497395833,-2385.1538899739585,379.5290120442708,1.2895314842935015
-1040.73779296875,-2406.8829752604165,370.0930582682292,1.3271840857452228
-1015.5862630208334,-2417.3128255208335,349.87677001953125,1.3271838995079663
-954.4867146809896,-2437.2945963541665,339.3921712239583,1.3631561602005646
-928.7648722330729,-2446.8465169270835,319.9360046386719,1.3631564771043554
-867.4485270182291,-2465.0646158854165,308.4114176432292,1.3973299263410937
-841.1775919596354,-2473.7307942708335,289.7314046223958,1.397329623548841
-779.6950276692709,-2490.170166015625,277.1763203938802,1.4295972657033515
-752.8966471354166,-2497.943359375,259.2878723144531,1.4295978528493214
-691.2985229492188,-2512.5904134114585,245.71265665690103,1.4598476207830806
-663.9947916666666,-2519.4642740885415,228.63052368164062,1.4598472750963145
-602.3319295247396,-2532.3070475260415,214.0463612874349,1.4879800519936728
-574.5453898111979,-2538.2759602864585,197.78463236490884,1.487979739385605
-512.868642171224,-2549.3037923177085,182.20355733235678,1.513907758248833
-484.6221923828125,-2554.3627115885415,166.77563985188803,1.513908080581952
-422.98241170247394,-2563.5664876302085,150.2104949951172,1.5375393709104146
-394.29933675130206,-2567.7113444010415,135.62910970052084,1.5375395525355962
-332.7473551432292,-2575.08349609375,118.0935567220052,1.5588009266746357
-303.6513163248698,-2578.310791015625,104.37073262532552,1.5588007147410299
-242.23790486653647,-2583.84521484375,85.87923431396484,1.5776188372931836
-212.7529042561849,-2586.15234375,73.02628962198894,1.5776190211180414
-151.52869669596353,-2589.844482421875,53.59409205118815,1.5939338994835728
-121.67903900146484,-2591.2294921875,41.62162208557129,1.593933774619868
-1113.7682291666667,-2373.8546549479165,433.68385823567706,1.2792866714104534
-1089.8396809895833,-2385.1538899739585,412.0055236816406,1.2792881023581393
-1029.3136596679688,-2406.8829752604165,400.77105712890625,1.317590089575173
-1004.7722371419271,-2417.3128255208335,379.8183186848958,1.317589886794144
-944.0102132161459,-2437.2945963541665,367.5277506510417,1.3542498576708857
-918.876220703125,-2446.8465169270835,347.31789143880206,1.3542496853087496
-857.9283243815104,-2465.0646158854165,333.9813639322917,1.3891470178093386
-832.2224731445312,-2473.7307942708335,314.5310567220052,1.3891472319820628
-771.1389567057291,-2490.170166015625,300.15955607096356,1.4221724594212626
-744.8824462890625,-2497.943359375,281.4848327636719,1.4221723315817454
-683.7136637369791,-2512.5904134114585,266.09022013346356,1.4532111035914697
-656.9281209309896,-2519.4642740885415,248.20649210611978,1.453211251316634
-595.7245076497396,-2532.3070475260415,231.80146280924478,1.482161424408912
-568.4320475260416,-2538.2759602864585,214.7234649658203,1.4821613712802726
-507.2440999348958,-2549.3037923177085,197.32154337565103,1.5089328609840627
-479.4672342936198,-2554.3627115885415,181.06336466471353,1.5089325373271876
-418.3454081217448,-2563.5664876302085,162.67890421549478,1.5334305278619111
-390.10703531901044,-2567.7113444010415,147.2539520263672,1.5334305746161156
-329.1017252604167,-2575.08349609375,127.90210723876953,1.5555790322553964
-300.4251200358073,-2578.310791015625,113.3230972290039,1.5555792860645592
-239.58663940429688,-2583.84521484375,93.01983388264973,1.575301685515006
-210.4954630533854,-2586.15234375,79.29879506429036,1.5753016214158035
-149.87398529052734,-2589.844482421875,58.06085713704427,1.5925353461568112
-120.39221954345703,-2591.2294921875,45.20909881591797,1.5925354043293736
-1100.4275716145833,-2373.8546549479165,466.49805704752606,1.2692001880826511
-1077.1519368489583,-2385.1538899739585,444.1201578776042,1.2691991504277655
-1016.9854329427084,-2406.8829752604165,431.09703572591144,1.3081376219918817
-993.0757039388021,-2417.3128255208335,409.42626953125,1.3081381211814735
-932.7045694986979,-2437.2945963541665,395.34051513671875,1.3454724136958762
-908.1805013020834,-2446.8465169270835,374.3947347005208,1.3454727028511881
-847.6545817057291,-2465.0646158854165,359.2579650878906,1.3810805243042876
-822.5363972981771,-2473.7307942708335,339.05445353190106,1.381080612727774
-761.9055786132812,-2490.170166015625,322.87916056315106,1.414850420434808
-736.2139892578125,-2497.943359375,303.4345703125,1.4148501856901188
-675.5282592773438,-2512.5904134114585,286.2340799967448,1.4466647300623081
-649.2844441731771,-2519.4642740885415,267.564453125,1.4466647647500155
-588.5938517252604,-2532.3070475260415,249.35296122233072,1.476419511916628
-561.8194580078125,-2538.2759602864585,231.47369893391928,1.4764198071683385
-501.17406209309894,-2549.3037923177085,212.2662150065104,1.5040220979891623
-473.8911641438802,-2554.3627115885415,195.19205729166666,1.5040221333395765
-413.3409729003906,-2563.5664876302085,175.00442504882812,1.5293741807966157
-385.57208251953125,-2567.7113444010415,158.74945068359375,1.5293740257666817
-325.1670328776042,-2575.08349609375,137.59831746419272,1.5523972832252433
-296.93504842122394,-2578.310791015625,122.1759262084961,1.5523974107056902
-236.72493998209634,-2583.84521484375,100.07873280843098,1.5730123328915795
-208.05313618977866,-2586.15234375,85.50165049235027,1.5730121008970752
-148.08762868245444,-2589.844482421875,62.47662226359049,1.591153203451711
-118.99965413411458,-2591.2294921875,48.75686772664388,1.5911532761725444
-117.5025634765625,-2591.2294921875,52.26180903116862,1.589788819701671
-146.17120107014975,-2589.844482421875,66.83751424153645,1.5897888491932088
-205.42807006835938,-2586.15234375,91.62940979003906,1.5707527126913263
-233.65530904134116,-2583.84521484375,107.0497309366862,1.5707524652290517
-293.1841634114583,-2578.310791015625,130.92144521077475,1.5492574734650355
-320.9467264811198,-2575.08349609375,147.17366790771484,1.5492577109691739
-380.698486328125,-2567.7113444010415,170.1055145263672,1.525372440795282
-407.97349039713544,-2563.5664876302085,187.17623392740884,1.5253725210724318
-467.8988749186198,-2554.3627115885415,209.14930216471353,1.4991793637522104
-494.663818359375,-2549.3037923177085,227.02444966634116,1.4991794269277385
-554.7133992513021,-2538.2759602864585,248.02062479654947,1.4707595353671827
-580.9462076822916,-2532.3070475260415,266.6854553222656,1.4707596628438966
-641.0704752604166,-2519.4642740885415,286.6874186197917,1.4402138286028054
-666.74951171875,-2512.5904134114585,306.1265360514323,1.4402132617045014
-726.8988850911459,-2497.943359375,325.11778767903644,1.4076366464900112
-752.0029907226562,-2490.170166015625,345.3151550292969,1.4076371008957587
-812.1278686523438,-2473.7307942708335,363.28003946940106,1.3731363700179298
-836.6363321940104,-2465.0646158854165,384.21901448567706,1.3731367895316526
-896.6871134440104,-2446.8465169270835,401.14272054036456,1.3368319422467008
-920.5797322591146,-2437.2945963541665,422.8060302734375,1.3368320237086762
-980.5069173177084,-2417.3128255208335,438.6745910644531,1.2988368386277522
-1003.7639567057291,-2406.8829752604165,461.04437255859375,1.298835687928481
-1063.5181070963542,-2385.1538899739585,475.84471638997394,1.2592755095104142
-1086.1204020182292,-2373.8546549479165,498.9025370279948,1.2592761185920722
-1143.1407063802083,-2350.3963216145835,518.2747497558594,1.2191095219002013
-115.90226745605469,-2591.2294921875,55.72085189819336,1.5884431569465913
-144.1263910929362,-2589.844482421875,71.13970057169597,1.58844322992781
-202.62256368001303,-2586.15234375,97.6766840616862,1.5685249634741067
-230.38045247395834,-2583.84521484375,113.92669932047527,1.5685249623709339
-289.17576090494794,-2578.310791015625,139.55196889241537,1.5461634256683328
-316.4445393880208,-2575.08349609375,156.6197509765625,1.5461635201496233
-375.4905090332031,-2567.7113444010415,181.31216939290366,1.521429868116577
-402.24767049153644,-2563.5664876302085,199.18364461263022,1.5214295635485546
-461.49559529622394,-2554.3627115885415,222.92285664876303,1.4944091273755968
-487.7190856933594,-2549.3037923177085,241.58328755696616,1.4944092416848882
-547.1201171875,-2538.2759602864585,264.34971110026044,1.4651857585151788
-572.7882893880209,-2532.3070475260415,283.78370157877606,1.4651852192880375
-632.2934163411459,-2519.4642740885415,305.5585632324219,1.4338622253420648
-657.3851318359375,-2512.5904134114585,325.7500915527344,1.433862983673823
-716.9453328450521,-2497.943359375,346.5154317220052,1.4005383057997745
-741.4399007161459,-2490.170166015625,367.4478454589844,1.4005378461557727
-801.0060221354166,-2473.7307942708335,387.18654378255206,1.3653206625727476
-824.8832194010416,-2465.0646158854165,408.84259033203125,1.3653206645248122
-884.4061482747396,-2446.8465169270835,427.5383707682292,1.3283330612181448
-907.6463012695312,-2437.2945963541665,449.9001871744792,1.3283333854088215
-967.0769246419271,-2417.3128255208335,467.5376281738281,1.289691010963634
-989.6608479817709,-2406.8829752604165,490.5867614746094,1.289691163820835
-1048.950174967448,-2385.1538899739585,507.1513264973958,1.2495227088969507
-1070.8593139648438,-2373.8546549479165,530.8687947591146,1.24952389688837
-1132.8130696614583,-2350.3963216145835,540.1708984375,1.2053031666219578
-114.20017496744792,-2591.2294921875,59.13094965616862,1.5871175576592425
-141.95498911539713,-2589.844482421875,75.37940216064453,1.5871174536060382
-199.63909403483072,-2586.15234375,103.63816833496094,1.5663307086277294
-226.90324910481772,-2583.84521484375,120.70360819498698,1.566330854184916
-284.91338602701825,-2578.310791015625,148.05992126464844,1.5431166222677226
-311.6644032796224,-2575.08349609375,165.92827351888022,1.5431163818030809
-369.9527180989583,-2567.7113444010415,192.35957845052084,1.5175483693619511
-396.1685282389323,-2563.5664876302085,211.01611328125,1.517548612746782
-454.6869710286458,-2554.3627115885415,236.5006103515625,1.4897152500276378
-480.34596761067706,-2549.3037923177085,255.92993672688803,1.4897150157044763
-539.0462544759115,-2538.2759602864585,280.4466044108073,1.4597023310262236
-564.1272684733073,-2532.3070475260415,300.63270060221356,1.4597029995293316
-622.9610188802084,-2519.4642740885415,324.1613260904948,1.427617701866242
-647.4433797200521,-2512.5904134114585,345.08754475911456,1.4276170603030738
-706.362060546875,-2497.943359375,367.6087239583333,1.3935588962953447
-730.2255655924479,-2490.170166015625,389.2578125,1.393559215699915
-789.1806030273438,-2473.7307942708335,410.7529805501302,1.3576399460853377
-812.4055786132812,-2465.0646158854165,433.1070861816406,1.3576398788759878
-871.3483479817709,-2446.8465169270835,453.5585123697917,1.3199842219798255
-893.9156494140625,-2437.2945963541665,476.5991923014323,1.319984204768967
-952.7975260416666,-2417.3128255208335,495.99000040690106,1.280709628376293
-974.6885172526041,-2406.8829752604165,519.6982625325521,1.2807101350044265
-1033.4609781901042,-2385.1538899739585,538.0124918619791,1.239947771728945
-1054.6576538085938,-2373.8546549479165,562.3687947591146,1.2399469570969788
-1107.2147623697917,-2350.3963216145835,591.0808512369791,1.197840305095957
-112.39777374267578,-2591.2294921875,62.489112854003906,1.5858129713957265
-139.65890502929688,-2589.844482421875,79.55289713541667,1.5858129918921333
-196.48027547200522,-2586.15234375,109.50862630208333,1.5641723418613693
-223.22675577799478,-2583.84521484375,127.37449645996094,1.5641722401637574
-280.40074666341144,-2578.310791015625,156.43783060709634,1.540119943561737
-306.6105194091797,-2575.08349609375,175.09105936686197,1.5401200727154463
-364.08998616536456,-2567.7113444010415,203.238037109375,1.5137327530341236
-389.74144490559894,-2563.5664876302085,222.66323852539062,1.5137328087155348
-447.47898356119794,-2554.3627115885415,249.87064107259116,1.485101490554768
-472.55096435546875,-2549.3037923177085,270.0517883300781,1.4851013144270142
-530.4989624023438,-2538.2759602864585,296.29718017578125,1.4543147967227
-554.9707946777344,-2532.3070475260415,317.21764119466144,1.4543147713735678
-613.0814615885416,-2519.4642740885415,342.47938028971356,1.4214819401040169
-636.9329630533854,-2512.5904134114585,364.1218973795573,1.421482299485753
-695.1583862304688,-2497.943359375,388.379150390625,1.3867058329230881
-718.3698933919271,-2490.170166015625,410.7258809407552,1.3867054992154868
-776.6620483398438,-2473.7307942708335,433.9586486816406,1.350099276009056
-799.2143961588541,-2465.0646158854165,456.9911600748698,1.350098871951908
-857.5252278645834,-2446.8465169270835,479.18027750651044,1.311790015770616
-879.3998413085938,-2437.2945963541665,502.87957763671875,1.311789958366672
-937.6812540690104,-2417.3128255208335,524.0067545572916,1.2718980589445559
-958.8600870768229,-2406.8829752604165,548.3533121744791,1.2718987715212875
-1017.0640258789062,-2385.1538899739585,568.401123046875,1.2305561800166365
-1037.5296223958333,-2373.8546549479165,593.3748372395834,1.2305553817610473
-1095.6080729166667,-2350.3963216145835,612.3267211914062,1.187909203869655
-110.4966557820638,-2591.2294921875,65.79238891601562,1.5845305550934021
-137.2401555379232,-2589.844482421875,83.65651957194011,1.5845305625206385
-193.14888509114584,-2586.15234375,115.28289794921875,1.5620510003045567
-219.35419209798178,-2583.84521484375,133.93351236979166,1.5620510787257926
-275.64183553059894,-2578.310791015625,164.67833964029947,1.537176106741297
-301.28733825683594,-2575.08349609375,184.10005696614584,1.5371759175621875
-357.90748087565106,-2567.7113444010415,213.93797810872397,1.5099846264977594
-382.97203572591144,-2563.5664876302085,234.11478169759116,1.5099846724344714
-439.8779805501302,-2554.3627115885415,263.0211893717448,1.4805708709654357
-464.3409118652344,-2549.3037923177085,283.9364420572917,1.4805711248752476
-521.4857279459635,-2538.2759602864585,311.8875020345052,1.4490261545357102
-545.3268636067709,-2532.3070475260415,333.5239562988281,1.4490258688148632
-602.6634318033854,-2519.4642740885415,360.4966125488281,1.4154613757919707
-625.8631184895834,-2512.5904134114585,382.83642578125,1.415461618582764
-683.3441569010416,-2497.943359375,408.8084411621094,1.3799821440740014
-705.8832397460938,-2490.170166015625,431.83319091796875,1.3799817822528895
-763.4613240559896,-2473.7307942708335,456.78314208984375,1.342703900783057
-785.3212280273438,-2465.0646158854165,480.4738464355469,1.3427041954674834
-842.9489135742188,-2446.8465169270835,504.38116455078125,1.3037572276853673
-864.1116333007812,-2437.2945963541665,528.7182820638021,1.303757241262993
-921.7413940429688,-2417.3128255208335,551.5632527669271,1.2632631528946165
-942.189453125,-2406.8829752604165,576.5267130533854,1.263262634794362
-999.7737426757812,-2385.1538899739585,598.2904866536459,1.2213549739794376
-1019.4902954101562,-2373.8546549479165,623.8597005208334,1.2213559526165867
-1083.3769124348958,-2350.3963216145835,633.2193196614584,1.1711974433467462
-1000.5555419921875,-2373.8546549479165,653.7966105143229,1.2123521899394682
-981.6053466796875,-2385.1538899739585,627.6543579101562,1.2123528224511424
-924.6912841796875,-2406.8829752604165,604.1937255859375,1.2548098129207195
-904.991943359375,-2417.3128255208335,578.6352945963541,1.25481017491886
-848.0644938151041,-2437.2945963541665,554.0925903320312,1.295891578308368
-827.6322428385416,-2446.8465169270835,529.1390380859375,1.2958914939891437
-770.7383219401041,-2465.0646158854165,503.5345153808594,1.3354609494930831
-749.5900268554688,-2473.7307942708335,479.20644124348956,1.3354606412616072
-692.7765706380209,-2490.170166015625,452.56121826171875,1.3733942616632864
-670.9296875,-2497.943359375,428.87867228190106,1.3733939869727207
-614.2435302734375,-2512.5904134114585,401.21471150716144,1.4095604583519443
-591.7160441080729,-2519.4642740885415,378.1972147623698,1.4095604589205424
-535.2039388020834,-2532.3070475260415,349.53733317057294,1.4438405723720118
-512.0144449869791,-2538.2759602864585,327.2038879394531,1.4438406729942557
-455.72300211588544,-2549.3037923177085,297.57171630859375,1.476128044683461
-431.89060465494794,-2554.3627115885415,275.9407246907552,1.4761278612816626
-375.8662414550781,-2563.5664876302085,245.3606974283854,1.5063078759764272
-351.4106038411458,-2567.7113444010415,224.45000712076822,1.5063081043818631
-295.69952392578125,-2575.08349609375,192.94734700520834,1.53428722149542
-270.64081319173175,-2578.310791015625,172.77420043945312,1.5342870854892998
-215.2889658610026,-2583.84521484375,140.37488810221353,1.559968852136737
-189.6478474934896,-2586.15234375,120.95591735839844,1.559969004291306
-134.70086415608725,-2589.844482421875,87.68666330973308,1.5832715713622658
-108.49847920735677,-2591.2294921875,69.03787994384766,1.5832714814622486
-980.741943359375,-2373.8546549479165,683.1592610677084,1.2035523064323859
-962.5747680664062,-2385.1538899739585,656.4669392903646,1.2035526181542886
-906.3809204101562,-2406.8829752604165,631.3300577799479,1.2465445488001674
-887.4476318359375,-2417.3128255208335,605.1990966796875,1.2465444437850828
-831.2724405924479,-2437.2945963541665,578.9802449544271,1.288197492449557
-811.5886433919271,-2446.8465169270835,553.4321695963541,1.2881976957833274
-755.4784342447916,-2465.0646158854165,526.1529337565104,1.3283737054967875
-735.0603637695312,-2473.7307942708335,501.2088317871094,1.3283735353378194
-679.0614217122396,-2490.170166015625,472.89174397786456,1.3669467053622466
-657.9259236653646,-2497.943359375,448.57220458984375,1.3669466387558826
-602.0844319661459,-2512.5904134114585,419.24059041341144,1.4037835165615764
-580.2489217122396,-2519.4642740885415,395.5656433105469,1.4037835791953333
-524.6109313964844,-2532.3070475260415,365.2437032063802,1.438762820267395
-502.0934346516927,-2538.2759602864585,342.23288981119794,1.4387629472876993
-446.70482381184894,-2549.3037923177085,310.9456278483073,1.471775968659124
-423.5238850911458,-2554.3627115885415,288.61789957682294,1.4717760960694752
-368.43031819661456,-2563.5664876302085,256.39111328125,1.502705609809677
-344.6050720214844,-2567.7113444010415,234.76490275065103,1.50270557524851
-289.85199483235675,-2575.08349609375,201.62517801920572,1.5314558960371019
-265.40208435058594,-2578.310791015625,180.71831258138022,1.5314559549961861
-211.0346425374349,-2583.84521484375,146.6929677327474,1.5579277868393733
-185.98023478190103,-2586.15234375,126.52268981933594,1.5579276387214023
-132.04326375325522,-2589.844482421875,91.63978703816731,1.582036826032839
-106.40501149495442,-2591.2294921875,72.22273127237956,1.5820369131915726
-960.0669555664062,-2373.8546549479165,711.921875,1.1949621915063524
-942.69873046875,-2385.1538899739585,684.7029215494791,1.1949620435613526
-887.2744547526041,-2406.8829752604165,657.9118855794271,1.2384733134245922
-869.1238199869791,-2417.3128255208335,631.2313435872396,1.2384733298065986
-813.7502644856771,-2437.2945963541665,603.3593343098959,1.2806820539840877
-794.8321736653646,-2446.8465169270835,577.2391967773438,1.280681945087312
-739.5549926757812,-2465.0646158854165,548.3092041015625,1.3214483289705505
-719.8850504557291,-2473.7307942708335,522.7710164388021,1.3214484122392511
-664.7498575846354,-2490.170166015625,492.8069152832031,1.360644482741995
-644.3442993164062,-2497.943359375,467.8717447916667,1.3606449522757567
-589.3965454101562,-2512.5904134114585,436.8982442220052,1.3981354603174239
-568.2721761067709,-2519.4642740885415,412.5866292317708,1.3981355217773415
-513.5571695963541,-2532.3070475260415,380.62926228841144,1.4337969811837763
-491.73143513997394,-2538.2759602864585,356.96128336588544,1.4337965448523822
-437.29430135091144,-2549.3037923177085,324.0464172363281,1.4675180994750148
-414.7851867675781,-2554.3627115885415,301.0415751139323,1.4675182833720397
-360.6708068847656,-2563.5664876302085,267.1963348388672,1.4991801794475639
-337.4968770345052,-2567.7113444010415,244.87360127766928,1.4991801840073509
-283.7498830159505,-2575.08349609375,210.12591044108072,1.5286844318370874
-259.9302469889323,-2578.310791015625,188.50369771321616,1.5286842988511968
-206.59496561686197,-2583.84521484375,152.882204691569,1.5559290717633318
-182.1492716471354,-2586.15234375,131.97834014892578,1.5559291142908238
-129.26968129475912,-2589.844482421875,95.51242192586263,1.580827666381771
-104.21808115641277,-2591.2294921875,75.34414672851562,1.5808276139628374
-101.93961334228516,-2591.2294921875,78.39938735961914,1.5796449280438216
-126.38255818684895,-2589.844482421875,99.30116780598958,1.5796449043597445
-178.15832010904947,-2586.15234375,137.3180669148763,1.5539747108716133
-201.97382609049478,-2583.84521484375,158.9371592203776,1.5539747502804704
-254.23010762532553,-2578.310791015625,196.1235097249349,1.5259749275540637
-277.39853922526044,-2575.08349609375,218.44208272298178,1.525974803753392
-330.0922444661458,-2567.7113444010415,254.76721700032553,1.4957343899999398
-352.59449259440106,-2563.5664876302085,277.76686604817706,1.4957344565600603
-405.6821695963542,-2554.3627115885415,313.20082600911456,1.4633578417379218
-427.4996846516927,-2549.3037923177085,336.8625895182292,1.4633580797509926
-480.9375508626302,-2538.2759602864585,371.37615966796875,1.4289456729555727
-502.0523376464844,-2532.3070475260415,395.68052164713544,1.4289456223874626
-555.7963256835938,-2519.4642740885415,429.2452392578125,1.3926193424522604
-576.1909586588541,-2512.5904134114585,454.1721598307292,1.3926189501622648
-630.1967366536459,-2497.943359375,486.7603352864583,1.354491760052154
-649.8544108072916,-2490.170166015625,512.2892354329427,1.3544921622699084
-704.0774739583334,-2473.7307942708335,543.8740030924479,1.3146897085248754
-722.9819946289062,-2465.0646158854165,569.9838663736979,1.314689724211677
-777.3776041666666,-2446.8465169270835,600.5392049153646,1.2733495425145451
-795.5133463541666,-2437.2945963541665,627.2084757486979,1.273348934113634
-850.0366414388021,-2417.3128255208335,656.7091471354166,1.2306007336393072
-867.388671875,-2406.8829752604165,683.9158325195312,1.230601287024194
-921.9947102864584,-2385.1538899739585,712.3375244140625,1.1865862382827215
-938.5487263997396,-2373.8546549479165,740.0592041015625,1.1865865409627854
-992.8186848958334,-2350.3963216145835,767.8712972005209,1.1416249120158235
-99.57160949707031,-2591.2294921875,81.38576761881511,1.578489722771708
-123.38442993164062,-2589.844482421875,103.00269571940105,1.5784896955113312
-174.0108846028646,-2586.15234375,142.5371882120768,1.5520663234288314
-197.17528788248697,-2583.84521484375,164.85252126057944,1.5520663558464536
-248.3066609700521,-2578.310791015625,203.5710652669271,1.5233298742928814
-270.8035481770833,-2575.08349609375,226.56639607747397,1.5233299159384024
-322.3976745605469,-2567.7113444010415,264.4370625813802,1.4923717945396184
-344.20848592122394,-2563.5664876302085,288.0934346516927,1.4923716849842077
-396.2228190104167,-2554.3627115885415,325.0850016276042,1.4592987459296918
-417.32957967122394,-2549.3037923177085,349.3829040527344,1.4592987791395733
-469.7212320963542,-2538.2759602864585,385.46485392252606,1.4242134635729797
-490.1065165201823,-2532.3070475260415,410.3842366536458,1.4242131161750098
-542.8322550455729,-2519.4642740885415,445.5268249511719,1.3872397872336153
-562.4792683919271,-2512.5904134114585,471.0471496582031,1.3872400912187517
-615.4956461588541,-2497.943359375,505.2213846842448,1.3484938984984922
-634.38818359375,-2490.170166015625,531.3216145833334,1.3484940873469335
-687.6514689127604,-2473.7307942708335,564.4993286132812,1.308102489108312
-705.7739664713541,-2465.0646158854165,591.1579386393229,1.3081025886664714
-759.240234375,-2446.8465169270835,623.3117472330729,1.2662050463401793
-776.5777180989584,-2437.2945963541665,650.5067342122396,1.2662050669597265
-830.2028605143229,-2417.3128255208335,681.6101481119791,1.222933743398034
-846.7410481770834,-2406.8829752604165,709.3191121419271,1.2229335495863436
-900.4808756510416,-2385.1538899739585,739.3464762369791,1.178430804979572
-916.2061360677084,-2373.8546549479165,767.5465291341146,1.178430463713709
-977.6368611653646,-2350.3963216145835,786.7290242513021,1.1260259847218175
-893.0588175455729,-2373.8546549479165,794.3597005208334,1.1705002539209821
-878.1761271158854,-2385.1538899739585,765.7060343424479,1.1705002057363072
-825.3497111002604,-2406.8829752604165,734.099365234375,1.2154753150143733
-809.639892578125,-2417.3128255208335,705.9124959309896,1.2154749083573866
-756.9600016276041,-2437.2945963541665,673.233642578125,1.259253159816959
-740.4360148111979,-2446.8465169270835,645.5368448893229,1.259253454128661
-687.946044921875,-2465.0646158854165,611.8127644856771,1.3016912134726493
-670.6214803059896,-2473.7307942708335,584.6288452148438,1.301691016803668
-618.36474609375,-2490.170166015625,549.8873291015625,1.3426542596300783
-600.2539469401041,-2497.943359375,523.2387084960938,1.3426543595301754
-548.2735595703125,-2512.5904134114585,487.50841267903644,1.382001697724697
-529.3914184570312,-2519.4642740885415,461.4170837402344,1.382001753778386
-477.73021443684894,-2532.3070475260415,424.7274983723958,1.4196038055243376
-458.0923258463542,-2538.2759602864585,399.21497599283856,1.4196035775024132
-406.7929280598958,-2549.3037923177085,361.59633382161456,1.4553433564782077
-386.41546630859375,-2554.3627115885415,336.6836446126302,1.4553436538076852
-335.52015177408856,-2563.5664876302085,298.1669616699219,1.4890943125465483
-314.41993204752606,-2567.7113444010415,273.87465413411456,1.489093982777576
-263.970703125,-2575.08349609375,234.49170430501303,1.5207510647148255
-242.16513061523438,-2578.310791015625,210.8398183186849,1.5207511750990932
-192.2035675048828,-2583.84521484375,170.62308247884116,1.5502053556728481
-169.71061197916666,-2586.15234375,147.63111623128256,1.5502053326657488
-120.27792867024739,-2589.844482421875,106.61375427246094,1.5773629000773224
-97.11614990234375,-2591.2294921875,84.30066680908203,1.5773629511608924
-869.1270751953125,-2373.8546549479165,820.4751383463541,1.1627997172767446
-855.1000366210938,-2385.1538899739585,791.3930460611979,1.1627993134131884
-803.2334391276041,-2406.8829752604165,758.2348225911459,1.2082300970551636
-788.3658040364584,-2417.3128255208335,729.5948079427084,1.2082311231790666
-736.6774088541666,-2437.2945963541665,695.3692220052084,1.2524997609063644
-720.9814249674479,-2446.8465169270835,667.1949259440104,1.2524990637602236
-669.5138753255209,-2465.0646158854165,631.9301961263021,1.2954598250829563
-653.0024820963541,-2473.7307942708335,604.2448323567709,1.2954602049106068
-601.7981974283854,-2490.170166015625,567.9700317382812,1.3369773688059172
-584.4850260416666,-2497.943359375,540.7964477539062,1.3369773470728412
-533.5862731933594,-2512.5904134114585,503.54149373372394,1.3769077901547944
-515.485605875651,-2519.4642740885415,476.90207926432294,1.376907809548562
-464.934326171875,-2532.3070475260415,438.6977030436198,1.4151201548738899
-446.0610758463542,-2538.2759602864585,412.6144510904948,1.4151200248655302
-395.8989664713542,-2549.3037923177085,373.4921569824219,1.4514952534169283
-376.2687072753906,-2554.3627115885415,347.98656209309894,1.451495298822338
-326.53712972005206,-2563.5664876302085,307.9785970052083,1.4859045707629261
-306.16603597005206,-2567.7113444010415,283.0716857910156,1.4859046924436605
-256.906000773112,-2575.08349609375,242.21105448404947,1.5182411944621539
-235.8108876546224,-2578.310791015625,217.92338053385416,1.5182411204025898
-187.06302897135416,-2583.84521484375,176.24377950032553,1.548393463345221
-165.26128133138022,-2586.15234375,152.59536743164062,1.548393485193748
-117.06578572591145,-2589.844482421875,110.13116709391277,1.5762655995724677
-94.5753885904948,-2591.2294921875,87.14152018229167,1.5762655754213717
-844.4319864908854,-2373.8546549479165,845.8699340820312,1.1553346362675483
-831.2728881835938,-2385.1538899739585,816.3849283854166,1.1553347852599607
-780.4116617838541,-2406.8829752604165,781.7043050130209,1.2012053887516099
-766.3992513020834,-2417.3128255208335,752.6362915039062,1.2012052455037034
-715.7477823893229,-2437.2945963541665,716.89404296875,1.24594810860906
-700.8935750325521,-2446.8465169270835,688.2669881184896,1.245947558269448
-650.4936319986979,-2465.0646158854165,651.4925944010416,1.2894134720372812
-634.8099161783854,-2473.7307942708335,623.3300984700521,1.2894139817300851
-584.7030843098959,-2490.170166015625,585.5538736979166,1.3314673069412812
-568.2027587890625,-2497.943359375,557.8791707356771,1.3314672782899042
-518.4303385416666,-2512.5904134114585,519.1322937011719,1.3719623167731338
-501.1270243326823,-2519.4642740885415,491.96820068359375,1.3719623619844157
-451.7300720214844,-2532.3070475260415,452.2825927734375,1.4107660808900147
-433.63804117838544,-2538.2759602864585,425.65150960286456,1.4107658711028492
-384.65728759765625,-2549.3037923177085,385.05992635091144,1.4477572598740984
-365.7914632161458,-2554.3627115885415,358.98382568359375,1.447757377887987
-317.2672932942708,-2563.5664876302085,317.5197245279948,1.4828055806721856
-297.6432189941406,-2567.7113444010415,292.0200907389323,1.482805506734946
-249.61565653483072,-2575.08349609375,249.71766662597656,1.5158016851678437
-229.2495320638021,-2578.310791015625,224.81554158528647,1.5158017510082917
-181.75818379720053,-2583.84521484375,181.70968627929688,1.5466321583292262
-160.6667938232422,-2586.15234375,157.42559814453125,1.5466321906572982
-113.75082397460938,-2589.844482421875,113.55185190836589,1.5751986671348284
-91.95156351725261,-2591.2294921875,89.9058329264323,1.5751986788512091
-89.24697367350261,-2591.2294921875,92.59118143717448,1.5741629042298229
-110.33595275878906,-2589.844482421875,116.87280019124348,1.5741629965644413
-155.93119303385416,-2586.15234375,162.11755879720053,1.5449228845221201
-176.29370625813803,-2583.84521484375,187.01598612467447,1.5449228393639718
-222.48682149251303,-2578.310791015625,231.51023864746094,1.5134349118673804
-242.1060791015625,-2575.08349609375,257.00494384765625,1.5134350584467788
-288.85898844401044,-2567.7113444010415,300.7120056152344,1.4797996279611714
-307.7188008626302,-2563.5664876302085,326.78196207682294,1.4797991573091034
-354.99293009440106,-2554.3627115885415,369.66578165690106,1.444132069858659
-373.07774861653644,-2549.3037923177085,396.28948974609375,1.4441324263253965
-420.8341369628906,-2538.2759602864585,438.31471761067706,1.406544496868405
-438.1290588378906,-2532.3070475260415,465.47023518880206,1.4065444442834016
-486.32830810546875,-2519.4642740885415,506.6022033691406,1.3671686150189908
-502.8190511067708,-2512.5904134114585,534.2671305338541,1.3671686621200096
-551.4214070638021,-2497.943359375,574.471923828125,1.3261277503492348
-567.0943806966146,-2490.170166015625,602.6234334309896,1.3261274625185637
-616.0597737630209,-2473.7307942708335,641.8678792317709,1.2835561601751844
-630.9020589192709,-2465.0646158854165,670.4827677408854,1.283556602192966
-680.1901245117188,-2446.8465169270835,708.7345377604166,1.239602760283391
-694.1894938151041,-2437.2945963541665,737.7892049153646,1.2396022278263459
-743.7595621744791,-2417.3128255208335,775.0167236328125,1.1944029288855502
-756.9044392903646,-2406.8829752604165,804.4872029622396,1.1944033179327385
-806.7156372070312,-2385.1538899739585,840.6597900390625,1.1481086452785203
-818.9951985677084,-2373.8546549479165,870.5217895507812,1.1481081990677942
-868.1209513346354,-2350.3963216145835,906.4734293619791,1.1012062402469736
-86.46399815877278,-2591.2294921875,95.19520314534505,1.5731594554464283
-106.82416915893555,-2589.844482421875,120.09109497070312,1.5731593789399099
-151.0586369832357,-2586.15234375,166.66711934407553,1.5432668529757398
-170.67437998453775,-2583.84521484375,192.15802001953125,1.5432668884346712
-215.5287068684896,-2578.310791015625,238.00159200032553,1.5111425088490833
-234.38384501139322,-2575.08349609375,264.0664825439453,1.5111423925526437
-279.82102966308594,-2567.7113444010415,309.13979085286456,1.4768882908173344
-297.9000193277995,-2563.5664876302085,335.75718180338544,1.4768887803185107
-343.8826090494792,-2554.3627115885415,380.02306111653644,1.4406233372862052
-361.17054239908856,-2549.3037923177085,407.17100016276044,1.4406230733241139
-407.6606038411458,-2538.2759602864585,450.5929463704427,1.4024586672988135
-424.1432189941406,-2532.3070475260415,478.24904378255206,1.4024585869325052
-471.1024169921875,-2519.4642740885415,520.791259765625,1.3625302392369905
-486.76611328125,-2512.5904134114585,548.9326985677084,1.3625299320212223
-534.1557210286459,-2497.943359375,590.5600789388021,1.320962097641234
-548.9876098632812,-2490.170166015625,619.1636555989584,1.3209627076868256
-596.7685546875,-2473.7307942708335,659.8418986002604,1.2778919660635668
-610.7563680013021,-2465.0646158854165,688.8840535481771,1.2778916526549362
-658.8892415364584,-2446.8465169270835,728.57958984375,1.2334673755128402
-672.0214640299479,-2437.2945963541665,758.0363362630209,1.2334671500588383
-720.4665934244791,-2417.3128255208335,796.7164306640625,1.1878284389983746
-732.7324015299479,-2406.8829752604165,826.5634969075521,1.1878288021220926
-781.4498087565104,-2385.1538899739585,864.1962687174479,1.1411261623484992
-792.8390706380209,-2373.8546549479165,894.4090372721354,1.1411262115080945
-850.3212280273438,-2350.3963216145835,922.8829345703125,1.086939685329322
-765.986572265625,-2373.8546549479165,917.5107218424479,1.134391719985616
-755.4976196289062,-2385.1538899739585,886.9737141927084,1.1343917472219494
-707.9167887369791,-2406.8829752604165,847.913818359375,1.1814856208527649
-696.5408325195312,-2417.3128255208335,817.7163696289062,1.1814857385589586
-649.2632039388021,-2437.2945963541665,777.61767578125,1.2275468162021768
-637.0096435546875,-2446.8465169270835,747.7847086588541,1.2275468655783102
-590.07421875,-2465.0646158854165,706.6802775065104,1.272423745429231
-576.9531656901041,-2473.7307942708335,677.2363688151041,1.2724234853217673
-530.3986409505209,-2490.170166015625,635.1600952148438,1.3159750603002667
-516.4208984375,-2497.943359375,606.1295369466146,1.3159754929380922
-470.28564453125,-2512.5904134114585,563.1161295572916,1.3580507696252644
-455.46274820963544,-2519.4642740885415,534.5228678385416,1.358050418577102
-409.7848409016927,-2532.3070475260415,490.6077880859375,1.3985115866065196
-394.12900797526044,-2538.2759602864585,462.47540283203125,1.3985115065878677
-348.9460957845052,-2549.3037923177085,417.6948649088542,1.4372321248675914
-332.4702453613281,-2554.3627115885415,390.0465596516927,1.4372319580119257
-287.81960042317706,-2563.5664876302085,344.4375,1.4740750980503345
-270.5373077392578,-2567.7113444010415,317.2960611979167,1.4740753849155914
-226.45573933919272,-2575.08349609375,270.8960876464844,1.5089266236166565
-208.38126627604166,-2578.310791015625,244.28389994303384,1.5089265478524454
-164.90514119466147,-2583.84521484375,197.13128153483072,1.541665835060766
-146.0533930460612,-2586.15234375,171.0702921549479,1.5416658069873366
-103.2185541788737,-2589.844482421875,123.2039082845052,1.5721888756551898
-83.60507329305013,-2591.2294921875,97.71561177571614,1.5721888439189973
-738.4612833658854,-2373.8546549479165,939.8065185546875,1.127909282264183
-728.8818359375,-2385.1538899739585,908.9721069335938,1.1279085316487747
-682.4793701171875,-2406.8829752604165,868.5193888346354,1.1753772120832529
-672.0032755533854,-2417.3128255208335,837.9981079101562,1.1753777394398632
-625.9346720377604,-2437.2945963541665,796.5160115559896,1.221844385074881
-614.570556640625,-2446.8465169270835,766.3330281575521,1.2218440512872375
-568.8737996419271,-2465.0646158854165,723.8557942708334,1.267155246718658
-556.6310221354166,-2473.7307942708335,694.0360107421875,1.2671555595981838
-511.3437906901042,-2490.170166015625,650.5986328125,1.311169250255476
-498.2324625651042,-2497.943359375,621.1666259765625,1.3111687507247105
-453.39211018880206,-2512.5904134114585,576.8049519856771,1.3537323090644628
-439.42303466796875,-2519.4642740885415,547.7850138346354,1.353732484839985
-395.0665283203125,-2532.3070475260415,502.53562418619794,1.3947060719434423
-380.25123087565106,-2538.2759602864585,473.95166015625,1.3947062682933062
-336.4151611328125,-2549.3037923177085,427.85186767578125,1.4339622762467665
-320.76585896809894,-2554.3627115885415,399.7274576822917,1.4339623076343193
-277.4863688151042,-2563.5664876302085,352.81528727213544,1.4713617694821914
-261.0159606933594,-2567.7113444010415,325.1736348470052,1.4713617609344787
-218.32874043782553,-2575.08349609375,277.4877624511719,1.5067887122372243
-201.05081176757812,-2578.310791015625,250.35165405273438,1.5067887008901535
-158.9910659790039,-2583.84521484375,201.93140157063803,1.54012086559993
-140.91986846923828,-2586.15234375,175.3232167561849,1.5401209215453755
-99.52228291829427,-2589.844482421875,126.20851389567058,1.5712522214424662
-80.67271677652995,-2591.2294921875,100.1501948038737,1.5712521941574202
-710.2873942057291,-2373.8546549479165,961.27685546875,1.1216809897165214
-701.6258748372396,-2385.1538899739585,930.172119140625,1.1216817862464619
-656.4425455729166,-2406.8829752604165,888.3621012369791,1.1695087015295227
-646.87548828125,-2417.3128255208335,857.5437825520834,1.16950871199984
-602.0563761393229,-2437.2945963541665,814.7147420247396,1.2163638849401683
-591.5916544596354,-2446.8465169270835,784.208251953125,1.2163634543893502
-547.1737060546875,-2465.0646158854165,740.3955078125,1.2620908357454343
-535.8199666341146,-2473.7307942708335,710.2260335286459,1.2620905616703766
-491.83982340494794,-2490.170166015625,665.4657389322916,1.3065472490962722
-479.60642496744794,-2497.943359375,635.6581217447916,1.3065479827704731
-436.10035196940106,-2512.5904134114585,589.9871622721354,1.3495797346715523
-422.9973653157552,-2519.4642740885415,560.5659993489584,1.3495796062333099
-380.00123087565106,-2532.3070475260415,514.0220642089844,1.3910454479495122
-366.0394694010417,-2538.2759602864585,485.0116271972656,1.3910452714225219
-323.5887451171875,-2549.3037923177085,437.63307698567706,1.4308157504357475
-308.7797342936198,-2554.3627115885415,409.0572814941406,1.4308158094889978
-266.909418741862,-2563.5664876302085,360.88318888346356,1.4687501395720708
-251.2653554280599,-2567.7113444010415,332.76560465494794,1.4687500218197156
-210.00997416178384,-2575.08349609375,283.83570353190106,1.5047305922368555
-193.54376729329428,-2578.310791015625,256.1995137532552,1.5047306028559
-152.93734486897787,-2583.84521484375,206.55414835611978,1.5386332450448184
-135.6625722249349,-2586.15234375,179.4221445719401,1.5386331513890321
-95.73859786987305,-2589.844482421875,129.10226186116537,1.57035001857708
-77.66950607299805,-2591.2294921875,102.49681599934895,1.5703500763635942
-74.5980733235677,-2591.2294921875,104.75340525309245,1.5694833929331133
-91.87082290649414,-2589.844482421875,131.88261922200522,1.5694834385586613
-130.28612009684244,-2586.15234375,183.3634796142578,1.5372044114965941
-146.7492930094401,-2583.84521484375,210.9954833984375,1.537204294624177
-185.8667246500651,-2578.310791015625,261.8223419189453,1.5027540845894474
-201.50674438476562,-2575.08349609375,289.9343516031901,1.5027541477084643
-241.29405721028647,-2567.7113444010415,340.06529744466144,1.466242444759166
-256.0980275472005,-2563.5664876302085,368.6341247558594,1.466242340537187
-296.52239990234375,-2554.3627115885415,418.02781168619794,1.4277950688478525
-310.4781087239583,-2549.3037923177085,447.02989705403644,1.4277950828366421
-351.50621541341144,-2538.2759602864585,495.6455993652344,1.3875315514681255
-364.60216267903644,-2532.3070475260415,525.0570271809896,1.3875314140355388
-406.2001647949219,-2519.4642740885415,572.8546549479166,1.3455941017191682
-418.42554728190106,-2512.5904134114585,602.6511637369791,1.3455940101888169
-460.5591328938802,-2497.943359375,649.5912882486979,1.3021134652515578
-471.9038594563802,-2490.170166015625,679.7483113606771,1.3021136650459249
-514.5382893880209,-2473.7307942708335,725.792236328125,1.2572330714675917
-524.9930216471354,-2465.0646158854165,756.2849324544271,1.2572334260871139
-568.0931599934896,-2446.8465169270835,801.3946940104166,1.2111081463975257
-577.6492716471354,-2437.2945963541665,832.1978759765625,1.2111072979246964
-621.1795450846354,-2417.3128255208335,876.3362426757812,1.1638817163450996
-629.8291422526041,-2406.8829752604165,907.4245198567709,1.163882238869802
-673.753662109375,-2385.1538899739585,950.5551147460938,1.1157123536281193
-681.4896240234375,-2373.8546549479165,981.9028727213541,1.1157129002438637
-724.2663981119791,-2350.3963216145835,1025.0745035807292,1.0672463078925034
-71.4611218770345,-2591.2294921875,106.91799418131511,1.5686527408481423
-87.92235565185547,-2589.844482421875,134.5471394856771,1.568652730584546
-124.79522959391277,-2586.15234375,187.14376831054688,1.5358350429858934
-140.43234507242838,-2583.84521484375,215.2514902750651,1.5358351274456907
-178.02642822265625,-2578.310791015625,267.2152150472005,1.5008606037798322
-192.82653299967447,-2575.08349609375,295.77834065755206,1.5008605987442447
-231.1108194986979,-2567.7113444010415,347.06630452473956,1.463840465686465
-245.06170145670572,-2563.5664876302085,376.06126912434894,1.4638404360351225
-284.00461832682294,-2554.3627115885415,426.6311747233073,1.4249024586636259
-297.0947774251302,-2549.3037923177085,456.03407796223956,1.4249025859966622
-336.6642150878906,-2538.2759602864585,505.84422810872394,1.3841674783244298
-348.8828531901042,-2532.3070475260415,535.6308085123698,1.3841672204250641
-389.0461832682292,-2519.4642740885415,584.6401163736979,1.3417793041918764
-400.3832295735677,-2512.5904134114585,614.7858276367188,1.3417795799719907
-441.10732014973956,-2497.943359375,662.9538981119791,1.2978706817507226
-451.5534159342448,-2490.170166015625,693.4338785807291,1.297870798296213
-492.8046875,-2473.7307942708335,740.7209879557291,1.252585652127037
-502.3512369791667,-2465.0646158854165,771.5100911458334,1.2525851507951062
-544.0956827799479,-2446.8465169270835,817.8772176106771,1.2060800296770875
-552.7348022460938,-2437.2945963541665,848.9500528971354,1.2060806705028582
-594.93798828125,-2417.3128255208335,894.3589884440104,1.158501776671419
-602.6625366210938,-2406.8829752604165,925.6899617513021,1.158501594996067
-645.2896525065104,-2385.1538899739585,970.1032511393229,1.1100062202862726
-652.0932820638021,-2373.8546549479165,1001.6664835611979,1.110005810966071
-704.2389526367188,-2350.3963216145835,1038.6761067708333,1.0544905971941434
-622.1241861979166,-2373.8546549479165,1020.5502522786459,1.104563950260331
-616.2588704427084,-2385.1538899739585,988.7992960611979,1.1045642737486703
-574.9665730794271,-2406.8829752604165,943.142333984375,1.1533694150308873
-568.1738688151041,-2417.3128255208335,911.5962320963541,1.1533694031591402
-527.3348388671875,-2437.2945963541665,864.9566040039062,1.201284219103572
-519.6203206380209,-2446.8465169270835,833.6413981119791,1.2012843845939947
-479.2682189941406,-2465.0646158854165,786.0575968424479,1.2481502695847826
-470.6382548014323,-2473.7307942708335,754.9991251627604,1.248150393614474
-430.8063659667969,-2490.170166015625,706.5103759765625,1.2938211764563814
-421.26807657877606,-2497.943359375,675.7342325846354,1.2938208876958164
-381.98924763997394,-2512.5904134114585,626.3805338541666,1.3381376352895442
-371.5504964192708,-2519.4642740885415,595.912109375,1.3381382197251552
-332.85711669921875,-2532.3070475260415,545.734141031901,1.3809556505296656
-321.5265197753906,-2538.2759602864585,515.5985514322916,1.3809552182331502
-283.45050048828125,-2549.3037923177085,464.63770548502606,1.4221400909919557
-271.2373962402344,-2554.3627115885415,434.8598124186198,1.4221400934700834
-233.81012980143228,-2563.5664876302085,383.15810139973956,1.4615462332216387
-220.72459411621094,-2567.7113444010415,353.76246134440106,1.4615461813575406
-183.9769541422526,-2575.08349609375,301.36253356933594,1.499051582983064
-170.02977498372397,-2578.310791015625,272.3733774820964,1.4990517021930034
-133.99205780029297,-2583.84521484375,219.3184356689453,1.5345268888770496
-119.19473266601562,-2586.15234375,190.75967407226562,1.5345268378711288
-83.89666366577148,-2589.844482421875,137.0934804280599,1.567858966498537
-68.26140213012695,-2591.2294921875,108.98866780598958,1.5678590301243225
-591.6086629231771,-2373.8546549479165,1038.5376790364583,1.0993913354358498
-586.6868082682291,-2385.1538899739585,1006.6268310546875,1.0993908488107322
-546.765625,-2406.8829752604165,959.7663167317709,1.148489167872774
-540.9107055664062,-2417.3128255208335,928.0327758789062,1.148489441684394
-501.47170003255206,-2437.2945963541665,880.2034505208334,1.1967226307232603
-494.68853759765625,-2446.8465169270835,848.6733805338541,1.1967226175489842
-455.7642313639323,-2465.0646158854165,799.9147135416666,1.2439312756022372
-448.0584309895833,-2473.7307942708335,768.6141357421875,1.2439310553076535
-409.68091837565106,-2490.170166015625,718.9663492838541,1.2899674707842101
-401.05881754557294,-2497.943359375,687.9210611979166,1.2899679236987018
-363.25974527994794,-2512.5904134114585,637.4250691731771,1.3346723235059124
-353.7284647623698,-2519.4642740885415,606.6606852213541,1.3346717689677392
-316.5390116373698,-2532.3070475260415,555.358154296875,1.3778976404320977
-306.1064147949219,-2538.2759602864585,524.9000345865885,1.3778978319633928
-269.5572509765625,-2549.3037923177085,472.83324178059894,1.4195100687434117
-258.23193359375,-2554.3627115885415,442.7065022786458,1.4195101359667592
-222.35320027669272,-2563.5664876302085,389.9184061686198,1.4593616347125016
-210.14450073242188,-2567.7113444010415,360.1478983561198,1.4593615685725527
-174.96577962239584,-2575.08349609375,306.6820322672526,1.4973287455056967
-161.8837687174479,-2578.310791015625,277.2923075358073,1.4973287046054526
-127.43407694498698,-2583.84521484375,223.19275410970053,1.5332805645996836
-113.48954518636067,-2586.15234375,194.20803833007812,1.5332806596047626
-79.79728444417317,-2589.844482421875,139.519411722819,1.567102718909328
-65.00172805786133,-2591.2294921875,110.96361541748047,1.5671026457705675
-560.5735270182291,-2373.8546549479165,1055.6129353841145,1.0944885103559412
-556.5994669596354,-2385.1538899739585,1023.5702514648438,1.0944885397149238
-518.0844523111979,-2406.8829752604165,975.5472819010416,1.143863528436211
-513.1724650065104,-2417.3128255208335,943.6541951497396,1.1438631436059727
-475.1681213378906,-2437.2945963541665,894.6771647135416,1.1923971770079236
-469.32227579752606,-2446.8465169270835,862.9599609375,1.1923975875636572
-431.8599344889323,-2465.0646158854165,813.0692342122396,1.2399303833746074
-425.0850524902344,-2473.7307942708335,781.5540568033854,1.2399300898003647
-388.1956278483073,-2490.170166015625,730.7907918294271,1.2863125803162012
-380.49729410807294,-2497.943359375,699.503662109375,1.286312407318801
-344.21119181315106,-2512.5904134114585,647.9097290039062,1.3313839652006303
-335.5957438151042,-2519.4642740885415,616.8764241536459,1.3313842726527676
-299.94289143880206,-2532.3070475260415,564.4943542480469,1.374996626657146
-290.4174397786458,-2538.2759602864585,533.740468343099,1.3749966107012306
-255.42724609375,-2549.3037923177085,480.61346435546875,1.4170141730848382
-244.9996541341146,-2554.3627115885415,450.1643575032552,1.4170140629728103
-210.70096842447916,-2563.5664876302085,396.3362325032552,1.4572878711381214
-199.37983194986978,-2567.7113444010415,366.21702067057294,1.457287973842604
-165.80093383789062,-2575.08349609375,311.73216756184894,1.495693164512337
-153.5955810546875,-2578.310791015625,281.9676869710286,1.4956932019449827
-120.76416524251302,-2583.84521484375,226.87103271484375,1.5320973266515236
-107.68467203776042,-2586.15234375,197.48582458496094,1.532097283675053
-75.62781651814778,-2589.844482421875,141.8228022257487,1.5663844755263765
-61.68496068318685,-2591.2294921875,112.84110514322917,1.5663845173679545
-58.314013163248696,-2591.2294921875,114.61947886149089,1.5657049894350452
-71.39192072550456,-2589.844482421875,144.00162251790366,1.565705043672725
-101.78521728515625,-2586.15234375,200.59015401204428,1.5309780377603284
-113.98818715413411,-2583.84521484375,230.35004679361978,1.5309780078929922
-145.172487894694,-2578.310791015625,286.39540608723956,1.49414628576468
-156.49046071370444,-2575.08349609375,316.5085042317708,1.4941463621959004
-188.4400431315104,-2567.7113444010415,371.9644775390625,1.4553271746197038
-198.86367797851562,-2563.5664876302085,402.40594482421875,1.4553270653699024
-231.55219523111978,-2554.3627115885415,457.226806640625,1.4146544036580257
-241.0729014078776,-2549.3037923177085,487.97154744466144,1.4146543211841103
-274.47340393066406,-2538.2759602864585,542.1120910644531,1.3722541235740584
-283.0833282470703,-2532.3070475260415,573.1347452799479,1.3722542032578473
-317.1682637532552,-2519.4642740885415,626.5503133138021,1.328276664961666
-324.8603006998698,-2512.5904134114585,657.8252970377604,1.3282766318129888
-359.6015625,-2497.943359375,710.4718424479166,1.2828589244903223
-366.36937459309894,-2490.170166015625,741.973388671875,1.2828592783740767
-401.7383219401042,-2473.7307942708335,793.8075154622396,1.2361504545385213
-407.5763346354167,-2465.0646158854165,825.5096232096354,1.236150113873961
-443.5437927246094,-2446.8465169270835,876.4885457356771,1.1883119357373955
-448.4471740722656,-2437.2945963541665,908.3650512695312,1.1883117721971599
-484.9834899902344,-2417.3128255208335,958.4467569986979,1.1394947181507866
-488.9482116699219,-2406.8829752604165,990.4714152018229,1.1394948558933886
-526.0232340494791,-2385.1538899739585,1039.6146240234375,1.089859396265652
-529.0460205078125,-2373.8546549479165,1071.761006673177,1.08985954826205
-564.4292602539062,-2350.3963216145835,1121.05712890625,1.040196678324022
-54.891845703125,-2591.2294921875,116.29718271891277,1.5650648778257439
-67.0933214823405,-2589.844482421875,146.05396270751953,1.5650648242866763
-95.79636637369792,-2586.15234375,203.51829528808594,1.5299235372607531
-107.11209360758464,-2583.84521484375,233.62672424316406,1.5299234988686021
-136.62188720703125,-2578.310791015625,290.5715738932292,1.4926891827321325
-147.04253387451172,-2575.08349609375,321.0068359375,1.4926892791125947
-177.3347422281901,-2567.7113444010415,377.38523356119794,1.4534803734957304
-186.85171508789062,-2563.5664876302085,408.1222229003906,1.4534805564441067
-217.90135701497397,-2554.3627115885415,463.88767496744794,1.4124324876108114
-226.5068105061849,-2549.3037923177085,494.9010416666667,1.4124322563026646
-258.2882792154948,-2538.2759602864585,550.007568359375,1.3696722646218538
-265.97511291503906,-2532.3070475260415,581.2717488606771,1.3696723935757074
-298.4621988932292,-2519.4642740885415,635.6739095052084,1.325351624948266
-305.2240804036458,-2512.5904134114585,667.1631062825521,1.325351729307686
-338.38999430338544,-2497.943359375,720.8160400390625,1.2796087914711325
-344.2213439941406,-2490.170166015625,752.5042928059896,1.2796083158627765
-378.0387369791667,-2473.7307942708335,805.3637491861979,1.2325929781373628
-382.9347432454427,-2465.0646158854165,837.2249145507812,1.2325930999852037
-417.37572224934894,-2446.8465169270835,889.2472941080729,1.1844681734839786
-421.3323465983073,-2437.2945963541665,921.2551066080729,1.1844684996958097
-456.36852010091144,-2417.3128255208335,972.3975219726562,1.1353856026482316
-459.38250732421875,-2406.8829752604165,1004.5255940755209,1.1353851049718224
-494.9849853515625,-2385.1538899739585,1054.745869954427,1.085505940776977
-497.05384318033856,-2373.8546549479165,1086.9676920572917,1.0855058726769173
-542.6130879720052,-2350.3963216145835,1131.5526529947917,1.0290983699061798
-464.6250915527344,-2373.8546549479165,1101.2196858723958,1.0814310573102213
-463.51197306315106,-2385.1538899739585,1068.95068359375,1.081430618538552
-429.41334025065106,-2406.8829752604165,1017.6974690755209,1.1315372762527571
-427.3527323404948,-2417.3128255208335,985.4942016601562,1.1315377764975283
-393.84747314453125,-2437.2945963541665,933.3360188802084,1.1808693600853641
-390.84107462565106,-2446.8465169270835,901.2249959309896,1.1808689885527304
-357.9568176269531,-2465.0646158854165,848.2048543294271,1.229261571090173
-354.0071105957031,-2473.7307942708335,816.2125854492188,1.2292614976409995
-321.77097574869794,-2490.170166015625,762.3742268880209,1.2765633160199537
-316.88121541341144,-2497.943359375,730.527099609375,1.2765633802471597
-285.3197784423828,-2512.5904134114585,675.9149169921875,1.3226110296792546
-279.4939931233724,-2519.4642740885415,644.2391764322916,1.3226108370004683
-248.63329060872397,-2532.3070475260415,588.8982137044271,1.3672525589584326
-241.87629191080728,-2538.2759602864585,557.4199829101562,1.3672530432416756
-211.74177042643228,-2549.3037923177085,501.39585367838544,1.4103500399263853
-204.05912272135416,-2554.3627115885415,470.14109293619794,1.4103495867750284
-174.6756337483724,-2563.5664876302085,413.4800313313802,1.4517492810290031
-166.07367960611978,-2567.7113444010415,382.4745279947917,1.4517494630805192
-137.465456644694,-2575.08349609375,325.2232259114583,1.4913233359023006
-127.95128377278645,-2578.310791015625,294.4925231933594,1.4913233992445862
-100.14191436767578,-2583.84521484375,236.69821166992188,1.5289349454864105
-89.72337086995442,-2586.15234375,206.2676747639974,1.5289349024086576
-62.735791524251304,-2589.844482421875,147.97801717122397,1.5644645188335848
-51.421469370524086,-2591.2294921875,117.87273406982422,1.564464492801337
-431.7882385253906,-2373.8546549479165,1114.5045166015625,1.0776356139439778
-431.63185628255206,-2385.1538899739585,1082.2166748046875,1.0776358409532465
-399.0669860839844,-2406.8829752604165,1029.9755045572917,1.1279540504994106
-397.9615885416667,-2417.3128255208335,997.7253011067709,1.1279533678116782
-366.0166524251302,-2437.2945963541665,944.59716796875,1.1775157492893227
-363.96314493815106,-2446.8465169270835,912.4111531575521,1.1775160089363312
-332.6644795735677,-2465.0646158854165,858.4398193359375,1.2261574030764348
-329.66455078125,-2473.7307942708335,826.3445434570312,1.226157298544735
-299.03797403971356,-2490.170166015625,771.5745646158854,1.2737257317061326
-295.09410603841144,-2497.943359375,739.5965169270834,1.2737255755621855
-265.1648712158203,-2512.5904134114585,684.0730590820312,1.3200564148178455
-260.2803039550781,-2519.4642740885415,652.2385864257812,1.3200566812166565
-231.07308959960938,-2532.3070475260415,596.0074055989584,1.3649974990596883
-225.25186157226562,-2538.2759602864585,564.3427734375,1.3649969806766318
-196.79075622558594,-2549.3037923177085,507.4502766927083,1.4084079316991118
-190.03766377766928,-2554.3627115885415,475.98158772786456,1.408408350747081
-162.34613545735678,-2563.5664876302085,418.4746602376302,1.4501354104669435
-154.66675313313803,-2567.7113444010415,387.2278645833333,1.4501352437573178
-127.76764170328777,-2575.08349609375,329.1539611816406,1.4900493858830937
-119.16829935709636,-2578.310791015625,298.1548258463542,1.4900495062503807
-93.08378092447917,-2583.84521484375,239.56180826822916,1.528012816011576
-83.57156880696614,-2586.15234375,208.83589680989584,1.5280127473989782
-58.3231569925944,-2589.844482421875,149.77210235595703,1.563904496397347
-47.905923207600914,-2591.2294921875,119.34475962320964,1.5639045184423765
-398.57213338216144,-2373.8546549479165,1126.8103841145833,1.0741211344255304
-399.3726094563802,-2385.1538899739585,1094.5321451822917,1.0741220317440983
-368.37012736002606,-2406.8829752604165,1041.348876953125,1.1246358998039323
-368.22088623046875,-2417.3128255208335,1009.080078125,1.1246354292132177
-337.8643493652344,-2437.2945963541665,955.0286051432291,1.1744103537794035
-336.76551310221356,-2446.8465169270835,922.7958984375,1.174410437668252
-307.0799560546875,-2465.0646158854165,867.9207763671875,1.223282071003434
-305.0324300130208,-2473.7307942708335,835.7507120768229,1.2232821884854168
-276.0423227945964,-2490.170166015625,780.0972086588541,1.2710970576431617
-273.04779561360675,-2497.943359375,748.0163370768229,1.2710971189766624
-244.7770538330078,-2512.5904134114585,691.6303507486979,1.3176899618662907
-240.83799743652344,-2519.4642740885415,659.6651204427084,1.3176898783206838
-213.30992635091147,-2532.3070475260415,602.5931396484375,1.362907473224673
-208.4295857747396,-2538.2759602864585,570.7698974609375,1.3629077255635897
-181.6668904622396,-2549.3037923177085,513.0589803059896,1.4066089876653765
-175.8492889404297,-2554.3627115885415,481.40399169921875,1.4066088382718227
-149.8740437825521,-2563.5664876302085,423.10174560546875,1.448639397306583
-143.12398274739584,-2567.7113444010415,391.64110310872394,1.448639437358486
-117.95760599772136,-2575.08349609375,332.7955830891927,1.4888686948354937
-110.28064727783203,-2578.310791015625,301.55523681640625,1.4888686021607964
-85.94388961791992,-2583.84521484375,242.2149861653646,1.5271578857138082
-77.34636561075847,-2586.15234375,211.22069295247397,1.5271579753767275
-53.85929870605469,-2589.844482421875,151.43463897705078,1.5633853323657019
-44.34830220540365,-2591.2294921875,120.71195983886719,1.5633853167198573
-40.75172996520996,-2591.2294921875,121.97313690185547,1.5629073375012212
-49.348134994506836,-2589.844482421875,152.96416219075522,1.5629073295557034
-71.05322774251302,-2586.15234375,213.41995747884116,1.5263710259715662
-78.72850926717122,-2583.84521484375,244.65541076660156,1.526371081784355
-101.29612986246745,-2578.310791015625,304.69078572591144,1.4877819519907214
-108.04396057128906,-2575.08349609375,336.14490763346356,1.4877819141338307
-131.45549774169922,-2567.7113444010415,395.71034749348956,1.4472627307888557
-137.2703119913737,-2563.5664876302085,427.35719807942706,1.4472627787236638
-161.50645955403647,-2554.3627115885415,486.40358479817706,1.4049533293202918
-166.38346354166666,-2549.3037923177085,518.2170613606771,1.4049532461007723
-191.42423502604166,-2538.2759602864585,576.6956990559896,1.36098476831956
-195.35940551757812,-2532.3070475260415,608.6495768229166,1.360984874499395
-221.18415323893228,-2519.4642740885415,666.5122477213541,1.3155129568603228
-224.17424519856772,-2512.5904134114585,698.5801798502604,1.3155131247521088
-250.7616729736328,-2497.943359375,755.7791544596354,1.268679419146145
-252.8042195638021,-2490.170166015625,787.9346923828125,1.2686795444741517
-280.1323954264323,-2473.7307942708335,844.4228108723959,1.2206381701636688
-281.2257080078125,-2465.0646158854165,876.6394246419271,1.2206377004790647
-309.27210489908856,-2446.8465169270835,932.3700968424479,1.171555033766603
-309.41529337565106,-2437.2945963541665,964.6212158203125,1.1715550339325653
-338.1567789713542,-2417.3128255208335,1019.5485229492188,1.1215850002629923
-337.34972127278644,-2406.8829752604165,1051.8075561523438,1.121584354810491
-366.76259358723956,-2385.1538899739585,1105.8861490885417,1.0708912674772566
-365.0059509277344,-2373.8546549479165,1138.1265055338542,1.0708925491429087
-392.13653564453125,-2350.3963216145835,1192.30322265625,1.0203927139246307
-37.11936378479004,-2591.2294921875,123.12717692057292,1.5624710658308736
-44.79362487792969,-2589.844482421875,154.35933430989584,1.5624710447459311
-64.69767761230469,-2586.15234375,215.43177286783853,1.525652866664225
-71.44397862752278,-2583.84521484375,246.8809560139974,1.525652859186147
-92.22264099121094,-2578.310791015625,307.5587158203125,1.4867900955794096
-98.03541819254558,-2575.08349609375,339.19898478190106,1.4867900973217905
-119.67155202229817,-2567.7113444010415,399.43202718098956,1.4460064763207285
-124.54601033528645,-2563.5664876302085,431.23729451497394,1.446006467358437
-147.0217742919922,-2554.3627115885415,490.97594197591144,1.4034425883483959
-150.95389811197916,-2549.3037923177085,522.9199727376302,1.4034426531950088
-174.2507578531901,-2538.2759602864585,582.1149698893229,1.3592306827195684
-177.23729960123697,-2532.3070475260415,614.1714274088541,1.359230525817862
-201.3360392252604,-2519.4642740885415,672.7739664713541,1.3135269551135462
-203.3745371500651,-2512.5904134114585,704.9164225260416,1.3135270601810582
-228.25528971354166,-2497.943359375,762.878173828125,1.2664739943807808
-229.34406534830728,-2490.170166015625,795.0800984700521,1.2664738043802306
-254.9863077799479,-2473.7307942708335,852.3532307942709,1.2182260099425417
-255.1244659423828,-2465.0646158854165,884.5880737304688,1.2182262085015554
-281.5070546468099,-2446.8465169270835,941.1253865559896,1.1689510972696104
-280.69447326660156,-2437.2945963541665,973.3665974934896,1.1689513326507
-307.795654296875,-2417.3128255208335,1029.1214599609375,1.1188028625006607
-306.0330098470052,-2406.8829752604165,1061.3424275716145,1.1188029601667249
-333.83043416341144,-2385.1538899739585,1116.2688802083333,1.067947974807613
-331.1191711425781,-2373.8546549479165,1148.4430338541667,1.0679470715937895
-369.00982666015625,-2350.3963216145835,1199.462646484375,1.011065364287003
-296.9415690104167,-2373.8546549479165,1157.7508138020833,1.0652896993460383
-300.6050618489583,-2385.1538899739585,1125.671142578125,1.0652891584240956
-274.447504679362,-2406.8829752604165,1069.9451090494792,1.116291057669787
-277.1641896565755,-2417.3128255208335,1037.790547688802,1.116291604196019
-251.72711181640625,-2437.2945963541665,981.2570597330729,1.166600387782895
-253.4947509765625,-2446.8465169270835,949.0540771484375,1.1666002200132095
-228.79913838704428,-2465.0646158854165,891.7597859700521,1.216048487281783
-229.61627197265625,-2473.7307942708335,859.5349934895834,1.2160485983512999
-205.68247985839844,-2490.170166015625,801.5271402994791,1.26448242468415
-205.54843139648438,-2497.943359375,769.3070882161459,1.2644820887313302
-182.39620463053384,-2512.5904134114585,710.6335042317709,1.3117330786433108
-181.31108601888022,-2519.4642740885415,678.4447631835938,1.311733310064803
-158.9595184326172,-2532.3070475260415,619.1538289388021,1.3576460772123464
-156.92422993977866,-2538.2759602864585,587.02294921875,1.3576459486513937
-135.3917490641276,-2549.3037923177085,527.163584391276,1.4020778588739768
-132.407958984375,-2554.3627115885415,495.1170654296875,1.4020778487829089
-111.71231842041016,-2563.5664876302085,434.7386169433594,1.4448713897480996
-107.7824935913086,-2567.7113444010415,402.80287679036456,1.4448714321166851
-87.94076792399089,-2575.08349609375,341.95513916015625,1.4858938903362564
-83.06815083821614,-2578.310791015625,310.15651448567706,1.4858939479211684
-64.09670003255208,-2583.84521484375,248.88966369628906,1.525003869090493
-58.28530502319336,-2586.15234375,217.2543741861979,1.5250038866312319
-40.19977251688639,-2589.844482421875,155.61893208821616,1.5620767661591333
-33.45439338684082,-2591.2294921875,124.17307535807292,1.5620767238759106
-262.50315856933594,-2373.8546549479165,1166.041748046875,1.0629194093602148
-267.11566670735675,-2385.1538899739585,1134.084716796875,1.0629196962877667
-242.62094116210938,-2406.8829752604165,1077.6080118815105,1.1140518237862067
-246.2892862955729,-2417.3128255208335,1045.548075358073,1.1140515677270488
-222.53865559895834,-2437.2945963541665,988.28564453125,1.1645033886835088
-225.25979614257812,-2446.8465169270835,956.1491902669271,1.1645034824928227
-202.27284240722656,-2465.0646158854165,898.1482340494791,1.2141061756625668
-204.04454549153647,-2473.7307942708335,865.9618123372396,1.2141060096277705
-181.8402353922526,-2490.170166015625,807.2702026367188,1.2627054501860033
-182.6610361735026,-2497.943359375,775.0603230794271,1.2627057434646398
-161.2576700846354,-2512.5904134114585,715.7264200846354,1.3101330099212816
-161.12688700358072,-2519.4642740885415,683.5196533203125,1.3101328081119843
-140.54211934407553,-2532.3070475260415,623.5924275716146,1.3562321197426142
-139.45986938476562,-2538.2759602864585,591.4153442382812,1.3562323357934922
-119.71067555745442,-2549.3037923177085,530.9441935221354,1.4008602007792263
-117.67784372965495,-2554.3627115885415,498.8233133951823,1.400860184478268
-98.78050740559895,-2563.5664876302085,437.8581034342448,1.4438586217515634
-95.79877217610677,-2567.7113444010415,405.81992594401044,1.443858512310215
-77.76888020833333,-2575.08349609375,344.4109395345052,1.4850940618383675
-73.84070078531902,-2578.310791015625,312.4818929036458,1.4850940838488356
-56.693121592203774,-2583.84521484375,250.67975870768228,1.5244245900211917
-51.821737925211586,-2586.15234375,218.8861541748047,1.5244245394625608
-35.570611317952476,-2589.844482421875,156.7418416341146,1.5617247598437443
-29.760040918986004,-2591.2294921875,125.10990905761719,1.5617247731383481
-227.83417765299478,-2373.8546549479165,1173.3085123697917,1.0608386783981945
-233.39165751139322,-2385.1538899739585,1141.502197265625,1.06083844703817
-210.5812784830729,-2406.8829752604165,1084.3244222005208,1.1120854432176577
-215.19805399576822,-2417.3128255208335,1052.3872680664062,1.112085049926252
-193.15473429361978,-2437.2945963541665,994.4461669921875,1.1626615491408057
-196.82699076334634,-2446.8465169270835,962.4044799804688,1.1626619135199305
-175.56889851888022,-2465.0646158854165,903.7478230794271,1.2124000850818744
-178.29360961914062,-2473.7307942708335,871.6280314127604,1.2124001770413961
-157.8382771809896,-2490.170166015625,812.30419921875,1.2611450628547622
-159.61319986979166,-2497.943359375,780.1327921549479,1.2611447929748032
-139.9774958292643,-2512.5904134114585,720.1907145182291,1.3087268484479562
-140.80116526285806,-2519.4642740885415,687.9942220052084,1.3087272592010941
-122.00127919514973,-2532.3070475260415,627.4832967122396,1.3549903995536112
-121.87301635742188,-2538.2759602864585,595.2882690429688,1.3549899598129282
-103.92445882161458,-2549.3037923177085,534.2584431966146,1.3997900343996392
-102.84436798095703,-2554.3627115885415,502.09145100911456,1.3997902035947851
-85.76193491617839,-2563.5664876302085,440.593017578125,1.442968551121694
-83.7309061686198,-2567.7113444010415,408.4805501302083,1.4429686097067966
-67.5286865234375,-2575.08349609375,346.5642395019531,1.4843912782059703
-64.54839579264323,-2578.310791015625,314.5328063964844,1.484391244614561
-49.239749908447266,-2583.84521484375,252.24967447916666,1.5239155268792088
-45.31265513102213,-2586.15234375,220.32567342122397,1.5239155130939357
-30.910207748413086,-2589.844482421875,157.72707875569662,1.56141544234881
-26.039547602335613,-2591.2294921875,125.93685150146484,1.561415467572574
-22.29618485768636,-2591.2294921875,126.65318298339844,1.561149007178449
-26.222655296325684,-2589.844482421875,158.57378387451172,1.5611490252343954
-38.76377296447754,-2586.15234375,221.5716807047526,1.523477094960841
-41.74312782287598,-2583.84521484375,253.59802754720053,1.5234770095047891
-55.199395497639976,-2578.310791015625,316.3074544270833,1.483785903184503
-57.22917811075846,-2575.08349609375,348.4131368001302,1.4837860044511195
-71.58949788411458,-2567.7113444010415,410.7823893229167,1.44220211749796
-72.66803487141927,-2563.5664876302085,442.94093831380206,1.4422021301431305
-87.92056274414062,-2554.3627115885415,504.91855875651044,1.3988687894907863
-88.04696400960286,-2549.3037923177085,537.1034342447916,1.3988687957894603
-104.17912292480469,-2538.2759602864585,598.6383463541666,1.3539208587213984
-103.35328420003255,-2532.3070475260415,630.8230387369791,1.3539206669529764
-120.35177103678386,-2519.4642740885415,691.8644816080729,1.3075164452350003
-118.57437388102214,-2512.5904134114585,724.0224202473959,1.3075167633658997
-136.42517598470053,-2497.943359375,784.5200602213541,1.259801514292005
-133.69768778483072,-2490.170166015625,816.624755859375,1.2598014386233385
-152.38607788085938,-2473.7307942708335,876.5286865234375,1.2109314752176719
-148.7107391357422,-2465.0646158854165,908.5536295572916,1.2109314354040188
-168.22130330403647,-2446.8465169270835,967.814453125,1.1610765241627596
-163.60115559895834,-2437.2945963541665,999.7332560221354,1.161076633343447
-183.91781107584634,-2417.3128255208335,1058.3021240234375,1.1103928178557823
-178.35665893554688,-2406.8829752604165,1090.0884602864583,1.1103926377776645
-199.462646484375,-2385.1538899739585,1147.9170735677083,1.0590476999145444
-192.96508280436197,-2373.8546549479165,1179.5447591145833,1.059048244925969
-211.19012959798178,-2350.3963216145835,1237.2404378255208,1.008059077631224
-18.53323745727539,-2591.2294921875,127.25827280680339,1.560925690799464
-21.512070020039875,-2589.844482421875,159.28120930989584,1.5609256942986947
-32.18084271748861,-2586.15234375,222.6230672200521,1.523109562331343
-34.209842681884766,-2583.84521484375,254.72363789876303,1.5231095890201323
-45.801910400390625,-2578.310791015625,317.8042805989583,1.4832787339315736
-46.87940343221029,-2575.08349609375,349.9560139973958,1.4832786488986185
-59.38520812988281,-2567.7113444010415,412.7234191894531,1.44155977869242
-59.51030731201172,-2563.5664876302085,444.89980061848956,1.4415598154117881
-72.91953531901042,-2554.3627115885415,507.3021952311198,1.3980966953058565
-72.09213511149089,-2549.3037923177085,539.4766947428385,1.39809691630973
-86.3937250773112,-2538.2759602864585,601.4626261393229,1.353024637261893
-84.61450958251953,-2532.3070475260415,633.6087036132812,1.353024355331496
-99.79667154947917,-2519.4642740885415,695.1270548502604,1.3065025421462548
-97.06710815429688,-2512.5904134114585,727.2182006835938,1.3065024738284794
-113.11732228597005,-2497.943359375,788.21826171875,1.2586756728262583
-109.43966166178386,-2490.170166015625,820.22802734375,1.2586759040678384
-126.34468841552734,-2473.7307942708335,880.6594645182291,1.2097010508157298
-121.72195943196614,-2465.0646158854165,912.5614217122396,1.2097009393532223
-139.46786244710287,-2446.8465169270835,972.3743896484375,1.159748692812358
-133.9038848876953,-2437.2945963541665,1004.1422729492188,1.1597490089034652
-152.4760258992513,-2417.3128255208335,1063.2874755859375,1.1089748127278172
-145.97537994384766,-2406.8829752604165,1094.8950602213542,1.1089747927280265
-165.35844930013022,-2385.1538899739585,1153.32373046875,1.057548132179014
-157.92650349934897,-2373.8546549479165,1184.7449544270833,1.0575472508743482
-187.25982157389322,-2350.3963216145835,1240.9068196614583,1.0005878249852689
-122.74921162923177,-2373.8546549479165,1188.9045003255208,1.0563389865757735
-131.1090087890625,-2385.1538899739585,1157.7173258463542,1.0563387686026313
-113.4658915201823,-2406.8829752604165,1098.7399495442708,1.1078322344814227
-120.9003168741862,-2417.3128255208335,1067.3389078776042,1.1078323707019941
-104.08900197347005,-2437.2945963541665,1007.6693115234375,1.158678963675711
-110.59192403157552,-2446.8465169270835,976.0802612304688,1.1586790522735175
-94.62627410888672,-2465.0646158854165,915.7676595052084,1.2087097866002836
-100.1923319498698,-2473.7307942708335,884.0167032877604,1.2087094597194434
-85.08551279703777,-2490.170166015625,823.1108601888021,1.2577684737912684
-89.71011352539062,-2497.943359375,791.2241414388021,1.2577688094997561
-75.47458267211914,-2512.5904134114585,729.7752482096354,1.3056852562038865
-79.15391667683919,-2519.4642740885415,697.7790730794271,1.3056852509676067
-65.80141576131184,-2532.3070475260415,635.8378499348959,1.352302195861858
-68.53244527180989,-2538.2759602864585,603.7586263020834,1.3523021478627817
-56.07398351033529,-2549.3037923177085,541.3761189778646,1.3974746106420568
-57.85445785522461,-2554.3627115885415,509.2402648925781,1.3974746276557743
-46.30031077067057,-2563.5664876302085,446.46790568033856,1.4410421156806315
-47.12876001993815,-2567.7113444010415,414.30194091796875,1.4410421712421961
-36.488454818725586,-2575.08349609375,351.19151814778644,1.482869820897928
-36.364197413126625,-2578.310791015625,319.02197265625,1.4828697952378458
-26.646509806315105,-2583.84521484375,255.62552897135416,1.5228133754243574
-25.569648106892902,-2586.15234375,223.4789276123047,1.5228133765225036
-16.78259054819743,-2589.844482421875,159.8487345377604,1.560745682013104
-14.75401242574056,-2591.2294921875,127.7515869140625,1.5607456904987043
-87.46410878499348,-2373.8546549479165,1192.0198567708333,1.0554229947273874
-96.74441528320312,-2385.1538899739585,1161.0940755208333,1.0554226257280068
-80.8567403157552,-2406.8829752604165,1101.6197916666667,1.1069658166104621
-89.21841939290364,-2417.3128255208335,1070.4528401692708,1.1069660418065252
-74.18269348144531,-2437.2945963541665,1010.3112996419271,1.15786761273191
-81.61885070800781,-2446.8465169270835,978.9288126627604,1.1578676585787524
-67.4474728902181,-2465.0646158854165,918.1695963541666,1.2079580218402879
-73.95197423299153,-2473.7307942708335,886.5974934895834,1.2079579490321546
-60.65663146972656,-2490.170166015625,825.2707316080729,1.257080700369855
-66.22411219278972,-2497.943359375,793.5350545247396,1.257080556094068
-53.81576792399088,-2512.5904134114585,731.6913248697916,1.3050653115459154
-58.441637674967446,-2519.4642740885415,699.8182373046875,1.305065412432261
-46.93052546183268,-2532.3070475260415,637.5085245768229,1.3517545492147751
-50.61096954345703,-2538.2759602864585,605.5243123372396,1.3517543719560232
-40.00658098856608,-2549.3037923177085,542.8000081380209,1.3970025915101352
-42.73856544494629,-2554.3627115885415,510.7310384114583,1.3970026274805933
-33.04964637756348,-2563.5664876302085,447.64385986328125,1.4406493982863284
-34.83091735839844,-2567.7113444010415,415.51658121744794,1.4406494333704518
-26.065457026163738,-2575.08349609375,352.1185709635417,1.48255962249418
-26.89454523722331,-2578.310791015625,319.95947265625,1.4825596616151757
-19.05977217356364,-2583.84521484375,256.3028971354167,1.5225886964577788
-18.935994148254395,-2586.15234375,224.13849894205728,1.5225886706838072
-12.03836997350057,-2589.844482421875,160.2758585611979,1.5606091158453428
-10.961828072865805,-2591.2294921875,128.13269551595053,1.5606091152389006
-52.10218302408854,-2373.8546549479165,1194.0882568359375,1.0547992767556378
-62.294846852620445,-2385.1538899739585,1163.4510498046875,1.0547991731587305
-48.176570892333984,-2406.8829752604165,1103.5320638020833,1.1063762217186286
-57.45815785725912,-2417.3128255208335,1072.6265869140625,1.10637609661528
-44.211229960123696,-2437.2945963541665,1012.0658976236979,1.1573152824477102
-52.57408650716146,-2446.8465169270835,980.9175618489584,1.1573152245015033
-40.20943133036295,-2465.0646158854165,919.7650756835938,1.2074460511102512
-47.646660486857094,-2473.7307942708335,888.3995971679688,1.2074461298785766
-36.174473444620766,-2490.170166015625,826.7057698567709,1.2566123493839882
-42.6799430847168,-2497.943359375,795.1490071614584,1.2566123049159252
-32.10968526204427,-2512.5904134114585,732.9647420247396,1.3046431437160568
-37.67802937825521,-2519.4642740885415,701.2427368164062,1.304643315710784
-28.018416086832683,-2532.3070475260415,638.6192830403646,1.351381653784301
-32.645042419433594,-2538.2759602864585,606.7581583658854,1.3513815801070768
-23.904041290283203,-2549.3037923177085,543.7471618652344,1.3966812137297997
-27.58513577779134,-2554.3627115885415,511.7732238769531,1.3966812702848
-19.769954999287922,-2563.5664876302085,448.42664591471356,1.4403820900062425
-22.50248114267985,-2567.7113444010415,416.3662516276042,1.4403820250597883
-15.6195650100708,-2575.08349609375,352.73633829752606,1.4823484255157242
-17.401269912719727,-2578.310791015625,320.6159362792969,1.4823484222925276
-11.456294536590576,-2583.84521484375,256.75514729817706,1.522435675565936
-12.285708586374918,-2586.15234375,224.60120646158853,1.5224356826391194
-7.283576250076294,-2589.844482421875,160.5622075398763,1.560516125855497
-7.1600156625111895,-2591.2294921875,128.40125783284506,1.5605161198634478
-3.3519149124622345,-2591.2294921875,128.55704498291016,1.5604667784652466
-2.522385170062383,-2589.844482421875,160.70753479003906,1.560466777403435
-5.6246324578921,-2586.15234375,224.86663818359375,1.5223544838755254
-3.8427542249361673,-2583.84521484375,256.98187255859375,1.5223544558805038
-7.892711400985718,-2578.310791015625,320.99078369140625,1.4822363435864723
-5.159954190254211,-2575.08349609375,353.0442810058594,1.4822363763183184
-10.154281655947367,-2567.7113444010415,416.85022989908856,1.4402401970921797
-6.4728991985321045,-2563.5664876302085,448.81556193033856,1.4402401544620242
-12.407478054364523,-2554.3627115885415,512.3659159342448,1.3965106734002648
-7.780506014823914,-2549.3037923177085,544.2167154947916,1.3965107208397824
-14.650442918141684,-2538.2759602864585,607.4590861002604,1.3511837312288957
-9.081697225570679,-2532.3070475260415,639.1691080729166,1.35118374278137
-16.88132627805074,-2519.4642740885415,702.0513102213541,1.3044192048170817
-10.375398635864258,-2512.5904134114585,733.5943806966146,1.304419440286865
-19.09828797976176,-2497.943359375,796.0645751953125,1.2563638471542677
-11.66054399808248,-2490.170166015625,827.4146931966146,1.2563635019491126
-21.299500306447346,-2473.7307942708335,889.4213663736979,1.2071744433299054
-12.936073541641235,-2465.0646158854165,920.5526733398438,1.2071745059174495
-23.483148018519085,-2446.8465169270835,982.0447184244791,1.1570222011654099
-14.200935284296671,-2437.2945963541665,1012.9315388997396,1.1570219734356122
-25.647430260976154,-2417.3128255208335,1073.8581949869792,1.106063303539053
-15.454086303710938,-2406.8829752604165,1104.4750569661458,1.1060637250503813
-27.790563106536865,-2385.1538899739585,1164.7861328125,1.0544683039500051
-16.694493611653645,-2373.8546549479165,1195.1078287760417,1.0544681251916592
-25.582881768544514,-2350.3963216145835,1254.8770751953125,1.0033311755987646
0.45913023749987286,-2591.2294921875,128.59991709391275,1.5604611149315473
2.241021692752838,-2589.844482421875,160.71170298258463,1.5604611164889823
1.041384518146515,-2586.15234375,224.93455505371094,1.522345139957223
3.774161418279012,-2583.84521484375,256.9828847249349,1.5223451541755428
1.6227798859278362,-2578.310791015625,321.0836995442708,1.4822235193353561
5.304188847541809,-2575.08349609375,353.0421447753906,1.482223496706382
2.2028372287750244,-2567.7113444010415,416.9680582682292,1.4402238755127383
6.829842209815979,-2563.5664876302085,448.8102620442708,1.4402238831006993
2.781077822049459,-2554.3627115885415,512.5085652669271,1.3964911564569205
8.349863211313883,-2549.3037923177085,544.2082722981771,1.3964911491074254
3.357025067011515,-2538.2759602864585,607.6264444986979,1.3511610365100488
9.862998406092325,-2532.3070475260415,639.1575113932291,1.351160939205736
3.9302037556966147,-2519.4642740885415,702.2432454427084,1.3043937457598922
11.368000268936157,-2512.5904134114585,733.5796712239584,1.3043938581933725
4.500141859054565,-2497.943359375,796.2809244791666,1.2563349868471607
12.863627592722574,-2490.170166015625,827.3968505859375,1.2563350158694528
5.0663685003916425,-2473.7307942708335,889.6619262695312,1.207143345121131
14.348646720250448,-2465.0646158854165,920.53173828125,1.2071434365284255
5.628417412439982,-2446.8465169270835,982.3093058268229,1.1569883491365336
15.82183345158895,-2437.2945963541665,1012.9075113932291,1.1569883855199883
6.185824712117513,-2417.3128255208335,1074.1466064453125,1.1060278335308735
17.28197209040324,-2406.8829752604165,1104.447998046875,1.1060280126419568
6.738130569458008,-2385.1538899739585,1165.09814453125,1.0544301630454798
18.727859656016033,-2373.8546549479165,1195.0776774088542,1.0544292076049837
-1.37351655960083,-2350.3963216145835,1254.9700113932292,0.9977758771441013
54.13376426696777,-2373.8546549479165,1193.9978434244792,1.0546854243805794
41.26090621948242,-2385.1538899739585,1164.3867594401042,1.0546842376534966
50.002851486206055,-2406.8829752604165,1103.4508463541667,1.106268326067244
38.0136464436849,-2417.3128255208335,1073.4916178385417,1.1062691379882676
45.830705642700195,-2437.2945963541665,1011.9938557942709,1.1572143966899835
34.735040028889976,-2446.8465169270835,981.7111409505209,1.1572142381855142
41.62076505025228,-2465.0646158854165,919.7022908528646,1.207352741954605
31.42778778076172,-2473.7307942708335,889.12109375,1.2073527369472763
37.37650108337402,-2490.170166015625,826.6523030598959,1.2565265250472883
28.094619115193684,-2497.943359375,795.7978719075521,1.2565265293717869
33.1014149983724,-2512.5904134114585,732.920654296875,1.3045662906255182
24.73828188578288,-2519.4642740885415,701.8183797200521,1.304566412656876
28.799031575520832,-2532.3070475260415,638.5845540364584,1.351313475013969
21.361544609069824,-2538.2759602864585,607.2601114908854,1.351313431887673
24.472899436950684,-2549.3037923177085,543.7218526204427,1.396622576749654
17.967191378275555,-2554.3627115885415,512.2010803222656,1.3966225552003355
20.126585006713867,-2563.5664876302085,448.41077677408856,1.4403332197672694
14.558021227518717,-2567.7113444010415,416.71966552734375,1.4403332194867913
15.763673464457193,-2575.08349609375,352.72991943359375,1.4823098837890751
11.13684606552124,-2578.310791015625,320.8946024576823,1.4823098645113606
11.387762228647867,-2583.84521484375,256.75818888346356,1.5224077184592804
7.706486543019612,-2586.15234375,224.80491638183594,1.5224077266574947
7.00246000289917,-2589.844482421875,160.57471720377603,1.5604991426468624
4.269772052764893,-2591.2294921875,128.5298334757487,1.560499142973912
89.49212137858073,-2373.8546549479165,1191.8693440755208,1.0552331225061422
75.74744160970052,-2385.1538899739585,1162.6527099609375,1.055233421273744
82.67981211344402,-2406.8829752604165,1101.4844563802083,1.1067866432726763
69.80808003743489,-2417.3128255208335,1071.8936767578125,1.1067862920666087
75.79932149251302,-2437.2945963541665,1010.1913045247396,1.1576994706707604
63.81115214029948,-2446.8465169270835,980.2507120768229,1.157699628434044
68.85632578531902,-2465.0646158854165,918.0650431315104,1.2078021456214927
57.76160430908203,-2473.7307942708335,887.7993367513021,1.2078023657567527
61.856547037760414,-2490.170166015625,825.1816813151041,1.2569382601717614
51.66442108154297,-2497.943359375,794.6158447265625,1.2569379835386847
54.805755615234375,-2512.5904134114585,731.6178588867188,1.3049370056313616
45.52463150024414,-2519.4642740885415,700.777099609375,1.3049370280838577
47.70976893107096,-2532.3070475260415,637.4507039388021,1.3516410877143654
39.34730211893717,-2538.2759602864585,606.3604329427084,1.3516411309277059
40.57443936665853,-2549.3037923177085,542.7578633626302,1.3969048646758493
33.13752365112305,-2554.3627115885415,511.4437255859375,1.3969048802417934
33.405649185180664,-2563.5664876302085,447.61744181315106,1.4405680814045851
26.900418599446613,-2567.7113444010415,416.1052652994792,1.440568093642712
26.209311803181965,-2575.08349609375,352.10788981119794,1.4824954193156412
20.641130447387695,-2578.310791015625,320.4236551920573,1.4824954123864604
18.991360982259113,-2583.84521484375,256.30796813964844,1.5225421249621325
14.36482016245524,-2586.15234375,224.47781880696616,1.5225421239445758
11.757747968037924,-2589.844482421875,160.29669189453125,1.5605808377706636
8.076663494110107,-2591.2294921875,128.34686279296875,1.5605808381921136
124.7718734741211,-2373.8546549479165,1188.6939697265625,1.0560738178150284
110.16744740804036,-2385.1538899739585,1159.8974609375,1.0560736769085848
115.28415425618489,-2406.8829752604165,1098.5506591796875,1.1075812074757108
101.54119873046875,-2417.3128255208335,1069.3542887369792,1.1075812731646042
105.70136260986328,-2437.2945963541665,1007.50146484375,1.1584438378081456
92.83121744791667,-2446.8465169270835,977.9292602539062,1.1584437130659127
96.03140767415364,-2465.0646158854165,915.6213989257812,1.2084919946051216
84.04468536376953,-2473.7307942708335,885.6977742513021,1.2084918734927288
86.28226216634114,-2490.170166015625,822.9862874348959,1.2575691149259705
75.18884531656902,-2497.943359375,792.7359008789062,1.2575693535303887
76.46195983886719,-2512.5904134114585,729.6724853515625,1.3055056191287362
66.27099609375,-2519.4642740885415,699.1202799479166,1.3055055761792669
66.57860056559245,-2532.3070475260415,635.7569580078125,1.3521435781341924
57.29849751790365,-2538.2759602864585,604.9281412760416,1.3521435665267891
56.640341440836586,-2549.3037923177085,541.317148844401,1.3973378340779363
48.27875010172526,-2554.3627115885415,510.2371419270833,1.3973378253317459
46.655372619628906,-2563.5664876302085,446.4309387207031,1.4409283555709391
39.21918741861979,-2567.7113444010415,415.12537638346356,1.440928336308576
36.63193003336588,-2575.08349609375,351.1765848795573,1.4827799596969975
30.12728500366211,-2578.310791015625,319.67127482096356,1.4827799653661702
26.57827885945638,-2583.84521484375,255.63262939453125,1.5227482604729103
21.010536193847656,-2586.15234375,223.95355733235678,1.5227482604746254
16.50270875295003,-2589.844482421875,159.87787373860678,1.5607061143032552
11.876461346944174,-2591.2294921875,128.05115763346353,1.5607061114992804
15.665827433268229,-2591.2294921875,127.64298248291016,1.5608748911204249
21.233174324035645,-2589.844482421875,159.3186264038086,1.560874890724528
27.637798309326172,-2586.15234375,223.2325897216797,1.523025970623505
34.141852060953774,-2583.84521484375,254.7327626546224,1.5230259609956756
39.58697764078776,-2578.310791015625,318.6381123860677,1.4831632482670314
47.02237319946289,-2575.08349609375,349.9368387858073,1.483163248333811
51.50351079305013,-2567.7113444010415,413.78087361653644,1.441413653725877
59.86411921183268,-2563.5664876302085,444.8523356119792,1.4414136428486113
63.37757237752279,-2554.3627115885415,508.58240763346356,1.3979211750945046
72.65649668375652,-2549.3037923177085,539.4009806315104,1.3979211655051056
75.19936879475911,-2538.2759602864585,602.9645385742188,1.3528206614244938
85.38895924886067,-2532.3070475260415,633.5048014322916,1.3528206203091102
86.9591547648112,-2519.4642740885415,696.8494262695312,1.306271859394815
98.05100504557292,-2512.5904134114585,727.0862019856771,1.3062718479215418
98.64722696940105,-2497.943359375,790.1596476236979,1.2584194770467385
110.63218943277995,-2490.170166015625,820.0680135091146,1.2584197004740199
110.25394694010417,-2473.7307942708335,882.8182779947916,1.2094213280426567
123.1221415201823,-2465.0646158854165,912.3735758463541,1.2094212890400833
121.76974741617839,-2446.8465169270835,974.7489013671875,1.159446792008053
135.51056416829428,-2437.2945963541665,1003.9267171223959,1.1594464599137695
133.1851348876953,-2417.3128255208335,1065.8756510416667,1.108652135301029
147.78724161783853,-2406.8829752604165,1094.6519368489583,1.1086523322977277
144.49068705240884,-2385.1538899739585,1156.1234537760417,1.0572067196431216
159.9420369466146,-2373.8546549479165,1184.4745279947917,1.0572067129822171
160.58946228027344,-2350.3963216145835,1244.8237711588542,1.0062582097399122
19.441433906555176,-2591.2294921875,127.12269083658855,1.5610869956399493
25.944990793863933,-2589.844482421875,158.61944834391275,1.5610869884687704
34.24078496297201,-2586.15234375,222.31555684407553,1.5233749989011962
41.675437927246094,-2583.84521484375,253.60916137695312,1.5233750060526055
49.01190058390299,-2578.310791015625,317.32509358723956,1.4836451005663733
57.37151590983073,-2575.08349609375,348.3897298177083,1.483645104383656
63.74259694417318,-2567.7113444010415,412.07293701171875,1.442023725398034
73.02028401692708,-2563.5664876302085,442.88299560546875,1.4420237299517646
78.42073059082031,-2554.3627115885415,506.48096720377606,1.398654432203605
88.6088358561198,-2549.3037923177085,537.0110371907552,1.3986544237276772
93.03419240315755,-2538.2759602864585,600.4713134765625,1.3536717165437868
104.1243158976237,-2532.3070475260415,630.6962280273438,1.3536717750818767
107.57093302408855,-2519.4642740885415,693.9664916992188,1.3072349124003495
119.55392964680989,-2512.5904134114585,723.861328125,1.3072349240837706
122.01896413167317,-2497.943359375,786.889404296875,1.2594887736079197
134.88495127360025,-2490.170166015625,816.4294840494791,1.2594885564996736
136.36637115478516,-2473.7307942708335,879.1633911132812,1.2105898892357767
150.104736328125,-2465.0646158854165,908.3243611653646,1.2105899144174557
150.60132344563803,-2446.8465169270835,970.7123616536459,1.1607075097111212
165.20073954264322,-2437.2945963541665,999.4701741536459,1.1607076735045874
164.71208699544272,-2417.3128255208335,1061.4608154296875,1.1099988271420371
180.16051737467447,-2406.8829752604165,1089.7917887369792,1.1099989460366988
178.68702189127603,-2385.1538899739585,1151.333984375,1.0586311984501573
194.97172037760416,-2373.8546549479165,1179.2147216796875,1.0586307170638483
184.54722595214844,-2350.3963216145835,1241.3412679036458,1.0026532981262681
229.83014933268228,-2373.8546549479165,1172.919189453125,1.060345819656579
212.72640482584634,-2385.1538899739585,1145.5332845052083,1.0603461706377217
212.37555948893228,-2406.8829752604165,1083.9744873046875,1.1116204669944751
196.09437052408853,-2417.3128255208335,1056.1137288411458,1.1116204704247308
194.74581909179688,-2437.2945963541665,994.1358235677084,1.1622263150036458
179.30061848958334,-2446.8465169270835,965.8232421875,1.1622262007496273
176.95548502604166,-2465.0646158854165,903.4773559570312,1.2119968203346192
162.35901896158853,-2473.7307942708335,874.7362874348959,1.21199680567358
159.01923624674478,-2490.170166015625,812.0738321940104,1.260775805117123
145.28353373209634,-2497.943359375,782.9279988606771,1.260775722279471
140.95184834798178,-2512.5904134114585,720.0006510416666,1.3083946851498875
128.0882314046224,-2519.4642740885415,690.4740600585938,1.3083946678597993
122.76821645100911,-2532.3070475260415,627.3336995442709,1.3546964584412273
110.78729756673177,-2538.2759602864585,597.4507039388021,1.3546964827794363
104.48334503173828,-2549.3037923177085,534.149424235026,1.399537100743312
93.39500681559245,-2554.3627115885415,503.93467203776044,1.3995371049732392
86.11231231689453,-2563.5664876302085,440.52466837565106,1.4427580437289595
75.92569478352864,-2567.7113444010415,410.00306193033856,1.4427580434194454
67.67026646931966,-2575.08349609375,346.53662109375,1.4842249925678368
58.39377466837565,-2578.310791015625,315.7333475748698,1.484224987533073
49.17241923014323,-2583.84521484375,252.26280721028647,1.5237950775689848
40.813697814941406,-2586.15234375,221.20325724283853,1.5237950852451572
30.634018580118816,-2589.844482421875,157.78095499674478,1.561342275302467
23.19996452331543,-2591.2294921875,126.49075063069661,1.5613422753677306
264.48670959472656,-2373.8546549479165,1165.5934244791667,1.0623524356984524
246.57893880208334,-2385.1538899739585,1138.7263997395833,1.062351883408387
244.404052734375,-2406.8829752604165,1077.2050374348958,1.1135159669163734
227.3044179280599,-2417.3128255208335,1049.8390299479167,1.1135163098487328
224.1198476155599,-2437.2945963541665,987.9282836914062,1.1640015868383253
207.84243774414062,-2446.8465169270835,960.0858357747396,1.1640015862256925
203.65081278483072,-2465.0646158854165,897.8368123372396,1.2136413593643254
188.2090606689453,-2473.7307942708335,869.5409138997396,1.2136414178141468
183.01384480794272,-2490.170166015625,807.0049438476562,1.2622802944727234
168.4204864501953,-2497.943359375,778.2789306640625,1.26228027873678
162.22595723470053,-2512.5904134114585,715.5075887044271,1.3097497597772776
148.4930216471354,-2519.4642740885415,686.3751424153646,1.3097498000435164
141.30428568522134,-2532.3070475260415,623.420166015625,1.3558938627728518
128.44309743245444,-2538.2759602864585,593.9053141276041,1.3558938340306097
120.26608530680339,-2549.3037923177085,530.8186442057291,1.400568638843786
108.28725179036458,-2554.3627115885415,500.9457499186198,1.400568636897414
99.12870788574219,-2563.5664876302085,437.77940877278644,1.443616082865884
88.04210662841797,-2567.7113444010415,407.5730794270833,1.4436160685471469
77.90958150227864,-2575.08349609375,344.37914021809894,1.4849026194644188
67.72435887654622,-2578.310791015625,313.8642883300781,1.4849026445857856
56.62621053059896,-2583.84521484375,250.69488016764322,1.5242859171594232
47.350762685139976,-2586.15234375,219.89667256673178,1.5242858941390938
35.29614003499349,-2589.844482421875,156.8038787841797,1.5616405079140818
26.938117345174152,-2591.2294921875,125.74771118164062,1.561640497801621
298.9109802246094,-2373.8546549479165,1157.2439371744792,1.0646472490468244
280.21490478515625,-2385.1538899739585,1130.9193522135417,1.0646475714328858
276.21788533528644,-2406.8829752604165,1069.4894409179688,1.1156850389488138
258.31480407714844,-2417.3128255208335,1042.6421508789062,1.115684732919166
253.2970174153646,-2437.2945963541665,980.8529866536459,1.1660324181727755
236.20169576009116,-2446.8465169270835,953.505126953125,1.1660324204961117
230.16727193196616,-2465.0646158854165,891.4076538085938,1.2155225462022792
213.893798828125,-2473.7307942708335,863.581787109375,1.2155226052522365
206.84771728515625,-2490.170166015625,801.2272338867188,1.2640011483187914
191.40951538085938,-2497.943359375,772.9462890625,1.2640011474263397
183.35758463541666,-2512.5904134114585,710.3860677083334,1.3112998311281854
168.76738484700522,-2519.4642740885415,681.6733805338541,1.3112998161669671
159.71624247233072,-2532.3070475260415,618.9590861002604,1.357263233862425
145.98607889811197,-2538.2759602864585,589.8383178710938,1.3572632516560852
135.9431915283203,-2549.3037923177085,527.0216573079427,1.4017481209222056
123.08438618977864,-2554.3627115885415,497.51683553059894,1.4017481244415853
112.0580342610677,-2563.5664876302085,434.6496276855469,1.4445971819396572
100.08118947347005,-2567.7113444010415,404.78509521484375,1.444597211639672
88.0804672241211,-2575.08349609375,341.91917928059894,1.4856773976770734
76.9954605102539,-2578.310791015625,311.7195536295573,1.4856773588642156
64.03026453653972,-2583.84521484375,248.9067586263021,1.5248469965301605
53.84623718261719,-2586.15234375,218.39693705240884,1.5248470123797602
39.927260080973305,-2589.844482421875,155.68907419840494,1.5619814579999958
30.652610778808594,-2591.2294921875,124.89422353108723,1.561981458135017
34.34018007914225,-2591.2294921875,123.93103535970052,1.562364808510065
44.52331097920736,-2589.844482421875,154.4375228881836,1.5623648161334542
60.29441833496094,-2586.15234375,216.70538330078125,1.525478006465379
71.37808100382487,-2583.84521484375,246.90001424153647,1.5254780324033697
86.19893391927083,-2578.310791015625,309.30101521809894,1.4865486652667363
98.17398834228516,-2575.08349609375,339.1588948567708,1.4865486123599576
112.03236643473308,-2567.7113444010415,401.64159138997394,1.4457006247656814
124.8889389038086,-2563.5664876302085,431.1381022135417,1.44570064237933
137.7734120686849,-2554.3627115885415,493.6509602864583,1.403074941475089
151.50089518229166,-2549.3037923177085,522.7617696126302,1.4030749440149548
163.40083821614584,-2538.2759602864585,585.2532348632812,1.3588036300765347
177.9879150390625,-2532.3070475260415,613.9543253580729,1.3588036293080006
188.89351908365884,-2519.4642740885415,676.3728637695312,1.3130436459427346
204.32816060384116,-2512.5904134114585,704.6405843098959,1.3130436506406575
214.23042805989584,-2497.943359375,766.9347330729166,1.26593729705434
230.49990844726562,-2490.170166015625,794.7457682291666,1.2659373081918657
239.3906707763672,-2473.7307942708335,856.8641357421875,1.217639331822567
256.4815673828125,-2465.0646158854165,884.195556640625,1.2176394156965842
264.3534901936849,-2446.8465169270835,946.0869344075521,1.1683175593188566
282.25171915690106,-2437.2945963541665,972.9161987304688,1.168317466291883
289.09832763671875,-2417.3128255208335,1034.529541015625,1.118126213301775
307.78912353515625,-2406.8829752604165,1060.8345336914062,1.1181263218301536
313.60475667317706,-2385.1538899739585,1122.1190185546875,1.067230570205805
333.07269287109375,-2373.8546549479165,1147.8780110677083,1.0672305631293564
343.2186787923177,-2350.3963216145835,1207.3023274739583,1.0168087606343081
37.997589111328125,-2591.2294921875,122.85899353027344,1.5627902934341293
49.08025677998861,-2589.844482421875,153.05032094319662,1.5627902875820696
66.68964131673177,-2586.15234375,214.82348124186197,1.5261783509276998
78.66320419311523,-2583.84521484375,244.67640686035156,1.5261783276053527
95.32669830322266,-2578.310791015625,306.61081949869794,1.487515771099974
108.18128204345703,-2575.08349609375,336.10072835286456,1.487515790941336
123.88514455159505,-2567.7113444010415,398.1453145345052,1.446925640928974
137.61014811197916,-2563.5664876302085,427.2478841145833,1.4469256262634673
152.34142557779947,-2554.3627115885415,489.3514811197917,1.40454790254022
166.92553202311197,-2549.3037923177085,518.042714436849,1.4045479012171052
180.67207845052084,-2538.2759602864585,580.1540934244791,1.3605139372155144
196.10326131184897,-2532.3070475260415,608.4103190104166,1.3605139355246805
208.8537394205729,-2519.4642740885415,670.478271484375,1.3149799123300454
225.11927286783853,-2512.5904134114585,698.2762044270834,1.314979909308653
236.86317443847656,-2497.943359375,760.2495524088541,1.268087436595255
253.94964090983072,-2490.170166015625,787.5662638346354,1.268087441722821
264.6772715250651,-2473.7307942708335,849.3939005533854,1.2199906223239068
282.5705871582031,-2465.0646158854165,876.2068481445312,1.2199905584475756
292.2731119791667,-2446.8465169270835,937.8377685546875,1.1708561231598655
310.95851643880206,-2437.2945963541665,964.1248575846354,1.170856217000433
319.62791951497394,-2417.3128255208335,1025.508280436198,1.120838246206928
339.0900065104167,-2406.8829752604165,1051.2478434244792,1.1208381652002775
346.7191467285156,-2385.1538899739585,1112.3330891927083,1.070101159075161
366.9418640136719,-2373.8546549479165,1137.5038655598958,1.070101347722804
366.3996887207031,-2350.3963216145835,1200.3207600911458,1.01516521574464
400.4887390136719,-2373.8546549479165,1126.130615234375,1.073257497489013
379.5290120442708,-2385.1538899739585,1101.5701497395833,1.0732574817251326
370.0930582682292,-2406.8829752604165,1040.73779296875,1.1238194351864297
349.87677001953125,-2417.3128255208335,1015.5862630208334,1.1238194012929121
339.3921712239583,-2437.2945963541665,954.4867146809896,1.1736465406027496
319.9360046386719,-2446.8465169270835,928.7648722330729,1.173646585183746
308.4114176432292,-2465.0646158854165,867.4485270182291,1.2225745666242704
289.7314046223958,-2473.7307942708335,841.1775919596354,1.2225745373544767
277.1763203938802,-2490.170166015625,779.6950276692709,1.2704502021628954
259.2878723144531,-2497.943359375,752.8966471354166,1.2704502316689972
245.71265665690103,-2512.5904134114585,691.2985229492188,1.3171075609543643
228.63052368164062,-2519.4642740885415,663.9947916666666,1.317107560314716
214.0463612874349,-2532.3070475260415,602.3319295247396,1.3623931815764
197.78463236490884,-2538.2759602864585,574.5453898111979,1.3623931965827085
182.20355733235678,-2549.3037923177085,512.868642171224,1.4061660614472735
166.77563985188803,-2554.3627115885415,484.6221923828125,1.4061660296523029
150.2104949951172,-2563.5664876302085,422.98241170247394,1.4482711327190239
135.62910970052084,-2567.7113444010415,394.29933675130206,1.4482711056108977
118.0935567220052,-2575.08349609375,332.7473551432292,1.488577946605344
104.37073262532552,-2578.310791015625,303.6513163248698,1.4885779887637995
85.87923431396484,-2583.84521484375,242.23790486653647,1.5269474505780023
73.02628962198894,-2586.15234375,212.7529042561849,1.5269474052403433
53.59409205118815,-2589.844482421875,151.52869669596353,1.5632574427382586
41.62162208557129,-2591.2294921875,121.67903900146484,1.5632574791139782
433.68385823567706,-2373.8546549479165,1113.7682291666667,1.076697220649676
412.0055236816406,-2385.1538899739585,1089.8396809895833,1.0766975087641775
400.77105712890625,-2406.8829752604165,1029.3136596679688,1.127068514982667
379.8183186848958,-2417.3128255208335,1004.7722371419271,1.1270684821814838
367.5277506510417,-2437.2945963541665,944.0102132161459,1.176687149812141
347.31789143880206,-2446.8465169270835,918.876220703125,1.1766871292561472
333.9813639322917,-2465.0646158854165,857.9283243815104,1.225389924587787
314.5310567220052,-2473.7307942708335,832.2224731445312,1.2253899404471433
300.15955607096356,-2490.170166015625,771.1389567057291,1.2730242354133816
281.4848327636719,-2497.943359375,744.8824462890625,1.2730242320363483
266.09022013346356,-2512.5904134114585,683.7136637369791,1.3194251591503363
248.20649210611978,-2519.4642740885415,656.9281209309896,1.3194251557196457
231.80146280924478,-2532.3070475260415,595.7245076497396,1.364439762573217
214.7234649658203,-2538.2759602864585,568.4320475260416,1.3644397665221133
197.32154337565103,-2549.3037923177085,507.2440999348958,1.407928148263682
181.06336466471353,-2554.3627115885415,479.4672342936198,1.407928189114283
162.67890421549478,-2563.5664876302085,418.3454081217448,1.449736319990674
147.2539520263672,-2567.7113444010415,390.10703531901044,1.449736311665119
127.90210723876953,-2575.08349609375,329.1017252604167,1.489734493240705
113.3230972290039,-2578.310791015625,300.4251200358073,1.4897344351299928
93.01983388264973,-2583.84521484375,239.58663940429688,1.5277846936773307
79.29879506429036,-2586.15234375,210.4954630533854,1.5277847114857062
58.06085713704427,-2589.844482421875,149.87398529052734,1.5637660145491243
45.20909881591797,-2591.2294921875,120.39221954345703,1.5637659957252426
466.49805704752606,-2373.8546549479165,1100.4275716145833,1.0804198326325833
444.1201578776042,-2385.1538899739585,1077.1519368489583,1.0804196435787459
431.09703572591144,-2406.8829752604165,1016.9854329427084,1.1305838259910994
409.42626953125,-2417.3128255208335,993.0757039388021,1.130583896583941
395.34051513671875,-2437.2945963541665,932.7045694986979,1.1799763229305025
374.3947347005208,-2446.8465169270835,908.1805013020834,1.1799763511823513
359.2579650878906,-2465.0646158854165,847.6545817057291,1.22843494683454
339.05445353190106,-2473.7307942708335,822.5363972981771,1.2284349513667199
322.87916056315106,-2490.170166015625,761.9055786132812,1.2758080029144827
303.4345703125,-2497.943359375,736.2139892578125,1.2758080023605862
286.2340799967448,-2512.5904134114585,675.5282592773438,1.3219310886136617
267.564453125,-2519.4642740885415,649.2844441731771,1.3219310869290037
249.35296122233072,-2532.3070475260415,588.5938517252604,1.3666524169809693
231.47369893391928,-2538.2759602864585,561.8194580078125,1.3666523871676617
212.2662150065104,-2549.3037923177085,501.17406209309894,1.409832951191832
195.19205729166666,-2554.3627115885415,473.8911641438802,1.409832945741492
175.00442504882812,-2563.5664876302085,413.3409729003906,1.4513197820437835
158.74945068359375,-2567.7113444010415,385.57208251953125,1.4513198141884893
137.59831746419272,-2575.08349609375,325.1670328776042,1.4909842582601172
122.1759262084961,-2578.310791015625,296.93504842122394,1.4909842251772651
100.07873280843098,-2583.84521484375,236.72493998209634,1.5286894673734328
85.50165049235027,-2586.15234375,208.05313618977866,1.5286895392026363
62.47662226359049,-2589.844482421875,148.08762868245444,1.564315518420928
48.75686772664388,-2591.2294921875,118.99965413411458,1.5643154924942106
52.26180903116862,-2591.2294921875,117.5025634765625,1.5649054308965848
66.83751424153645,-2589.844482421875,146.17120107014975,1.5649054193885568
91.62940979003906,-2586.15234375,205.42807006835938,1.5296610175561407
107.0497309366862,-2583.84521484375,233.65530904134116,1.5296611022080593
130.92144521077475,-2578.310791015625,293.1841634114583,1.4923266103818669
147.17366790771484,-2575.08349609375,320.9467264811198,1.4923265413479454
170.1055145263672,-2567.7113444010415,380.698486328125,1.4530207494765064
187.17623392740884,-2563.5664876302085,407.97349039713544,1.4530207304401086
209.14930216471353,-2554.3627115885415,467.8988749186198,1.4118792360075927
227.02444966634116,-2549.3037923177085,494.663818359375,1.4118792244726932
248.02062479654947,-2538.2759602864585,554.7133992513021,1.3690295614009167
266.6854553222656,-2532.3070475260415,580.9462076822916,1.3690295450840606
286.6874186197917,-2519.4642740885415,641.0704752604166,1.3246236031058323
306.1265360514323,-2512.5904134114585,666.74951171875,1.3246236451830216
325.11778767903644,-2497.943359375,726.8988850911459,1.2787997113243905
345.3151550292969,-2490.170166015625,752.0029907226562,1.278799701347279
363.28003946940106,-2473.7307942708335,812.1278686523438,1.231707905973578
384.21901448567706,-2465.0646158854165,836.6363321940104,1.2317079178242178
401.14272054036456,-2446.8465169270835,896.6871134440104,1.1835119949559427
422.8060302734375,-2437.2945963541665,920.5797322591146,1.183512001145075
438.6745910644531,-2417.3128255208335,980.5069173177084,1.1343629490434695
461.04437255859375,-2406.8829752604165,1003.7639567057291,1.134362809885025
475.84471638997394,-2385.1538899739585,1063.5181070963542,1.0844230814014257
498.9025370279948,-2373.8546549479165,1086.1204020182292,1.0844231806402644
518.2747497558594,-2350.3963216145835,1143.1407063802083,1.0348678006327467
55.72085189819336,-2591.2294921875,115.90226745605469,1.5655353466094128
71.13970057169597,-2589.844482421875,144.1263910929362,1.5655353156110483
97.6766840616862,-2586.15234375,202.62256368001303,1.530698448573759
113.92669932047527,-2583.84521484375,230.38045247395834,1.5306984489877753
139.55196889241537,-2578.310791015625,289.17576090494794,1.493760003967367
156.6197509765625,-2575.08349609375,316.4445393880208,1.493759973499012
181.31216939290366,-2567.7113444010415,375.4905090332031,1.4548374499608998
199.18364461263022,-2563.5664876302085,402.24767049153644,1.4548375314332331
222.92285664876303,-2554.3627115885415,461.49559529622394,1.4140653047874352
241.58328755696616,-2549.3037923177085,487.7190856933594,1.4140652806123446
264.34971110026044,-2538.2759602864585,547.1201171875,1.3715696020554118
283.78370157877606,-2532.3070475260415,572.7882893880209,1.3715696858759867
305.5585632324219,-2519.4642740885415,632.2934163411459,1.3275012168906248
325.7500915527344,-2512.5904134114585,657.3851318359375,1.327501140876101
346.5154317220052,-2497.943359375,716.9453328450521,1.2819970832839351
367.4478454589844,-2490.170166015625,741.4399007161459,1.2819971046913214
387.18654378255206,-2473.7307942708335,801.0060221354166,1.235206973254106
408.84259033203125,-2465.0646158854165,824.8832194010416,1.2352069732638533
427.5383707682292,-2446.8465169270835,884.4061482747396,1.1872928303519896
449.9001871744792,-2437.2945963541665,907.6463012695312,1.1872928478719118
467.5376281738281,-2417.3128255208335,967.0769246419271,1.138404422663075
490.5867614746094,-2406.8829752604165,989.6608479817709,1.1384044379921676
507.1513264973958,-2385.1538899739585,1048.950174967448,1.0887047442743496
530.8687947591146,-2373.8546549479165,1070.8593139648438,1.0887049147880183
540.1708984375,-2350.3963216145835,1132.8130696614583,1.0351720980817112
29.99303563435876,-2593.0763346354165,56.889658610026096,1.5983761592657908
28.29403305053714,-2593.0763346354165,57.75346883138027,1.5981506843775102
26.570178985595735,-2593.0763346354165,58.56655375162766,1.5979384480577552
24.822989145914747,-2593.0763346354165,59.328196207682346,1.597739653094942
23.0539957682292,-2593.0763346354165,60.03772735595709,1.5975544635979932
21.264753341674837,-2593.0763346354165,60.69452667236334,1.5973830695403457
19.456834157307977,-2593.0763346354165,61.298019409179744,1.5972255874422452
17.631825129191114,-2593.0763346354165,61.84767150878912,1.5970821472590646
15.791329701741569,-2593.0763346354165,62.342999776204486,1.596952900986244
13.936964035034213,-2593.0763346354165,62.78356933593756,1.596837936263271
12.070357640584342,-2593.0763346354165,63.16899363199875,1.5967373761253922
10.193149248758985,-2593.0763346354165,63.498936971028705,1.5966512924873273
8.306987762451206,-2593.0763346354165,63.77310943603521,1.5965797633844891
6.41353003184004,-2593.0763346354165,63.991266886393284,1.5965228413262198
4.514439105987582,-2593.0763346354165,64.15321858723964,1.596480592114205
2.611383279164665,-2593.0763346354165,64.2588221232097,1.5964530381822906
0.7060337563356093,-2593.0763346354165,64.30798594156907,1.596440213295466
-1.199935942888227,-2593.0763346354165,64.30066680908209,1.5964421230958101
-3.1048516432443924,-2593.0763346354165,64.23686981201178,1.596458765887376
-5.007040500640836,-2593.0763346354165,64.11665344238287,1.5964901301236474
-6.904831568400032,-2593.0763346354165,63.940119425455784,1.5965361899685961
-8.796557744344042,-2593.0763346354165,63.707425435384174,1.5965968947868399
-10.680557568867968,-2593.0763346354165,63.41877746582037,1.5966722059147567
-12.555176417032845,-2593.0763346354165,63.0744247436524,1.5967620577321815
-14.418767929077115,-2593.0763346354165,62.67467244466152,1.5968663523192514
-16.26969464619951,-2593.0763346354165,62.21987406412766,1.5969850221932653
-18.106331507364875,-2593.0763346354165,61.710423787434955,1.5971179700084779
-19.92706489562985,-2593.0763346354165,61.146771748860736,1.5972650419075765
-21.730295817057257,-2593.0763346354165,60.529413859049534,1.5974261594344443
-23.514441172281867,-2593.0763346354165,59.858889261881565,1.5976011515612936
-25.27793248494463,-2593.0763346354165,59.13579050699875,1.5977898663591366
-27.019220987955695,-2593.0763346354165,58.36075083414719,1.5979921709209637
-28.73677825927731,-2593.0763346354165,57.534451802571674,1.5982078378525986
-30.429096221923796,-2593.0763346354165,56.65761820475266,1.5984367485861035
-32.09468714396156,-2593.0763346354165,55.731020609537815,1.5986786308430216
-33.73208745320635,-2593.0763346354165,54.75547281901047,1.598933353427442
-35.339860280354785,-2593.0763346354165,53.73183186848964,1.5992006039286901
-36.91659291585283,-2593.0763346354165,52.66099802653,1.5994802461867252
-38.460900624593066,-2593.0763346354165,51.54390970865891,1.5997719625713527
-39.97142791748043,-2593.0763346354165,50.38154856363938,1.6000755510349043
-41.4468472798665,-2593.0763346354165,49.174936930338596,1.600390698792551
-42.88586298624671,-2593.0763346354165,47.9251327514649,1.6007172043627809
-44.28721110026038,-2593.0763346354165,46.633234659830784,1.6010546893690205
-45.649658203124964,-2593.0763346354165,45.30037943522141,1.6014029683735342
-46.972010294596316,-2593.0763346354165,43.92773437500006,1.6017616327282411
-48.25310770670569,-2593.0763346354165,42.516504923502666,1.6021304571709178
-49.491821289062464,-2593.0763346354165,41.06793212890631,1.6025090727529805
-50.68706512451168,-2593.0763346354165,39.583288828531956,1.6028971487682526
-51.83779144287106,-2593.0763346354165,38.063878377278705,1.6032943595149063
-52.94298553466793,-2593.0763346354165,36.51103591918951,1.6037004034282893
-54.00167846679684,-2593.0763346354165,34.92612457275396,1.604114827646453
-55.01294199625647,-2593.0763346354165,33.31053670247402,1.604537365317517
-55.97588348388668,-2593.0763346354165,31.665692647298233,1.60496762146599
-56.889658610026004,-2593.0763346354165,29.99303563435878,1.6054051947891073
-57.75346883138017,-2593.0763346354165,28.294033050537166,1.6058496952291328
-58.566553751627566,-2593.0763346354165,26.57017898559576,1.6063007960151126
-59.328196207682254,-2593.0763346354165,24.82298914591477,1.6067580655800173
-60.037727355956996,-2593.0763346354165,23.053995768229225,1.607221124183049
-60.694526672363246,-2593.0763346354165,21.264753341674865,1.6076894895965046
-61.29801940917965,-2593.0763346354165,19.456834157308005,1.608162835983922
-61.84767150878903,-2593.0763346354165,17.631825129191142,1.608640775430825
-62.34299977620439,-2593.0763346354165,15.791329701741597,1.6091227973315305
-62.783569335937464,-2593.0763346354165,13.936964035034242,1.6096085701716039
-63.16899363199866,-2593.0763346354165,12.07035764058437,1.6100975677032636
-63.498936971028606,-2593.0763346354165,10.193149248759012,1.6105894283443773
-63.77310943603512,-2593.0763346354165,8.306987762451232,1.6110837009725953
-63.99126688639319,-2593.0763346354165,6.413530031840067,1.6115800285393829
-64.15321858723955,-2593.0763346354165,4.514439105987609,1.6120778273579592
-64.2588221232096,-2593.0763346354165,2.6113832791646923,1.612576827778339
-64.30798594156897,-2593.0763346354165,0.7060337563356366,1.61307640075045
-64.30066680908199,-2593.0763346354165,-1.1999359428881997,1.6135763210287273
-64.23686981201168,-2593.0763346354165,-3.104851643244365,1.614075958690478
-64.11665344238277,-2593.0763346354165,-5.007040500640809,1.6145749980029114
-63.94011942545569,-2593.0763346354165,-6.904831568400005,1.6150729889380426
-63.707425435384074,-2593.0763346354165,-8.796557744344016,1.6155693909296047
-63.41877746582028,-2593.0763346354165,-10.68055756886794,1.6160638869525998
-63.07442474365231,-2593.0763346354165,-12.555176417032817,1.6165560239770018
-62.67467244466142,-2593.0763346354165,-14.418767929077086,1.6170452654242886
-62.219874064127566,-2593.0763346354165,-16.269694646199483,1.6175312921215246
-61.710423787434856,-2593.0763346354165,-18.106331507364846,1.618013686587684
-61.14677174886064,-2593.0763346354165,-19.927064895629822,1.6184918869017983
-60.52941385904944,-2593.0763346354165,-21.73029581705723,1.6189656314471583
-59.85888926188147,-2593.0763346354165,-23.514441172281845,1.6194344045756892
-59.13579050699866,-2593.0763346354165,-25.277932484944603,1.6198977952400544
-58.3607508341471,-2593.0763346354165,-27.019220987955674,1.6203554664786968
-57.534451802571574,-2593.0763346354165,-28.736778259277287,1.6208068969042928
-56.657618204752566,-2593.0763346354165,-30.42909622192377,1.6212518293622702
-55.73102060953772,-2593.0763346354165,-32.09468714396153,1.6216897259515208
-54.75547281901038,-2593.0763346354165,-33.732087453206326,1.622120340707602
-53.73183186848954,-2593.0763346354165,-35.33986028035476,1.6225431380442237
-52.66099802652991,-2593.0763346354165,-36.91659291585281,1.6229578952516297
-51.543909708658816,-2593.0763346354165,-38.460900624593044,1.6233641316795506
-50.381548563639285,-2593.0763346354165,-39.97142791748041,1.6237615590227281
-49.174936930338504,-2593.0763346354165,-41.44684727986648,1.6241497606248032
-47.92513275146481,-2593.0763346354165,-42.885862986246686,1.6245284797932937
-46.63323465983069,-2593.0763346354165,-44.28721110026036,1.6248972706846037
-45.300379435221316,-2593.0763346354165,-45.64965820312494,1.6252559233594979
-43.927734374999964,-2593.0763346354165,-46.972010294596295,1.6256040095891429
-42.51650492350257,-2593.0763346354165,-48.25310770670567,1.6259413048211802
-41.067932128906214,-2593.0763346354165,-49.49182128906244,1.6262674637481542
-39.58328882853187,-2593.0763346354165,-50.68706512451166,1.6265821965560774
-38.06387837727861,-2593.0763346354165,-51.83779144287104,1.6268852337534045
-36.51103591918942,-2593.0763346354165,-52.94298553466791,1.6271763375721295
-34.92612457275387,-2593.0763346354165,-54.00167846679682,1.6274551784499178
-33.310536702473925,-2593.0763346354165,-55.01294199625645,1.6277215724434062
-31.665692647298144,-2593.0763346354165,-55.97588348388666,1.6279752635656717
-612.3267211914062,-2350.3963216145835,-1095.6080729166667,1.763925825989742
-633.2193196614584,-2350.3963216145835,-1083.3769124348958,1.755559781333331
-665.1121012369791,-2338.2372233072915,-1098.691162109375,1.7579287771768712
-681.8947347005209,-2350.3963216145835,-1053.7547403971355,1.7498806773129896
-702.0260416666666,-2350.3963216145835,-1040.307352701823,1.7415528582832531
-721.7500203450521,-2350.3963216145835,-1026.2693277994792,1.731047169768741
-749.9777628580729,-2338.2372233072915,-1042.467041015625,1.7397090754997733
-820.9968668619791,-2338.2372233072915,-987.6648559570312,1.7180490140118938
-830.4680379231771,-2350.3963216145835,-941.1168212890625,1.7088388806275672
-848.3932698567709,-2350.3963216145835,-924.8445027669271,1.6989066688080519
-865.8284098307291,-2350.3963216145835,-908.0481567382812,1.6863821853200076
-896.5699055989584,-2338.2372233072915,-919.4575602213541,1.6961178584400256
-958.6530965169271,-2338.2372233072915,-854.7057291666666,1.6707381323578565
-960.7162068684896,-2350.3963216145835,-807.7125244140625,1.6608678749952108
-976.0424397786459,-2350.3963216145835,-788.9719645182291,1.6496086690032723
-990.8065795898438,-2350.3963216145835,-769.7854614257812,1.6352923886419235
-1023.2564697265625,-2338.2372233072915,-776.0285034179688,1.645761023297134
-1075.0237630208333,-2338.2372233072915,-702.7660725911459,1.6173553900215798
-1069.7650960286458,-2350.3963216145835,-656.4857177734375,1.6073083097413325
-1082.1563720703125,-2350.3963216145835,-635.6876627604166,1.5950395602331808
-1093.9259033203125,-2350.3963216145835,-614.5315551757812,1.5792176824614839
-1127.2237141927083,-2338.2372233072915,-615.364501953125,1.590057360435127
-1167.5243733723958,-2338.2372233072915,-535.2196248372396,1.5593893475548264
-1155.2084147135417,-2350.3963216145835,-490.77349853515625,1.5496103592429016
-1164.3931477864583,-2350.3963216145835,-468.37388102213544,1.5366734718367983
-1172.9100341796875,-2350.3963216145835,-445.7119140625,1.5196713048411898
-1206.1625162760417,-2338.2372233072915,-441.032958984375,1.530528258487939
-1234.1007486979167,-2338.2372233072915,-355.78680419921875,1.4983960784306025
-1215.1608072916667,-2350.3963216145835,-314.23265584309894,1.4892712236772263
-1220.9376220703125,-2350.3963216145835,-290.7224426269531,1.4760219257401055
-1226.0152180989583,-2350.3963216145835,-267.0513610839844,1.458196648723639
-1258.3194580078125,-2338.2372233072915,-256.9048767089844,1.468732508596178
-1273.274169921875,-2338.2372233072915,-168.4520263671875,1.435943080608554
-1248.2994791666667,-2350.3963216145835,-130.7589111328125,1.4277895818149726
-1250.5417887369792,-2350.3963216145835,-106.65343475341797,1.4145829281869688
-1252.0688069661458,-2350.3963216145835,-82.49209721883138,1.3962952735864875
-1282.5359293619792,-2338.2372233072915,-67.06886545817058,1.4062165279773358
-1284.1744791666667,-2338.2372233072915,22.62481117248535,1.3735517522190208
-1253.8932291666667,-2350.3963216145835,55.59904543558756,1.3666134612435492
-1252.5518798828125,-2350.3963216145835,79.77140045166016,1.353784814525843
-1250.4947916666667,-2350.3963216145835,103.89338684082031,1.3353984732632385
-1278.2735188802083,-2338.2372233072915,124.25962575276692,1.3444606297290003
-1266.5594889322917,-2338.2372233072915,213.2006581624349,1.3126583876302187
-1231.81884765625,-2350.3963216145835,240.72889709472656,1.3070973708730578
-1226.9232177734375,-2350.3963216145835,264.4382781982422,1.2949657298511998
-1221.3271484375,-2350.3963216145835,287.99217732747394,1.276824306723842
-1245.6265462239583,-2338.2372233072915,312.8319396972656,1.284838099263701
-1220.820068359375,-2338.2372233072915,399.04356892903644,1.2545694906421345
-1182.5636393229167,-2350.3963216145835,420.54547119140625,1.2504758576244033
-1174.2210286458333,-2350.3963216145835,443.2721761067708,1.2393206835536896
-1165.2086181640625,-2350.3963216145835,465.74168904622394,1.2217501666797588
-1185.3194580078125,-2338.2372233072915,494.46056111653644,1.2285856896284975
-1098.691162109375,-2338.2372233072915,665.1121012369791,1.1767832188026235
-1053.7547403971355,-2350.3963216145835,681.8947347005209,1.1695381763028756
-1040.307352701823,-2350.3963216145835,702.0260416666666,1.156885465163175
-1026.2693277994792,-2350.3963216145835,721.7500203450521,1.1369795909465916
-1042.467041015625,-2338.2372233072915,749.9777628580729,1.1560482374880547
-987.6648559570312,-2338.2372233072915,820.9968668619791,1.130348489751856
-941.1168212890625,-2350.3963216145835,830.4680379231771,1.1253850114280501
-924.8445027669271,-2350.3963216145835,848.3932698567709,1.114097715689277
-908.0481567382812,-2350.3963216145835,865.8284098307291,1.0952946290544774
-919.4575602213541,-2338.2372233072915,896.5699055989584,1.1125786778491977
-854.7057291666666,-2338.2372233072915,958.6530965169271,1.0900318674319067
-807.7125244140625,-2350.3963216145835,960.7162068684896,1.0873308351751847
-788.9719645182291,-2350.3963216145835,976.0424397786459,1.0775837157381993
-769.7854614257812,-2350.3963216145835,990.8065795898438,1.060106165659702
-776.0285034179688,-2338.2372233072915,1023.2564697265625,1.0755052559860965
-702.7660725911459,-2338.2372233072915,1075.0237630208333,1.0564299072110093
-656.4857177734375,-2350.3963216145835,1069.7650960286458,1.0559145883879015
-635.6876627604166,-2350.3963216145835,1082.1563720703125,1.047845143535241
-614.5315551757812,-2350.3963216145835,1093.9259033203125,1.0318832698291736
-615.364501953125,-2338.2372233072915,1127.2237141927083,1.0453541370070984
-535.2196248372396,-2338.2372233072915,1167.5243733723958,1.0299980606929162
-490.77349853515625,-2350.3963216145835,1155.2084147135417,1.0315447609387596
-468.37388102213544,-2350.3963216145835,1164.3931477864583,1.025256194112529
-445.7119140625,-2350.3963216145835,1172.9100341796875,1.0109629663161155
-441.032958984375,-2338.2372233072915,1206.1625162760417,1.022522115675112
-355.78680419921875,-2338.2372233072915,1234.1007486979167,1.0110660136579772
-314.23265584309894,-2350.3963216145835,1215.1608072916667,1.0145140201776524
-290.7224426269531,-2350.3963216145835,1220.9376220703125,1.0100815821256885
-267.0513610839844,-2350.3963216145835,1226.0152180989583,0.9975834127623479
-256.9048767089844,-2338.2372233072915,1258.3194580078125,1.0072849968786566
-168.4520263671875,-2338.2372233072915,1273.274169921875,0.9998544886482675
-130.7589111328125,-2350.3963216145835,1248.2994791666667,1.0050150641841953
-106.65343475341797,-2350.3963216145835,1250.5417887369792,1.0024871906455768
-82.49209721883138,-2350.3963216145835,1252.0688069661458,0.9918767436090683
-67.06886545817058,-2338.2372233072915,1282.5359293619792,0.9998198839093012
22.62481117248535,-2338.2372233072915,1284.1744791666667,0.9964881574009226
55.59904543558756,-2350.3963216145835,1253.8932291666667,1.0031490551080564
79.77140045166016,-2350.3963216145835,1252.5518798828125,1.0025484027643796
103.89338684082031,-2350.3963216145835,1250.4947916666667,0.9938971988950548
124.25962575276692,-2338.2372233072915,1278.2735188802083,1.0002109758450637
213.2006581624349,-2338.2372233072915,1266.5594889322917,1.0010050012051717
240.72889709472656,-2350.3963216145835,1231.81884765625,1.0089405348574119
264.4382781982422,-2350.3963216145835,1226.9232177734375,1.0102667377808323
287.99217732747394,-2350.3963216145835,1221.3271484375,1.0036201045320923
312.8319396972656,-2338.2372233072915,1245.6265462239583,1.0084578087704612
399.04356892903644,-2338.2372233072915,1220.820068359375,1.0133565102667361
420.54547119140625,-2350.3963216145835,1182.5636393229167,1.0223245689761835
443.2721761067708,-2350.3963216145835,1174.2210286458333,1.0255530636713346
465.74168904622394,-2350.3963216145835,1165.2086181640625,1.0209355342847455
494.46056111653644,-2338.2372233072915,1185.3194580078125,1.0244711867288554
576.0266520182291,-2338.2372233072915,1147.9718424479167,1.0334088071151208
-1147.9718424479167,-2338.2372233072915,576.0266520182291,1.2004478131122363
-209.8088582356771,-553.9617309570312,-149.86347198486328,0.0
-239.78155008951822,-553.9617309570312,-119.89077758789062,0.0
-209.8088582356771,-553.9617309570312,-59.94538879394531,0.0
-239.78155008951822,-553.9617309570312,-29.972694396972656,0.0
-209.8088582356771,-553.9617309570312,29.972694396972656,0.0
-239.78155008951822,-553.9617309570312,59.94538879394531,0.0
-209.8088582356771,-553.9617309570312,119.89077758789062,0.0
-239.78155008951822,-553.9617309570312,149.86347198486328,0.0
-209.8088582356771,-553.9617309570312,209.8088582356771,0.0
-119.89077758789062,-553.9617309570312,-239.78155008951822,0.0
-149.86347198486328,-553.9617309570312,-209.8088582356771,0.0
-119.89077758789062,-553.9617309570312,-149.86347198486328,0.0
-149.86347198486328,-553.9617309570312,-119.89077758789062,0.0
-119.89077758789062,-553.9617309570312,-59.94538879394531,0.0
-149.86347198486328,-553.9617309570312,-29.972694396972656,0.0
-119.89077758789062,-553.9617309570312,29.972694396972656,0.0
-149.86347198486328,-553.9617309570312,59.94538879394531,0.0
-119.89077758789062,-553.9617309570312,119.89077758789062,0.0
-149.86347198486328,-553.9617309570312,149.86347198486328,0.0
-119.89077758789062,-553.9617309570312,209.8088582356771,0.0
-149.86347198486328,-553.9617309570312,239.78155008951822,0.0
-123.68147786458333,-553.9617309570312,294.9093526204427,0.0
-29.972694396972656,-553.9617309570312,-239.78155008951822,0.0
-59.94538879394531,-553.9617309570312,-209.8088582356771,0.0
-29.972694396972656,-553.9617309570312,-149.86347198486328,0.0
-59.94538879394531,-553.9617309570312,-119.89077758789062,0.0
-29.972694396972656,-553.9617309570312,-59.94538879394531,0.0
-59.94538879394531,-553.9617309570312,-29.972694396972656,0.0
-29.972694396972656,-553.9617309570312,29.972694396972656,0.0
-59.94538879394531,-553.9617309570312,59.94538879394531,0.0
-29.972694396972656,-553.9617309570312,119.89077758789062,0.0
-59.94538879394531,-553.9617309570312,149.86347198486328,0.0
-29.972694396972656,-553.9617309570312,209.8088582356771,0.0
-59.94538879394531,-553.9617309570312,239.78155008951822,0.0
-32.80249532063802,-553.9617309570312,299.72693888346356,0.0
59.94538879394531,-553.9617309570312,-239.78155008951822,0.0
29.972694396972656,-553.9617309570312,-209.8088582356771,0.0
59.94538879394531,-553.9617309570312,-149.86347198486328,0.0
29.972694396972656,-553.9617309570312,-119.89077758789062,0.0
59.94538879394531,-553.9617309570312,-59.94538879394531,0.0
29.972694396972656,-553.9617309570312,-29.972694396972656,0.0
59.94538879394531,-553.9617309570312,29.972694396972656,0.0
29.972694396972656,-553.9617309570312,59.94538879394531,0.0
59.94538879394531,-553.9617309570312,119.89077758789062,0.0
29.972694396972656,-553.9617309570312,149.86347198486328,0.0
59.94538879394531,-553.9617309570312,209.8088582356771,0.0
29.972694396972656,-553.9617309570312,239.78155008951822,0.0
58.26933288574219,-553.9617309570312,296.37416585286456,0.0
119.89077758789062,-553.9617309570312,239.78155008951822,0.0
149.86347198486328,-553.9617309570312,209.8088582356771,0.0
119.89077758789062,-553.9617309570312,149.86347198486328,0.0
149.86347198486328,-553.9617309570312,119.89077758789062,0.0
119.89077758789062,-553.9617309570312,59.94538879394531,0.0
149.86347198486328,-553.9617309570312,29.972694396972656,0.0
119.89077758789062,-553.9617309570312,-29.972694396972656,0.0
149.86347198486328,-553.9617309570312,-59.94538879394531,0.0
119.89077758789062,-553.9617309570312,-119.89077758789062,0.0
149.86347198486328,-553.9617309570312,-149.86347198486328,0.0
119.89077758789062,-553.9617309570312,-209.8088582356771,0.0
149.86347198486328,-553.9617309570312,-239.78155008951822,0.0
123.68147786458333,-553.9617309570312,-294.9093526204427,0.0
239.78155008951822,-553.9617309570312,-149.86347198486328,0.0
209.8088582356771,-553.9617309570312,-119.89077758789062,0.0
239.78155008951822,-553.9617309570312,-59.94538879394531,0.0
209.8088582356771,-553.9617309570312,-29.972694396972656,0.0
239.78155008951822,-553.9617309570312,29.972694396972656,0.0
209.8088582356771,-553.9617309570312,59.94538879394531,0.0
239.78155008951822,-553.9617309570312,119.89077758789062,0.0
209.8088582356771,-553.9617309570312,149.86347198486328,0.0
209.8088582356771,-553.9617309570312,209.8088582356771,0.0
200.21471150716147,-553.9617309570312,281.93798828125,0.0
147.4127934773763,-553.9617309570312,285.0795186360677,0.0
115.76404317220052,-553.9617309570312,311.69944254557294,0.0
-200.21471150716147,-553.9617309570312,-281.93798828125,0.0
-147.4127934773763,-553.9617309570312,-285.0795186360677,0.0
-115.76404317220052,-553.9617309570312,-311.69944254557294,0.0
-236.64001973470053,-553.9617309570312,232.6380818684896,0.0
-281.93798828125,-553.9617309570312,200.21471150716147,0.0
-232.6380818684896,-553.9617309570312,-206.66732788085938,0.0
-275.1062469482422,-553.9617309570312,-209.11800638834634,0.0
-156.10485076904297,-553.9617309570312,307.4048258463542,0.0
-66.56588999430339,-553.9617309570312,324.8820495605469,0.0
-58.26933288574219,-553.9617309570312,-296.37416585286456,0.0
25.466837565104168,-553.9617309570312,326.34686279296875,0.0
-25.466837565104168,-553.9617309570312,-326.34686279296875,0.0
66.56588999430339,-553.9617309570312,-324.8820495605469,0.0
32.80249532063802,-553.9617309570312,-299.72693888346356,0.0
156.10485076904297,-553.9617309570312,-307.4048258463542,0.0
275.1062469482422,-553.9617309570312,209.11800638834634,0.0
232.6380818684896,-553.9617309570312,236.64001973470053,0.0
281.93798828125,-553.9617309570312,-200.21471150716147,0.0
236.64001973470053,-553.9617309570312,-202.66539001464844,0.0
285.0795186360677,-553.9617309570312,-147.4127934773763,0.0
311.69944254557294,-553.9617309570312,-115.76404317220052,0.0
296.37416585286456,-553.9617309570312,-58.26933288574219,0.0
326.34686279296875,-553.9617309570312,-25.466837565104168,0.0
299.72693888346356,-553.9617309570312,32.80249532063802,0.0
324.8820495605469,-553.9617309570312,66.56588999430339,0.0
294.9093526204427,-553.9617309570312,123.68147786458333,0.0
307.4048258463542,-553.9617309570312,156.10485076904297,0.0
-307.4048258463542,-553.9617309570312,-156.10485076904297,0.0
-294.9093526204427,-553.9617309570312,-123.68147786458333,0.0
-324.8820495605469,-553.9617309570312,-66.56588999430339,0.0
-299.72693888346356,-553.9617309570312,-32.80249532063802,0.0
-326.34686279296875,-553.9617309570312,25.466837565104168,0.0
-296.37416585286456,-553.9617309570312,58.26933288574219,0.0
-311.69944254557294,-553.9617309570312,115.76404317220052,0.0
-285.0795186360677,-553.9617309570312,147.4127934773763,0.0
-202.66539001464844,-553.9617309570312,-236.64001973470053,0.0
-209.11800638834634,-553.9617309570312,275.1062469482422,0.0
209.11800638834634,-553.9617309570312,-275.1062469482422,0.0
206.66732788085938,-553.9617309570312,-232.6380818684896,0.0
344.83252970377606,-1013.9617309570312,-438.42470296223956,0.0
325.55922444661456,-1013.9617309570312,-413.58599853515625,0.0
361.2967529296875,-1013.9617309570312,-365.5128682454427,0.0
438.8777567545573,-1013.9617309570312,-344.47655232747394,0.0
411.91846720377606,-1013.9617309570312,-327.71947224934894,0.0
434.98253377278644,-1013.9617309570312,-283.55809020996094,0.0
415.49925740559894,-1013.9617309570312,484.4269612630208,0.0
439.4728597005208,-1013.9617309570312,434.89760335286456,0.0
407.5293477376302,-1013.9617309570312,407.10865275065106,0.0
532.9230041503906,-1013.9617309570312,-250.52840169270834,0.0
501.5745849609375,-1013.9617309570312,-219.21235148111978,0.0
532.9230041503906,-1013.9617309570312,-156.58025105794272,0.0
506.2600504557292,-1013.9617309570312,-144.52993774414062,0.0
517.7117513020834,-1013.9617309570312,-100.01476414998372,0.0
-532.9230041503906,-1013.9617309570312,-250.52840169270834,0.0
-501.5745849609375,-1013.9617309570312,-219.21235148111978,0.0
-463.39732869466144,-1013.9617309570312,-234.96001688639322,0.0
-532.9230041503906,-1013.9617309570312,219.21235148111978,0.0
-501.5745849609375,-1013.9617309570312,250.52840169270834,0.0
-461.9418233235677,-1013.9617309570312,237.68306986490884,0.0
-250.78729756673178,-1013.9617309570312,-532.3728535970052,0.0
-219.43888346354166,-1013.9617309570312,-501.0568033854167,0.0
-156.74205780029297,-1013.9617309570312,-532.3728535970052,0.0
-144.62702178955078,-1013.9617309570312,-505.90407307942706,0.0
-100.04712549845378,-1013.9617309570312,-517.517578125,0.0
-250.78729756673178,-1013.9617309570312,501.0568033854167,0.0
-219.43888346354166,-1013.9617309570312,532.3728535970052,0.0
-173.020751953125,-1013.9617309570312,506.8003641764323,0.0
219.43888346354166,-1013.9617309570312,-532.3728535970052,0.0
250.78729756673178,-1013.9617309570312,-501.0568033854167,0.0
302.2954508463542,-1013.9617309570312,-531.9264831542969,0.0
219.43888346354166,-1013.9617309570312,501.0568033854167,0.0
250.78729756673178,-1013.9617309570312,532.3728535970052,0.0
313.48412068684894,-1013.9617309570312,501.0568033854167,0.0
501.5745849609375,-1013.9617309570312,219.21235148111978,0.0
532.9230041503906,-1013.9617309570312,250.52840169270834,0.0
584.3441162109375,-1013.9617309570312,226.21033732096353,0.0
-194.38142903645834,-1013.9617309570312,-466.4654846191406,0.0
-237.84487915039062,-1013.9617309570312,-461.6182149251302,0.0
-283.6551767985026,-1013.9617309570312,-434.8207295735677,0.0
194.38142903645834,-1013.9617309570312,466.4654846191406,0.0
237.84487915039062,-1013.9617309570312,461.6182149251302,0.0
283.6551767985026,-1013.9617309570312,434.8207295735677,0.0
-363.39600626627606,-1013.9617309570312,-524.003184000651,0.0
-324.67279052734375,-1013.9617309570312,-505.7898763020833,0.0
-293.3243815104167,-1013.9617309570312,-537.1059265136719,0.0
-274.6277567545573,-1013.9617309570312,-586.6878458658854,0.0
363.39600626627606,-1013.9617309570312,524.003184000651,0.0
324.67279052734375,-1013.9617309570312,537.1059265136719,0.0
274.6277567545573,-1013.9617309570312,586.6878458658854,0.0
-532.9230041503906,-1013.9617309570312,-156.58025105794272,0.0
-592.3969319661459,-1013.9617309570312,-131.77541859944662,0.0
-623.7453409830729,-1013.9617309570312,-74.32276852925618,0.0
-595.6198323567709,-1013.9617309570312,-36.495500564575195,0.0
-544.6773376464844,-1013.9617309570312,-46.360207875569664,0.0
-518.9106750488281,-1013.9617309570312,-93.98731358846028,0.0
-507.1563415527344,-1013.9617309570312,-141.57525634765625,0.0
-501.5745849609375,-1013.9617309570312,313.16050211588544,0.0
-529.0591328938802,-1013.9617309570312,338.5472106933594,0.0
-572.2719523111979,-1013.9617309570312,303.82745361328125,0.0
-491.87534586588544,-1013.9617309570312,-347.10614013671875,0.0
-523.2237650553385,-1013.9617309570312,-315.7900899251302,0.0
-561.9420369466146,-1013.9617309570312,-321.71942138671875,0.0
-407.5293477376302,-1013.9617309570312,407.10865275065106,0.0
-423.00306193033856,-1013.9617309570312,450.17934163411456,0.0
-461.99242146809894,-1013.9617309570312,439.0586344401042,0.0
-466.6272888183594,-1013.9617309570312,194.31670633951822,0.0
-506.2600504557292,-1013.9617309570312,175.84598795572916,0.0
-468.9790852864583,-1013.9617309570312,-188.63897196451822,0.0
-383.5557454427083,-1013.9617309570312,-456.6380106608073,0.0
-414.90415445963544,-1013.9617309570312,-425.32196044921875,0.0
-446.84766642252606,-1013.9617309570312,-453.1109110514323,0.0
-313.48412068684894,-1013.9617309570312,501.0568033854167,0.0
-333.64385986328125,-1013.9617309570312,531.9264831542969,0.0
-380.4659830729167,-1013.9617309570312,512.3650716145834,0.0
-361.2967529296875,-1013.9617309570312,365.5128682454427,0.0
-411.91846720377606,-1013.9617309570312,359.0355224609375,0.0
-365.64231363932294,-1013.9617309570312,-361.1673075358073,0.0
-413.8772481282552,-1013.9617309570312,-325.3326924641927,0.0
-241.7335001627604,-1013.9617309570312,578.1702270507812,0.0
-293.2416534423828,-1013.9617309570312,577.7238566080729,0.0
-278.54534403483075,-1013.9617309570312,438.2350158691406,0.0
-325.55922444661456,-1013.9617309570312,444.9020487467448,0.0
-327.9460042317708,-1013.9617309570312,-411.62721761067706,0.0
-232.0906728108724,-1013.9617309570312,-581.9547729492188,0.0
-147.92456817626953,-1013.9617309570312,588.5771484375,0.0
-201.56759643554688,-1013.9617309570312,603.0584716796875,0.0
-188.70369466145834,-1013.9617309570312,468.81728108723956,0.0
-235.121826171875,-1013.9617309570312,463.07372029622394,0.0
-137.8253911336263,-1013.9617309570312,-590.8822224934896,0.0
-181.82559204101562,-1013.9617309570312,-609.1480916341146,0.0
-52.912068684895836,-1013.9617309570312,594.2308349609375,0.0
-106.79140218098958,-1013.9617309570312,619.1190795898438,0.0
-94.01967493693034,-1013.9617309570312,518.7165018717448,0.0
-141.6723403930664,-1013.9617309570312,538.1164143880209,0.0
-49.465338389078774,-1013.9617309570312,-543.9863586425781,0.0
-42.582131703694664,-1013.9617309570312,-595.0049438476562,0.0
-86.36228815714519,-1013.9617309570312,-622.1982625325521,0.0
42.582131703694664,-1013.9617309570312,595.0049438476562,0.0
-10.329936981201172,-1013.9617309570312,625.546875,0.0
49.465338389078774,-1013.9617309570312,543.9863586425781,0.0
3.0727691650390625,-1013.9617309570312,524.5864461263021,0.0
-3.0727691650390625,-1013.9617309570312,-524.5864461263021,0.0
10.329936981201172,-1013.9617309570312,-625.546875,0.0
137.8253911336263,-1013.9617309570312,590.8822224934896,0.0
86.36228815714519,-1013.9617309570312,622.1982625325521,0.0
144.62702178955078,-1013.9617309570312,537.2201232910156,0.0
100.04712549845378,-1013.9617309570312,517.517578125,0.0
141.6723403930664,-1013.9617309570312,-538.1164143880209,0.0
94.01967493693034,-1013.9617309570312,-518.7165018717448,0.0
106.79140218098958,-1013.9617309570312,-619.1190795898438,0.0
52.912068684895836,-1013.9617309570312,-594.2308349609375,0.0
232.0906728108724,-1013.9617309570312,581.9547729492188,0.0
181.82559204101562,-1013.9617309570312,609.1480916341146,0.0
235.121826171875,-1013.9617309570312,-463.07372029622394,0.0
188.70369466145834,-1013.9617309570312,-468.81728108723956,0.0
201.56759643554688,-1013.9617309570312,-603.0584716796875,0.0
147.92456817626953,-1013.9617309570312,-588.5771484375,0.0
327.9460042317708,-1013.9617309570312,442.9432678222656,0.0
278.54534403483075,-1013.9617309570312,-438.2350158691406,0.0
293.2416534423828,-1013.9617309570312,-577.7238566080729,0.0
241.7335001627604,-1013.9617309570312,-578.1702270507812,0.0
413.8772481282552,-1013.9617309570312,356.64874267578125,0.0
365.64231363932294,-1013.9617309570312,361.1673075358073,0.0
380.4659830729167,-1013.9617309570312,-512.3650716145834,0.0
333.64385986328125,-1013.9617309570312,-500.6104329427083,0.0
492.47044881184894,-1013.9617309570312,406.2111409505208,0.0
507.1563415527344,-1013.9617309570312,172.89130655924478,0.0
468.9790852864583,-1013.9617309570312,188.63897196451822,0.0
466.6272888183594,-1013.9617309570312,-194.31670633951822,0.0
461.99242146809894,-1013.9617309570312,-439.0586344401042,0.0
423.00306193033856,-1013.9617309570312,-418.86329142252606,0.0
391.65465291341144,-1013.9617309570312,-450.17934163411456,0.0
561.9420369466146,-1013.9617309570312,321.71942138671875,0.0
523.2237650553385,-1013.9617309570312,347.10614013671875,0.0
572.2719523111979,-1013.9617309570312,-303.82745361328125,0.0
529.0591328938802,-1013.9617309570312,-307.2311604817708,0.0
576.1358235677084,-1013.9617309570312,-247.12469482421875,0.0
599.2618408203125,-1013.9617309570312,-212.90794881184897,0.0
587.3974405924479,-1013.9617309570312,-153.67955525716147,0.0
617.0668538411459,-1013.9617309570312,-118.63152313232422,0.0
593.9408365885416,-1013.9617309570312,-58.90011850992838,0.0
625.2892456054688,-1013.9617309570312,-22.40461794535319,0.0
595.6198323567709,-1013.9617309570312,36.495500564575195,0.0
623.7453409830729,-1013.9617309570312,74.32276852925618,0.0
592.3969319661459,-1013.9617309570312,131.77541859944662,0.0
612.4696248372396,-1013.9617309570312,170.0894546508789,0.0
591.7139689127604,-1013.9617309570312,263.4557189941406,0.0
-591.7139689127604,-1013.9617309570312,-263.4557189941406,0.0
-584.3441162109375,-1013.9617309570312,-226.21033732096353,0.0
-612.4696248372396,-1013.9617309570312,-170.0894546508789,0.0
-625.2892456054688,-1013.9617309570312,22.40461794535319,0.0
-593.9408365885416,-1013.9617309570312,58.90011850992838,0.0
-617.0668538411459,-1013.9617309570312,118.63152313232422,0.0
-587.3974405924479,-1013.9617309570312,153.67955525716147,0.0
-599.2618408203125,-1013.9617309570312,212.90794881184897,0.0
-576.1358235677084,-1013.9617309570312,247.12469482421875,0.0
-492.47044881184894,-1013.9617309570312,-406.2111409505208,0.0
-524.7806193033854,-1013.9617309570312,3.0727691650390625,0.0
-544.3747049967448,-1013.9617309570312,49.432977040608726,0.0
-517.7117513020834,-1013.9617309570312,100.01476414998372,0.0
-537.6084696451823,-1013.9617309570312,144.52993774414062,0.0
-505.35166422526044,-1013.9617309570312,390.05860392252606,0.0
-438.8777567545573,-1013.9617309570312,-344.47655232747394,0.0
-438.3968200683594,-1013.9617309570312,-278.44825744628906,0.0
-434.98253377278644,-1013.9617309570312,283.55809020996094,0.0
-443.2668762207031,-1013.9617309570312,327.71947224934894,0.0
-344.83252970377606,-1013.9617309570312,-438.42470296223956,0.0
-356.9076334635417,-1013.9617309570312,413.58599853515625,0.0
-46.39256922403971,-1013.9617309570312,544.2889912923177,0.0
46.39256922403971,-1013.9617309570312,-544.2889912923177,0.0
173.020751953125,-1013.9617309570312,-506.8003641764323,0.0
175.97543334960938,-1013.9617309570312,505.90407307942706,0.0
359.29441324869794,-1013.9617309570312,411.62721761067706,0.0
461.9418233235677,-1013.9617309570312,-237.68306986490884,0.0
463.39732869466144,-1013.9617309570312,234.96001688639322,0.0
438.3968200683594,-1013.9617309570312,278.44825744628906,0.0
445.2256571451823,-1013.9617309570312,325.3326924641927,0.0
505.35166422526044,-1013.9617309570312,-390.05860392252606,0.0
497.71071370442706,-1013.9617309570312,-338.5472106933594,0.0
544.3747049967448,-1013.9617309570312,-49.432977040608726,0.0
524.7806193033854,-1013.9617309570312,-3.0727691650390625,0.0
544.6773376464844,-1013.9617309570312,46.360207875569664,0.0
518.9106750488281,-1013.9617309570312,93.98731358846028,0.0
538.5047607421875,-1013.9617309570312,141.57525634765625,0.0
501.5745849609375,-1013.9617309570312,313.16050211588544,0.0
