x_center,y_center,z_center,cp
-123.44231637318929,-630.1913045247396,-376.8446044921875,0.08667294128311316
-51.25104490915934,-592.0765177408854,-369.7700602213542,0.08667286000620657
81.51812521616618,-630.1913045247396,-388.0781555175781,0.08951257060059731
140.50032806396484,-592.0765177408854,-345.8557840983073,0.08951266037298249
264.63584899902344,-630.1913045247396,-295.32647705078125,0.1637589003247189
294.60474650065106,-592.0765177408854,-229.26973470052084,0.16375885619999755
376.8446044921875,-630.1913045247396,-123.44231637318929,0.3394137008826404
369.7700602213542,-592.0765177408854,-51.25104490915934,0.3394135159702659
388.0781555175781,-630.1913045247396,81.51812521616618,0.6166574348545797
345.8557840983073,-592.0765177408854,140.50032806396484,0.6166576537922401
295.32647705078125,-630.1913045247396,264.63584899902344,0.9185543330646785
229.26973470052084,-592.0765177408854,294.60474650065106,0.9185542540538272
123.44231637318929,-630.1913045247396,376.8446044921875,1.1143146120352407
51.25104490915934,-592.0765177408854,369.7700602213542,1.114314398940699
-81.51812521616618,-630.1913045247396,388.0781555175781,1.1042372850464055
-140.50032806396484,-592.0765177408854,345.8557840983073,1.1042374553689447
-264.63584899902344,-630.1913045247396,295.32647705078125,0.8936722086192852
-294.60474650065106,-592.0765177408854,229.26973470052084,0.8936721603164264
-376.8446044921875,-630.1913045247396,123.44231637318929,0.5889357187182599
-369.7700602213542,-592.0765177408854,51.25104490915934,0.5889355955114262
-388.0781555175781,-630.1913045247396,-81.51812521616618,0.31892909875245323
-345.8557840983073,-592.0765177408854,-140.50032806396484,0.3189292022889881
-295.32647705078125,-630.1913045247396,-264.63584899902344,0.15335159581532226
-229.26973470052084,-592.0765177408854,-294.60474650065106,0.15335156538996111
-164.9926929473877,-956.3524576822916,-455.1142069498698,0.0
-91.92090670267741,-898.7431844075521,-463.37229410807294,0.0
48.81337674458822,-956.3524576822916,-481.6313883463542,0.0
118.23183059692383,-898.7431844075521,-457.3669942220052,0.0
252.95136006673178,-956.3524576822916,-412.7555440266927,0.0
304.96730041503906,-898.7431844075521,-360.77454630533856,0.0
406.9892171223958,-956.3524576822916,-262.12841796875,0.0016574600444929728
431.3002522786458,-898.7431844075521,-192.7262929280599,0.0016574525668501031
480.4178771972656,-956.3524576822916,-59.583544413248696,0.05503203670449771
472.2089131673177,-898.7431844075521,13.49377695719401,0.055032095756024434
458.6938883463542,-956.3524576822916,154.76259104410806,0.18753712598035607
419.59079996744794,-898.7431844075521,217.0412394205729,0.187537139835019
346.11993916829425,-956.3524576822916,338.4560852050781,0.3561730608787403
283.8675791422526,-898.7431844075521,377.60101318359375,0.3561728430028856
320.44553629557294,-725.9153645833334,293.67156473795575,0.40112015782299104
272.12623087565106,-783.5246378580729,356.10862223307294,0.3561729215860394
-152.62465031941733,-783.5246378580729,-421.39263916015625,0.0
-73.97863864898682,-725.9153645833334,-428.3170471191406,0.0
56.14355882008871,-783.5246378580729,-446.0323079427083,0.0
253.55326334635416,-783.5246378580729,-372.2216491699219,0.0
139.44905122121176,-725.9153645833334,-412.8679606119792,0.0
395.48293050130206,-783.5246378580729,-216.05330912272134,0.0
319.7578582763672,-725.9153645833334,-296.9025370279948,0.003004231538078736
450.2091369628906,-783.5246378580729,-12.245493253072103,0.02776075258757281
422.6007792154948,-725.9153645833334,-108.64983081817627,0.06563302374890669
405.6577453613281,-783.5246378580729,193.74910990397134,0.15376281727924915
422.7610575358073,-725.9153645833334,105.7311913172404,0.2199166492598405
164.9926929473877,-956.3524576822916,455.1142069498698,0.48079970397186855
91.92090670267741,-898.7431844075521,463.37229410807294,0.48079969408841694
-48.81337674458822,-956.3524576822916,481.6313883463542,0.4952059993074851
-118.23183059692383,-898.7431844075521,457.3669942220052,0.49520622914113005
-252.95136006673178,-956.3524576822916,412.7555440266927,0.39149368660952755
-304.96730041503906,-898.7431844075521,360.77454630533856,0.3914935601208829
-406.9892171223958,-956.3524576822916,262.12841796875,0.22544075036641664
-431.3002522786458,-898.7431844075521,192.7262929280599,0.22544070347446293
-480.4178771972656,-956.3524576822916,59.583544413248696,0.07892094244354685
-472.2089131673177,-898.7431844075521,-13.49377695719401,0.07892098011764612
-458.6938883463542,-956.3524576822916,-154.76259104410806,0.006800054068465538
-419.59079996744794,-898.7431844075521,-217.0412394205729,0.006800055655902053
-346.11993916829425,-956.3524576822916,-338.4560852050781,0.0
-283.8675791422526,-898.7431844075521,-377.60101318359375,0.0
-320.44553629557294,-725.9153645833334,-293.67156473795575,0.0
-272.12623087565106,-783.5246378580729,-356.10862223307294,0.0
152.62465031941733,-783.5246378580729,421.39263916015625,0.4807997403626541
73.97863864898682,-725.9153645833334,428.3170471191406,0.554483983793664
-56.14355882008871,-783.5246378580729,446.0323079427083,0.44158057777941856
-253.55326334635416,-783.5246378580729,372.2216491699219,0.3153231114356912
-139.44905122121176,-725.9153645833334,412.8679606119792,0.5940349040501527
-395.48293050130206,-783.5246378580729,216.05330912272134,0.16061089492025427
-319.7578582763672,-725.9153645833334,296.9025370279948,0.44457633004115776
-450.2091369628906,-783.5246378580729,12.245493253072103,0.04554265320333431
-422.6007792154948,-725.9153645833334,108.64983081817627,0.2165851636141475
-405.6577453613281,-783.5246378580729,-193.74910990397134,0.0015432427357607368
-422.7610575358073,-725.9153645833334,-105.7311913172404,0.047665721201661154
-215.96380360921225,-1060.0879720052083,-644.5759887695312,0.15619403342131208
-163.80434926350912,-1106.2142130533855,-695.6898600260416,0.1404441842965554
-237.99323527018228,-1198.4667154947917,-739.2252400716146,0.10131134047850514
-210.2184041341146,-1244.5929768880208,-778.5283813476562,0.10131128999057111
-265.31397501627606,-1336.8454996744792,-824.6221110026041,0.10131133157875404
-233.43861389160156,-1382.9717610677083,-865.1301879882812,0.10131153410968974
-292.63470967610675,-1475.2242838541667,-910.0190022786459,0.10131136406637498
-256.65882364908856,-1521.3505452473958,-951.7319946289062,0.1013113001182618
-319.95545959472656,-1613.6030680338542,-995.4158935546875,0.10131163919127675
-279.87904357910156,-1659.7293294270833,-1038.3337809244792,0.10131099540019983
-347.2762044270833,-1751.9818522135417,-1080.812744140625,0.10131101905476922
-303.09925333658856,-1798.1081136067708,-1124.935546875,0.10131153859511897
-374.59694417317706,-1890.3606363932292,-1166.2095947265625,0.10131108467409039
-326.31946818033856,-1936.4868977864583,-1211.537353515625,0.10131156337333377
-372.91697184244794,-2028.7394205729167,-1261.3420817057292,0.11643720532442904
56.0363883972168,-1060.0879720052083,-677.6814778645834,0.14855006441217106
132.5201555887858,-1106.2142130533855,-703.2084554036459,0.11524181310138688
90.59900665283203,-1198.4667154947917,-771.2889200846354,0.09393778159482356
132.19099807739258,-1244.5929768880208,-795.5022379557291,0.09393762261071797
101.2223294576009,-1336.8454996744792,-860.3180948893229,0.0939375386866955
147.04483540852866,-1382.9717610677083,-883.9240112304688,0.09393761332633162
111.8456522623698,-1475.2242838541667,-949.3472493489584,0.09393753530390676
161.89867146809897,-1521.3505452473958,-972.3457845052084,0.093937605456808
122.46897379557292,-1613.6030680338542,-1038.3764038085938,0.09393753432212638
176.75250752766928,-1659.7293294270833,-1060.767578125,0.09393782378964555
133.09229787190756,-1751.9818522135417,-1127.4055989583333,0.09393778298344811
191.6063461303711,-1798.1081136067708,-1149.1893717447917,0.09393736699256969
143.7156219482422,-1890.3606363932292,-1216.4347737630208,0.09393778340067607
206.46018727620444,-1936.4868977864583,-1237.6111653645833,0.09393786465222534
180.4309107462565,-2028.7394205729167,-1302.8524169921875,0.10807630482733872
318.9998728434245,-1060.0879720052083,-600.52587890625,0.18168782863547822
406.65442911783856,-1106.2142130533855,-589.6336263020834,0.14260090686139962
402.81675211588544,-1198.4667154947917,-663.952880859375,0.13257788908912127
450.70873006184894,-1244.5929768880208,-668.7001546223959,0.13257786229872395
449.46412150065106,-1336.8454996744792,-740.5235799153646,0.1325778976404797
500.9519958496094,-1382.9717610677083,-742.9609375,0.13257792793041515
496.1114908854167,-1475.2242838541667,-817.0942789713541,0.13257781117419373
551.1952616373698,-1521.3505452473958,-817.2217203776041,0.13257789685452082
542.7588602701823,-1613.6030680338542,-893.6649780273438,0.1325778685254526
601.4385172526041,-1659.7293294270833,-891.4824829101562,0.13257758816057233
589.4062093098959,-1751.9818522135417,-970.2356770833334,0.13257809428974562
651.6817626953125,-1798.1081136067708,-965.7432657877604,0.13257801175272604
636.0535888671875,-1890.3606363932292,-1046.8063557942708,0.13257753699111918
701.925048828125,-1936.4868977864583,-1040.0040283203125,0.13257810388894764
701.6282958984375,-2028.7394205729167,-1112.4544270833333,0.14756859581735007
1036.4311930338542,-2074.865681966146,-852.1650187174479,0.16759384382109643
962.1334025065104,-2028.7394205729167,-894.6700032552084,0.1722531599184376
966.4951171875,-1936.4868977864583,-800.1214192708334,0.19046621776792003
905.2083740234375,-1890.3606363932292,-825.2063395182291,0.19046637054721097
897.3653971354166,-1798.1081136067708,-743.0238850911459,0.19046640768965512
838.8780924479166,-1751.9818522135417,-764.8793741861979,0.19046638003775787
828.2356567382812,-1659.7293294270833,-685.9263509114584,0.19046642019312512
772.5478108723959,-1613.6030680338542,-704.5524088541666,0.19046639120393777
759.1059163411459,-1521.3505452473958,-628.8288167317709,0.1904664349041844
706.217529296875,-1475.2242838541667,-644.2254435221354,0.19046640453248914
689.9761759440104,-1382.9717610677083,-571.7312927246094,0.19046634314608596
639.8872477213541,-1336.8454996744792,-583.8984883626302,0.19046638380244
620.8464558919271,-1244.5929768880208,-514.6337687174479,0.19046617293607737
573.5569864908854,-1198.4667154947917,-523.571523030599,0.19046630404249762
568.6537679036459,-1106.2142130533855,-431.19334920247394,0.2658106137730503
506.6800842285156,-1060.0879720052083,-452.60003662109375,0.25102277456719607
1294.3221028645833,-2074.865681966146,-352.94886271158856,0.31171794908654926
1245.1828206380208,-2028.7394205729167,-418.1776835123698,0.3060089535540793
1211.537353515625,-1936.4868977864583,-326.31946818033856,0.3377926825614976
1166.2095947265625,-1890.3606363932292,-374.59694417317706,0.33779223924801904
1124.935546875,-1798.1081136067708,-303.09925333658856,0.3377929601279839
1080.812744140625,-1751.9818522135417,-347.2762044270833,0.33779250336912514
1038.3337809244792,-1659.7293294270833,-279.87904357910156,0.33779246580284134
995.4158935546875,-1613.6030680338542,-319.95545959472656,0.3377929969825966
951.7319946289062,-1521.3505452473958,-256.65882364908856,0.33779245849509115
910.0190022786459,-1475.2242838541667,-292.63470967610675,0.3377925072280839
865.1301879882812,-1382.9717610677083,-233.43861389160156,0.3377927772767083
824.6221110026041,-1336.8454996744792,-265.31397501627606,0.3377926379925858
778.5283813476562,-1244.5929768880208,-210.2184041341146,0.3377925719456609
739.2252400716146,-1198.4667154947917,-237.99323527018228,0.3377926021705935
695.6898600260416,-1106.2142130533855,-163.80434926350912,0.3969267748776601
644.5759887695312,-1060.0879720052083,-215.96380360921225,0.40901179652347763
1325.1306559244792,-2074.865681966146,208.0100835164388,0.5276895702068691
1306.4993896484375,-2028.7394205729167,132.5106404622396,0.5069425488341446
1237.6111653645833,-1936.4868977864583,206.46018727620444,0.5561383176746605
1216.4347737630208,-1890.3606363932292,143.7156219482422,0.5561382223079937
1149.1893717447917,-1798.1081136067708,191.6063461303711,0.5561374283514104
1127.4055989583333,-1751.9818522135417,133.09229787190756,0.5561378915867724
1060.767578125,-1659.7293294270833,176.75250752766928,0.5561379693910031
1038.3764038085938,-1613.6030680338542,122.46897379557292,0.5561376675738543
972.3457845052084,-1521.3505452473958,161.89867146809897,0.5561378032048537
949.3472493489584,-1475.2242838541667,111.8456522623698,0.5561377360100389
883.9240112304688,-1382.9717610677083,147.04483540852866,0.5561378847737558
860.3180948893229,-1336.8454996744792,101.2223294576009,0.5561378209917867
795.5022379557291,-1244.5929768880208,132.19099807739258,0.5561379810079579
771.2889200846354,-1198.4667154947917,90.59900665283203,0.5561380964285894
703.2084554036459,-1106.2142130533855,132.5201555887858,0.5951051954746763
677.6814778645834,-1060.0879720052083,56.0363883972168,0.6219743220716665
1123.5295003255208,-2074.865681966146,732.2887980143229,0.7838602796602054
1135.2770589192708,-2028.7394205729167,659.3343098958334,0.7420732728595811
1040.0040283203125,-1936.4868977864583,701.925048828125,0.810588390458191
1046.8063557942708,-1890.3606363932292,636.0535888671875,0.8105876279977545
965.7432657877604,-1798.1081136067708,651.6817626953125,0.8105884827811402
970.2356770833334,-1751.9818522135417,589.4062093098959,0.8105885901455273
891.4824829101562,-1659.7293294270833,601.4385172526041,0.8105876788867119
893.6649780273438,-1613.6030680338542,542.7588602701823,0.8105880285444121
817.2217203776041,-1521.3505452473958,551.1952616373698,0.8105880795493894
817.0942789713541,-1475.2242838541667,496.1114908854167,0.8105879783959496
742.9609375,-1382.9717610677083,500.9519958496094,0.81058818860932
740.5235799153646,-1336.8454996744792,449.46412150065106,0.8105881554167912
668.7001546223959,-1244.5929768880208,450.70873006184894,0.8105880917858399
663.952880859375,-1198.4667154947917,402.81675211588544,0.8105881181531776
589.6336263020834,-1106.2142130533855,406.65442911783856,0.8283372126309015
600.52587890625,-1060.0879720052083,318.9998728434245,0.8608117304716822
452.60003662109375,-1060.0879720052083,506.6800842285156,1.060305617003733
431.19334920247394,-1106.2142130533855,568.6537679036459,1.0789618208438596
523.571523030599,-1198.4667154947917,573.5569864908854,0.967888285425781
514.6337687174479,-1244.5929768880208,620.8464558919271,0.9678881073019656
583.8984883626302,-1336.8454996744792,639.8872477213541,0.9678884457083542
571.7312927246094,-1382.9717610677083,689.9761759440104,0.9678883888514369
644.2254435221354,-1475.2242838541667,706.217529296875,0.9678884873666581
628.8288167317709,-1521.3505452473958,759.1059163411459,0.9678885307139193
704.5524088541666,-1613.6030680338542,772.5478108723959,0.9678884605821184
685.9263509114584,-1659.7293294270833,828.2356567382812,0.9678885025858398
764.8793741861979,-1751.9818522135417,838.8780924479166,0.967888438142994
743.0238850911459,-1798.1081136067708,897.3653971354166,0.9678884786787493
825.2063395182291,-1890.3606363932292,905.2083740234375,0.9678884190711543
800.1214192708334,-1936.4868977864583,966.4951171875,0.967888193022114
859.8948567708334,-2028.7394205729167,995.3048299153646,0.998132948241368
610.6247762044271,-1807.3334147135417,999.2324015299479,1.034292544845438
634.8369750976562,-1742.7566324869792,933.9356689453125,1.0342923469909775
598.9249064127604,-1650.5041097005208,885.9828694661459,1.0342923469909775
464.84583536783856,-1373.7465413411458,759.0615234375,1.0342920909576665
481.14536539713544,-1318.39501953125,705.9564412434896,1.0342920692229745
445.2333068847656,-1226.1424967447917,658.003662109375,1.034291805984867
-500.42933146158856,-1761.2071533203125,-1025.6466471354167,0.11400992341924976
-465.8535970052083,-1816.5586344401042,-1080.8649495442708,0.11400940983808917
-486.8011067708333,-1908.8111572265625,-1136.9928792317708,0.11400940983808917
-377.0972188313802,-1327.6202799479167,-773.2129923502604,0.11400963297687125
-357.0556233723958,-1392.197021484375,-828.3601684570312,0.11400966727908934
-378.0031331380208,-1484.4495442708333,-884.4881388346354,0.11400966727908934
-150.57825978597006,-1936.4868977864583,-1245.645751953125,0.09395146590149728
-204.81515502929688,-1890.3606363932292,-1207.6499837239583,0.09395144725561685
-139.9191157023112,-1798.1081136067708,-1156.620849609375,0.09395096991130364
-189.9257380167643,-1751.9818522135417,-1119.2341715494792,0.09395149156619276
-129.25997161865234,-1659.7293294270833,-1067.595967610677,0.09395122340261684
-175.03632609049478,-1613.6030680338542,-1030.818379720052,0.09395096294035996
-118.600830078125,-1521.3505452473958,-978.5711059570312,0.0939512248498532
-160.14691162109375,-1475.2242838541667,-942.4026082356771,0.09395121920247909
-107.94168345133464,-1382.9717610677083,-889.5462036132812,0.09395146821927015
-145.25749969482422,-1336.8454996744792,-853.9867757161459,0.09395145694972329
-97.2825444539388,-1244.5929768880208,-800.5212809244791,0.09395122016172396
-130.3680877685547,-1198.4667154947917,-765.5709635416666,0.0939512176699472
-94.42778778076172,-1106.2142130533855,-710.7964274088541,0.08883458972641683
28.228289286295574,-1936.4868977864583,-1254.3964029947917,0.09153897004659219
-30.863911946614582,-1890.3606363932292,-1224.5060628255208,0.09153904602518839
26.10937245686849,-1798.1081136067708,-1164.7606608072917,0.09153896729819179
-28.7089360555013,-1751.9818522135417,-1134.8712158203125,0.09153853368537068
23.990455627441406,-1659.7293294270833,-1075.124979654948,0.09153873646942497
-26.55395762125651,-1613.6030680338542,-1045.2364095052083,0.09153878337608198
21.871541341145832,-1521.3505452473958,-985.4892985026041,0.09153873449026921
-24.398976643880207,-1475.2242838541667,-955.6015828450521,0.0915387857536336
19.752628326416016,-1382.9717610677083,-895.8536173502604,0.09153873212443017
-22.24399693806966,-1336.8454996744792,-865.9667358398438,0.09153904963356449
17.633712768554688,-1244.5929768880208,-806.2178955078125,0.09153896370912082
-20.08901850382487,-1198.4667154947917,-776.3318684895834,0.09153879219801078
-23.607491811116535,-1106.2142130533855,-715.8759155273438,0.10016729793689944
380.48914591471356,-1936.4868977864583,-1195.6317138671875,0.101282891542028
315.36952209472656,-1890.3606363932292,-1183.6003824869792,0.10128354974228115
353.2027638753255,-1798.1081136067708,-1110.223876953125,0.10128329432388197
292.1841532389323,-1751.9818522135417,-1096.9892578125,0.10128305176300997
325.9163869222005,-1659.7293294270833,-1024.8160196940105,0.1012835798074226
268.99878946940106,-1613.6030680338542,-1010.3781127929688,0.10128355013143123
298.6300099690755,-1521.3505452473958,-939.4081217447916,0.10128333672993704
245.81342569986978,-1475.2242838541667,-923.7669677734375,0.10128330466555667
271.3436330159505,-1382.9717610677083,-854.0002644856771,0.10128334270905562
222.62806193033853,-1336.8454996744792,-837.1558430989584,0.10128330784814325
244.05725606282553,-1244.5929768880208,-768.5924072265625,0.10128334997018389
199.44269816080728,-1198.4667154947917,-750.5447184244791,0.10128331179506425
201.90279134114584,-1106.2142130533855,-688.1298014322916,0.09425608246661808
546.7724405924479,-1936.4868977864583,-1129.3126220703125,0.11396543034076805
480.6033935546875,-1890.3606363932292,-1126.6712646484375,0.11396537301436524
507.60898844401044,-1798.1081136067708,-1048.6574096679688,0.11396607043485016
445.32798258463544,-1751.9818522135417,-1044.2413533528645,0.11396589040689988
468.44554646809894,-1659.7293294270833,-968.0021158854166,0.11396591939637479
410.0525614420573,-1613.6030680338542,-961.8114013671875,0.11396611042690041
429.2821044921875,-1521.3505452473958,-887.3468221028646,0.11396581666407314
374.7771504720052,-1475.2242838541667,-879.3814493815104,0.11396585696884572
390.11866251627606,-1382.9717610677083,-806.6915486653646,0.11396586218554246
339.50172932942706,-1336.8454996744792,-796.9515177408854,0.11396585775549596
350.95521036783856,-1244.5929768880208,-726.0362752278646,0.11396586353146121
304.22630818684894,-1198.4667154947917,-714.5215861002604,0.11396585873106956
268.43329366048175,-1106.2142130533855,-663.3304443359375,0.13693839897303292
842.7884521484375,-1936.4868977864583,-929.5239664713541,0.15783383691253436
778.5555623372396,-1890.3606363932292,-945.6315307617188,0.15783407081429326
782.4881795247396,-1798.1081136067708,-863.1693929036459,0.1578337584583185
721.48583984375,-1751.9818522135417,-876.4788004557291,0.157833819975024
722.1879069010416,-1659.7293294270833,-796.8148396809896,0.15783373570383302
664.4161376953125,-1613.6030680338542,-807.3261108398438,0.1578334635548105
661.8876546223959,-1521.3505452473958,-730.4603068033854,0.15783384790160765
607.346435546875,-1475.2242838541667,-738.1734212239584,0.15783388763581707
601.5873819986979,-1382.9717610677083,-664.1057535807291,0.15783382940113805
550.2767130533854,-1336.8454996744792,-669.0207112630209,0.15783387141175406
541.287109375,-1244.5929768880208,-597.7512003580729,0.15783380693390084
493.2070007324219,-1198.4667154947917,-599.8680013020834,0.15783378145325197
463.50319417317706,-1106.2142130533855,-547.0950113932291,0.15147372643042809
1070.5267740885417,-1936.4868977864583,-654.4307454427084,0.2311110691609146
1013.4337768554688,-1890.3606363932292,-687.9823404947916,0.23111096751063512
993.974853515625,-1798.1081136067708,-607.7525634765625,0.2311116144299318
939.1932169596354,-1751.9818522135417,-637.7091878255209,0.23111137196041598
917.4229125976562,-1659.7293294270833,-561.0743815104166,0.231111248522484
864.9526570638021,-1613.6030680338542,-587.4360555013021,0.23111133207629764
840.8709920247396,-1521.3505452473958,-514.3962198893229,0.231111197741386
790.7120971679688,-1475.2242838541667,-537.1629231770834,0.23111128446846524
764.3190714518229,-1382.9717610677083,-467.7180480957031,0.2311112342308035
716.4715372721354,-1336.8454996744792,-486.88979085286456,0.23111120575408675
687.7671508789062,-1244.5929768880208,-421.0398763020833,0.23111125764534793
642.2309977213541,-1198.4667154947917,-436.6166585286458,0.23111111368420265
611.2152506510416,-1106.2142130533855,-374.36170450846356,0.23111153688346645
1152.7655436197917,-1936.4868977864583,-495.41774495442706,0.28018832597752735
1101.0286051432292,-1890.3606363932292,-536.7530212402344,0.2801884812591676
1070.349853515625,-1798.1081136067708,-460.1091715494792,0.280188239649245
1020.3890991210938,-1751.9818522135417,-497.55711873372394,0.2801887402700098
987.9341023763021,-1659.7293294270833,-424.8005676269531,0.2801887078792954
939.7495524088541,-1613.6030680338542,-458.3612060546875,0.2801884037969125
905.5183512369791,-1521.3505452473958,-389.4919840494792,0.2801884936038736
859.1100463867188,-1475.2242838541667,-419.1653238932292,0.2801884396177147
823.1026204427084,-1382.9717610677083,-354.18341064453125,0.28018853812039274
778.4705403645834,-1336.8454996744792,-379.9694315592448,0.28018852779617376
740.6868896484375,-1244.5929768880208,-318.8748270670573,0.28018854826818956
697.8310343424479,-1198.4667154947917,-340.7735290527344,0.2801885379227855
645.2555135091146,-1106.2142130533855,-312.0513916015625,0.2801887073270226
1245.645751953125,-1936.4868977864583,-150.57825978597006,0.4036032192426384
1207.6499837239583,-1890.3606363932292,-204.81515502929688,0.40360320024799534
1156.620849609375,-1798.1081136067708,-139.9191157023112,0.4036023711204643
1119.2341715494792,-1751.9818522135417,-189.9257380167643,0.4036028747214487
1067.595967610677,-1659.7293294270833,-129.25997161865234,0.4036024089326852
1030.818379720052,-1613.6030680338542,-175.03632609049478,0.40360217359776623
978.5711059570312,-1521.3505452473958,-118.600830078125,0.40360262852395873
942.4026082356771,-1475.2242838541667,-160.14691162109375,0.40360262383167533
889.5462036132812,-1382.9717610677083,-107.94168345133464,0.4036030563633786
853.9867757161459,-1336.8454996744792,-145.25749969482422,0.403603047974844
800.5212809244791,-1244.5929768880208,-97.2825444539388,0.40360263668402685
765.5709635416666,-1198.4667154947917,-130.3680877685547,0.40360263509037964
710.7964274088541,-1106.2142130533855,-94.42778778076172,0.39463132026252123
1254.3964029947917,-1936.4868977864583,28.228289286295574,0.4768196265784141
1224.5060628255208,-1890.3606363932292,-30.863911946614582,0.47681971031408776
1164.7606608072917,-1798.1081136067708,26.10937245686849,0.4768195649078231
1134.8712158203125,-1751.9818522135417,-28.7089360555013,0.4768191122013352
1075.124979654948,-1659.7293294270833,23.990455627441406,0.47681948673769176
1045.2364095052083,-1613.6030680338542,-26.55395762125651,0.4768195325257838
985.4892985026041,-1521.3505452473958,21.871541341145832,0.47681944223513145
955.6015828450521,-1475.2242838541667,-24.398976643880207,0.4768194881535358
895.8536173502604,-1382.9717610677083,19.752628326416016,0.47681938910198396
865.9667358398438,-1336.8454996744792,-22.24399693806966,0.476819642776575
806.2178955078125,-1244.5929768880208,17.633712768554688,0.47681948407686137
776.3318684895834,-1198.4667154947917,-20.08901850382487,0.47681936740722314
715.8759155273438,-1106.2142130533855,-23.607491811116535,0.4924892708473017
1195.6317138671875,-1936.4868977864583,380.48914591471356,0.6397583751539379
1183.6003824869792,-1890.3606363932292,315.36952209472656,0.6397591878766722
1110.223876953125,-1798.1081136067708,353.2027638753255,0.6397586991203785
1096.9892578125,-1751.9818522135417,292.1841532389323,0.6397584138730944
1024.8160196940105,-1659.7293294270833,325.9163869222005,0.6397594243138678
1010.3781127929688,-1613.6030680338542,268.99878946940106,0.6397593914907049
939.4081217447916,-1521.3505452473958,298.6300099690755,0.6397589831359244
923.7669677734375,-1475.2242838541667,245.81342569986978,0.6397589503829749
854.0002644856771,-1382.9717610677083,271.3436330159505,0.6397590231812117
837.1558430989584,-1336.8454996744792,222.62806193033853,0.6397589912100494
768.5924072265625,-1244.5929768880208,244.05725606282553,0.6397590718127898
750.5447184244791,-1198.4667154947917,199.44269816080728,0.6397590418422173
688.1298014322916,-1106.2142130533855,201.90279134114584,0.6261110489698121
1129.3126220703125,-1936.4868977864583,546.7724405924479,0.7254398856813196
1126.6712646484375,-1890.3606363932292,480.6033935546875,0.7254398117446863
1048.6574096679688,-1798.1081136067708,507.60898844401044,0.7254411187449008
1044.2413533528645,-1751.9818522135417,445.32798258463544,0.725440896186519
968.0021158854166,-1659.7293294270833,468.44554646809894,0.7254409505141826
961.8114013671875,-1613.6030680338542,410.0525614420573,0.7254411743935382
887.3468221028646,-1521.3505452473958,429.2821044921875,0.7254406238680959
879.3814493815104,-1475.2242838541667,374.7771504720052,0.7254406679315691
806.6915486653646,-1382.9717610677083,390.11866251627606,0.7254406777079094
796.9515177408854,-1336.8454996744792,339.50172932942706,0.725440673301403
726.0362752278646,-1244.5929768880208,350.95521036783856,0.7254406841258396
714.5215861002604,-1198.4667154947917,304.22630818684894,0.7254406799608668
663.3304443359375,-1106.2142130533855,268.43329366048175,0.7667656946792242
929.5239664713541,-1936.4868977864583,842.7884521484375,0.8923749543856409
945.6315307617188,-1890.3606363932292,778.5555623372396,0.8923752834072352
863.1693929036459,-1798.1081136067708,782.4881795247396,0.8923747503317985
876.4788004557291,-1751.9818522135417,721.48583984375,0.892374834968604
796.8148396809896,-1659.7293294270833,722.1879069010416,0.8923746911489786
807.3261108398438,-1613.6030680338542,664.4161376953125,0.8923743270298976
730.4603068033854,-1521.3505452473958,661.8876546223959,0.8923749829674313
738.1734212239584,-1475.2242838541667,607.346435546875,0.8923750342339899
664.1057535807291,-1382.9717610677083,601.5873819986979,0.8923749348490371
669.0207112630209,-1336.8454996744792,550.2767130533854,0.892374986453092
597.7512003580729,-1244.5929768880208,541.287109375,0.8923748764133567
599.8680013020834,-1198.4667154947917,493.2070007324219,0.8923748472411744
547.0950113932291,-1106.2142130533855,463.50319417317706,0.8814170674448544
674.5362345377604,-2001.0636800130208,1107.3296305338542,1.0342921728087484
776.4779052734375,-2074.865681966146,1094.8190104166667,0.9618988487479011
-501.72560628255206,-2074.865681966146,-1244.9168701171875,0.0836534194959537
-567.332265218099,-2001.0636800130208,-1165.8954264322917,0.11400970899960566
-260.0568033854167,-2074.865681966146,-1316.8772786458333,0.06897472214650625
52.08093516031901,-2074.865681966146,-1341.0871175130208,0.06889462579059352
-37.37712097167969,-2028.7394205729167,-1313.8074951171875,0.08751928336990006
-159.22240447998047,-2028.7394205729167,-1305.0683186848958,0.09755628391877481
302.0452117919922,-2074.865681966146,-1307.9532063802083,0.06994475180858681
596.6432596842448,-2074.865681966146,-1202.0204671223958,0.09294412689648955
507.6588643391927,-2028.7394205729167,-1212.0763346354167,0.10465143302933318
393.19411214192706,-2028.7394205729167,-1254.7432861328125,0.10822503243503273
811.2074584960938,-2074.865681966146,-1069.5895589192708,0.11153641204214268
875.7371012369791,-2028.7394205729167,-981.0315958658854,0.16934148058228618
1178.092041015625,-2074.865681966146,-643.5946248372396,0.21062122464788327
1097.8859049479167,-2028.7394205729167,-724.0648396809896,0.24734620096354495
1202.4698486328125,-2028.7394205729167,-532.625254313151,0.29755630825048957
1338.3258463541667,-2074.865681966146,-104.70584106445312,0.381408268532399
1298.6724039713542,-2028.7394205729167,-206.85375213623047,0.41959392449031624
1315.1895345052083,-2028.7394205729167,10.661852518717447,0.500120907923284
1263.8003743489583,-2074.865681966146,452.52783203125,0.6120980078777066
1268.2737630208333,-2028.7394205729167,347.0792541503906,0.6528582504016496
1193.7996826171875,-2028.7394205729167,552.1067708333334,0.7532805581309439
967.6047159830729,-2074.865681966146,930.3420613606771,0.8552632295179236
1012.1489054361979,-2028.7394205729167,839.1124267578125,0.8999227639596549
693.7267659505209,-1908.8111572265625,1023.9488728841146,1.0342917274039152
528.7572835286459,-1567.4768473307292,867.1587524414062,1.0342919581330108
540.0351359049479,-1484.4495442708333,795.9696451822916,1.0342921988220297
382.9783528645833,-1133.8899943033855,626.9879150390625,1.034292379601849
-421.92835489908856,-1650.5041097005208,-982.6765543619791,0.11401002262596702
-444.00014241536456,-1567.4768473307292,-913.4617919921875,0.11400956187577069
-313.1304016113281,-1226.1424967447917,-730.1717936197916,0.11400966066931312
-320.6680399576823,-1133.8899943033855,-661.0281778971354,0.11400967659333995
215.96380360921225,-1060.0879720052083,644.5759887695312,1.2251206350657884
163.80434926350912,-1106.2142130533855,695.6898600260416,1.2049962441374715
237.99323527018228,-1198.4667154947917,739.2252400716146,1.1297649608095293
210.2184041341146,-1244.5929768880208,778.5283813476562,1.1297648892887393
265.31397501627606,-1336.8454996744792,824.6221110026041,1.1297649769288667
233.43861389160156,-1382.9717610677083,865.1301879882812,1.1297652764243633
292.63470967610675,-1475.2242838541667,910.0190022786459,1.1297649180868237
256.65882364908856,-1521.3505452473958,951.7319946289062,1.1297648202033357
319.95545959472656,-1613.6030680338542,995.4158935546875,1.129765534742313
279.87904357910156,-1659.7293294270833,1038.3337809244792,1.1297645209912592
347.2762044270833,-1751.9818522135417,1080.812744140625,1.1297645708393775
303.09925333658856,-1798.1081136067708,1124.935546875,1.1297654085519278
374.59694417317706,-1890.3606363932292,1166.2095947265625,1.1297644519894223
326.31946818033856,-1936.4868977864583,1211.537353515625,1.1297652395284663
372.91697184244794,-2028.7394205729167,1261.3420817057292,1.1604539461767518
-56.0363883972168,-1060.0879720052083,677.6814778645834,1.2673852651209354
-132.5201555887858,-1106.2142130533855,703.2084554036459,1.1988627336956135
-90.59900665283203,-1198.4667154947917,771.2889200846354,1.1549932223071022
-132.19099807739258,-1244.5929768880208,795.5022379557291,1.1549928048339417
-101.2223294576009,-1336.8454996744792,860.3180948893229,1.1549926219191384
-147.04483540852866,-1382.9717610677083,883.9240112304688,1.1549928142869046
-111.8456522623698,-1475.2242838541667,949.3472493489584,1.1549926442347966
-161.89867146809897,-1521.3505452473958,972.3457845052084,1.1549928222992836
-122.46897379557292,-1613.6030680338542,1038.3764038085938,1.154992667259206
-176.75250752766928,-1659.7293294270833,1060.767578125,1.154993392711765
-133.09229787190756,-1751.9818522135417,1127.4055989583333,1.154993303773608
-191.6063461303711,-1798.1081136067708,1149.1893717447917,1.1549922723833401
-143.7156219482422,-1890.3606363932292,1216.4347737630208,1.1549931799567228
-206.46018727620444,-1936.4868977864583,1237.6111653645833,1.1549933795605094
-180.4309107462565,-2028.7394205729167,1302.8524169921875,1.1846433555643248
-318.9998728434245,-1060.0879720052083,600.52587890625,1.1771287069110565
-406.65442911783856,-1106.2142130533855,589.6336263020834,1.052844246145879
-402.81675211588544,-1198.4667154947917,663.952880859375,1.0344639511193385
-450.70873006184894,-1244.5929768880208,668.7001546223959,1.0344638513013213
-449.46412150065106,-1336.8454996744792,740.5235799153646,1.034463917340333
-500.9519958496094,-1382.9717610677083,742.9609375,1.034464022504125
-496.1114908854167,-1475.2242838541667,817.0942789713541,1.0344638043354029
-551.1952616373698,-1521.3505452473958,817.2217203776041,1.0344640852837526
-542.7588602701823,-1613.6030680338542,893.6649780273438,1.0344640323485328
-601.4385172526041,-1659.7293294270833,891.4824829101562,1.034463155485601
-589.4062093098959,-1751.9818522135417,970.2356770833334,1.0344641012302347
-651.6817626953125,-1798.1081136067708,965.7432657877604,1.03446385316579
-636.0535888671875,-1890.3606363932292,1046.8063557942708,1.0344629660338376
-701.925048828125,-1936.4868977864583,1040.0040283203125,1.034464612870408
-701.6282958984375,-2028.7394205729167,1112.4544270833333,1.0617083355896064
-1036.4311930338542,-2074.865681966146,852.1650187174479,0.8507151904674463
-962.1334025065104,-2028.7394205729167,894.6700032552084,0.8630636177275782
-966.4951171875,-1936.4868977864583,800.1214192708334,0.8925972505355364
-905.2083740234375,-1890.3606363932292,825.2063395182291,0.8925976982727754
-897.3653971354166,-1798.1081136067708,743.0238850911459,0.8925977571670715
-838.8780924479166,-1751.9818522135417,764.8793741861979,0.8925976720777051
-828.2356567382812,-1659.7293294270833,685.9263509114584,0.8925977357493908
-772.5478108723959,-1613.6030680338542,704.5524088541666,0.8925976412576796
-759.1059163411459,-1521.3505452473958,628.8288167317709,0.892597710550242
-706.217529296875,-1475.2242838541667,644.2254435221354,0.8925976044692389
-689.9761759440104,-1382.9717610677083,571.7312927246094,0.8925975071329101
-639.8872477213541,-1336.8454996744792,583.8984883626302,0.8925976616867211
-620.8464558919271,-1244.5929768880208,514.6337687174479,0.8925973273299056
-573.5569864908854,-1198.4667154947917,523.571523030599,0.8925978818338427
-568.6537679036459,-1106.2142130533855,431.19334920247394,1.0028410041691187
-506.6800842285156,-1060.0879720052083,452.60003662109375,0.9653211046572348
-1294.3221028645833,-2074.865681966146,352.94886271158856,0.6135270949519461
-1245.1828206380208,-2028.7394205729167,418.1776835123698,0.6012237124263986
-1211.537353515625,-1936.4868977864583,326.31946818033856,0.6399993271341101
-1166.2095947265625,-1890.3606363932292,374.59694417317706,0.6399981414343701
-1124.935546875,-1798.1081136067708,303.09925333658856,0.6399990100130304
-1080.812744140625,-1751.9818522135417,347.2762044270833,0.6399977024071514
-1038.3337809244792,-1659.7293294270833,279.87904357910156,0.6399976571440428
-995.4158935546875,-1613.6030680338542,319.95545959472656,0.6399993070993
-951.7319946289062,-1521.3505452473958,256.65882364908856,0.6399986582828983
-910.0190022786459,-1475.2242838541667,292.63470967610675,0.6399988256029514
-865.1301879882812,-1382.9717610677083,233.43861389160156,0.6399991509809627
-824.6221110026041,-1336.8454996744792,265.31397501627606,0.6399986082440022
-778.5283813476562,-1244.5929768880208,210.2184041341146,0.6399985286649437
-739.2252400716146,-1198.4667154947917,237.99323527018228,0.6399986677879294
-695.6898600260416,-1106.2142130533855,163.80434926350912,0.7097401903681955
-644.5759887695312,-1060.0879720052083,215.96380360921225,0.7439498665455578
-1325.1306559244792,-2074.865681966146,-208.0100835164388,0.39220276887229444
-1306.4993896484375,-2028.7394205729167,-132.5106404622396,0.35933957901242547
-1237.6111653645833,-1936.4868977864583,-206.46018727620444,0.40379951138999715
-1216.4347737630208,-1890.3606363932292,-143.7156219482422,0.4037993061713846
-1149.1893717447917,-1798.1081136067708,-191.6063461303711,0.40379858273287794
-1127.4055989583333,-1751.9818522135417,-133.09229787190756,0.4037996603249931
-1060.767578125,-1659.7293294270833,-176.75250752766928,0.40379973121880536
-1038.3764038085938,-1613.6030680338542,-122.46897379557292,0.4037989592982445
-972.3457845052084,-1521.3505452473958,-161.89867146809897,0.40379908288270727
-949.3472493489584,-1475.2242838541667,-111.8456522623698,0.4037988894053219
-883.9240112304688,-1382.9717610677083,-147.04483540852866,0.4037990249560628
-860.3180948893229,-1336.8454996744792,-101.2223294576009,0.40379881081099966
-795.5022379557291,-1244.5929768880208,-132.19099807739258,0.4037989566147536
-771.2889200846354,-1198.4667154947917,-90.59900665283203,0.4037994347302978
-703.2084554036459,-1106.2142130533855,-132.5201555887858,0.4395267454732515
-677.6814778645834,-1060.0879720052083,-56.0363883972168,0.5220792422446168
-1123.5295003255208,-2074.865681966146,-732.2887980143229,0.23000127038159454
-1135.2770589192708,-2028.7394205729167,-659.3343098958334,0.18593123640687387
-1040.0040283203125,-1936.4868977864583,-701.925048828125,0.23123814329354236
-1046.8063557942708,-1890.3606363932292,-636.0535888671875,0.2312370232320272
-965.7432657877604,-1798.1081136067708,-651.6817626953125,0.2312376131181194
-970.2356770833334,-1751.9818522135417,-589.4062093098959,0.23123778206119558
-891.4824829101562,-1659.7293294270833,-601.4385172526041,0.23123715320123142
-893.6649780273438,-1613.6030680338542,-542.7588602701823,0.23123775129040525
-817.2217203776041,-1521.3505452473958,-551.1952616373698,0.2312377864889746
-817.0942789713541,-1475.2242838541667,-496.1114908854167,0.2312375945299488
-742.9609375,-1382.9717610677083,-500.9519958496094,0.2312377395983096
-740.5235799153646,-1336.8454996744792,-449.46412150065106,0.2312376676029797
-668.7001546223959,-1244.5929768880208,-450.70873006184894,0.2312376236912277
-663.952880859375,-1198.4667154947917,-402.81675211588544,0.23123769218276943
-589.6336263020834,-1106.2142130533855,-406.65442911783856,0.24361826801822659
-600.52587890625,-1060.0879720052083,-318.9998728434245,0.3403611314712909
-452.60003662109375,-1060.0879720052083,-506.6800842285156,0.20595065557972644
-431.19334920247394,-1106.2142130533855,-568.6537679036459,0.22872963169475546
-523.571523030599,-1198.4667154947917,-573.5569864908854,0.15791507911681862
-514.6337687174479,-1244.5929768880208,-620.8464558919271,0.1579147984544395
-583.8984883626302,-1336.8454996744792,-639.8872477213541,0.15791499440315404
-571.7312927246094,-1382.9717610677083,-689.9761759440104,0.15791491534195604
-644.2254435221354,-1475.2242838541667,-706.217529296875,0.1579149723856011
-628.8288167317709,-1521.3505452473958,-759.1059163411459,0.15791502715065606
-704.5524088541666,-1613.6030680338542,-772.5478108723959,0.1579149865419637
-685.9263509114584,-1659.7293294270833,-828.2356567382812,0.157915035716249
-764.8793741861979,-1751.9818522135417,-838.8780924479166,0.1579149984016533
-743.0238850911459,-1798.1081136067708,-897.3653971354166,0.15791504299646125
-825.2063395182291,-1890.3606363932292,-905.2083740234375,0.15791500848163928
-800.1214192708334,-1936.4868977864583,-966.4951171875,0.1579147723508101
-859.8948567708334,-2028.7394205729167,-995.3048299153646,0.1759021863700576
-610.6247762044271,-1807.3334147135417,-999.2324015299479,0.13263952974705912
-634.8369750976562,-1742.7566324869792,-933.9356689453125,0.1326393266952273
-598.9249064127604,-1650.5041097005208,-885.9828694661459,0.1326393266952273
-464.84583536783856,-1373.7465413411458,-759.0615234375,0.13263934879488642
-481.14536539713544,-1318.39501953125,-705.9564412434896,0.1326393137133124
-445.2333068847656,-1226.1424967447917,-658.003662109375,0.13263912638788716
500.42933146158856,-1761.2071533203125,1025.6466471354167,1.08898682627112
465.8535970052083,-1816.5586344401042,1080.8649495442708,1.088986244380793
486.8011067708333,-1908.8111572265625,1136.9928792317708,1.088986244380793
377.0972188313802,-1327.6202799479167,773.2129923502604,1.0889866518541855
357.0556233723958,-1392.197021484375,828.3601684570312,1.0889866877060925
378.0031331380208,-1484.4495442708333,884.4881388346354,1.0889866877060925
150.57825978597006,-1936.4868977864583,1245.645751953125,1.1549456222587027
204.81515502929688,-1890.3606363932292,1207.6499837239583,1.154945586342161
139.9191157023112,-1798.1081136067708,1156.620849609375,1.1549445460238814
189.9257380167643,-1751.9818522135417,1119.2341715494792,1.1549455410583824
129.25997161865234,-1659.7293294270833,1067.595967610677,1.1549449566264924
175.03632609049478,-1613.6030680338542,1030.818379720052,1.1549444654843932
118.600830078125,-1521.3505452473958,978.5711059570312,1.1549450362870772
160.14691162109375,-1475.2242838541667,942.4026082356771,1.1549450257826777
107.94168345133464,-1382.9717610677083,889.5462036132812,1.154945568486372
145.25749969482422,-1336.8454996744792,853.9867757161459,1.1549455478681334
97.2825444539388,-1244.5929768880208,800.5212809244791,1.1549450318156809
130.3680877685547,-1198.4667154947917,765.5709635416666,1.1549450273488637
94.42778778076172,-1106.2142130533855,710.7964274088541,1.14362637223031
-28.228289286295574,-1936.4868977864583,1254.3964029947917,1.163474439873773
30.863911946614582,-1890.3606363932292,1224.5060628255208,1.163474607362217
-26.10937245686849,-1798.1081136067708,1164.7606608072917,1.1634744337853011
28.7089360555013,-1751.9818522135417,1134.8712158203125,1.1634734779333256
-23.990455627441406,-1659.7293294270833,1075.124979654948,1.163473925031643
26.55395762125651,-1613.6030680338542,1045.2364095052083,1.1634740284306369
-21.871541341145832,-1521.3505452473958,985.4892985026041,1.163473920647267
24.398976643880207,-1475.2242838541667,955.6015828450521,1.163474033647893
-19.752628326416016,-1382.9717610677083,895.8536173502604,1.163473915406302
22.24399693806966,-1336.8454996744792,865.9667358398438,1.1634746152801498
-17.633712768554688,-1244.5929768880208,806.2178955078125,1.163474425834336
20.08901850382487,-1198.4667154947917,776.3318684895834,1.1634740477890204
23.607491811116535,-1106.2142130533855,715.8759155273438,1.1820353631085714
-380.48914591471356,-1936.4868977864583,1195.6317138671875,1.129857332398315
-315.36952209472656,-1890.3606363932292,1183.6003824869792,1.1298590854873263
-353.2027638753255,-1798.1081136067708,1110.223876953125,1.1298585471698266
-292.1841532389323,-1751.9818522135417,1096.9892578125,1.1298578894426898
-325.9163869222005,-1659.7293294270833,1024.8160196940105,1.129859002344948
-268.99878946940106,-1613.6030680338542,1010.3781127929688,1.1298589201763758
-298.6300099690755,-1521.3505452473958,939.4081217447916,1.129858470413363
-245.81342569986978,-1475.2242838541667,923.7669677734375,1.1298583794107429
-271.3436330159505,-1382.9717610677083,854.0002644856771,1.1298584595909194
-222.62806193033853,-1336.8454996744792,837.1558430989584,1.1298583576719008
-244.05725606282553,-1244.5929768880208,768.5924072265625,1.1298584464479782
-199.44269816080728,-1198.4667154947917,750.5447184244791,1.1298583307122105
-201.90279134114584,-1106.2142130533855,688.1298014322916,1.1147647451118736
-546.7724405924479,-1936.4868977864583,1129.3126220703125,1.089121253269896
-480.6033935546875,-1890.3606363932292,1126.6712646484375,1.0891210919710457
-507.60898844401044,-1798.1081136067708,1048.6574096679688,1.0891224864610254
-445.32798258463544,-1751.9818522135417,1044.2413533528645,1.0891219664976182
-468.44554646809894,-1659.7293294270833,968.0021158854166,1.0891220244619313
-410.0525614420573,-1613.6030680338542,961.8114013671875,1.0891225933159403
-429.2821044921875,-1521.3505452473958,887.3468221028646,1.0891220059387825
-374.7771504720052,-1475.2242838541667,879.3814493815104,1.0891221303790608
-390.11866251627606,-1382.9717610677083,806.6915486653646,1.0891221408098226
-339.50172932942706,-1336.8454996744792,796.9515177408854,1.0891221265236564
-350.95521036783856,-1244.5929768880208,726.0362752278646,1.0891221380726726
-304.22630818684894,-1198.4667154947917,714.5215861002604,1.0891221217423295
-268.43329366048175,-1106.2142130533855,663.3304443359375,1.1328333240212083
-842.7884521484375,-1936.4868977864583,929.5239664713541,0.9680894716417684
-778.5555623372396,-1890.3606363932292,945.6315307617188,0.9680901596855751
-782.4881795247396,-1798.1081136067708,863.1693929036459,0.9680896201168678
-721.48583984375,-1751.9818522135417,876.4788004557291,0.9680898087513107
-722.1879069010416,-1659.7293294270833,796.8148396809896,0.9680896631798463
-664.4161376953125,-1613.6030680338542,807.3261108398438,0.9680887869175184
-661.8876546223959,-1521.3505452473958,730.4603068033854,0.9680894508448656
-607.346435546875,-1475.2242838541667,738.1734212239584,0.9680895864526744
-601.5873819986979,-1382.9717610677083,664.1057535807291,0.9680894858571397
-550.2767130533854,-1336.8454996744792,669.0207112630209,0.968089639756642
-541.287109375,-1244.5929768880208,597.7512003580729,0.9680895283765402
-493.2070007324219,-1198.4667154947917,599.8680013020834,0.9680894264217462
-463.50319417317706,-1106.2142130533855,547.0950113932291,0.9569932112610458
-1070.5267740885417,-1936.4868977864583,654.4307454427084,0.8108247931074205
-1013.4337768554688,-1890.3606363932292,687.9823404947916,0.8108245004404457
-993.974853515625,-1798.1081136067708,607.7525634765625,0.8108254381089814
-939.1932169596354,-1751.9818522135417,637.7091878255209,0.8108247000065727
-917.4229125976562,-1659.7293294270833,561.0743815104166,0.8108245210911222
-864.9526570638021,-1613.6030680338542,587.4360555013021,0.8108247928147332
-840.8709920247396,-1521.3505452473958,514.3962198893229,0.810824598104784
-790.7120971679688,-1475.2242838541667,537.1629231770834,0.8108249035955197
-764.3190714518229,-1382.9717610677083,467.7180480957031,0.8108248307792082
-716.4715372721354,-1336.8454996744792,486.88979085286456,0.8108247200560341
-687.7671508789062,-1244.5929768880208,421.0398763020833,0.8108247952691368
-642.2309977213541,-1198.4667154947917,436.6166585286458,0.8108241603020313
-611.2152506510416,-1106.2142130533855,374.36170450846356,0.8108247737024876
-1152.7655436197917,-1936.4868977864583,495.41774495442706,0.7256819482584014
-1101.0286051432292,-1890.3606363932292,536.7530212402344,0.7256823819086057
-1070.349853515625,-1798.1081136067708,460.1091715494792,0.7256820624735749
-1020.3890991210938,-1751.9818522135417,497.55711873372394,0.7256835502297642
-987.9341023763021,-1659.7293294270833,424.8005676269531,0.7256835074056714
-939.7495524088541,-1613.6030680338542,458.3612060546875,0.725682534133963
-905.5183512369791,-1521.3505452473958,389.4919840494792,0.7256826528686873
-859.1100463867188,-1475.2242838541667,419.1653238932292,0.7256824637405334
-823.1026204427084,-1382.9717610677083,354.18341064453125,0.7256825939719472
-778.4705403645834,-1336.8454996744792,379.9694315592448,0.7256825534798315
-740.6868896484375,-1244.5929768880208,318.8748270670573,0.7256825805460948
-697.8310343424479,-1198.4667154947917,340.7735290527344,0.7256825335794512
-645.2555135091146,-1106.2142130533855,312.0513916015625,0.725682757550514
-1245.645751953125,-1936.4868977864583,150.57825978597006,0.5563686851963365
-1207.6499837239583,-1890.3606363932292,204.81515502929688,0.5563686371948899
-1156.620849609375,-1798.1081136067708,139.9191157023112,0.5563677270085097
-1119.2341715494792,-1751.9818522135417,189.9257380167643,0.5563690957942584
-1067.595967610677,-1659.7293294270833,129.25997161865234,0.5563685844679019
-1030.818379720052,-1613.6030680338542,175.03632609049478,0.5563678860560016
-978.5711059570312,-1521.3505452473958,118.600830078125,0.5563683854577618
-942.4026082356771,-1475.2242838541667,160.14691162109375,0.5563683699333751
-889.5462036132812,-1382.9717610677083,107.94168345133464,0.5563688447511866
-853.9867757161459,-1336.8454996744792,145.25749969482422,0.5563688128653973
-800.5212809244791,-1244.5929768880208,97.2825444539388,0.5563683613650746
-765.5709635416666,-1198.4667154947917,130.3680877685547,0.5563683540721881
-710.7964274088541,-1106.2142130533855,94.42778778076172,0.5465040489819039
-1254.3964029947917,-1936.4868977864583,-28.228289286295574,0.47703545032487255
-1224.5060628255208,-1890.3606363932292,30.863911946614582,0.4770356472621124
-1164.7606608072917,-1798.1081136067708,-26.10937245686849,0.47703550183674104
-1134.8712158203125,-1751.9818522135417,28.7089360555013,0.47703435273272077
-1075.124979654948,-1659.7293294270833,-23.990455627441406,0.4770347273181348
-1045.2364095052083,-1613.6030680338542,26.55395762125651,0.4770348548077565
-985.4892985026041,-1521.3505452473958,-21.871541341145832,0.4770347645052731
-955.6015828450521,-1475.2242838541667,24.398976643880207,0.4770349079582681
-895.8536173502604,-1382.9717610677083,-19.752628326416016,0.47703480889373123
-865.9667358398438,-1336.8454996744792,22.24399693806966,0.47703572812221495
-806.2178955078125,-1244.5929768880208,-17.633712768554688,0.477035569401633
-776.3318684895834,-1198.4667154947917,20.08901850382487,0.47703505249809286
-715.8759155273438,-1106.2142130533855,23.607491811116535,0.4927069545280357
-1195.6317138671875,-1936.4868977864583,-380.48914591471356,0.3379657705171479
-1183.6003824869792,-1890.3606363932292,-315.36952209472656,0.33796734095015635
-1110.223876953125,-1798.1081136067708,-353.2027638753255,0.33796693519859966
-1096.9892578125,-1751.9818522135417,-292.1841532389323,0.3379663397109135
-1024.8160196940105,-1659.7293294270833,-325.9163869222005,0.33796717854972286
-1010.3781127929688,-1613.6030680338542,-268.99878946940106,0.3379671032573958
-939.4081217447916,-1521.3505452473958,-298.6300099690755,0.3379667642529866
-923.7669677734375,-1475.2242838541667,-245.81342569986978,0.3379666797151969
-854.0002644856771,-1382.9717610677083,-271.3436330159505,0.3379667401501906
-837.1558430989584,-1336.8454996744792,-222.62806193033853,0.33796664396533815
-768.5924072265625,-1244.5929768880208,-244.05725606282553,0.3379667108794021
-750.5447184244791,-1198.4667154947917,-199.44269816080728,0.3379665996297323
-688.1298014322916,-1106.2142130533855,-201.90279134114584,0.3266853425950423
-1129.3126220703125,-1936.4868977864583,-546.7724405924479,0.28033826591399297
-1126.6712646484375,-1890.3606363932292,-480.6033935546875,0.2803381401317446
-1048.6574096679688,-1798.1081136067708,-507.60898844401044,0.2803391289604185
-1044.2413533528645,-1751.9818522135417,-445.32798258463544,0.28033872115726266
-968.0021158854166,-1659.7293294270833,-468.44554646809894,0.28033876225959375
-961.8114013671875,-1613.6030680338542,-410.0525614420573,0.2803392113023079
-887.3468221028646,-1521.3505452473958,-429.2821044921875,0.28033879479465384
-879.3814493815104,-1475.2242838541667,-374.7771504720052,0.28033889375071225
-806.6915486653646,-1382.9717610677083,-390.11866251627606,0.28033890114713717
-796.9515177408854,-1336.8454996744792,-339.50172932942706,0.2803388896903497
-726.0362752278646,-1244.5929768880208,-350.95521036783856,0.28033889787972605
-714.5215861002604,-1198.4667154947917,-304.22630818684894,0.28033888465484236
-663.3304443359375,-1106.2142130533855,-268.43329366048175,0.3121979131974338
-929.5239664713541,-1936.4868977864583,-842.7884521484375,0.19056931011255637
-945.6315307617188,-1890.3606363932292,-778.5555623372396,0.19056972035221395
-863.1693929036459,-1798.1081136067708,-782.4881795247396,0.19056938407771654
-876.4788004557291,-1751.9818522135417,-721.48583984375,0.1905694962544474
-796.8148396809896,-1659.7293294270833,-722.1879069010416,0.19056940553021365
-807.3261108398438,-1613.6030680338542,-664.4161376953125,0.19056888597438637
-730.4603068033854,-1521.3505452473958,-661.8876546223959,0.19056929975226303
-738.1734212239584,-1475.2242838541667,-607.346435546875,0.19056937988811787
-664.1057535807291,-1382.9717610677083,-601.5873819986979,0.19056931719416045
-669.0207112630209,-1336.8454996744792,-550.2767130533854,0.19056940779105636
-597.7512003580729,-1244.5929768880208,-541.287109375,0.19056933837585127
-599.8680013020834,-1198.4667154947917,-493.2070007324219,0.19056927862301187
-547.0950113932291,-1106.2142130533855,-463.50319417317706,0.1837137393717217
-674.5362345377604,-2001.0636800130208,-1107.3296305338542,0.13263948000607564
-776.4779052734375,-2074.865681966146,-1094.8190104166667,0.10819892449506528
501.72560628255206,-2074.865681966146,1244.9168701171875,1.0413619566305459
567.332265218099,-2001.0636800130208,1165.8954264322917,1.0889869777803467
260.0568033854167,-2074.865681966146,1316.8772786458333,1.0864788595620751
-52.08093516031901,-2074.865681966146,1341.0871175130208,1.1093778897812432
37.37712097167969,-2028.7394205729167,1313.8074951171875,1.1545047450761243
159.22240447998047,-2028.7394205729167,1305.0683186848958,1.1627223406184546
-302.0452117919922,-2074.865681966146,1307.9532063802083,1.0756085750602407
-596.6432596842448,-2074.865681966146,1202.0204671223958,1.0367941287740983
-507.6588643391927,-2028.7394205729167,1212.0763346354167,1.0700832721977702
-393.19411214192706,-2028.7394205729167,1254.7432861328125,1.1442297017813545
-811.2074584960938,-2074.865681966146,1069.5895589192708,0.9323403312988212
-875.7371012369791,-2028.7394205729167,981.0315958658854,0.9876263031306658
-1178.092041015625,-2074.865681966146,643.5946248372396,0.7054894361024686
-1097.8859049479167,-2028.7394205729167,724.0648396809896,0.834029688826629
-1202.4698486328125,-2028.7394205729167,532.625254313151,0.7484061649241556
-1338.3258463541667,-2074.865681966146,104.70584106445312,0.465078842718214
-1298.6724039713542,-2028.7394205729167,206.85375213623047,0.5738731615221996
-1315.1895345052083,-2028.7394205729167,-10.661852518717447,0.5003396639508924
-1263.8003743489583,-2074.865681966146,-452.52783203125,0.2695900335553939
-1268.2737630208333,-2028.7394205729167,-347.0792541503906,0.3488856276130331
-1193.7996826171875,-2028.7394205729167,-552.1067708333334,0.3016715473645195
-967.6047159830729,-2074.865681966146,-930.3420613606771,0.14452892894190986
-1012.1489054361979,-2028.7394205729167,-839.1124267578125,0.19535760928601015
-693.7267659505209,-1908.8111572265625,-1023.9488728841146,0.13263916528999437
-528.7572835286459,-1567.4768473307292,-867.1587524414062,0.13263918948983391
-540.0351359049479,-1484.4495442708333,-795.9696451822916,0.1326394000473735
-382.9783528645833,-1133.8899943033855,-626.9879150390625,0.132639327168139
421.92835489908856,-1650.5041097005208,982.6765543619791,1.088987040868426
444.00014241536456,-1567.4768473307292,913.4617919921875,1.0889863898699677
313.1304016113281,-1226.1424967447917,730.1717936197916,1.0889867200782628
320.6680399576823,-1133.8899943033855,661.0281778971354,1.0889867424169513
966.73046875,-2160.03857421875,979.4534912109375,0.24045094283068577
1036.9900716145833,-2199.085205078125,912.9905802408854,0.24045129982202618
1149.2449137369792,-2160.03857421875,757.0555216471354,0.17161611878540384
1204.1507568359375,-2199.085205078125,677.4372151692709,0.1716160023041275
1281.5318603515625,-2160.03857421875,501.5705973307292,0.10742736084541514
1318.684326171875,-2199.085205078125,412.27655029296875,0.10742787672788887
1357.8097330729167,-2160.03857421875,224.16461435953775,0.05504941526405307
1375.5850423177083,-2199.085205078125,129.09743372599283,0.05504941136050607
1374.7447509765625,-2160.03857421875,-63.03842035929362,0.01930142756868373
1372.3660481770833,-2199.085205078125,-159.72385787963867,0.019301522839691786
1331.5968424479167,-2160.03857421875,-347.48638916015625,0.0020119799193869187
1309.1680908203125,-2199.085205078125,-441.56446329752606,0.0020119142499102397
1230.2517496744792,-2160.03857421875,-616.7475382486979,0.0
1188.753173828125,-2199.085205078125,-704.1065673828125,0.0
1075.1387532552083,-2160.03857421875,-859.0538330078125,0.0
1016.3840942382812,-2199.085205078125,-935.8758138020834,0.0
873.0370890299479,-2160.03857421875,-1063.8153483072917,0.0
799.5941569010416,-2199.085205078125,-1126.7428385416667,0.0
632.7794901529948,-2160.03857421875,-1222.0830891927083,0.0
547.8581034342448,-2199.085205078125,-1268.3658040364583,0.0
364.86638895670575,-2160.03857421875,-1326.9399007161458,0.0
272.1780141194661,-2199.085205078125,-1354.5550537109375,0.0
81.00686136881511,-2160.03857421875,-1373.8030598958333,0.0
-15.397560119628906,-2199.085205078125,-1381.5437418619792,0.0
-206.3930435180664,-2160.03857421875,-1360.6244303385417,0.0
-302.30017852783203,-2199.085205078125,-1348.1523844401042,0.0
-484.77257283528644,-2160.03857421875,-1287.9800211588542,0.0
732.7631632486979,-2279.671142578125,1139.81787109375,0.0
803.2078653971354,-2296.7626953125,1065.351318359375,0.0
-462.4871317545573,-2296.7626953125,-1251.4879150390625,0.0
-563.2100219726562,-2279.671142578125,-1232.4451904296875,0.0
-576.9660441080729,-2185.7168782552085,-1257.6254069010417,0.0
962.4404500325521,-2267.447265625,962.6387329101562,0.0
1145.4125162760417,-2267.447265625,736.2004597981771,0.0
1015.9570515950521,-2296.7626953125,865.4669189453125,0.0
1276.0309651692708,-2267.447265625,475.9423319498698,0.0
1180.1402587890625,-2296.7626953125,623.9996236165365,0.0
1348.2787679036458,-2267.447265625,193.79050572713217,0.0
1287.85009765625,-2296.7626953125,352.5234680175781,0.0
1358.8203938802083,-2267.447265625,-97.31723912556966,0.0
1333.892822265625,-2296.7626953125,64.06127039591472,0.0
1307.1566162109375,-2267.447265625,-384.02732340494794,0.0
1316.0397135416667,-2296.7626953125,-227.54263051350912,0.0
1195.648193359375,-2267.447265625,-653.1855875651041,0.0
1235.1352945963542,-2296.7626953125,-508.28941853841144,0.0
1029.4075724283855,-2267.447265625,-892.4435017903646,0.0
1095.0572509765625,-2296.7626953125,-764.7005411783854,0.0
816.0634155273438,-2267.447265625,-1090.8272298177083,0.0
902.5298258463541,-2296.7626953125,-984.4674275716146,0.0
565.4090270996094,-2267.447265625,-1239.242919921875,0.0
666.7996724446615,-2296.7626953125,-1157.0445963541667,0.0
288.95081583658856,-2267.447265625,-1330.895751953125,0.0
399.1901143391927,-2296.7626953125,-1274.15771484375,0.0
-0.6222890218098959,-2267.447265625,-1361.6021728515625,0.0
112.55493418375652,-2296.7626953125,-1330.2021891276042,0.0
-290.0237503051758,-2267.447265625,-1329.9816487630208,0.0
-179.34134419759116,-2296.7626953125,-1322.5121256510417,0.0
-576.8281453450521,-2236.9873860677085,-1257.3729654947917,0.0
742.9404500325521,-2146.6702473958335,1160.8297932942708,0.5194117630186437
825.483154296875,-2185.7168782552085,1110.4270426432292,0.2943605754218048
746.3812866210938,-2236.9873860677085,1164.7456461588542,0.0
-966.73046875,-2160.03857421875,-979.4534912109375,0.0
-1036.9900716145833,-2199.085205078125,-912.9905802408854,0.0
-1149.2449137369792,-2160.03857421875,-757.0555216471354,0.0
-1204.1507568359375,-2199.085205078125,-677.4372151692709,0.0
-1281.5318603515625,-2160.03857421875,-501.5705973307292,0.0005906250136957514
-1318.684326171875,-2199.085205078125,-412.27655029296875,0.0005906547829536837
-1357.8097330729167,-2160.03857421875,-224.16461435953775,0.013791968729287772
-1375.5850423177083,-2199.085205078125,-129.09743372599283,0.013791967262250347
-1374.7447509765625,-2160.03857421875,63.03842035929362,0.045426845247156206
-1372.3660481770833,-2199.085205078125,159.72385787963867,0.04542695246251258
-1331.5968424479167,-2160.03857421875,347.48638916015625,0.09437850500004882
-1309.1680908203125,-2199.085205078125,441.56446329752606,0.09437817820815034
-1230.2517496744792,-2160.03857421875,616.7475382486979,0.1564615423255445
-1188.753173828125,-2199.085205078125,704.1065673828125,0.1564616861088195
-1075.1387532552083,-2160.03857421875,859.0538330078125,0.2249605159289961
-1016.3840942382812,-2199.085205078125,935.8758138020834,0.22496075528794046
-873.0370890299479,-2160.03857421875,1063.8153483072917,0.2916132210786265
-799.5941569010416,-2199.085205078125,1126.7428385416667,0.29161374660299005
-632.7794901529948,-2160.03857421875,1222.0830891927083,0.347884377498817
-547.8581034342448,-2199.085205078125,1268.3658040364583,0.34788333645641806
-364.86638895670575,-2160.03857421875,1326.9399007161458,0.3863074364298688
-272.1780141194661,-2199.085205078125,1354.5550537109375,0.38630688612166253
-81.00686136881511,-2160.03857421875,1373.8030598958333,0.4016837474206813
15.397560119628906,-2199.085205078125,1381.5437418619792,0.40168368775465496
206.3930435180664,-2160.03857421875,1360.6244303385417,0.3919117887785677
302.30017852783203,-2199.085205078125,1348.1523844401042,0.3919124218414321
484.77257283528644,-2160.03857421875,1287.9800211588542,0.35832843257909713
-732.7631632486979,-2279.671142578125,-1139.81787109375,0.0
-803.2078653971354,-2296.7626953125,-1065.351318359375,0.0
462.4871317545573,-2296.7626953125,1251.4879150390625,0.0
563.2100219726562,-2279.671142578125,1232.4451904296875,0.0
576.9660441080729,-2185.7168782552085,1257.6254069010417,0.5965340748253282
-962.4404500325521,-2267.447265625,-962.6387329101562,0.0
-1145.4125162760417,-2267.447265625,-736.2004597981771,0.0
-1015.9570515950521,-2296.7626953125,-865.4669189453125,0.0
-1276.0309651692708,-2267.447265625,-475.9423319498698,0.0
-1180.1402587890625,-2296.7626953125,-623.9996236165365,0.0
-1348.2787679036458,-2267.447265625,-193.79050572713217,0.0
-1287.85009765625,-2296.7626953125,-352.5234680175781,0.0
-1358.8203938802083,-2267.447265625,97.31723912556966,0.0
-1333.892822265625,-2296.7626953125,-64.06127039591472,0.0
-1307.1566162109375,-2267.447265625,384.02732340494794,0.0
-1316.0397135416667,-2296.7626953125,227.54263051350912,0.0
-1195.648193359375,-2267.447265625,653.1855875651041,0.0
-1235.1352945963542,-2296.7626953125,508.28941853841144,0.0
-1029.4075724283855,-2267.447265625,892.4435017903646,0.0
-1095.0572509765625,-2296.7626953125,764.7005411783854,0.0
-816.0634155273438,-2267.447265625,1090.8272298177083,0.0
-902.5298258463541,-2296.7626953125,984.4674275716146,0.0
-565.4090270996094,-2267.447265625,1239.242919921875,0.0
-666.7996724446615,-2296.7626953125,1157.0445963541667,0.0
-288.95081583658856,-2267.447265625,1330.895751953125,0.0
-399.1901143391927,-2296.7626953125,1274.15771484375,0.0
0.6222890218098959,-2267.447265625,1361.6021728515625,0.0
-112.55493418375652,-2296.7626953125,1330.2021891276042,0.0
290.0237503051758,-2267.447265625,1329.9816487630208,0.0
179.34134419759116,-2296.7626953125,1322.5121256510417,0.0
576.8281453450521,-2236.9873860677085,1257.3729654947917,0.0012048818758169156
-742.9404500325521,-2146.6702473958335,-1160.8297932942708,0.0
-825.483154296875,-2185.7168782552085,-1110.4270426432292,0.0
-746.3812866210938,-2236.9873860677085,-1164.7456461588542,0.0
-151.15191650390625,-2572.310302734375,-325.6390838623047,0.0
-201.04818725585938,-2561.47705078125,-400.61925252278644,0.0
-265.2420196533203,-2532.6663411458335,-566.7662658691406,0.0
-321.5821126302083,-2514.6888834635415,-637.2931009928385,0.0
-377.6180725097656,-2471.705810546875,-804.2308553059896,0.0
-440.03790283203125,-2446.7001953125,-869.8485921223959,0.0
-521.8743794759115,-2389.8224283854165,-1019.6492919921875,0.0
514.1757202148438,-2446.7001953125,828.1867268880209,0.0
446.2744649251302,-2471.705810546875,768.2589314778646,0.0
375.9021504720052,-2514.6888834635415,606.8402709960938,0.0
313.62962849934894,-2532.6663411458335,541.492177327474,0.0
235.19940185546875,-2561.47705078125,381.572270711263,0.0
178.9580535888672,-2572.310302734375,311.22618103027344,0.0
584.4003499348959,-2446.7001953125,780.2218424479166,0.0
511.534423828125,-2471.705810546875,726.4400838216146,0.0
427.36134847005206,-2514.6888834635415,571.769032796224,0.0
359.6303304036458,-2532.6663411458335,512.0970153808594,0.0
267.5606180826823,-2561.47705078125,359.6212921142578,0.0
205.40221150716147,-2572.310302734375,294.44464111328125,0.0
650.1773478190104,-2446.7001953125,726.3190307617188,0.0
572.9013061523438,-2471.705810546875,679.0925903320312,0.0
475.56805419921875,-2514.6888834635415,532.3462727864584,0.0
402.89402262369794,-2532.6663411458335,478.8044738769531,0.0
297.8855285644531,-2561.47705078125,334.9333801269531,0.0
230.28314208984375,-2572.310302734375,275.4222157796224,0.0
711.006103515625,-2446.7001953125,666.8884887695312,0.0
629.9080607096354,-2471.705810546875,626.5768229166666,0.0
520.1554056803385,-2514.6888834635415,488.87206013997394,0.0
443.09144083658856,-2532.6663411458335,441.8679504394531,0.0
325.94334920247394,-2561.47705078125,307.6964162190755,0.0
253.41146850585938,-2572.310302734375,254.30364481608072,0.0
766.4236857096354,-2446.7001953125,602.3825073242188,0.0
682.120849609375,-2471.705810546875,569.2923990885416,0.0
560.7840779622396,-2514.6888834635415,441.67722574869794,0.0
479.9166768391927,-2532.6663411458335,401.5685526529948,0.0
351.5205485026042,-2561.47705078125,278.1177062988281,0.0
274.61118570963544,-2572.310302734375,231.2496795654297,0.0
293.720947265625,-2572.310302734375,206.43576049804688,0.0
374.42246500651044,-2561.47705078125,246.42235310872397,0.0
513.0894673665365,-2532.6663411458335,358.2129720052083,0.0
597.1448262532552,-2514.6888834635415,391.12096150716144,0.0
729.1422729492188,-2471.705810546875,507.6753234863281,0.0
816.00830078125,-2446.7001953125,533.2920430501302,0.0
943.6942545572916,-2389.8224283854165,649.4365234375,0.0
310.5953114827474,-2572.310302734375,180.05074818929037,0.0
394.47479756673175,-2561.47705078125,212.85158030192056,0.0
542.3573099772135,-2532.6663411458335,312.1311747233073,0.0
628.9609375,-2514.6888834635415,337.58802286783856,0.0
770.6144816080729,-2471.705810546875,442.1945292154948,0.0
859.3826090494791,-2446.7001953125,460.1428934733073,0.0
975.8048909505209,-2389.8224283854165,596.7318420410156,0.0
896.2164916992188,-2446.7001953125,383.4917704264323,0.0
806.2218627929688,-2471.705810546875,373.3483581542969,0.0
655.9903055826823,-2514.6888834635415,281.485834757487,0.0
567.4975077311198,-2532.6663411458335,263.6738637288411,0.0
411.5249430338542,-2561.47705078125,177.66087086995444,0.0
325.1058603922526,-2572.310302734375,152.2954355875651,0.0
926.2296346028646,-2446.7001953125,303.92205810546875,0.0
835.6934000651041,-2471.705810546875,301.66078694661456,0.0
678.0271809895834,-2514.6888834635415,223.24137369791666,0.0
588.3187154134115,-2532.6663411458335,213.20983378092447,0.0
425.44313557942706,-2561.47705078125,141.11805470784506,0.0
337.1421610514323,-2572.310302734375,123.38106282552083,0.0
949.193603515625,-2446.7001953125,222.03931681315103,0.0
858.8048095703125,-2471.705810546875,227.67740376790366,0.0
694.9038289388021,-2514.6888834635415,163.29791259765625,0.0
604.6624348958334,-2532.6663411458335,161.12315368652344,0.0
436.12343343098956,-2561.47705078125,103.50124486287434,0.0
346.6125996907552,-2572.310302734375,93.52768580118816,0.0
353.4450988769531,-2572.310302734375,62.9625047047933,0.0
443.4845886230469,-2561.47705078125,65.09672737121582,0.0
616.4043172200521,-2532.6663411458335,107.81022644042969,0.0
706.4918619791666,-2514.6888834635415,102.11165618896484,0.0
875.3801676432291,-2471.705810546875,151.9612553914388,0.0
964.9336140950521,-2446.7001953125,138.4667180379232,0.0
1130.7162272135417,-2389.8224283854165,184.39107259114584,0.0
357.5876973470052,-2572.310302734375,31.91814359029134,0.0
447.47056070963544,-2561.47705078125,26.1967871983846,0.0
623.4549967447916,-2532.6663411458335,53.67680072784424,0.0
712.7030639648438,-2514.6888834635415,40.14826742808024,0.0
885.2933756510416,-2471.705810546875,75.08858553568523,0.0
973.3299357096354,-2446.7001953125,53.840300877889,0.0
1137.5443929036458,-2389.8224283854165,123.05386734008789,0.0
974.3186238606771,-2446.7001953125,-31.195871988932293,0.0
888.468994140625,-2471.705810546875,-2.3555520375569663,0.0
713.4901733398438,-2514.6888834635415,-22.120673497517902,0.0
625.7608032226562,-2532.6663411458335,-0.8651386896769205,0.0
448.0509847005208,-2561.47705078125,-12.90252717336019,0.0
359.00880940755206,-2572.310302734375,0.6308654149373373,0.0
967.8921305338541,-2446.7001953125,-115.99462636311848,0.0
884.8827921549479,-2471.705810546875,-79.78176244099934,0.0
708.8471883138021,-2514.6888834635415,-84.22126134236653,0.0
623.30419921875,-2532.6663411458335,-55.400492350260414,0.0
445.2214864095052,-2561.47705078125,-51.90364456176758,0.0
357.69764200846356,-2572.310302734375,-30.661214192708332,0.0
954.0994059244791,-2446.7001953125,-199.91059366861978,0.0
874.5620930989584,-2471.705810546875,-156.60078938802084,0.0
698.8094278971354,-2514.6888834635415,-145.68088022867838,0.0
616.1038614908854,-2532.6663411458335,-109.51421610514323,0.0
439.0035909016927,-2561.47705078125,-90.50974527994792,0.0
353.66420491536456,-2572.310302734375,-61.71994272867838,0.0
346.93915303548175,-2572.310302734375,-92.30894724527995,0.0
429.44459533691406,-2561.47705078125,-128.42701466878256,0.0
604.214599609375,-2532.6663411458335,-162.7944768269857,0.0
683.4533284505209,-2514.6888834635415,-206.03177897135416,0.0
857.5854695638021,-2471.705810546875,-232.22798665364584,0.0
933.0454305013021,-2446.7001953125,-282.30510965983075,0.0
1101.25,-2389.8224283854165,-316.0128529866536,0.0
337.5736897786458,-2572.310302734375,-122.19542439778645,0.0
416.6172739664714,-2561.47705078125,-165.36687215169272,0.0
587.7269083658854,-2532.6663411458335,-214.83576456705728,0.0
662.8957316080729,-2514.6888834635415,-264.81464131673175,0.0
834.0821126302084,-2471.705810546875,-306.08777872721356,0.0
904.8904012044271,-2446.7001953125,-362.5511169433594,0.0
1081.5161946614583,-2389.8224283854165,-374.4889424641927,0.0
325.6390838623047,-2572.310302734375,-151.15191650390625,0.0
400.61925252278644,-2561.47705078125,-201.04818725585938,0.0
566.7662658691406,-2532.6663411458335,-265.2420196533203,0.0
637.2931009928385,-2514.6888834635415,-321.5821126302083,0.0
804.2308553059896,-2471.705810546875,-377.6180725097656,0.0
869.8485921223959,-2446.7001953125,-440.03790283203125,0.0
1019.6492919921875,-2389.8224283854165,-521.8743794759115,0.0
311.22618103027344,-2572.310302734375,-178.9580535888672,0.0
381.572270711263,-2561.47705078125,-235.19940185546875,0.0
541.492177327474,-2532.6663411458335,-313.62962849934894,0.0
606.8402709960938,-2514.6888834635415,-375.9021504720052,0.0
768.2589314778646,-2471.705810546875,-446.2744649251302,0.0
828.1867268880209,-2446.7001953125,-514.1757202148438,0.0
990.0610148111979,-2389.8224283854165,-576.0353393554688,0.0
294.44464111328125,-2572.310302734375,-205.40221150716147,0.0
359.6212921142578,-2561.47705078125,-267.5606180826823,0.0
512.0970153808594,-2532.6663411458335,-359.6303304036458,0.0
571.769032796224,-2514.6888834635415,-427.36134847005206,0.0
726.4400838216146,-2471.705810546875,-511.534423828125,0.0
780.2218424479166,-2446.7001953125,-584.4003499348959,0.0
955.8648885091146,-2389.8224283854165,-627.4114176432291,0.0
726.3190307617188,-2446.7001953125,-650.1773478190104,0.0
679.0925903320312,-2471.705810546875,-572.9013061523438,0.0
532.3462727864584,-2514.6888834635415,-475.56805419921875,0.0
478.8044738769531,-2532.6663411458335,-402.89402262369794,0.0
334.9333801269531,-2561.47705078125,-297.8855285644531,0.0
275.4222157796224,-2572.310302734375,-230.28314208984375,0.0
666.8884887695312,-2446.7001953125,-711.006103515625,0.0
626.5768229166666,-2471.705810546875,-629.9080607096354,0.0
488.87206013997394,-2514.6888834635415,-520.1554056803385,0.0
441.8679504394531,-2532.6663411458335,-443.09144083658856,0.0
307.6964162190755,-2561.47705078125,-325.94334920247394,0.0
254.30364481608072,-2572.310302734375,-253.41146850585938,0.0
602.3825073242188,-2446.7001953125,-766.4236857096354,0.0
569.2923990885416,-2471.705810546875,-682.120849609375,0.0
441.67722574869794,-2514.6888834635415,-560.7840779622396,0.0
401.5685526529948,-2532.6663411458335,-479.9166768391927,0.0
278.1177062988281,-2561.47705078125,-351.5205485026042,0.0
231.2496795654297,-2572.310302734375,-274.61118570963544,0.0
206.43576049804688,-2572.310302734375,-293.720947265625,0.0
246.42235310872397,-2561.47705078125,-374.42246500651044,0.0
358.2129720052083,-2532.6663411458335,-513.0894673665365,0.0
391.12096150716144,-2514.6888834635415,-597.1448262532552,0.0
507.6753234863281,-2471.705810546875,-729.1422729492188,0.0
533.2920430501302,-2446.7001953125,-816.00830078125,0.0
649.4365234375,-2389.8224283854165,-943.6942545572916,0.0
180.05074818929037,-2572.310302734375,-310.5953114827474,0.0
212.85158030192056,-2561.47705078125,-394.47479756673175,0.0
312.1311747233073,-2532.6663411458335,-542.3573099772135,0.0
337.58802286783856,-2514.6888834635415,-628.9609375,0.0
442.1945292154948,-2471.705810546875,-770.6144816080729,0.0
460.1428934733073,-2446.7001953125,-859.3826090494791,0.0
596.7318420410156,-2389.8224283854165,-975.8048909505209,0.0
383.4917704264323,-2446.7001953125,-896.2164916992188,0.0
373.3483581542969,-2471.705810546875,-806.2218627929688,0.0
281.485834757487,-2514.6888834635415,-655.9903055826823,0.0
263.6738637288411,-2532.6663411458335,-567.4975077311198,0.0
177.66087086995444,-2561.47705078125,-411.5249430338542,0.0
152.2954355875651,-2572.310302734375,-325.1058603922526,0.0
303.92205810546875,-2446.7001953125,-926.2296346028646,0.0
301.66078694661456,-2471.705810546875,-835.6934000651041,0.0
223.24137369791666,-2514.6888834635415,-678.0271809895834,0.0
213.20983378092447,-2532.6663411458335,-588.3187154134115,0.0
141.11805470784506,-2561.47705078125,-425.44313557942706,0.0
123.38106282552083,-2572.310302734375,-337.1421610514323,0.0
222.03931681315103,-2446.7001953125,-949.193603515625,0.0
227.67740376790366,-2471.705810546875,-858.8048095703125,0.0
163.29791259765625,-2514.6888834635415,-694.9038289388021,0.0
161.12315368652344,-2532.6663411458335,-604.6624348958334,0.0
103.50124486287434,-2561.47705078125,-436.12343343098956,0.0
93.52768580118816,-2572.310302734375,-346.6125996907552,0.0
62.9625047047933,-2572.310302734375,-353.4450988769531,0.0
65.09672737121582,-2561.47705078125,-443.4845886230469,0.0
107.81022644042969,-2532.6663411458335,-616.4043172200521,0.0
102.11165618896484,-2514.6888834635415,-706.4918619791666,0.0
151.9612553914388,-2471.705810546875,-875.3801676432291,0.0
138.4667180379232,-2446.7001953125,-964.9336140950521,0.0
184.39107259114584,-2389.8224283854165,-1130.7162272135417,0.0
31.91814359029134,-2572.310302734375,-357.5876973470052,0.0
26.1967871983846,-2561.47705078125,-447.47056070963544,0.0
53.67680072784424,-2532.6663411458335,-623.4549967447916,0.0
40.14826742808024,-2514.6888834635415,-712.7030639648438,0.0
75.08858553568523,-2471.705810546875,-885.2933756510416,0.0
53.840300877889,-2446.7001953125,-973.3299357096354,0.0
123.05386734008789,-2389.8224283854165,-1137.5443929036458,0.0
-31.195871988932293,-2446.7001953125,-974.3186238606771,0.0
-2.3555520375569663,-2471.705810546875,-888.468994140625,0.0
-22.120673497517902,-2514.6888834635415,-713.4901733398438,0.0
-0.8651386896769205,-2532.6663411458335,-625.7608032226562,0.0
-12.90252717336019,-2561.47705078125,-448.0509847005208,0.0
0.6308654149373373,-2572.310302734375,-359.00880940755206,0.0
-115.99462636311848,-2446.7001953125,-967.8921305338541,0.0
-79.78176244099934,-2471.705810546875,-884.8827921549479,0.0
-84.22126134236653,-2514.6888834635415,-708.8471883138021,0.0
-55.400492350260414,-2532.6663411458335,-623.30419921875,0.0
-51.90364456176758,-2561.47705078125,-445.2214864095052,0.0
-30.661214192708332,-2572.310302734375,-357.69764200846356,0.0
-199.91059366861978,-2446.7001953125,-954.0994059244791,0.0
-156.60078938802084,-2471.705810546875,-874.5620930989584,0.0
-145.68088022867838,-2514.6888834635415,-698.8094278971354,0.0
-109.51421610514323,-2532.6663411458335,-616.1038614908854,0.0
-90.50974527994792,-2561.47705078125,-439.0035909016927,0.0
-61.71994272867838,-2572.310302734375,-353.66420491536456,0.0
-92.30894724527995,-2572.310302734375,-346.93915303548175,0.0
-128.42701466878256,-2561.47705078125,-429.44459533691406,0.0
-162.7944768269857,-2532.6663411458335,-604.214599609375,0.0
-206.03177897135416,-2514.6888834635415,-683.4533284505209,0.0
-232.22798665364584,-2471.705810546875,-857.5854695638021,0.0
-282.30510965983075,-2446.7001953125,-933.0454305013021,0.0
-316.0128529866536,-2389.8224283854165,-1101.25,0.0
-122.19542439778645,-2572.310302734375,-337.5736897786458,0.0
-165.36687215169272,-2561.47705078125,-416.6172739664714,0.0
-214.83576456705728,-2532.6663411458335,-587.7269083658854,0.0
-264.81464131673175,-2514.6888834635415,-662.8957316080729,0.0
-306.08777872721356,-2471.705810546875,-834.0821126302084,0.0
-362.5511169433594,-2446.7001953125,-904.8904012044271,0.0
-374.4889424641927,-2389.8224283854165,-1081.5161946614583,0.0
-79.21504211425778,-2586.7623697916665,-161.35651143391922,0.0
-64.85045878092444,-2586.7623697916665,-167.6465454101562,0.0
-49.99232482910153,-2586.7623697916665,-172.6606903076171,0.0
-34.7537180582682,-2586.7623697916665,-176.36077880859366,0.0
-19.250614166259734,-2586.7623697916665,-178.71865844726554,0.0
-3.60100173950192,-2586.7623697916665,-179.71638997395826,0.0
12.07601610819502,-2586.7623697916665,-179.34636433919263,0.0
27.66112836201989,-2586.7623697916665,-177.61139933268223,0.0
43.035722096761106,-2586.7623697916665,-174.52470906575513,0.0
58.082789103190144,-2586.7623697916665,-170.1097819010416,0.0
72.68781026204431,-2586.7623697916665,-164.40021260579422,0.0
86.73963165283207,-2586.7623697916665,-157.43945821126297,0.0
100.13131713867192,-2586.7623697916665,-149.28049723307285,0.0
112.76094055175786,-2586.7623697916665,-139.98542277018223,0.0
124.53238423665368,-2586.7623697916665,-129.62496948242182,0.0
135.35606384277347,-2586.7623697916665,-118.27799479166661,0.0
145.14959716796878,-2586.7623697916665,-106.03085327148432,0.0
153.83845520019534,-2586.7623697916665,-92.97675069173171,0.0
161.3565114339193,-2586.7623697916665,-79.21504211425776,0.0
167.64654541015628,-2586.7623697916665,-64.85045878092443,0.0
172.66069030761722,-2586.7623697916665,-49.992324829101506,0.0
176.36077880859378,-2586.7623697916665,-34.75371805826817,0.0
178.71865844726565,-2586.7623697916665,-19.250614166259705,0.0
179.71638997395837,-2586.7623697916665,-3.6010017395018927,0.0
179.34636433919275,-2586.7623697916665,12.076016108195047,0.0
177.61139933268234,-2586.7623697916665,27.66112836201992,0.0
174.52470906575525,-2586.7623697916665,43.03572209676113,0.0
170.1097819010417,-2586.7623697916665,58.08278910319016,0.0
164.4002126057943,-2586.7623697916665,72.68781026204432,0.0
157.43945821126306,-2586.7623697916665,86.73963165283209,0.0
149.28049723307296,-2586.7623697916665,100.13131713867193,0.0
139.98542277018234,-2586.7623697916665,112.76094055175787,0.0
129.6249694824219,-2586.7623697916665,124.5323842366537,0.0
118.2779947916667,-2586.7623697916665,135.3560638427735,0.0
106.03085327148442,-2586.7623697916665,145.1495971679688,0.0
92.97675069173181,-2586.7623697916665,153.83845520019537,0.0
576.0353393554688,-2389.8224283854165,990.0610148111979,0.0
627.4114176432291,-2389.8224283854165,955.8648885091146,0.0
721.6624552408854,-2357.9502766927085,989.3401692708334,0.0
755.9274291992188,-2389.8224283854165,860.9235636393229,0.0
800.5848999023438,-2389.8224283854165,818.3256022135416,0.0
841.3597819010416,-2389.8224283854165,771.9975789388021,0.0
931.7643229166666,-2357.9502766927085,793.4348754882812,0.0
1077.5194702148438,-2357.9502766927085,582.2143961588541,0.0
1051.091817220052,-2389.8224283854165,455.76885986328125,0.0
1073.5625610351562,-2389.8224283854165,398.28893025716144,0.0
1090.9380900065105,-2389.8224283854165,339.06927998860675,0.0
1182.9072672526042,-2357.9502766927085,314.9155731201172,0.0
1223.3481852213542,-2357.9502766927085,61.45206832885742,0.0
1144.9833577473958,-2389.8224283854165,-36.6018180847168,0.0
1141.0566813151042,-2389.8224283854165,-98.19287109375,0.0
1131.7769368489583,-2389.8224283854165,-159.2073186238607,0.0
1203.4675699869792,-2357.9502766927085,-225.23245493570963,0.0
989.3401692708334,-2357.9502766927085,-721.6624552408854,0.0
860.9235636393229,-2389.8224283854165,-755.9274291992188,0.0
818.3256022135416,-2389.8224283854165,-800.5848999023438,0.0
771.9975789388021,-2389.8224283854165,-841.3597819010416,0.0
793.4348754882812,-2357.9502766927085,-931.7643229166666,0.0
582.2143961588541,-2357.9502766927085,-1077.5194702148438,0.0
455.76885986328125,-2389.8224283854165,-1051.091817220052,0.0
398.28893025716144,-2389.8224283854165,-1073.5625610351562,0.0
339.06927998860675,-2389.8224283854165,-1090.9380900065105,0.0
314.9155731201172,-2357.9502766927085,-1182.9072672526042,0.0
61.45206832885742,-2357.9502766927085,-1223.3481852213542,0.0
-36.6018180847168,-2389.8224283854165,-1144.9833577473958,0.0
-98.19287109375,-2389.8224283854165,-1141.0566813151042,0.0
-159.2073186238607,-2389.8224283854165,-1131.7769368489583,0.0
-225.23245493570963,-2357.9502766927085,-1203.4675699869792,0.0
-471.3923746744792,-2357.9502766927085,-1130.6573486328125,0.0
1130.6573486328125,-2357.9502766927085,-471.3923746744792,0.0
151.15191650390625,-2572.310302734375,325.6390838623047,0.0
201.04818725585938,-2561.47705078125,400.61925252278644,0.0
265.2420196533203,-2532.6663411458335,566.7662658691406,0.0
321.5821126302083,-2514.6888834635415,637.2931009928385,0.0
377.6180725097656,-2471.705810546875,804.2308553059896,0.0
440.03790283203125,-2446.7001953125,869.8485921223959,0.0
521.8743794759115,-2389.8224283854165,1019.6492919921875,0.0
-514.1757202148438,-2446.7001953125,-828.1867268880209,0.0
-446.2744649251302,-2471.705810546875,-768.2589314778646,0.0
-375.9021504720052,-2514.6888834635415,-606.8402709960938,0.0
-313.62962849934894,-2532.6663411458335,-541.492177327474,0.0
-235.19940185546875,-2561.47705078125,-381.572270711263,0.0
-178.9580535888672,-2572.310302734375,-311.22618103027344,0.0
-584.4003499348959,-2446.7001953125,-780.2218424479166,0.0
-511.534423828125,-2471.705810546875,-726.4400838216146,0.0
-427.36134847005206,-2514.6888834635415,-571.769032796224,0.0
-359.6303304036458,-2532.6663411458335,-512.0970153808594,0.0
-267.5606180826823,-2561.47705078125,-359.6212921142578,0.0
-205.40221150716147,-2572.310302734375,-294.44464111328125,0.0
-650.1773478190104,-2446.7001953125,-726.3190307617188,0.0
-572.9013061523438,-2471.705810546875,-679.0925903320312,0.0
-475.56805419921875,-2514.6888834635415,-532.3462727864584,0.0
-402.89402262369794,-2532.6663411458335,-478.8044738769531,0.0
-297.8855285644531,-2561.47705078125,-334.9333801269531,0.0
-230.28314208984375,-2572.310302734375,-275.4222157796224,0.0
-711.006103515625,-2446.7001953125,-666.8884887695312,0.0
-629.9080607096354,-2471.705810546875,-626.5768229166666,0.0
-520.1554056803385,-2514.6888834635415,-488.87206013997394,0.0
-443.09144083658856,-2532.6663411458335,-441.8679504394531,0.0
-325.94334920247394,-2561.47705078125,-307.6964162190755,0.0
-253.41146850585938,-2572.310302734375,-254.30364481608072,0.0
-766.4236857096354,-2446.7001953125,-602.3825073242188,0.0
-682.120849609375,-2471.705810546875,-569.2923990885416,0.0
-560.7840779622396,-2514.6888834635415,-441.67722574869794,0.0
-479.9166768391927,-2532.6663411458335,-401.5685526529948,0.0
-351.5205485026042,-2561.47705078125,-278.1177062988281,0.0
-274.61118570963544,-2572.310302734375,-231.2496795654297,0.0
-293.720947265625,-2572.310302734375,-206.43576049804688,0.0
-374.42246500651044,-2561.47705078125,-246.42235310872397,0.0
-513.0894673665365,-2532.6663411458335,-358.2129720052083,0.0
-597.1448262532552,-2514.6888834635415,-391.12096150716144,0.0
-729.1422729492188,-2471.705810546875,-507.6753234863281,0.0
-816.00830078125,-2446.7001953125,-533.2920430501302,0.0
-943.6942545572916,-2389.8224283854165,-649.4365234375,0.0
-310.5953114827474,-2572.310302734375,-180.05074818929037,0.0
-394.47479756673175,-2561.47705078125,-212.85158030192056,0.0
-542.3573099772135,-2532.6663411458335,-312.1311747233073,0.0
-628.9609375,-2514.6888834635415,-337.58802286783856,0.0
-770.6144816080729,-2471.705810546875,-442.1945292154948,0.0
-859.3826090494791,-2446.7001953125,-460.1428934733073,0.0
-975.8048909505209,-2389.8224283854165,-596.7318420410156,0.0
-896.2164916992188,-2446.7001953125,-383.4917704264323,0.0
-806.2218627929688,-2471.705810546875,-373.3483581542969,0.0
-655.9903055826823,-2514.6888834635415,-281.485834757487,0.0
-567.4975077311198,-2532.6663411458335,-263.6738637288411,0.0
-411.5249430338542,-2561.47705078125,-177.66087086995444,0.0
-325.1058603922526,-2572.310302734375,-152.2954355875651,0.0
-926.2296346028646,-2446.7001953125,-303.92205810546875,0.0
-835.6934000651041,-2471.705810546875,-301.66078694661456,0.0
-678.0271809895834,-2514.6888834635415,-223.24137369791666,0.0
-588.3187154134115,-2532.6663411458335,-213.20983378092447,0.0
-425.44313557942706,-2561.47705078125,-141.11805470784506,0.0
-337.1421610514323,-2572.310302734375,-123.38106282552083,0.0
-949.193603515625,-2446.7001953125,-222.03931681315103,0.0
-858.8048095703125,-2471.705810546875,-227.67740376790366,0.0
-694.9038289388021,-2514.6888834635415,-163.29791259765625,0.0
-604.6624348958334,-2532.6663411458335,-161.12315368652344,0.0
-436.12343343098956,-2561.47705078125,-103.50124486287434,0.0
-346.6125996907552,-2572.310302734375,-93.52768580118816,0.0
-353.4450988769531,-2572.310302734375,-62.9625047047933,0.0
-443.4845886230469,-2561.47705078125,-65.09672737121582,0.0
-616.4043172200521,-2532.6663411458335,-107.81022644042969,0.0
-706.4918619791666,-2514.6888834635415,-102.11165618896484,0.0
-875.3801676432291,-2471.705810546875,-151.9612553914388,0.0
-964.9336140950521,-2446.7001953125,-138.4667180379232,0.0
-1130.7162272135417,-2389.8224283854165,-184.39107259114584,0.0
-357.5876973470052,-2572.310302734375,-31.91814359029134,0.0
-447.47056070963544,-2561.47705078125,-26.1967871983846,0.0
-623.4549967447916,-2532.6663411458335,-53.67680072784424,0.0
-712.7030639648438,-2514.6888834635415,-40.14826742808024,0.0
-885.2933756510416,-2471.705810546875,-75.08858553568523,0.0
-973.3299357096354,-2446.7001953125,-53.840300877889,0.0
-1137.5443929036458,-2389.8224283854165,-123.05386734008789,0.0
-974.3186238606771,-2446.7001953125,31.195871988932293,0.0
-888.468994140625,-2471.705810546875,2.3555520375569663,0.0
-713.4901733398438,-2514.6888834635415,22.120673497517902,0.0
-625.7608032226562,-2532.6663411458335,0.8651386896769205,0.0
-448.0509847005208,-2561.47705078125,12.90252717336019,0.0
-359.00880940755206,-2572.310302734375,-0.6308654149373373,0.0
-967.8921305338541,-2446.7001953125,115.99462636311848,0.0
-884.8827921549479,-2471.705810546875,79.78176244099934,0.0
-708.8471883138021,-2514.6888834635415,84.22126134236653,0.0
-623.30419921875,-2532.6663411458335,55.400492350260414,0.0
-445.2214864095052,-2561.47705078125,51.90364456176758,0.0
-357.69764200846356,-2572.310302734375,30.661214192708332,0.0
-954.0994059244791,-2446.7001953125,199.91059366861978,0.0
-874.5620930989584,-2471.705810546875,156.60078938802084,0.0
-698.8094278971354,-2514.6888834635415,145.68088022867838,0.0
-616.1038614908854,-2532.6663411458335,109.51421610514323,0.0
-439.0035909016927,-2561.47705078125,90.50974527994792,0.0
-353.66420491536456,-2572.310302734375,61.71994272867838,0.0
-346.93915303548175,-2572.310302734375,92.30894724527995,0.0
-429.44459533691406,-2561.47705078125,128.42701466878256,0.0
-604.214599609375,-2532.6663411458335,162.7944768269857,0.0
-683.4533284505209,-2514.6888834635415,206.03177897135416,0.0
-857.5854695638021,-2471.705810546875,232.22798665364584,0.0
-933.0454305013021,-2446.7001953125,282.30510965983075,0.0
-1101.25,-2389.8224283854165,316.0128529866536,0.0
-337.5736897786458,-2572.310302734375,122.19542439778645,0.0
-416.6172739664714,-2561.47705078125,165.36687215169272,0.0
-587.7269083658854,-2532.6663411458335,214.83576456705728,0.0
-662.8957316080729,-2514.6888834635415,264.81464131673175,0.0
-834.0821126302084,-2471.705810546875,306.08777872721356,0.0
-904.8904012044271,-2446.7001953125,362.5511169433594,0.0
-1081.5161946614583,-2389.8224283854165,374.4889424641927,0.0
-325.6390838623047,-2572.310302734375,151.15191650390625,0.0
-400.61925252278644,-2561.47705078125,201.04818725585938,0.0
-566.7662658691406,-2532.6663411458335,265.2420196533203,0.0
-637.2931009928385,-2514.6888834635415,321.5821126302083,0.0
-804.2308553059896,-2471.705810546875,377.6180725097656,0.0
-869.8485921223959,-2446.7001953125,440.03790283203125,0.0
-1019.6492919921875,-2389.8224283854165,521.8743794759115,0.0
-311.22618103027344,-2572.310302734375,178.9580535888672,0.0
-381.572270711263,-2561.47705078125,235.19940185546875,0.0
-541.492177327474,-2532.6663411458335,313.62962849934894,0.0
-606.8402709960938,-2514.6888834635415,375.9021504720052,0.0
-768.2589314778646,-2471.705810546875,446.2744649251302,0.0
-828.1867268880209,-2446.7001953125,514.1757202148438,0.0
-990.0610148111979,-2389.8224283854165,576.0353393554688,0.0
-294.44464111328125,-2572.310302734375,205.40221150716147,0.0
-359.6212921142578,-2561.47705078125,267.5606180826823,0.0
-512.0970153808594,-2532.6663411458335,359.6303304036458,0.0
-571.769032796224,-2514.6888834635415,427.36134847005206,0.0
-726.4400838216146,-2471.705810546875,511.534423828125,0.0
-780.2218424479166,-2446.7001953125,584.4003499348959,0.0
-955.8648885091146,-2389.8224283854165,627.4114176432291,0.0
-726.3190307617188,-2446.7001953125,650.1773478190104,0.0
-679.0925903320312,-2471.705810546875,572.9013061523438,0.0
-532.3462727864584,-2514.6888834635415,475.56805419921875,0.0
-478.8044738769531,-2532.6663411458335,402.89402262369794,0.0
-334.9333801269531,-2561.47705078125,297.8855285644531,0.0
-275.4222157796224,-2572.310302734375,230.28314208984375,0.0
-666.8884887695312,-2446.7001953125,711.006103515625,0.0
-626.5768229166666,-2471.705810546875,629.9080607096354,0.0
-488.87206013997394,-2514.6888834635415,520.1554056803385,0.0
-441.8679504394531,-2532.6663411458335,443.09144083658856,0.0
-307.6964162190755,-2561.47705078125,325.94334920247394,0.0
-254.30364481608072,-2572.310302734375,253.41146850585938,0.0
-602.3825073242188,-2446.7001953125,766.4236857096354,0.0
-569.2923990885416,-2471.705810546875,682.120849609375,0.0
-441.67722574869794,-2514.6888834635415,560.7840779622396,0.0
-401.5685526529948,-2532.6663411458335,479.9166768391927,0.0
-278.1177062988281,-2561.47705078125,351.5205485026042,0.0
-231.2496795654297,-2572.310302734375,274.61118570963544,0.0
-206.43576049804688,-2572.310302734375,293.720947265625,0.0
-246.42235310872397,-2561.47705078125,374.42246500651044,0.0
-358.2129720052083,-2532.6663411458335,513.0894673665365,0.0
-391.12096150716144,-2514.6888834635415,597.1448262532552,0.0
-507.6753234863281,-2471.705810546875,729.1422729492188,0.0
-533.2920430501302,-2446.7001953125,816.00830078125,0.0
-649.4365234375,-2389.8224283854165,943.6942545572916,0.0
-180.05074818929037,-2572.310302734375,310.5953114827474,0.0
-212.85158030192056,-2561.47705078125,394.47479756673175,0.0
-312.1311747233073,-2532.6663411458335,542.3573099772135,0.0
-337.58802286783856,-2514.6888834635415,628.9609375,0.0
-442.1945292154948,-2471.705810546875,770.6144816080729,0.0
-460.1428934733073,-2446.7001953125,859.3826090494791,0.0
-596.7318420410156,-2389.8224283854165,975.8048909505209,0.0
-383.4917704264323,-2446.7001953125,896.2164916992188,0.0
-373.3483581542969,-2471.705810546875,806.2218627929688,0.0
-281.485834757487,-2514.6888834635415,655.9903055826823,0.0
-263.6738637288411,-2532.6663411458335,567.4975077311198,0.0
-177.66087086995444,-2561.47705078125,411.5249430338542,0.0
-152.2954355875651,-2572.310302734375,325.1058603922526,0.0
-303.92205810546875,-2446.7001953125,926.2296346028646,0.0
-301.66078694661456,-2471.705810546875,835.6934000651041,0.0
-223.24137369791666,-2514.6888834635415,678.0271809895834,0.0
-213.20983378092447,-2532.6663411458335,588.3187154134115,0.0
-141.11805470784506,-2561.47705078125,425.44313557942706,0.0
-123.38106282552083,-2572.310302734375,337.1421610514323,0.0
-222.03931681315103,-2446.7001953125,949.193603515625,0.0
-227.67740376790366,-2471.705810546875,858.8048095703125,0.0
-163.29791259765625,-2514.6888834635415,694.9038289388021,0.0
-161.12315368652344,-2532.6663411458335,604.6624348958334,0.0
-103.50124486287434,-2561.47705078125,436.12343343098956,0.0
-93.52768580118816,-2572.310302734375,346.6125996907552,0.0
-62.9625047047933,-2572.310302734375,353.4450988769531,0.0
-65.09672737121582,-2561.47705078125,443.4845886230469,0.0
-107.81022644042969,-2532.6663411458335,616.4043172200521,0.0
-102.11165618896484,-2514.6888834635415,706.4918619791666,0.0
-151.9612553914388,-2471.705810546875,875.3801676432291,0.0
-138.4667180379232,-2446.7001953125,964.9336140950521,0.0
-184.39107259114584,-2389.8224283854165,1130.7162272135417,0.0
-31.91814359029134,-2572.310302734375,357.5876973470052,0.0
-26.1967871983846,-2561.47705078125,447.47056070963544,0.0
-53.67680072784424,-2532.6663411458335,623.4549967447916,0.0
-40.14826742808024,-2514.6888834635415,712.7030639648438,0.0
-75.08858553568523,-2471.705810546875,885.2933756510416,0.0
-53.840300877889,-2446.7001953125,973.3299357096354,0.0
-123.05386734008789,-2389.8224283854165,1137.5443929036458,0.0
31.195871988932293,-2446.7001953125,974.3186238606771,0.0
2.3555520375569663,-2471.705810546875,888.468994140625,0.0
22.120673497517902,-2514.6888834635415,713.4901733398438,0.0
0.8651386896769205,-2532.6663411458335,625.7608032226562,0.0
12.90252717336019,-2561.47705078125,448.0509847005208,0.0
-0.6308654149373373,-2572.310302734375,359.00880940755206,0.0
115.99462636311848,-2446.7001953125,967.8921305338541,0.0
79.78176244099934,-2471.705810546875,884.8827921549479,0.0
84.22126134236653,-2514.6888834635415,708.8471883138021,0.0
55.400492350260414,-2532.6663411458335,623.30419921875,0.0
51.90364456176758,-2561.47705078125,445.2214864095052,0.0
30.661214192708332,-2572.310302734375,357.69764200846356,0.0
199.91059366861978,-2446.7001953125,954.0994059244791,0.0
156.60078938802084,-2471.705810546875,874.5620930989584,0.0
145.68088022867838,-2514.6888834635415,698.8094278971354,0.0
109.51421610514323,-2532.6663411458335,616.1038614908854,0.0
90.50974527994792,-2561.47705078125,439.0035909016927,0.0
61.71994272867838,-2572.310302734375,353.66420491536456,0.0
92.30894724527995,-2572.310302734375,346.93915303548175,0.0
128.42701466878256,-2561.47705078125,429.44459533691406,0.0
162.7944768269857,-2532.6663411458335,604.214599609375,0.0
206.03177897135416,-2514.6888834635415,683.4533284505209,0.0
232.22798665364584,-2471.705810546875,857.5854695638021,0.0
282.30510965983075,-2446.7001953125,933.0454305013021,0.0
316.0128529866536,-2389.8224283854165,1101.25,0.0
122.19542439778645,-2572.310302734375,337.5736897786458,0.0
165.36687215169272,-2561.47705078125,416.6172739664714,0.0
214.83576456705728,-2532.6663411458335,587.7269083658854,0.0
264.81464131673175,-2514.6888834635415,662.8957316080729,0.0
306.08777872721356,-2471.705810546875,834.0821126302084,0.0
362.5511169433594,-2446.7001953125,904.8904012044271,0.0
374.4889424641927,-2389.8224283854165,1081.5161946614583,0.0
79.21504211425784,-2586.7623697916665,161.35651143391934,0.0
64.85045878092451,-2586.7623697916665,167.6465454101563,0.0
49.9923248291016,-2586.7623697916665,172.66069030761727,0.0
34.75371805826826,-2586.7623697916665,176.36077880859384,0.0
19.250614166259798,-2586.7623697916665,178.7186584472657,0.0
3.6010017395019864,-2586.7623697916665,179.7163899739584,0.0
-12.076016108194954,-2586.7623697916665,179.34636433919277,0.0
-27.661128362019824,-2586.7623697916665,177.61139933268237,0.0
-43.03572209676103,-2586.7623697916665,174.52470906575527,0.0
-58.082789103190066,-2586.7623697916665,170.1097819010417,0.0
-72.68781026204424,-2586.7623697916665,164.40021260579434,0.0
-86.73963165283199,-2586.7623697916665,157.4394582112631,0.0
-100.13131713867183,-2586.7623697916665,149.28049723307296,0.0
-112.76094055175777,-2586.7623697916665,139.98542277018234,0.0
-124.53238423665361,-2586.7623697916665,129.62496948242193,0.0
-135.3560638427734,-2586.7623697916665,118.27799479166673,0.0
-145.14959716796872,-2586.7623697916665,106.03085327148443,0.0
-153.83845520019528,-2586.7623697916665,92.97675069173182,0.0
-161.35651143391922,-2586.7623697916665,79.21504211425787,0.0
-167.64654541015622,-2586.7623697916665,64.85045878092454,0.0
-172.66069030761716,-2586.7623697916665,49.99232482910162,0.0
-176.36077880859372,-2586.7623697916665,34.753718058268284,0.0
-178.7186584472656,-2586.7623697916665,19.250614166259826,0.0
-179.7163899739583,-2586.7623697916665,3.6010017395020135,0.0
-179.34636433919266,-2586.7623697916665,-12.076016108194928,0.0
-177.61139933268225,-2586.7623697916665,-27.661128362019795,0.0
-174.52470906575516,-2586.7623697916665,-43.03572209676101,0.0
-170.10978190104163,-2586.7623697916665,-58.082789103190045,0.0
-164.40021260579422,-2586.7623697916665,-72.68781026204421,0.0
-157.43945821126297,-2586.7623697916665,-86.73963165283197,0.0
-149.28049723307288,-2586.7623697916665,-100.13131713867182,0.0
-139.98542277018225,-2586.7623697916665,-112.76094055175776,0.0
-129.62496948242185,-2586.7623697916665,-124.53238423665358,0.0
-118.27799479166663,-2586.7623697916665,-135.35606384277338,0.0
-106.03085327148433,-2586.7623697916665,-145.1495971679687,0.0
-92.97675069173174,-2586.7623697916665,-153.83845520019526,0.0
-576.0353393554688,-2389.8224283854165,-990.0610148111979,0.0
-627.4114176432291,-2389.8224283854165,-955.8648885091146,0.0
-721.6624552408854,-2357.9502766927085,-989.3401692708334,0.0
-755.9274291992188,-2389.8224283854165,-860.9235636393229,0.0
-800.5848999023438,-2389.8224283854165,-818.3256022135416,0.0
-841.3597819010416,-2389.8224283854165,-771.9975789388021,0.0
-931.7643229166666,-2357.9502766927085,-793.4348754882812,0.0
-1077.5194702148438,-2357.9502766927085,-582.2143961588541,0.0
-1051.091817220052,-2389.8224283854165,-455.76885986328125,0.0
-1073.5625610351562,-2389.8224283854165,-398.28893025716144,0.0
-1090.9380900065105,-2389.8224283854165,-339.06927998860675,0.0
-1182.9072672526042,-2357.9502766927085,-314.9155731201172,0.0
-1223.3481852213542,-2357.9502766927085,-61.45206832885742,0.0
-1144.9833577473958,-2389.8224283854165,36.6018180847168,0.0
-1141.0566813151042,-2389.8224283854165,98.19287109375,0.0
-1131.7769368489583,-2389.8224283854165,159.2073186238607,0.0
-1203.4675699869792,-2357.9502766927085,225.23245493570963,0.0
-989.3401692708334,-2357.9502766927085,721.6624552408854,0.0
-860.9235636393229,-2389.8224283854165,755.9274291992188,0.0
-818.3256022135416,-2389.8224283854165,800.5848999023438,0.0
-771.9975789388021,-2389.8224283854165,841.3597819010416,0.0
-793.4348754882812,-2357.9502766927085,931.7643229166666,0.0
-582.2143961588541,-2357.9502766927085,1077.5194702148438,0.0
-455.76885986328125,-2389.8224283854165,1051.091817220052,0.0
-398.28893025716144,-2389.8224283854165,1073.5625610351562,0.0
-339.06927998860675,-2389.8224283854165,1090.9380900065105,0.0
-314.9155731201172,-2357.9502766927085,1182.9072672526042,0.0
-61.45206832885742,-2357.9502766927085,1223.3481852213542,0.0
36.6018180847168,-2389.8224283854165,1144.9833577473958,0.0
98.19287109375,-2389.8224283854165,1141.0566813151042,0.0
159.2073186238607,-2389.8224283854165,1131.7769368489583,0.0
225.23245493570963,-2357.9502766927085,1203.4675699869792,0.0
471.3923746744792,-2357.9502766927085,1130.6573486328125,0.0
-1130.6573486328125,-2357.9502766927085,471.3923746744792,0.0
-39.963592529296875,-553.9617309570312,-39.963592529296875,1.6135943650039737
39.963592529296875,-553.9617309570312,39.963592529296875,1.6135943650039737
199.81796264648438,-553.9617309570312,2.8298009236653647,1.6135943650039737
-94.62850189208984,-553.9617309570312,-265.0977274576823,1.6135943650039737
-199.87185668945312,-553.9617309570312,-207.60301717122397,1.6135943650039737
94.62850189208984,-553.9617309570312,265.0977274576823,1.6135943650039737
199.87185668945312,-553.9617309570312,207.60301717122397,1.6135943650039737
-2.8298009236653647,-553.9617309570312,199.81796264648438,1.6135943650039737
-105.18946075439453,-553.9617309570312,262.26792399088544,1.6135943650039737
-207.60301717122397,-553.9617309570312,199.87185668945312,1.6135943650039737
105.18946075439453,-553.9617309570312,-262.26792399088544,1.6135943650039737
2.8298009236653647,-553.9617309570312,-199.81796264648438,1.6135943650039737
207.60301717122397,-553.9617309570312,-199.87185668945312,1.6135943650039737
265.0977274576823,-553.9617309570312,-94.62850189208984,1.6135943650039737
262.26792399088544,-553.9617309570312,105.18946075439453,1.6135943650039737
-262.26792399088544,-553.9617309570312,-105.18946075439453,1.6135943650039737
-199.81796264648438,-553.9617309570312,-2.8298009236653647,1.6135943650039737
-265.0977274576823,-553.9617309570312,94.62850189208984,1.6135943650039737
-420.41370646158856,-1013.9617309570312,289.0813700358073,1.6135943650039737
-486.3545837402344,-1013.9617309570312,282.21092732747394,1.6135943650039737
-461.2669982910156,-1013.9617309570312,407.11598714192706,1.6135943650039737
-407.11598714192706,-1013.9617309570312,-461.2669982910156,1.6135943650039737
-317.279291788737,-1013.9617309570312,-472.02965291341144,1.6135943650039737
-209.84410858154297,-1013.9617309570312,-559.324696858724,1.6135943650039737
-113.26792844136556,-1013.9617309570312,-535.6402994791666,1.6135943650039737
29.6328182220459,-1013.9617309570312,-597.803721110026,1.6135943650039737
407.11598714192706,-1013.9617309570312,461.2669982910156,1.6135943650039737
317.279291788737,-1013.9617309570312,472.02965291341144,1.6135943650039737
209.84410858154297,-1013.9617309570312,559.324696858724,1.6135943650039737
113.26792844136556,-1013.9617309570312,535.6402994791666,1.6135943650039737
-29.6328182220459,-1013.9617309570312,597.803721110026,1.6135943650039737
450.26043701171875,-1013.9617309570312,-348.28082275390625,1.6135943650039737
482.1005147298177,-1013.9617309570312,-263.3727111816406,1.6135943650039737
573.6496276855469,-1013.9617309570312,-174.77574412027994,1.6135943650039737
330.435551961263,-1013.9617309570312,-512.5032145182291,1.6135943650039737
258.2426300048828,-1013.9617309570312,-497.53431193033856,1.6135943650039737
323.13319905598956,-1013.9617309570312,-399.0175272623698,1.6135943650039737
-595.4944458007812,-1013.9617309570312,-67.44367980957031,1.6135943650039737
-514.7413431803385,-1013.9617309570312,-189.5176518758138,1.6135943650039737
-479.04820760091144,-1013.9617309570312,-291.3070831298828,1.6135943650039737
-512.5032145182291,-1013.9617309570312,-330.435551961263,1.6135943650039737
-264.995122273763,-1013.9617309570312,537.531260172526,1.6135943650039737
-334.13976033528644,-1013.9617309570312,457.8526916503906,1.6135943650039737
-349.52989196777344,-1013.9617309570312,-377.9668680826823,1.6135943650039737
-118.64233716328938,-1013.9617309570312,535.5367228190104,1.6135943650039737
118.64233716328938,-1013.9617309570312,-535.5367228190104,1.6135943650039737
439.36658732096356,-1013.9617309570312,367.20421346028644,1.6135943650039737
349.52989196777344,-1013.9617309570312,377.9668680826823,1.6135943650039737
461.2669982910156,-1013.9617309570312,-407.11598714192706,1.6135943650039737
547.6559549967448,-1013.9617309570312,-40.388702392578125,1.6135943650039737
595.4944458007812,-1013.9617309570312,67.44367980957031,1.6135943650039737
514.7413431803385,-1013.9617309570312,189.5176518758138,1.6135943650039737
519.045155843099,-1013.9617309570312,298.059575398763,1.6135943650039737
-547.6559549967448,-1013.9617309570312,40.388702392578125,1.6135943650039737
-573.6496276855469,-1013.9617309570312,174.77574412027994,1.6135943650039737
-323.13319905598956,-1013.9617309570312,399.0175272623698,1.6135943650039737
